2013.05.28 07:00:00.391,1.26386,1.26408,1.24,1.69
2013.05.28 07:00:04.035,1.26387,1.26402,1.24,2.25
2013.05.28 07:00:04.915,1.26387,1.26402,1.24,2.25
2013.05.28 07:00:05.470,1.26387,1.26402,1.69,2.25
2013.05.28 07:00:06.961,1.2639,1.26409,3.75,1.69
2013.05.28 07:00:07.093,1.26392,1.26409,1.69,1.69
2013.05.28 07:00:07.608,1.26392,1.26409,1.69,1.69
2013.05.28 07:00:08.393,1.26392,1.2641,1.50,1.69
2013.05.28 07:00:09.724,1.26392,1.26411,1.50,3.19
2013.05.28 07:00:10.452,1.26395,1.26411,3.00,3.19
2013.05.28 07:00:11.610,1.26395,1.26413,3.94,3.19
2013.05.28 07:00:18.480,1.26395,1.26412,4.32,1.50
2013.05.28 07:00:23.479,1.26396,1.26413,3.19,3.00
2013.05.28 07:00:24.130,1.26398,1.26413,1.69,2.25
2013.05.28 07:00:25.781,1.26398,1.26413,1.69,2.25
2013.05.28 07:00:37.692,1.26401,1.26413,3.19,2.25
2013.05.28 07:00:37.815,1.26401,1.26419,3.94,1.69
2013.05.28 07:00:37.881,1.26402,1.26421,1.69,2.44
2013.05.28 07:00:38.943,1.26402,1.26415,1.69,2.25
2013.05.28 07:00:39.644,1.264,1.26415,1.69,2.25
2013.05.28 07:00:40.319,1.264,1.26415,1.69,2.25
2013.05.28 07:00:41.380,1.26401,1.26415,1.32,2.25
2013.05.28 07:00:43.549,1.26405,1.26419,1.32,1.50
2013.05.28 07:00:44.750,1.26405,1.26421,1.32,3.19
2013.05.28 07:00:45.101,1.26405,1.26421,1.32,3.19
2013.05.28 07:00:52.612,1.26406,1.26419,1.13,1.69
2013.05.28 07:00:53.700,1.26406,1.26419,1.13,1.69
2013.05.28 07:00:54.010,1.26399,1.26418,2.10,1.69
2013.05.28 07:00:54.070,1.26399,1.26418,2.10,1.69
2013.05.28 07:00:55.073,1.26399,1.26418,2.10,1.69
2013.05.28 07:00:55.733,1.26399,1.26418,2.10,1.69
2013.05.28 07:00:55.943,1.264,1.26418,2.07,1.69
2013.05.28 07:00:58.156,1.26401,1.26419,1.32,1.69
2013.05.28 07:01:15.272,1.26401,1.26418,1.32,1.69
2013.05.28 07:01:16.210,1.26401,1.2642,1.32,1.69
2013.05.28 07:01:17.940,1.26401,1.26418,1.13,1.69
2013.05.28 07:01:19.321,1.26401,1.26418,2.07,1.69
2013.05.28 07:01:21.955,1.26401,1.26421,1.32,1.69
2013.05.28 07:01:25.486,1.26401,1.26418,1.13,1.50
2013.05.28 07:01:28.492,1.26402,1.26421,1.32,2.44
2013.05.28 07:01:34.969,1.26405,1.26421,1.32,1.50
2013.05.28 07:01:36.021,1.26401,1.26418,1.32,1.69
2013.05.28 07:01:39.439,1.26401,1.26417,2.07,1.69
2013.05.28 07:01:40.652,1.26401,1.26418,1.32,1.69
2013.05.28 07:01:46.490,1.26401,1.26421,1.69,2.44
2013.05.28 07:01:47.088,1.26401,1.2642,1.69,1.69
2013.05.28 07:01:48.232,1.264,1.2642,1.69,1.69
2013.05.28 07:01:52.453,1.264,1.26421,1.69,1.69
2013.05.28 07:01:54.070,1.264,1.26422,1.69,2.44
2013.05.28 07:01:56.068,1.264,1.26419,1.69,1.69
2013.05.28 07:01:58.080,1.264,1.26422,1.69,2.44
2013.05.28 07:02:00.121,1.264,1.26422,3.19,2.44
2013.05.28 07:02:00.959,1.26401,1.26419,1.69,1.50
2013.05.28 07:02:01.020,1.26403,1.26419,1.32,1.50
2013.05.28 07:02:02.670,1.26403,1.26421,2.07,3.00
2013.05.28 07:02:13.900,1.26406,1.26419,1.13,1.69
2013.05.28 07:02:15.002,1.26406,1.26421,1.13,3.19
2013.05.28 07:02:15.559,1.26406,1.26421,1.32,3.94
2013.05.28 07:02:32.231,1.26406,1.26421,2.07,3.00
2013.05.28 07:02:44.171,1.26406,1.26421,1.69,2.25
2013.05.28 07:02:56.859,1.26405,1.26421,1.69,2.63
2013.05.28 07:02:57.722,1.26405,1.26421,1.69,2.63
2013.05.28 07:02:59.000,1.26408,1.26422,1.69,1.50
2013.05.28 07:02:59.541,1.2641,1.26423,1.13,2.25
2013.05.28 07:03:00.576,1.2641,1.26423,1.13,2.25
2013.05.28 07:03:01.869,1.26411,1.26423,1.13,2.25
2013.05.28 07:03:04.237,1.26415,1.26429,2.63,1.69
2013.05.28 07:03:04.301,1.26415,1.26432,2.63,1.69
2013.05.28 07:03:04.601,1.26412,1.26432,1.13,1.69
2013.05.28 07:03:04.666,1.26413,1.2643,1.32,3.19
2013.05.28 07:03:04.969,1.26416,1.26438,1.32,1.69
2013.05.28 07:03:05.029,1.26413,1.26443,2.44,2.44
2013.05.28 07:03:05.330,1.26419,1.26437,1.32,1.32
2013.05.28 07:03:05.689,1.26415,1.26431,1.13,2.25
2013.05.28 07:03:07.710,1.26415,1.26431,1.32,2.25
2013.05.28 07:03:10.760,1.26413,1.26431,1.32,1.69
2013.05.28 07:03:11.730,1.26415,1.26431,3.57,3.19
2013.05.28 07:03:12.334,1.26412,1.26431,2.07,3.19
2013.05.28 07:03:12.522,1.26415,1.26436,3.57,1.32
2013.05.28 07:03:13.152,1.26417,1.26437,1.32,1.69
2013.05.28 07:03:13.520,1.26417,1.26436,2.07,1.69
2013.05.28 07:03:17.990,1.26417,1.26436,1.32,1.69
2013.05.28 07:03:21.545,1.26417,1.26434,1.32,1.32
2013.05.28 07:03:21.741,1.26413,1.26431,1.69,1.32
2013.05.28 07:03:21.800,1.26412,1.2643,1.69,1.69
2013.05.28 07:03:22.270,1.26417,1.26431,1.13,1.69
2013.05.28 07:03:22.932,1.26417,1.26432,1.13,1.69
2013.05.28 07:03:24.400,1.26418,1.26429,1.13,2.25
2013.05.28 07:03:24.580,1.26413,1.26429,1.69,2.25
2013.05.28 07:03:26.103,1.26413,1.26429,1.32,2.25
2013.05.28 07:03:26.172,1.26413,1.26429,1.32,2.25
2013.05.28 07:03:43.291,1.26412,1.26428,1.32,1.69
2013.05.28 07:03:45.301,1.26413,1.26429,1.32,3.19
2013.05.28 07:04:04.413,1.26417,1.26429,1.32,2.25
2013.05.28 07:04:05.290,1.26416,1.26429,2.07,2.25
2013.05.28 07:04:06.291,1.26413,1.26429,1.69,2.25
2013.05.28 07:04:08.290,1.26413,1.26429,1.69,2.25
2013.05.28 07:04:08.920,1.26413,1.26429,1.69,2.25
2013.05.28 07:04:10.651,1.26413,1.26429,1.69,2.25
2013.05.28 07:04:10.729,1.26413,1.26429,1.69,2.25
2013.05.28 07:04:12.269,1.26413,1.26429,1.69,2.25
2013.05.28 07:04:20.740,1.26413,1.26429,1.69,2.25
2013.05.28 07:04:21.991,1.26413,1.26429,1.50,2.25
2013.05.28 07:04:23.324,1.26413,1.26429,1.69,2.25
2013.05.28 07:04:24.385,1.26413,1.26432,1.69,1.88
2013.05.28 07:04:27.460,1.26413,1.26432,1.69,1.88
2013.05.28 07:04:35.680,1.26413,1.26432,1.69,2.44
2013.05.28 07:04:41.639,1.26413,1.26432,1.69,1.50
2013.05.28 07:04:54.760,1.26413,1.26432,1.69,1.88
2013.05.28 07:04:55.310,1.26413,1.26432,1.69,2.07
2013.05.28 07:04:59.919,1.26413,1.26432,1.69,2.07
2013.05.28 07:05:03.929,1.26413,1.26432,1.69,2.07
2013.05.28 07:05:06.111,1.26413,1.26432,1.69,2.07
2013.05.28 07:05:06.622,1.2641,1.26427,2.48,2.63
2013.05.28 07:05:08.474,1.26413,1.26427,1.69,2.63
2013.05.28 07:05:11.905,1.26412,1.26427,1.32,2.63
2013.05.28 07:05:12.250,1.26411,1.26427,2.07,3.00
2013.05.28 07:05:12.803,1.26405,1.26421,1.54,1.69
2013.05.28 07:05:12.871,1.26403,1.26422,2.10,1.32
2013.05.28 07:05:13.170,1.26405,1.26422,1.05,2.07
2013.05.28 07:05:14.551,1.26405,1.26422,1.99,2.07
2013.05.28 07:05:20.030,1.26405,1.26422,1.05,2.07
2013.05.28 07:05:20.552,1.26404,1.26422,1.62,2.07
2013.05.28 07:05:22.120,1.26404,1.26422,1.32,2.82
2013.05.28 07:05:22.241,1.26403,1.26422,1.32,2.82
2013.05.28 07:05:27.009,1.26403,1.26422,2.07,2.82
2013.05.28 07:05:28.329,1.26403,1.26422,2.07,2.82
2013.05.28 07:05:30.511,1.26404,1.26422,2.07,2.07
2013.05.28 07:05:34.648,1.26404,1.26422,1.69,1.13
2013.05.28 07:05:35.584,1.26404,1.26422,1.69,1.13
2013.05.28 07:05:36.600,1.26404,1.26422,1.69,1.13
2013.05.28 07:05:36.659,1.26404,1.26422,1.69,1.13
2013.05.28 07:05:38.641,1.26404,1.26422,1.69,1.13
2013.05.28 07:05:39.904,1.26404,1.26422,1.69,1.13
2013.05.28 07:05:42.591,1.26403,1.26422,2.07,2.63
2013.05.28 07:05:43.633,1.26403,1.26422,2.07,2.82
2013.05.28 07:05:49.771,1.26403,1.26422,2.07,1.50
2013.05.28 07:05:51.562,1.26403,1.26422,2.07,2.44
2013.05.28 07:05:52.641,1.26403,1.26421,2.07,1.69
2013.05.28 07:06:00.391,1.26403,1.26421,1.69,1.69
2013.05.28 07:06:00.450,1.26402,1.26419,1.69,3.19
2013.05.28 07:06:00.690,1.26399,1.26416,1.69,1.50
2013.05.28 07:06:00.749,1.26399,1.26417,1.69,1.50
2013.05.28 07:06:01.852,1.26399,1.26417,2.44,1.69
2013.05.28 07:06:03.552,1.26399,1.26417,2.82,1.69
2013.05.28 07:06:06.286,1.26399,1.26417,2.82,2.07
2013.05.28 07:06:06.530,1.26397,1.26412,1.69,1.13
2013.05.28 07:06:06.652,1.26397,1.2641,1.69,2.25
2013.05.28 07:06:06.711,1.2639,1.26409,1.50,3.75
2013.05.28 07:06:07.011,1.26388,1.26406,2.44,1.50
2013.05.28 07:06:08.505,1.26388,1.26406,1.69,1.50
2013.05.28 07:06:08.750,1.26391,1.26407,2.25,1.50
2013.05.28 07:06:08.810,1.26392,1.26409,1.50,2.25
2013.05.28 07:06:08.870,1.26392,1.26409,1.50,2.44
2013.05.28 07:06:09.232,1.26393,1.26416,3.00,1.69
2013.05.28 07:06:09.360,1.26393,1.26417,3.75,1.69
2013.05.28 07:06:10.521,1.26393,1.26417,4.50,1.69
2013.05.28 07:06:12.042,1.26395,1.26417,1.32,1.69
2013.05.28 07:06:22.294,1.26395,1.26417,2.82,1.69
2013.05.28 07:06:22.601,1.26395,1.2641,1.69,1.50
2013.05.28 07:06:23.621,1.26392,1.2641,1.69,1.50
2013.05.28 07:06:28.322,1.26392,1.2641,1.69,1.50
2013.05.28 07:06:29.701,1.26392,1.2641,1.69,1.50
2013.05.28 07:06:30.763,1.26392,1.2641,1.69,1.50
2013.05.28 07:06:30.981,1.26393,1.26409,1.69,3.00
2013.05.28 07:06:31.509,1.26393,1.26409,1.69,3.75
2013.05.28 07:06:32.582,1.26392,1.26409,1.50,3.75
2013.05.28 07:06:33.651,1.26393,1.26409,1.69,4.69
2013.05.28 07:06:41.121,1.26393,1.26409,1.69,4.69
2013.05.28 07:06:42.658,1.26393,1.26409,1.69,3.94
2013.05.28 07:06:44.190,1.26389,1.26407,1.69,1.69
2013.05.28 07:06:46.029,1.26388,1.26407,2.44,2.44
2013.05.28 07:06:47.750,1.26389,1.26406,1.69,1.69
2013.05.28 07:06:48.280,1.26389,1.26406,1.69,1.69
2013.05.28 07:06:50.921,1.26389,1.26407,1.69,2.44
2013.05.28 07:06:52.543,1.26388,1.26406,2.44,1.69
2013.05.28 07:06:53.800,1.26389,1.26406,1.69,1.69
2013.05.28 07:06:58.301,1.26389,1.26406,1.69,1.50
2013.05.28 07:06:59.749,1.26389,1.26406,1.69,1.69
2013.05.28 07:07:02.380,1.26389,1.26407,1.69,2.44
2013.05.28 07:07:02.620,1.26389,1.26406,1.69,1.32
2013.05.28 07:07:02.741,1.26383,1.26402,2.37,1.88
2013.05.28 07:07:02.950,1.26383,1.26401,2.37,1.69
2013.05.28 07:07:04.031,1.26384,1.26402,1.43,1.32
2013.05.28 07:07:10.701,1.26384,1.26402,1.62,1.13
2013.05.28 07:07:14.950,1.26381,1.26401,1.50,1.69
2013.05.28 07:07:16.061,1.26381,1.264,1.50,1.69
2013.05.28 07:07:16.904,1.26381,1.26401,2.44,1.69
2013.05.28 07:07:18.282,1.26381,1.26402,2.44,2.82
2013.05.28 07:07:19.737,1.26381,1.26401,2.44,2.07
2013.05.28 07:07:25.766,1.26382,1.26401,1.69,2.07
2013.05.28 07:07:28.760,1.26382,1.26401,1.69,2.07
2013.05.28 07:07:30.024,1.26381,1.26401,2.44,2.07
2013.05.28 07:07:32.366,1.26382,1.26401,1.69,2.07
2013.05.28 07:07:32.490,1.26385,1.26403,1.50,2.44
2013.05.28 07:07:33.011,1.26386,1.26403,3.00,1.69
2013.05.28 07:07:36.082,1.26387,1.26403,1.13,1.69
2013.05.28 07:07:36.144,1.26388,1.26403,1.13,1.69
2013.05.28 07:07:36.213,1.26388,1.26408,3.38,1.69
2013.05.28 07:07:36.401,1.26388,1.26408,3.19,1.69
2013.05.28 07:07:37.801,1.26385,1.26407,1.69,1.69
2013.05.28 07:07:42.742,1.26385,1.26407,1.50,1.69
2013.05.28 07:07:43.840,1.26385,1.26407,1.69,1.69
2013.05.28 07:07:46.231,1.26385,1.26407,1.69,1.69
2013.05.28 07:07:46.890,1.26389,1.26407,2.25,1.69
2013.05.28 07:07:46.950,1.26389,1.26407,3.94,1.69
2013.05.28 07:07:48.779,1.2639,1.26409,2.25,1.69
2013.05.28 07:07:52.267,1.26392,1.2641,1.69,1.69
2013.05.28 07:07:53.641,1.26392,1.26409,1.69,1.69
2013.05.28 07:07:54.891,1.26391,1.26409,1.69,1.69
2013.05.28 07:07:55.620,1.26391,1.26411,1.69,2.07
2013.05.28 07:07:56.171,1.26392,1.26411,1.69,1.32
2013.05.28 07:08:00.980,1.26393,1.26412,1.69,3.57
2013.05.28 07:08:02.265,1.26393,1.26412,1.69,3.57
2013.05.28 07:08:02.945,1.26391,1.26412,1.69,4.32
2013.05.28 07:08:03.941,1.2639,1.26406,1.69,2.25
2013.05.28 07:08:04.002,1.26389,1.26406,1.69,2.25
2013.05.28 07:08:05.720,1.26388,1.26406,1.69,3.19
2013.05.28 07:08:17.504,1.26388,1.26406,1.69,2.44
2013.05.28 07:08:22.221,1.26388,1.26406,1.69,3.19
2013.05.28 07:08:26.650,1.26393,1.26406,3.75,3.19
2013.05.28 07:08:26.771,1.26394,1.26415,1.69,2.44
2013.05.28 07:08:27.302,1.26394,1.26415,1.69,3.19
2013.05.28 07:08:27.809,1.26393,1.26411,1.69,2.44
2013.05.28 07:08:28.772,1.26393,1.26411,1.69,2.25
2013.05.28 07:08:31.190,1.26395,1.26413,1.50,1.69
2013.05.28 07:08:31.700,1.26395,1.26414,1.50,3.19
2013.05.28 07:08:32.921,1.26396,1.26416,1.69,2.07
2013.05.28 07:08:35.010,1.26396,1.26414,1.69,3.19
2013.05.28 07:08:37.450,1.26396,1.26414,1.69,3.19
2013.05.28 07:08:38.258,1.26396,1.2641,1.69,2.25
2013.05.28 07:08:40.542,1.26394,1.2641,1.32,2.25
2013.05.28 07:08:41.490,1.26391,1.2641,2.44,3.19
2013.05.28 07:08:42.941,1.26392,1.2641,1.69,2.44
2013.05.28 07:08:43.894,1.26393,1.26411,1.69,3.19
2013.05.28 07:08:48.751,1.26393,1.26411,1.69,2.44
2013.05.28 07:08:51.909,1.26392,1.26411,1.69,3.00
2013.05.28 07:08:52.975,1.26392,1.26411,2.44,3.19
2013.05.28 07:08:58.831,1.26392,1.26411,2.44,3.19
2013.05.28 07:09:00.050,1.26392,1.26411,2.44,3.57
2013.05.28 07:09:01.052,1.26392,1.26411,2.44,3.57
2013.05.28 07:09:01.930,1.26394,1.26411,1.69,3.19
2013.05.28 07:09:01.990,1.26395,1.26414,1.69,3.19
2013.05.28 07:09:02.522,1.26395,1.26414,1.69,3.94
2013.05.28 07:09:04.353,1.26395,1.26414,1.69,3.19
2013.05.28 07:09:04.410,1.26395,1.26414,2.44,3.19
2013.05.28 07:09:04.940,1.26395,1.26414,2.44,3.19
2013.05.28 07:09:05.912,1.26397,1.26414,1.69,3.19
2013.05.28 07:09:08.811,1.26397,1.26414,1.69,2.44
2013.05.28 07:09:10.920,1.26397,1.26414,1.69,2.25
2013.05.28 07:09:11.450,1.26399,1.26417,1.69,2.44
2013.05.28 07:09:11.571,1.26404,1.26423,4.69,1.69
2013.05.28 07:09:12.771,1.26404,1.26426,4.69,1.50
2013.05.28 07:09:13.935,1.26404,1.26426,4.69,1.69
2013.05.28 07:09:18.463,1.26404,1.26426,5.07,1.69
2013.05.28 07:09:19.571,1.26404,1.26428,2.07,1.69
2013.05.28 07:09:19.631,1.26405,1.26428,1.32,1.69
2013.05.28 07:09:19.999,1.2641,1.26431,1.50,1.32
2013.05.28 07:09:22.002,1.26409,1.26431,2.07,1.32
2013.05.28 07:09:23.974,1.26412,1.26433,1.50,1.69
2013.05.28 07:09:24.044,1.26414,1.26442,1.50,3.19
2013.05.28 07:09:24.350,1.26414,1.26436,3.94,1.69
2013.05.28 07:09:25.271,1.26414,1.26436,3.94,1.69
2013.05.28 07:09:26.347,1.2641,1.26441,3.19,2.44
2013.05.28 07:09:26.555,1.2641,1.26436,3.19,1.32
2013.05.28 07:09:26.680,1.2641,1.26434,1.69,2.07
2013.05.28 07:09:26.993,1.26409,1.26433,1.69,1.32
2013.05.28 07:09:27.073,1.26404,1.26432,5.44,2.44
2013.05.28 07:09:28.080,1.26404,1.26429,3.94,1.69
2013.05.28 07:09:28.770,1.26404,1.26429,1.69,4.69
2013.05.28 07:09:30.012,1.26406,1.26428,1.69,3.00
2013.05.28 07:09:31.102,1.26406,1.26428,1.69,3.00
2013.05.28 07:09:32.011,1.26406,1.26428,1.69,3.19
2013.05.28 07:09:41.643,1.26406,1.26429,1.69,3.19
2013.05.28 07:09:42.619,1.26407,1.26429,1.32,3.19
2013.05.28 07:09:42.680,1.26409,1.2643,2.07,1.69
2013.05.28 07:09:44.011,1.2641,1.26431,2.44,1.69
2013.05.28 07:09:44.641,1.2641,1.26431,2.44,1.69
2013.05.28 07:09:47.231,1.26411,1.26431,1.69,1.69
2013.05.28 07:09:48.243,1.26411,1.26431,1.69,1.69
2013.05.28 07:09:50.103,1.26411,1.26431,1.69,1.69
2013.05.28 07:09:50.980,1.26411,1.26431,1.69,1.69
2013.05.28 07:09:53.229,1.26408,1.26424,1.69,2.25
2013.05.28 07:09:53.289,1.26406,1.26424,1.69,2.25
2013.05.28 07:09:53.475,1.26409,1.26429,1.32,3.94
2013.05.28 07:09:54.008,1.26411,1.2643,1.50,1.69
2013.05.28 07:09:54.692,1.26411,1.2643,2.44,1.69
2013.05.28 07:09:59.381,1.26412,1.2643,1.69,1.69
2013.05.28 07:10:00.340,1.26412,1.2643,1.69,1.50
2013.05.28 07:10:04.410,1.26412,1.2643,1.69,1.69
2013.05.28 07:10:06.011,1.26411,1.2643,1.69,1.69
2013.05.28 07:10:06.921,1.26415,1.26432,1.50,3.19
2013.05.28 07:10:07.040,1.26414,1.26433,3.00,1.69
2013.05.28 07:10:07.690,1.26415,1.26434,1.50,1.69
2013.05.28 07:10:08.887,1.26416,1.26434,1.69,1.69
2013.05.28 07:10:09.740,1.26416,1.26434,1.69,1.69
2013.05.28 07:10:18.031,1.26414,1.26434,5.44,1.69
2013.05.28 07:10:19.075,1.26415,1.26434,1.69,1.69
2013.05.28 07:10:20.279,1.26416,1.26434,1.69,1.69
2013.05.28 07:10:25.647,1.26417,1.26435,1.32,3.19
2013.05.28 07:10:25.770,1.26421,1.26439,1.69,4.69
2013.05.28 07:10:25.830,1.26424,1.26444,1.50,1.69
2013.05.28 07:10:25.890,1.26424,1.26445,1.69,1.69
2013.05.28 07:10:26.253,1.26423,1.26451,1.69,2.44
2013.05.28 07:10:26.321,1.26424,1.26452,1.69,2.44
2013.05.28 07:10:27.906,1.26424,1.26453,1.69,2.44
2013.05.28 07:10:28.223,1.26424,1.26449,2.44,4.69
2013.05.28 07:10:28.411,1.26424,1.26446,1.69,2.44
2013.05.28 07:10:28.721,1.2642,1.26437,2.44,1.50
2013.05.28 07:10:29.236,1.2642,1.26437,1.69,1.50
2013.05.28 07:10:30.170,1.26418,1.26437,1.69,1.50
2013.05.28 07:10:32.540,1.26419,1.26436,1.69,1.69
2013.05.28 07:10:44.167,1.26417,1.26434,3.94,1.69
2013.05.28 07:10:44.531,1.26421,1.2644,3.19,4.69
2013.05.28 07:10:44.712,1.26423,1.2644,1.50,3.94
2013.05.28 07:10:45.272,1.26423,1.26446,3.75,2.44
2013.05.28 07:10:45.510,1.2642,1.26442,1.69,2.44
2013.05.28 07:10:45.691,1.26421,1.26442,1.69,3.19
2013.05.28 07:10:46.592,1.2642,1.26441,1.69,1.69
2013.05.28 07:10:46.651,1.26419,1.26441,2.07,1.69
2013.05.28 07:10:46.711,1.26418,1.26435,2.07,3.00
2013.05.28 07:10:47.361,1.26418,1.26435,1.69,3.00
2013.05.28 07:10:50.781,1.26417,1.26435,2.44,3.94
2013.05.28 07:10:50.901,1.26418,1.26435,5.07,1.69
2013.05.28 07:10:51.080,1.2642,1.2644,1.50,1.69
2013.05.28 07:10:51.261,1.26417,1.26436,1.50,3.00
2013.05.28 07:10:51.461,1.2642,1.26438,2.25,3.94
2013.05.28 07:10:51.951,1.2642,1.26441,1.69,1.50
2013.05.28 07:10:52.532,1.26423,1.26449,3.94,6.19
2013.05.28 07:10:53.143,1.26423,1.26449,3.94,4.69
2013.05.28 07:10:55.864,1.26424,1.26448,1.32,2.44
2013.05.28 07:11:00.347,1.26424,1.26448,3.57,3.94
2013.05.28 07:11:05.613,1.26424,1.26447,3.57,2.44
2013.05.28 07:11:10.250,1.26424,1.26449,1.32,6.19
2013.05.28 07:11:15.982,1.26424,1.26449,1.32,6.19
2013.05.28 07:11:19.841,1.26424,1.26443,1.32,1.32
2013.05.28 07:11:20.021,1.26417,1.26436,3.19,1.13
2013.05.28 07:11:20.081,1.26417,1.26436,3.19,1.13
2013.05.28 07:11:20.912,1.26417,1.26435,3.19,1.69
2013.05.28 07:11:24.116,1.26417,1.26435,2.44,1.69
2013.05.28 07:11:25.585,1.26417,1.26434,2.44,1.32
2013.05.28 07:11:25.652,1.26417,1.26432,2.25,1.32
2013.05.28 07:11:25.771,1.26414,1.26432,1.69,1.32
2013.05.28 07:11:27.300,1.26411,1.26431,1.69,1.69
2013.05.28 07:11:28.168,1.26411,1.26431,1.69,1.69
2013.05.28 07:11:29.888,1.2641,1.26431,3.19,1.69
2013.05.28 07:11:31.112,1.26412,1.26431,1.69,1.69
2013.05.28 07:11:32.130,1.26412,1.26432,1.50,1.32
2013.05.28 07:11:32.371,1.26411,1.26442,2.44,2.82
2013.05.28 07:11:32.730,1.26411,1.2643,3.19,2.25
2013.05.28 07:11:32.850,1.26411,1.2643,1.69,2.25
2013.05.28 07:11:34.230,1.26411,1.26429,1.69,1.50
2013.05.28 07:11:36.241,1.26411,1.26429,1.69,2.44
2013.05.28 07:11:37.711,1.26408,1.26428,2.07,4.69
2013.05.28 07:11:37.772,1.26408,1.26428,2.07,4.69
2013.05.28 07:11:38.864,1.26407,1.26425,3.19,1.69
2013.05.28 07:11:42.297,1.26407,1.26425,3.19,1.69
2013.05.28 07:11:44.240,1.26407,1.26428,3.19,5.44
2013.05.28 07:11:47.174,1.26407,1.26425,2.44,1.69
2013.05.28 07:11:49.432,1.26404,1.26422,3.19,2.63
2013.05.28 07:11:49.492,1.26402,1.26422,1.69,3.57
2013.05.28 07:11:49.612,1.264,1.26421,3.94,1.69
2013.05.28 07:11:52.482,1.26399,1.26417,1.32,1.69
2013.05.28 07:11:52.660,1.26397,1.26415,3.19,1.69
2013.05.28 07:11:58.051,1.26397,1.26415,3.19,1.69
2013.05.28 07:12:03.888,1.26397,1.26416,3.19,1.69
2013.05.28 07:12:05.701,1.26397,1.26415,3.19,1.69
2013.05.28 07:12:07.611,1.26398,1.26417,1.69,1.50
2013.05.28 07:12:07.670,1.26398,1.26418,2.44,2.25
2013.05.28 07:12:07.980,1.26406,1.26423,3.00,2.44
2013.05.28 07:12:08.100,1.26406,1.26423,3.00,2.44
2013.05.28 07:12:13.272,1.26407,1.26424,1.69,3.94
2013.05.28 07:12:15.112,1.26407,1.26423,1.69,1.69
2013.05.28 07:12:15.230,1.26402,1.2642,1.32,3.00
2013.05.28 07:12:16.353,1.26401,1.2642,1.69,3.19
2013.05.28 07:12:17.411,1.26401,1.26419,2.44,1.50
2013.05.28 07:12:22.670,1.26404,1.26419,1.13,1.69
2013.05.28 07:12:22.911,1.26404,1.26423,1.32,3.94
2013.05.28 07:12:24.266,1.26404,1.26422,1.32,1.69
2013.05.28 07:12:25.571,1.26405,1.26422,1.69,1.69
2013.05.28 07:12:27.292,1.26405,1.26423,1.69,3.94
2013.05.28 07:12:37.511,1.26404,1.26423,2.07,3.19
2013.05.28 07:12:41.920,1.26405,1.26422,1.69,1.69
2013.05.28 07:12:42.927,1.26406,1.26422,1.69,1.69
2013.05.28 07:12:55.565,1.26404,1.26422,1.69,2.07
2013.05.28 07:12:55.872,1.26399,1.26417,1.69,3.00
2013.05.28 07:12:56.051,1.26401,1.2642,1.69,3.19
2013.05.28 07:12:56.610,1.26401,1.26419,1.69,2.44
2013.05.28 07:12:57.402,1.26401,1.26419,1.69,2.44
2013.05.28 07:12:58.895,1.264,1.26419,3.94,2.44
2013.05.28 07:13:03.981,1.26401,1.26419,1.69,2.44
2013.05.28 07:13:11.230,1.26401,1.26419,2.44,1.69
2013.05.28 07:13:13.091,1.26401,1.26419,2.44,2.07
2013.05.28 07:13:13.451,1.26398,1.26416,1.69,1.50
2013.05.28 07:13:13.781,1.26401,1.26419,2.44,2.25
2013.05.28 07:13:13.960,1.26398,1.26416,2.63,1.50
2013.05.28 07:13:18.670,1.26397,1.26413,2.25,1.13
2013.05.28 07:13:18.734,1.26397,1.2641,2.25,1.50
2013.05.28 07:13:18.802,1.26395,1.2641,2.25,1.50
2013.05.28 07:13:19.411,1.26396,1.26413,2.25,2.82
2013.05.28 07:13:19.590,1.26396,1.26413,3.19,2.44
2013.05.28 07:13:20.501,1.26397,1.26413,1.69,2.44
2013.05.28 07:13:21.680,1.26396,1.26412,2.25,2.07
2013.05.28 07:13:21.744,1.26394,1.26412,2.25,2.82
2013.05.28 07:13:21.871,1.26394,1.2641,2.44,1.69
2013.05.28 07:13:34.288,1.26394,1.2641,2.25,1.69
2013.05.28 07:13:40.001,1.26395,1.26414,3.19,2.52
2013.05.28 07:13:41.491,1.26396,1.26414,2.44,1.77
2013.05.28 07:13:42.391,1.26402,1.26417,2.25,1.58
2013.05.28 07:13:42.511,1.26404,1.26421,1.50,1.69
2013.05.28 07:13:42.690,1.26402,1.26421,1.69,1.69
2013.05.28 07:13:43.342,1.26401,1.2642,2.44,3.19
2013.05.28 07:13:44.583,1.26401,1.26419,2.44,1.69
2013.05.28 07:13:44.641,1.26401,1.26419,2.44,2.07
2013.05.28 07:13:44.943,1.264,1.26416,2.25,2.44
2013.05.28 07:13:45.003,1.264,1.26418,3.00,1.69
2013.05.28 07:13:47.907,1.26401,1.26419,2.44,1.69
2013.05.28 07:13:51.544,1.26401,1.26419,1.50,1.69
2013.05.28 07:13:54.181,1.26401,1.26419,2.44,1.69
2013.05.28 07:13:56.532,1.26401,1.26419,1.69,1.69
2013.05.28 07:14:01.867,1.26401,1.26419,2.44,1.69
2013.05.28 07:14:03.011,1.26401,1.26419,1.69,1.69
2013.05.28 07:14:05.825,1.26401,1.26419,1.50,1.69
2013.05.28 07:14:07.929,1.26401,1.26419,2.44,1.69
2013.05.28 07:14:10.261,1.26401,1.26419,1.50,1.69
2013.05.28 07:14:12.195,1.26401,1.26419,2.44,1.69
2013.05.28 07:14:31.071,1.26401,1.2642,2.44,3.94
2013.05.28 07:14:31.523,1.26404,1.26421,1.50,1.69
2013.05.28 07:14:33.591,1.26404,1.26422,2.44,3.19
2013.05.28 07:14:42.171,1.26404,1.26422,2.44,5.44
2013.05.28 07:14:44.274,1.26403,1.26421,3.19,1.69
2013.05.28 07:14:44.342,1.26403,1.26421,2.44,2.44
2013.05.28 07:14:44.461,1.26403,1.26421,3.19,1.69
2013.05.28 07:14:44.801,1.26403,1.26417,3.00,1.50
2013.05.28 07:14:46.106,1.26403,1.26421,2.25,1.69
2013.05.28 07:14:46.602,1.26403,1.26421,2.25,1.69
2013.05.28 07:14:47.190,1.26403,1.26417,1.50,4.69
2013.05.28 07:14:48.170,1.26401,1.26417,1.69,5.44
2013.05.28 07:14:48.778,1.264,1.26415,2.44,1.69
2013.05.28 07:14:51.182,1.26403,1.26417,2.25,3.75
2013.05.28 07:14:51.301,1.26403,1.2642,2.25,1.69
2013.05.28 07:14:51.420,1.26403,1.26421,2.25,1.50
2013.05.28 07:14:51.482,1.26403,1.2642,2.25,1.50
2013.05.28 07:14:52.828,1.26403,1.26419,1.50,1.69
2013.05.28 07:14:56.314,1.26403,1.2642,1.50,1.69
2013.05.28 07:14:56.532,1.26403,1.26421,2.25,1.69
2013.05.28 07:14:56.845,1.26403,1.26421,2.25,3.00
2013.05.28 07:14:56.932,1.26403,1.26421,2.25,1.69
2013.05.28 07:14:57.192,1.26407,1.26422,1.13,2.25
2013.05.28 07:14:57.552,1.26418,1.26426,1.32,4.05
2013.05.28 07:14:57.731,1.26418,1.26426,1.32,4.05
2013.05.28 07:14:57.852,1.26419,1.26439,1.50,3.00
2013.05.28 07:14:58.192,1.26419,1.26439,1.69,1.69
2013.05.28 07:14:59.595,1.26414,1.26436,4.28,1.69
2013.05.28 07:15:00.730,1.2642,1.26439,1.50,1.69
2013.05.28 07:15:01.721,1.26419,1.2644,4.50,1.69
2013.05.28 07:15:02.241,1.2642,1.26441,2.25,4.69
2013.05.28 07:15:04.012,1.2642,1.26441,2.44,4.69
2013.05.28 07:15:05.031,1.2642,1.26439,1.69,1.69
2013.05.28 07:15:09.071,1.2642,1.2644,2.44,1.69
2013.05.28 07:15:09.979,1.2642,1.26433,1.69,2.25
2013.05.28 07:15:10.045,1.26418,1.26432,1.69,2.25
2013.05.28 07:15:10.171,1.26418,1.26433,1.69,3.00
2013.05.28 07:15:10.230,1.26421,1.26438,1.69,1.69
2013.05.28 07:15:11.190,1.2642,1.26438,1.69,1.69
2013.05.28 07:15:11.252,1.26416,1.26433,1.69,2.25
2013.05.28 07:15:11.371,1.26419,1.26438,2.07,3.19
2013.05.28 07:15:14.351,1.26419,1.26438,2.63,2.44
2013.05.28 07:15:17.342,1.26421,1.26438,1.69,3.19
2013.05.28 07:15:18.762,1.2642,1.26439,1.69,3.94
2013.05.28 07:15:19.146,1.2642,1.26433,1.69,2.25
2013.05.28 07:15:19.681,1.26416,1.26433,1.69,2.25
2013.05.28 07:15:20.162,1.26418,1.26435,1.13,1.69
2013.05.28 07:15:20.687,1.26419,1.26438,2.44,3.94
2013.05.28 07:15:21.326,1.26419,1.26438,2.44,3.94
2013.05.28 07:15:26.463,1.26421,1.26438,1.69,1.69
2013.05.28 07:15:27.741,1.26421,1.26443,1.69,4.69
2013.05.28 07:15:27.801,1.26423,1.26443,1.69,3.19
2013.05.28 07:15:29.242,1.26423,1.26444,1.50,2.44
2013.05.28 07:15:30.425,1.26419,1.26447,3.19,2.70
2013.05.28 07:15:30.610,1.26416,1.26444,1.50,2.44
2013.05.28 07:15:30.972,1.26423,1.26444,1.50,3.19
2013.05.28 07:15:32.731,1.26423,1.26444,1.50,3.19
2013.05.28 07:15:34.155,1.26423,1.26444,1.69,3.19
2013.05.28 07:15:43.671,1.26422,1.26441,1.69,1.50
2013.05.28 07:15:44.031,1.26417,1.26432,1.69,2.25
2013.05.28 07:15:50.822,1.26417,1.26434,1.69,3.00
2013.05.28 07:15:54.021,1.26417,1.26434,1.69,3.19
2013.05.28 07:16:00.421,1.26417,1.26433,1.69,2.25
2013.05.28 07:16:15.455,1.26417,1.26434,1.69,3.00
2013.05.28 07:16:21.541,1.26417,1.26434,1.69,3.00
2013.05.28 07:16:26.871,1.26417,1.26434,1.69,3.19
2013.05.28 07:16:27.453,1.26419,1.26433,1.69,2.25
2013.05.28 07:16:27.692,1.26418,1.26439,2.82,3.00
2013.05.28 07:16:27.811,1.26419,1.26439,1.69,2.25
2013.05.28 07:16:31.663,1.26422,1.26439,3.19,2.44
2013.05.28 07:16:31.912,1.26424,1.26443,2.44,1.69
2013.05.28 07:16:32.211,1.26424,1.26444,2.44,3.94
2013.05.28 07:16:34.822,1.26425,1.26444,1.69,3.75
2013.05.28 07:16:35.903,1.26426,1.26444,1.50,3.94
2013.05.28 07:16:41.329,1.26427,1.26444,1.50,3.94
2013.05.28 07:16:43.922,1.26427,1.26444,1.69,3.94
2013.05.28 07:16:44.252,1.26434,1.26451,1.50,1.20
2013.05.28 07:16:44.371,1.26434,1.26453,2.44,2.44
2013.05.28 07:16:46.103,1.26434,1.26454,2.44,1.32
2013.05.28 07:16:46.726,1.26431,1.26451,1.69,2.63
2013.05.28 07:16:48.786,1.26431,1.2645,1.69,1.69
2013.05.28 07:16:50.921,1.26431,1.2645,1.69,1.50
2013.05.28 07:16:54.981,1.26434,1.26457,1.69,1.50
2013.05.28 07:16:56.771,1.26434,1.26457,1.69,1.50
2013.05.28 07:16:57.403,1.26439,1.26459,1.69,3.00
2013.05.28 07:16:57.461,1.26444,1.26461,1.50,1.50
2013.05.28 07:16:57.522,1.26444,1.26464,2.25,1.69
2013.05.28 07:16:57.911,1.2644,1.26453,3.19,1.13
2013.05.28 07:16:58.031,1.26434,1.26451,1.69,3.00
2013.05.28 07:16:58.212,1.26434,1.26456,1.69,1.69
2013.05.28 07:16:59.513,1.2643,1.26458,2.44,2.44
2013.05.28 07:17:01.912,1.26428,1.26456,2.44,2.44
2013.05.28 07:17:02.251,1.26434,1.26457,1.50,1.69
2013.05.28 07:17:03.665,1.26433,1.26457,3.75,1.69
2013.05.28 07:17:04.783,1.26436,1.26457,1.69,1.69
2013.05.28 07:17:08.162,1.26438,1.26457,1.69,1.69
2013.05.28 07:17:08.474,1.26443,1.26462,1.50,2.44
2013.05.28 07:17:09.923,1.26443,1.26462,2.44,2.44
2013.05.28 07:17:10.442,1.26443,1.26462,2.44,2.44
2013.05.28 07:17:14.663,1.26442,1.26462,2.44,2.44
2013.05.28 07:17:14.792,1.2644,1.26462,1.69,3.94
2013.05.28 07:17:16.993,1.26442,1.26462,1.69,2.44
2013.05.28 07:17:17.432,1.26442,1.2646,1.69,1.69
2013.05.28 07:17:17.491,1.26434,1.26458,4.32,1.69
2013.05.28 07:17:19.000,1.26434,1.26456,1.69,1.69
2013.05.28 07:17:20.432,1.26428,1.26452,2.44,1.69
2013.05.28 07:17:20.551,1.26424,1.26448,2.44,1.69
2013.05.28 07:17:20.616,1.26424,1.26447,2.44,1.69
2013.05.28 07:17:22.029,1.26423,1.26447,1.69,1.69
2013.05.28 07:17:23.541,1.2642,1.26446,2.44,1.69
2013.05.28 07:17:23.972,1.2642,1.26446,1.69,3.19
2013.05.28 07:17:27.321,1.26416,1.26445,3.19,1.69
2013.05.28 07:17:27.681,1.26416,1.26438,1.69,3.94
2013.05.28 07:17:28.811,1.26413,1.26437,1.69,1.69
2013.05.28 07:17:29.491,1.26411,1.26439,1.69,2.44
2013.05.28 07:17:31.382,1.26414,1.26437,1.69,1.69
2013.05.28 07:17:32.903,1.26414,1.26438,1.69,3.94
2013.05.28 07:17:33.902,1.26414,1.26438,1.69,3.94
2013.05.28 07:17:36.219,1.26414,1.26438,1.69,3.94
2013.05.28 07:17:37.434,1.26414,1.26438,1.69,3.94
2013.05.28 07:17:37.881,1.26416,1.26442,2.44,1.32
2013.05.28 07:17:38.272,1.26414,1.26438,1.69,3.75
2013.05.28 07:17:38.574,1.26415,1.26443,3.00,2.44
2013.05.28 07:17:39.751,1.26415,1.26445,3.19,3.19
2013.05.28 07:17:42.621,1.26416,1.26444,2.44,2.44
2013.05.28 07:17:43.751,1.26416,1.26446,2.44,3.19
2013.05.28 07:17:46.160,1.26422,1.26446,1.69,3.19
2013.05.28 07:17:46.733,1.26424,1.26446,1.50,2.44
2013.05.28 07:17:47.756,1.26425,1.26448,1.69,5.44
2013.05.28 07:17:50.143,1.26426,1.26447,1.69,3.19
2013.05.28 07:17:51.794,1.26424,1.2644,1.69,2.25
2013.05.28 07:17:53.078,1.26423,1.2644,2.44,2.25
2013.05.28 07:17:54.595,1.26423,1.2644,2.44,2.25
2013.05.28 07:17:59.252,1.26425,1.26443,2.44,3.94
2013.05.28 07:17:59.560,1.26431,1.26451,1.50,3.19
2013.05.28 07:18:00.329,1.26431,1.26451,1.50,2.44
2013.05.28 07:18:01.065,1.26431,1.26452,1.50,7.32
2013.05.28 07:18:01.701,1.26431,1.26452,2.44,5.82
2013.05.28 07:18:03.212,1.26432,1.26452,1.69,5.82
2013.05.28 07:18:04.941,1.26433,1.26452,1.69,5.82
2013.05.28 07:18:05.743,1.2643,1.26452,1.69,4.88
2013.05.28 07:18:07.111,1.26431,1.26446,1.50,1.13
2013.05.28 07:18:07.234,1.26429,1.26446,1.69,3.38
2013.05.28 07:18:07.302,1.26428,1.26446,1.69,3.38
2013.05.28 07:18:08.322,1.26425,1.26446,2.44,3.57
2013.05.28 07:18:08.640,1.26425,1.26438,1.69,2.25
2013.05.28 07:18:08.702,1.26419,1.26438,1.69,2.25
2013.05.28 07:18:08.821,1.26415,1.26438,1.69,2.44
2013.05.28 07:18:09.282,1.26422,1.26441,1.69,3.94
2013.05.28 07:18:11.248,1.26422,1.26441,1.50,3.94
2013.05.28 07:18:11.852,1.26423,1.26441,1.50,3.94
2013.05.28 07:18:13.033,1.26425,1.26447,1.69,3.19
2013.05.28 07:18:13.933,1.26425,1.26447,1.69,3.19
2013.05.28 07:18:14.794,1.26425,1.26445,1.69,1.32
2013.05.28 07:18:14.973,1.26423,1.26441,1.69,1.13
2013.05.28 07:18:15.513,1.26423,1.2644,1.69,2.25
2013.05.28 07:18:15.694,1.26424,1.2644,1.69,3.19
2013.05.28 07:18:16.432,1.26424,1.26444,3.19,1.69
2013.05.28 07:18:17.690,1.26427,1.26444,1.69,1.69
2013.05.28 07:18:28.686,1.26427,1.26445,1.69,3.94
2013.05.28 07:18:32.572,1.26427,1.26445,1.69,3.19
2013.05.28 07:18:33.504,1.26429,1.26448,1.69,3.19
2013.05.28 07:18:33.623,1.2643,1.26449,1.69,1.69
2013.05.28 07:18:34.821,1.26429,1.2645,1.50,1.69
2013.05.28 07:18:35.846,1.26424,1.26448,2.44,3.19
2013.05.28 07:18:36.692,1.2643,1.2645,1.69,1.69
2013.05.28 07:18:38.833,1.26431,1.2645,1.69,1.69
2013.05.28 07:18:41.758,1.26431,1.26451,1.69,4.32
2013.05.28 07:18:42.873,1.26429,1.2645,2.44,1.69
2013.05.28 07:18:44.094,1.26429,1.2645,2.44,1.69
2013.05.28 07:18:44.704,1.26429,1.26451,1.69,2.44
2013.05.28 07:18:46.152,1.26424,1.26446,1.69,1.69
2013.05.28 07:18:47.272,1.26424,1.26446,1.69,1.69
2013.05.28 07:18:50.251,1.26424,1.26446,1.69,1.69
2013.05.28 07:18:53.993,1.26424,1.26446,1.69,1.69
2013.05.28 07:18:54.685,1.26424,1.26446,1.69,1.69
2013.05.28 07:18:57.561,1.26424,1.26446,1.69,1.69
2013.05.28 07:18:59.252,1.26429,1.2645,2.44,3.94
2013.05.28 07:18:59.941,1.2643,1.2645,1.50,3.94
2013.05.28 07:19:01.181,1.26431,1.2645,1.69,2.44
2013.05.28 07:19:03.172,1.26431,1.2645,1.69,1.69
2013.05.28 07:19:06.192,1.2643,1.2645,2.44,2.44
2013.05.28 07:19:08.311,1.26431,1.2645,1.69,2.44
2013.05.28 07:19:09.072,1.26426,1.26447,1.69,1.69
2013.05.28 07:19:10.109,1.26429,1.2645,1.69,3.94
2013.05.28 07:19:10.340,1.2643,1.2645,1.50,2.44
2013.05.28 07:19:11.981,1.26431,1.2645,1.69,2.44
2013.05.28 07:19:13.741,1.2643,1.2645,1.69,1.69
2013.05.28 07:19:15.512,1.26431,1.2645,1.69,1.69
2013.05.28 07:19:22.283,1.2643,1.2645,1.69,1.69
2013.05.28 07:19:35.219,1.26431,1.2645,1.50,1.69
2013.05.28 07:19:37.348,1.26431,1.2645,1.50,1.69
2013.05.28 07:19:37.962,1.2643,1.2645,1.50,1.69
2013.05.28 07:19:39.141,1.26429,1.2645,2.25,1.69
2013.05.28 07:19:39.495,1.26429,1.2645,2.44,1.69
2013.05.28 07:19:43.152,1.2643,1.2645,1.50,1.69
2013.05.28 07:19:44.202,1.26431,1.2645,1.69,1.69
2013.05.28 07:19:46.498,1.26431,1.2645,1.69,1.69
2013.05.28 07:19:46.702,1.26432,1.26452,1.69,3.19
2013.05.28 07:19:47.702,1.26435,1.26453,2.44,1.69
2013.05.28 07:19:49.021,1.26436,1.26454,1.69,3.19
2013.05.28 07:19:51.159,1.26436,1.26454,1.69,3.19
2013.05.28 07:19:52.372,1.26436,1.26454,1.69,3.19
2013.05.28 07:19:54.759,1.26435,1.26454,2.44,3.19
2013.05.28 07:19:56.213,1.26436,1.26454,1.69,2.44
2013.05.28 07:19:56.671,1.26436,1.26454,1.69,3.19
2013.05.28 07:19:57.744,1.26436,1.26454,1.69,2.44
2013.05.28 07:19:58.201,1.26432,1.26451,1.69,3.00
2013.05.28 07:19:58.572,1.26431,1.2645,1.69,3.19
2013.05.28 07:19:58.692,1.2643,1.26449,3.19,1.69
2013.05.28 07:19:58.992,1.26428,1.26448,2.25,2.44
2013.05.28 07:19:59.553,1.26424,1.26448,1.69,5.44
2013.05.28 07:20:00.274,1.26424,1.26448,1.69,5.44
2013.05.28 07:20:01.401,1.26424,1.26448,1.69,3.94
2013.05.28 07:20:06.334,1.26424,1.26446,1.69,1.69
2013.05.28 07:20:09.177,1.26424,1.26446,1.69,1.69
2013.05.28 07:20:10.302,1.26424,1.26446,1.69,1.69
2013.05.28 07:20:13.935,1.26424,1.26446,1.69,1.69
2013.05.28 07:20:15.474,1.26424,1.26446,1.69,1.69
2013.05.28 07:20:20.842,1.26424,1.26445,1.69,5.07
2013.05.28 07:20:21.209,1.26431,1.26444,2.25,5.07
2013.05.28 07:20:21.815,1.26431,1.26444,2.44,4.13
2013.05.28 07:20:22.722,1.26431,1.26445,2.44,4.13
2013.05.28 07:20:27.954,1.26432,1.26445,1.69,4.13
2013.05.28 07:20:30.787,1.26431,1.26445,2.44,4.13
2013.05.28 07:20:32.121,1.2643,1.26445,3.94,4.13
2013.05.28 07:20:33.763,1.2643,1.26449,3.94,1.69
2013.05.28 07:20:34.079,1.2643,1.26448,1.69,1.32
2013.05.28 07:20:35.159,1.2643,1.26446,1.69,1.13
2013.05.28 07:20:38.910,1.26431,1.26446,1.69,1.13
2013.05.28 07:20:42.202,1.26431,1.2645,1.69,2.44
2013.05.28 07:20:43.972,1.26431,1.26449,1.69,2.07
2013.05.28 07:20:46.964,1.26431,1.26449,1.69,1.32
2013.05.28 07:20:47.624,1.2643,1.26447,1.69,1.32
2013.05.28 07:20:48.832,1.26423,1.26447,3.19,2.07
2013.05.28 07:20:52.001,1.26423,1.26447,1.69,1.69
2013.05.28 07:20:53.932,1.26423,1.26447,1.69,1.69
2013.05.28 07:20:55.403,1.26423,1.26447,1.69,1.69
2013.05.28 07:20:57.333,1.26423,1.26447,1.69,1.69
2013.05.28 07:21:06.410,1.26431,1.26447,2.25,1.69
2013.05.28 07:21:06.725,1.26431,1.26448,2.25,2.07
2013.05.28 07:21:07.328,1.26431,1.26449,3.00,2.44
2013.05.28 07:21:08.192,1.26431,1.26449,3.00,2.82
2013.05.28 07:21:13.374,1.26432,1.26449,1.88,1.88
2013.05.28 07:21:13.611,1.26442,1.2646,1.50,1.69
2013.05.28 07:21:13.672,1.26439,1.2646,2.44,1.69
2013.05.28 07:21:14.012,1.26434,1.26454,1.69,1.32
2013.05.28 07:21:14.137,1.26434,1.26453,1.69,1.32
2013.05.28 07:21:16.001,1.26428,1.26456,2.44,2.25
2013.05.28 07:21:19.122,1.26426,1.26451,2.44,1.32
2013.05.28 07:21:20.272,1.26426,1.26451,2.44,1.32
2013.05.28 07:21:21.030,1.26432,1.26451,1.32,1.32
2013.05.28 07:21:21.151,1.26439,1.26454,1.13,1.32
2013.05.28 07:21:21.273,1.26439,1.2646,1.88,1.69
2013.05.28 07:21:21.463,1.26436,1.26455,1.69,1.32
2013.05.28 07:21:22.033,1.26436,1.26453,1.69,1.50
2013.05.28 07:21:22.753,1.26436,1.26453,1.69,1.88
2013.05.28 07:21:23.536,1.26436,1.26453,1.69,1.88
2013.05.28 07:21:23.663,1.26438,1.26453,1.32,1.50
2013.05.28 07:21:23.722,1.26439,1.26456,1.32,1.69
2013.05.28 07:21:24.052,1.2644,1.26459,1.50,1.69
2013.05.28 07:21:25.461,1.2644,1.26459,2.44,2.07
2013.05.28 07:21:26.374,1.2644,1.26458,1.69,1.32
2013.05.28 07:21:26.902,1.26441,1.26457,1.69,1.32
2013.05.28 07:21:27.932,1.26438,1.26457,1.50,1.32
2013.05.28 07:21:28.052,1.26426,1.26457,2.44,2.25
2013.05.28 07:21:29.052,1.26423,1.26455,2.44,3.00
2013.05.28 07:21:29.171,1.26432,1.26455,1.88,3.00
2013.05.28 07:21:29.355,1.26437,1.26456,1.88,2.07
2013.05.28 07:21:29.482,1.26438,1.26459,1.50,1.69
2013.05.28 07:21:29.664,1.26438,1.26457,1.50,1.69
2013.05.28 07:21:30.422,1.26437,1.26452,1.50,2.25
2013.05.28 07:21:30.541,1.26433,1.26452,4.13,3.00
2013.05.28 07:21:30.661,1.26433,1.26452,4.32,3.38
2013.05.28 07:21:33.437,1.26438,1.26456,1.32,1.69
2013.05.28 07:21:34.796,1.26438,1.26455,1.32,1.69
2013.05.28 07:21:35.486,1.26438,1.26455,1.32,1.69
2013.05.28 07:21:36.941,1.26438,1.26457,2.82,1.32
2013.05.28 07:21:38.153,1.26439,1.26457,1.69,1.32
2013.05.28 07:21:38.799,1.26439,1.26457,2.44,1.32
2013.05.28 07:21:39.112,1.26436,1.26452,1.69,2.25
2013.05.28 07:21:39.412,1.26432,1.26449,2.25,1.69
2013.05.28 07:21:39.963,1.26432,1.26447,2.25,1.50
2013.05.28 07:21:40.242,1.26424,1.26446,1.69,2.25
2013.05.28 07:21:40.632,1.26426,1.26446,1.32,2.25
2013.05.28 07:21:40.883,1.26434,1.26451,1.13,5.25
2013.05.28 07:21:41.064,1.26428,1.2645,1.13,2.25
2013.05.28 07:21:41.133,1.26424,1.26446,1.69,1.50
2013.05.28 07:21:41.993,1.26424,1.26446,1.69,2.07
2013.05.28 07:21:42.355,1.26422,1.26444,1.69,2.44
2013.05.28 07:21:42.542,1.26424,1.26446,1.69,2.07
2013.05.28 07:21:44.443,1.26423,1.26442,1.69,1.32
2013.05.28 07:21:48.743,1.26423,1.2644,1.69,1.32
2013.05.28 07:21:49.161,1.26429,1.2644,2.63,1.32
2013.05.28 07:21:49.283,1.2643,1.26446,1.50,1.69
2013.05.28 07:21:51.996,1.26429,1.26448,1.69,2.82
2013.05.28 07:21:52.651,1.26428,1.26445,1.69,2.07
2013.05.28 07:21:56.053,1.26427,1.26444,2.44,1.32
2013.05.28 07:21:58.482,1.26428,1.26444,1.69,1.32
2013.05.28 07:21:59.724,1.26428,1.26444,1.69,1.32
2013.05.28 07:22:01.676,1.26427,1.26443,3.19,1.32
2013.05.28 07:22:09.401,1.26427,1.26442,2.25,1.32
2013.05.28 07:22:09.461,1.26418,1.2644,1.69,3.00
2013.05.28 07:22:10.157,1.2642,1.26441,1.50,4.69
2013.05.28 07:22:11.002,1.26421,1.26438,1.69,1.32
2013.05.28 07:22:14.713,1.26421,1.26439,1.69,1.32
2013.05.28 07:22:16.101,1.26421,1.2644,1.69,1.32
2013.05.28 07:22:18.362,1.26421,1.2644,1.69,1.32
2013.05.28 07:22:20.143,1.26421,1.2644,1.69,1.32
2013.05.28 07:22:21.850,1.26421,1.2644,1.69,1.32
2013.05.28 07:22:36.443,1.26421,1.2644,1.69,1.32
2013.05.28 07:22:39.055,1.26421,1.2644,1.69,1.32
2013.05.28 07:22:40.861,1.26421,1.2644,1.69,1.69
2013.05.28 07:22:40.921,1.26419,1.26437,1.69,2.07
2013.05.28 07:22:41.474,1.26418,1.26436,3.19,2.82
2013.05.28 07:22:41.652,1.26421,1.26436,2.25,2.44
2013.05.28 07:22:42.157,1.26421,1.26438,3.19,1.69
2013.05.28 07:22:46.461,1.26422,1.26438,1.69,1.69
2013.05.28 07:22:58.365,1.26421,1.26438,3.94,1.69
2013.05.28 07:23:00.214,1.26421,1.26439,3.94,3.19
2013.05.28 07:23:12.703,1.26421,1.26438,3.19,1.69
2013.05.28 07:23:14.763,1.26421,1.26439,3.94,3.19
2013.05.28 07:23:24.301,1.26422,1.26439,1.69,2.44
2013.05.28 07:23:38.881,1.26422,1.26439,1.69,3.19
2013.05.28 07:23:40.545,1.26421,1.26439,3.94,3.00
2013.05.28 07:23:41.686,1.26421,1.2644,1.69,1.50
2013.05.28 07:23:47.422,1.2642,1.26439,1.69,1.69
2013.05.28 07:23:49.043,1.26421,1.2644,1.69,1.69
2013.05.28 07:23:52.494,1.26421,1.2644,1.69,1.69
2013.05.28 07:23:55.918,1.2642,1.2644,1.69,1.69
2013.05.28 07:23:58.763,1.26421,1.2644,1.69,1.50
2013.05.28 07:24:00.691,1.26422,1.26443,1.69,2.07
2013.05.28 07:24:00.811,1.26424,1.26442,1.69,1.32
2013.05.28 07:24:02.195,1.26424,1.26446,1.50,1.69
2013.05.28 07:24:02.462,1.2643,1.26449,2.25,2.44
2013.05.28 07:24:02.764,1.26424,1.26446,1.50,1.69
2013.05.28 07:24:04.819,1.26424,1.26446,1.69,1.69
2013.05.28 07:24:06.957,1.26424,1.26446,1.69,1.69
2013.05.28 07:24:18.643,1.26431,1.26446,2.25,1.69
2013.05.28 07:24:18.703,1.26431,1.26448,2.25,1.69
2013.05.28 07:24:23.951,1.26431,1.26449,3.19,3.19
2013.05.28 07:24:24.142,1.26431,1.26448,2.44,1.69
2013.05.28 07:24:25.992,1.26429,1.26446,1.69,1.69
2013.05.28 07:24:29.163,1.26429,1.26445,1.69,1.69
2013.05.28 07:24:30.192,1.26431,1.26447,2.25,1.32
2013.05.28 07:24:31.846,1.26431,1.26448,2.44,1.69
2013.05.28 07:24:37.787,1.26428,1.26446,1.69,1.69
2013.05.28 07:24:38.872,1.26427,1.26445,3.19,1.50
2013.05.28 07:24:38.991,1.26423,1.26441,1.69,1.69
2013.05.28 07:24:39.232,1.26418,1.26436,2.44,1.50
2013.05.28 07:24:39.291,1.26418,1.26436,1.69,1.50
2013.05.28 07:24:39.432,1.26418,1.26436,1.69,1.50
2013.05.28 07:24:39.951,1.2642,1.26439,1.69,3.00
2013.05.28 07:24:40.873,1.26422,1.26439,1.69,1.69
2013.05.28 07:24:49.134,1.26422,1.2644,1.69,2.44
2013.05.28 07:24:49.482,1.26421,1.2644,1.50,2.44
2013.05.28 07:24:50.845,1.26421,1.2644,2.44,2.44
2013.05.28 07:24:51.792,1.26422,1.2644,1.69,2.44
2013.05.28 07:24:54.890,1.26422,1.2644,1.50,1.69
2013.05.28 07:24:55.835,1.26421,1.2644,2.25,1.69
2013.05.28 07:25:04.866,1.26421,1.2644,1.69,2.44
2013.05.28 07:25:06.102,1.26421,1.2644,1.50,1.69
2013.05.28 07:25:09.204,1.26421,1.2644,2.25,1.69
2013.05.28 07:25:11.314,1.26421,1.2644,1.69,1.69
2013.05.28 07:25:13.174,1.26421,1.26436,1.50,1.50
2013.05.28 07:25:13.294,1.26415,1.26435,1.69,1.50
2013.05.28 07:25:13.362,1.26412,1.26437,1.69,3.75
2013.05.28 07:25:14.548,1.26413,1.26437,1.69,3.75
2013.05.28 07:25:15.952,1.26413,1.26435,3.94,1.50
2013.05.28 07:25:16.861,1.26413,1.26435,3.94,1.69
2013.05.28 07:25:21.565,1.26413,1.26437,3.94,2.07
2013.05.28 07:25:21.633,1.26413,1.26435,3.94,1.69
2013.05.28 07:25:21.942,1.26418,1.26441,1.69,1.69
2013.05.28 07:25:22.001,1.26422,1.26447,1.50,2.44
2013.05.28 07:25:23.049,1.2642,1.26448,1.69,2.44
2013.05.28 07:25:24.865,1.2642,1.26447,1.69,2.44
2013.05.28 07:25:29.804,1.26425,1.26449,1.50,1.32
2013.05.28 07:25:30.193,1.26426,1.26448,1.50,1.32
2013.05.28 07:25:30.537,1.2643,1.26449,1.69,2.44
2013.05.28 07:25:31.529,1.26423,1.26447,1.69,2.07
2013.05.28 07:25:32.091,1.26424,1.26454,2.44,2.44
2013.05.28 07:25:34.193,1.26426,1.26454,2.44,2.44
2013.05.28 07:25:35.914,1.26424,1.26454,2.44,2.44
2013.05.28 07:25:40.344,1.26425,1.26455,2.44,2.44
2013.05.28 07:25:41.794,1.26424,1.26452,2.44,2.44
2013.05.28 07:25:45.035,1.26423,1.26453,2.52,2.44
2013.05.28 07:25:46.082,1.26425,1.26455,2.44,2.44
2013.05.28 07:25:50.996,1.26424,1.26454,2.44,2.44
2013.05.28 07:25:54.289,1.26427,1.26455,1.32,2.44
2013.05.28 07:25:54.363,1.26434,1.26456,1.69,1.69
2013.05.28 07:25:54.432,1.26437,1.26459,1.50,1.69
2013.05.28 07:25:54.948,1.26439,1.26458,1.50,1.69
2013.05.28 07:25:56.045,1.26439,1.26458,2.44,1.69
2013.05.28 07:25:57.292,1.2644,1.26458,1.50,2.07
2013.05.28 07:25:58.651,1.2644,1.26458,1.50,2.82
2013.05.28 07:25:59.012,1.26434,1.26456,1.69,1.69
2013.05.28 07:25:59.292,1.26434,1.26456,1.69,1.50
2013.05.28 07:26:00.994,1.26434,1.26456,1.69,1.50
2013.05.28 07:26:02.793,1.26435,1.26456,1.69,1.69
2013.05.28 07:26:03.512,1.2643,1.26452,1.69,5.07
2013.05.28 07:26:03.574,1.2643,1.26451,2.44,3.94
2013.05.28 07:26:04.873,1.26425,1.26448,2.44,1.50
2013.05.28 07:26:04.933,1.26424,1.26448,1.02,1.50
2013.05.28 07:26:05.972,1.26424,1.26451,1.77,2.44
2013.05.28 07:26:06.286,1.26424,1.26454,2.44,2.44
2013.05.28 07:26:07.961,1.26426,1.26454,2.44,2.44
2013.05.28 07:26:09.222,1.26424,1.26454,2.52,2.44
2013.05.28 07:26:11.084,1.26425,1.26453,2.44,2.44
2013.05.28 07:26:13.024,1.26423,1.26453,2.52,2.44
2013.05.28 07:26:14.792,1.26424,1.26447,1.02,1.69
2013.05.28 07:26:15.992,1.26424,1.26447,1.02,1.69
2013.05.28 07:26:16.963,1.26426,1.2645,1.69,2.44
2013.05.28 07:26:19.245,1.26425,1.26454,1.69,2.44
2013.05.28 07:26:23.294,1.26427,1.26455,2.44,2.44
2013.05.28 07:26:26.351,1.26437,1.26455,1.88,2.44
2013.05.28 07:26:26.412,1.26438,1.26459,1.50,2.25
2013.05.28 07:26:26.473,1.26441,1.26459,1.50,2.25
2013.05.28 07:26:27.009,1.26444,1.26461,1.50,2.07
2013.05.28 07:26:28.045,1.26443,1.26461,3.94,5.82
2013.05.28 07:26:31.868,1.26443,1.26461,4.69,2.07
2013.05.28 07:26:31.952,1.26443,1.26461,4.69,1.32
2013.05.28 07:26:33.495,1.26443,1.26461,4.69,1.32
2013.05.28 07:26:35.724,1.26443,1.2646,4.69,1.32
2013.05.28 07:26:36.926,1.26443,1.2646,3.94,1.32
2013.05.28 07:26:39.168,1.26443,1.26461,4.69,1.32
2013.05.28 07:26:40.633,1.26443,1.26461,1.69,1.69
2013.05.28 07:26:40.873,1.26443,1.26458,3.00,1.69
2013.05.28 07:26:42.561,1.26441,1.26458,2.25,2.82
2013.05.28 07:26:42.682,1.26442,1.26458,3.75,2.07
2013.05.28 07:26:42.745,1.26443,1.26459,2.25,2.07
2013.05.28 07:26:42.934,1.26443,1.26461,5.82,1.13
2013.05.28 07:26:42.994,1.26447,1.26462,2.25,1.13
2013.05.28 07:26:43.173,1.26449,1.2647,1.69,1.69
2013.05.28 07:26:43.295,1.26447,1.26468,5.44,1.88
2013.05.28 07:26:43.355,1.26447,1.26464,3.94,1.73
2013.05.28 07:26:44.512,1.26447,1.26465,3.94,1.92
2013.05.28 07:26:44.672,1.26447,1.26465,4.69,1.17
2013.05.28 07:26:44.852,1.26447,1.26465,4.69,1.17
2013.05.28 07:26:44.912,1.26447,1.26466,5.44,1.92
2013.05.28 07:26:45.286,1.26447,1.26464,1.69,7.50
2013.05.28 07:26:45.751,1.26447,1.26463,1.69,1.13
2013.05.28 07:26:46.368,1.26447,1.26463,1.69,1.88
2013.05.28 07:26:48.006,1.26446,1.26463,3.19,2.07
2013.05.28 07:26:49.784,1.26446,1.26462,3.94,1.13
2013.05.28 07:26:49.901,1.26446,1.26463,3.94,1.32
2013.05.28 07:26:50.225,1.26447,1.26463,1.69,1.13
2013.05.28 07:26:53.113,1.26447,1.26463,1.69,1.13
2013.05.28 07:26:55.287,1.26447,1.26463,1.69,1.13
2013.05.28 07:26:56.502,1.26447,1.26463,1.69,1.32
2013.05.28 07:26:57.915,1.26447,1.26463,1.69,1.13
2013.05.28 07:27:05.222,1.26446,1.26462,3.19,1.32
2013.05.28 07:27:12.391,1.26447,1.26462,1.88,1.13
2013.05.28 07:27:12.571,1.26451,1.26464,1.69,3.04
2013.05.28 07:27:12.812,1.26448,1.26467,4.32,1.17
2013.05.28 07:27:12.872,1.26452,1.26467,1.13,1.17
2013.05.28 07:27:13.052,1.26453,1.26468,4.88,1.32
2013.05.28 07:27:13.112,1.26453,1.26471,4.88,2.82
2013.05.28 07:27:13.640,1.26453,1.26471,4.88,1.69
2013.05.28 07:27:14.183,1.26453,1.26471,5.82,1.69
2013.05.28 07:27:16.411,1.26451,1.2647,3.19,3.94
2013.05.28 07:27:16.661,1.26451,1.2647,2.44,3.94
2013.05.28 07:27:16.782,1.26453,1.26471,2.25,1.69
2013.05.28 07:27:17.323,1.26453,1.26471,2.25,1.69
2013.05.28 07:27:18.107,1.26453,1.26471,3.19,1.69
2013.05.28 07:27:19.535,1.26453,1.26471,3.19,1.50
2013.05.28 07:27:20.283,1.26453,1.26471,3.19,1.69
2013.05.28 07:27:20.493,1.26452,1.26469,1.69,2.25
2013.05.28 07:27:20.793,1.26453,1.26471,6.19,1.69
2013.05.28 07:27:21.342,1.26451,1.26469,1.69,1.50
2013.05.28 07:27:21.673,1.26454,1.2647,1.69,2.44
2013.05.28 07:27:21.734,1.26454,1.26472,1.69,3.19
2013.05.28 07:27:22.023,1.26454,1.26472,1.69,3.19
2013.05.28 07:27:23.106,1.26454,1.26472,1.69,3.19
2013.05.28 07:27:23.623,1.26454,1.26472,2.44,3.19
2013.05.28 07:27:24.633,1.26454,1.26472,1.69,3.57
2013.05.28 07:27:25.223,1.26455,1.26471,1.69,1.69
2013.05.28 07:27:28.302,1.26454,1.26471,1.69,1.69
2013.05.28 07:27:31.503,1.26452,1.26469,1.69,2.44
2013.05.28 07:27:32.042,1.26451,1.26469,1.69,1.69
2013.05.28 07:27:32.162,1.26452,1.2647,4.69,3.19
2013.05.28 07:27:32.677,1.26453,1.26471,2.44,1.69
2013.05.28 07:27:34.971,1.26452,1.2647,3.19,3.94
2013.05.28 07:27:35.212,1.26452,1.2647,3.94,3.19
2013.05.28 07:27:35.332,1.26453,1.26471,2.44,1.69
2013.05.28 07:27:36.232,1.26453,1.26471,3.00,1.69
2013.05.28 07:27:38.173,1.26453,1.26471,3.19,1.69
2013.05.28 07:27:44.471,1.26452,1.26469,1.69,2.44
2013.05.28 07:27:44.652,1.26451,1.26469,2.44,3.00
2013.05.28 07:27:44.772,1.26452,1.2647,2.44,1.69
2013.05.28 07:27:45.123,1.26453,1.26472,1.69,2.07
2013.05.28 07:27:45.244,1.26448,1.26465,1.69,1.50
2013.05.28 07:27:45.432,1.26449,1.26468,1.69,1.69
2013.05.28 07:27:45.672,1.26452,1.2647,1.50,3.57
2013.05.28 07:27:45.975,1.26453,1.26472,3.75,1.69
2013.05.28 07:27:46.102,1.26453,1.26471,3.75,1.69
2013.05.28 07:27:46.284,1.26449,1.26465,1.69,1.50
2013.05.28 07:27:46.463,1.26451,1.26468,2.25,2.44
2013.05.28 07:27:46.522,1.26451,1.26468,2.25,1.69
2013.05.28 07:27:46.702,1.26453,1.2647,2.25,2.07
2013.05.28 07:27:47.124,1.26453,1.26466,1.50,1.50
2013.05.28 07:27:47.302,1.26448,1.26465,1.69,1.50
2013.05.28 07:27:47.482,1.2645,1.26469,3.19,2.25
2013.05.28 07:27:47.872,1.26455,1.26471,1.69,2.82
2013.05.28 07:27:47.931,1.26455,1.26471,1.69,6.19
2013.05.28 07:27:49.202,1.26454,1.26469,2.44,2.25
2013.05.28 07:27:50.507,1.26452,1.26468,1.69,1.69
2013.05.28 07:27:51.612,1.26452,1.26468,1.69,2.44
2013.05.28 07:27:52.139,1.26448,1.26466,1.69,1.13
2013.05.28 07:27:53.662,1.2645,1.26466,1.69,1.13
2013.05.28 07:27:54.194,1.26449,1.26465,1.69,1.13
2013.05.28 07:27:54.872,1.26449,1.26464,1.69,1.13
2013.05.28 07:27:55.558,1.26449,1.26464,1.69,1.13
2013.05.28 07:27:56.681,1.26447,1.26462,1.69,1.88
2013.05.28 07:27:56.742,1.26444,1.26462,1.69,3.57
2013.05.28 07:27:57.244,1.26445,1.26463,2.44,2.07
2013.05.28 07:27:57.384,1.26448,1.26466,2.25,1.69
2013.05.28 07:27:57.514,1.26448,1.26465,3.00,1.32
2013.05.28 07:27:57.710,1.26449,1.26465,1.50,1.32
2013.05.28 07:27:58.483,1.26448,1.26469,1.50,1.69
2013.05.28 07:27:59.683,1.26452,1.2647,2.25,1.69
2013.05.28 07:27:59.863,1.26453,1.26472,1.50,1.69
2013.05.28 07:28:00.681,1.26454,1.26467,1.50,1.88
2013.05.28 07:28:00.993,1.26449,1.26466,1.69,1.50
2013.05.28 07:28:01.292,1.26451,1.26468,2.44,1.13
2013.05.28 07:28:02.175,1.26453,1.26471,2.25,1.13
2013.05.28 07:28:02.242,1.26458,1.2647,1.50,3.75
2013.05.28 07:28:02.302,1.26457,1.26473,1.69,1.13
2013.05.28 07:28:02.614,1.26459,1.26473,1.69,1.50
2013.05.28 07:28:02.676,1.26453,1.2647,3.94,1.13
2013.05.28 07:28:02.746,1.26453,1.26469,1.69,2.25
2013.05.28 07:28:02.873,1.26451,1.26469,3.19,2.25
2013.05.28 07:28:04.433,1.26452,1.2647,2.44,2.07
2013.05.28 07:28:05.063,1.26454,1.26472,1.50,2.44
2013.05.28 07:28:05.634,1.26454,1.26472,1.50,1.69
2013.05.28 07:28:05.703,1.26454,1.26473,1.50,3.19
2013.05.28 07:28:05.918,1.26454,1.26473,1.50,3.19
2013.05.28 07:28:08.588,1.26454,1.26473,1.50,2.44
2013.05.28 07:28:12.788,1.26455,1.26472,1.69,1.69
2013.05.28 07:28:13.033,1.26451,1.2647,2.44,3.19
2013.05.28 07:28:13.093,1.26451,1.2647,1.69,3.19
2013.05.28 07:28:14.265,1.26451,1.26469,2.44,1.69
2013.05.28 07:28:16.143,1.26451,1.26469,2.44,1.69
2013.05.28 07:28:16.676,1.26451,1.26469,2.44,1.69
2013.05.28 07:28:17.966,1.26452,1.26469,1.69,1.69
2013.05.28 07:28:19.253,1.26451,1.26469,2.44,1.69
2013.05.28 07:28:22.836,1.26451,1.26469,1.50,1.69
2013.05.28 07:28:23.663,1.26452,1.26469,1.69,1.69
2013.05.28 07:28:27.794,1.26451,1.26469,1.50,1.69
2013.05.28 07:28:30.013,1.26451,1.26469,1.69,2.07
2013.05.28 07:28:42.500,1.26451,1.26469,1.50,1.69
2013.05.28 07:28:45.624,1.26451,1.26469,1.50,1.69
2013.05.28 07:28:48.348,1.26451,1.26469,1.69,1.69
2013.05.28 07:28:49.883,1.26451,1.26469,1.69,1.69
2013.05.28 07:28:54.562,1.26448,1.26464,3.19,1.69
2013.05.28 07:28:54.872,1.2645,1.26469,3.00,2.44
2013.05.28 07:28:57.513,1.2645,1.26469,3.94,2.44
2013.05.28 07:28:59.933,1.2645,1.26469,2.25,1.69
2013.05.28 07:29:00.053,1.26439,1.26467,3.19,2.25
2013.05.28 07:29:00.113,1.26445,1.26467,1.32,2.25
2013.05.28 07:29:00.294,1.26448,1.26466,3.38,1.69
2013.05.28 07:29:00.395,1.26448,1.26469,4.13,1.69
2013.05.28 07:29:00.513,1.26448,1.26467,4.13,1.69
2013.05.28 07:29:01.301,1.26448,1.26467,5.07,1.69
2013.05.28 07:29:02.404,1.26448,1.26467,5.07,1.69
2013.05.28 07:29:05.043,1.26448,1.26467,4.13,1.50
2013.05.28 07:29:05.703,1.26445,1.26463,1.69,3.00
2013.05.28 07:29:06.042,1.26449,1.26468,1.13,3.94
2013.05.28 07:29:07.166,1.26448,1.26467,1.13,1.69
2013.05.28 07:29:14.032,1.26449,1.26467,1.13,1.69
2013.05.28 07:29:14.231,1.26449,1.26468,1.88,1.69
2013.05.28 07:29:24.217,1.26449,1.26468,1.88,1.69
2013.05.28 07:29:24.421,1.26447,1.26465,1.69,1.69
2013.05.28 07:29:24.482,1.26443,1.26462,4.32,2.25
2013.05.28 07:29:25.193,1.26445,1.26461,1.69,1.69
2013.05.28 07:29:26.823,1.26443,1.26461,3.38,1.69
2013.05.28 07:29:30.803,1.26444,1.26462,1.69,3.19
2013.05.28 07:29:31.132,1.26443,1.26461,3.19,1.69
2013.05.28 07:29:31.192,1.26443,1.2646,2.44,1.50
2013.05.28 07:29:31.252,1.26443,1.26457,1.50,1.69
2013.05.28 07:29:31.312,1.26438,1.26457,1.88,1.69
2013.05.28 07:29:31.372,1.26437,1.26457,1.32,1.69
2013.05.28 07:29:31.432,1.26441,1.26458,1.13,1.50
2013.05.28 07:29:31.493,1.26444,1.26461,1.88,1.69
2013.05.28 07:29:31.792,1.26444,1.26461,1.88,1.69
2013.05.28 07:29:33.882,1.26443,1.2646,2.44,1.69
2013.05.28 07:29:34.062,1.26433,1.26457,1.69,1.69
2013.05.28 07:29:34.122,1.26436,1.26457,1.32,1.50
2013.05.28 07:29:34.436,1.26444,1.26461,1.50,1.69
2013.05.28 07:29:34.752,1.26444,1.26462,1.50,1.69
2013.05.28 07:29:35.423,1.26444,1.26462,2.44,1.69
2013.05.28 07:29:38.240,1.26444,1.26462,2.44,1.69
2013.05.28 07:29:40.712,1.26444,1.26462,1.50,1.69
2013.05.28 07:29:43.493,1.26444,1.26462,2.44,1.69
2013.05.28 07:29:45.673,1.26442,1.26459,2.25,1.69
2013.05.28 07:29:45.734,1.26438,1.26457,1.50,1.69
2013.05.28 07:29:45.792,1.26434,1.26457,1.50,1.69
2013.05.28 07:29:45.853,1.26433,1.26457,1.69,1.69
2013.05.28 07:29:45.913,1.26435,1.26457,1.32,1.69
2013.05.28 07:29:46.379,1.26443,1.2646,1.13,1.69
2013.05.28 07:29:46.453,1.26444,1.26461,1.50,1.69
2013.05.28 07:29:48.527,1.26444,1.26461,1.50,1.69
2013.05.28 07:29:49.133,1.26444,1.26461,1.50,1.69
2013.05.28 07:29:50.137,1.26444,1.26461,1.50,1.69
2013.05.28 07:29:53.482,1.26444,1.26461,1.50,1.50
2013.05.28 07:29:54.463,1.26444,1.26462,1.50,1.50
2013.05.28 07:29:54.965,1.26444,1.26462,1.50,1.69
2013.05.28 07:29:57.026,1.26443,1.26462,1.88,1.50
2013.05.28 07:30:00.313,1.26443,1.26462,1.88,1.69
2013.05.28 07:30:01.523,1.26444,1.26462,1.50,3.19
2013.05.28 07:30:02.997,1.26444,1.26462,1.50,1.50
2013.05.28 07:30:04.420,1.26444,1.26462,1.50,3.19
2013.05.28 07:30:04.994,1.26444,1.26461,1.50,2.25
2013.05.28 07:30:05.503,1.26444,1.26461,1.50,2.44
2013.05.28 07:30:06.502,1.26442,1.26455,1.50,2.44
2013.05.28 07:30:07.287,1.26443,1.26461,1.50,1.50
2013.05.28 07:30:09.534,1.26443,1.26461,1.50,1.69
2013.05.28 07:30:11.445,1.26443,1.26461,1.50,1.69
2013.05.28 07:30:14.788,1.26433,1.26453,2.22,2.44
2013.05.28 07:30:14.854,1.2643,1.26453,1.32,2.44
2013.05.28 07:30:14.913,1.26427,1.2645,1.32,2.44
2013.05.28 07:30:15.224,1.26444,1.26462,1.50,1.69
2013.05.28 07:30:16.723,1.26444,1.26462,1.50,1.69
2013.05.28 07:30:18.806,1.26444,1.26462,1.50,1.50
2013.05.28 07:30:20.542,1.26441,1.26462,1.50,1.50
2013.05.28 07:30:20.883,1.26441,1.26453,1.50,2.25
2013.05.28 07:30:21.064,1.26424,1.26451,1.77,1.69
2013.05.28 07:30:21.182,1.26424,1.26449,1.77,2.44
2013.05.28 07:30:22.174,1.26423,1.26447,1.58,1.69
2013.05.28 07:30:22.382,1.26424,1.26445,1.02,1.69
2013.05.28 07:30:23.562,1.26423,1.26446,1.77,1.69
2013.05.28 07:30:24.473,1.26423,1.26445,1.77,1.32
2013.05.28 07:30:25.369,1.26424,1.26445,1.02,1.32
2013.05.28 07:30:26.695,1.26422,1.26445,1.02,2.82
2013.05.28 07:30:28.564,1.26421,1.26445,1.02,2.82
2013.05.28 07:30:29.508,1.2642,1.26444,1.77,2.25
2013.05.28 07:30:32.314,1.26422,1.26444,1.02,2.44
2013.05.28 07:30:33.852,1.26421,1.26443,1.02,2.44
2013.05.28 07:30:36.494,1.26418,1.26442,1.02,2.44
2013.05.28 07:30:38.397,1.26421,1.26443,1.02,2.44
2013.05.28 07:30:41.684,1.26422,1.26445,1.02,1.32
2013.05.28 07:30:42.812,1.26421,1.26444,1.02,2.25
2013.05.28 07:30:44.151,1.26421,1.26446,1.02,2.82
2013.05.28 07:30:44.947,1.26422,1.26444,1.02,2.44
2013.05.28 07:30:49.153,1.26418,1.26443,1.02,2.44
2013.05.28 07:30:51.494,1.2642,1.26442,1.02,2.44
2013.05.28 07:30:54.153,1.26419,1.26443,1.02,2.44
2013.05.28 07:30:57.645,1.26419,1.26441,1.02,2.44
2013.05.28 07:30:59.374,1.26418,1.26442,1.02,2.44
2013.05.28 07:31:00.899,1.26421,1.26443,1.02,2.44
2013.05.28 07:31:03.545,1.2642,1.26442,1.02,2.44
2013.05.28 07:31:05.302,1.26417,1.26441,1.02,2.44
2013.05.28 07:31:09.179,1.2642,1.26443,1.02,2.44
2013.05.28 07:31:10.596,1.26419,1.26442,1.02,2.25
2013.05.28 07:31:14.214,1.26421,1.26443,1.02,2.44
2013.05.28 07:31:17.066,1.26418,1.26442,1.02,2.44
2013.05.28 07:31:20.561,1.26417,1.26441,1.02,2.44
2013.05.28 07:31:22.652,1.26418,1.26443,1.02,2.44
2013.05.28 07:31:24.826,1.26419,1.26441,1.02,2.44
2013.05.28 07:31:25.133,1.26419,1.26441,1.39,2.44
2013.05.28 07:31:25.253,1.26428,1.26446,1.13,1.69
2013.05.28 07:31:25.372,1.26429,1.26447,1.50,2.44
2013.05.28 07:31:32.443,1.26429,1.26449,1.50,2.07
2013.05.28 07:31:33.673,1.26429,1.26448,1.50,2.44
2013.05.28 07:31:33.941,1.26429,1.26449,1.50,2.07
2013.05.28 07:31:37.585,1.26429,1.26449,1.50,3.57
2013.05.28 07:31:39.704,1.26429,1.26448,1.50,2.44
2013.05.28 07:31:40.223,1.26429,1.26448,1.50,2.44
2013.05.28 07:31:40.522,1.26429,1.26448,1.50,1.69
2013.05.28 07:31:41.725,1.26429,1.26448,1.50,1.69
2013.05.28 07:31:42.731,1.26425,1.26444,1.69,3.94
2013.05.28 07:31:44.767,1.26424,1.26442,2.52,1.50
2013.05.28 07:31:45.463,1.26424,1.26442,2.52,1.50
2013.05.28 07:31:49.582,1.26424,1.26442,2.52,1.69
2013.05.28 07:31:53.668,1.26424,1.26442,1.77,1.50
2013.05.28 07:31:55.235,1.26425,1.26442,1.69,1.69
2013.05.28 07:31:57.790,1.26426,1.26442,1.69,1.69
2013.05.28 07:31:59.008,1.26424,1.26443,1.58,1.69
2013.05.28 07:32:00.432,1.26425,1.26442,1.69,1.69
2013.05.28 07:32:01.777,1.26424,1.26442,1.69,1.69
2013.05.28 07:32:09.413,1.26424,1.26442,1.69,1.13
2013.05.28 07:32:12.605,1.26424,1.26442,1.50,2.07
2013.05.28 07:32:13.994,1.26424,1.26442,1.50,2.07
2013.05.28 07:32:15.643,1.26424,1.26442,1.69,2.07
2013.05.28 07:32:19.425,1.26424,1.26442,1.50,2.07
2013.05.28 07:32:22.187,1.26424,1.26442,1.88,2.07
2013.05.28 07:32:27.914,1.26424,1.26442,1.88,2.07
2013.05.28 07:32:27.972,1.26424,1.26442,1.88,2.07
2013.05.28 07:32:28.683,1.26425,1.26442,1.69,2.07
2013.05.28 07:32:29.319,1.26425,1.26442,1.69,1.32
2013.05.28 07:32:30.334,1.26424,1.26442,2.82,2.07
2013.05.28 07:32:31.844,1.26424,1.26442,2.82,1.88
2013.05.28 07:32:35.074,1.26425,1.26442,1.69,1.88
2013.05.28 07:32:38.236,1.26424,1.26442,2.14,1.88
2013.05.28 07:32:39.652,1.26418,1.26442,1.20,3.57
2013.05.28 07:32:39.772,1.26417,1.26441,1.58,3.19
2013.05.28 07:32:40.092,1.26414,1.26436,1.77,1.69
2013.05.28 07:32:41.745,1.26416,1.26436,1.02,1.69
2013.05.28 07:32:42.394,1.26414,1.26436,1.69,1.69
2013.05.28 07:32:42.512,1.26416,1.26432,1.02,1.32
2013.05.28 07:32:43.032,1.26414,1.26433,1.69,1.32
2013.05.28 07:32:44.763,1.26414,1.26432,1.69,1.32
2013.05.28 07:32:45.494,1.26406,1.26433,1.69,1.13
2013.05.28 07:32:46.794,1.26406,1.26435,1.69,2.44
2013.05.28 07:32:48.213,1.26411,1.26433,1.69,1.32
2013.05.28 07:32:48.393,1.26413,1.26437,1.69,3.19
2013.05.28 07:32:50.183,1.2642,1.26436,2.25,4.69
2013.05.28 07:32:50.362,1.2642,1.2644,2.25,3.19
2013.05.28 07:32:56.884,1.2642,1.26437,3.00,1.32
2013.05.28 07:32:57.962,1.2642,1.26437,3.00,1.32
2013.05.28 07:32:59.376,1.2642,1.26437,3.00,1.32
2013.05.28 07:33:00.785,1.2642,1.26437,2.25,1.32
2013.05.28 07:33:21.353,1.26421,1.26438,1.69,1.32
2013.05.28 07:33:21.917,1.26421,1.26437,1.50,1.32
2013.05.28 07:33:23.836,1.26421,1.26439,1.50,1.32
2013.05.28 07:33:24.841,1.26421,1.26437,2.44,1.32
2013.05.28 07:33:27.313,1.26422,1.26438,1.69,1.32
2013.05.28 07:33:33.405,1.26421,1.26437,1.69,1.32
2013.05.28 07:33:37.555,1.26422,1.2644,1.69,1.69
2013.05.28 07:33:39.356,1.26421,1.2644,1.69,1.69
2013.05.28 07:33:42.065,1.26421,1.2644,1.50,1.69
2013.05.28 07:33:50.687,1.26419,1.2644,1.69,1.69
2013.05.28 07:33:58.616,1.26419,1.2644,1.69,1.69
2013.05.28 07:34:15.723,1.26419,1.2644,2.82,1.69
2013.05.28 07:34:16.646,1.26419,1.2644,1.88,1.69
2013.05.28 07:34:18.002,1.26419,1.2644,1.88,1.69
2013.05.28 07:34:20.715,1.26419,1.2644,1.13,3.94
2013.05.28 07:34:26.362,1.26419,1.2644,1.13,3.00
2013.05.28 07:34:26.943,1.26413,1.26431,1.32,1.50
2013.05.28 07:34:27.003,1.26411,1.26428,2.07,1.50
2013.05.28 07:34:27.066,1.26407,1.26426,1.69,1.69
2013.05.28 07:34:28.786,1.26404,1.26426,1.69,1.69
2013.05.28 07:34:29.724,1.26404,1.26432,2.44,2.44
2013.05.28 07:34:31.383,1.26406,1.26433,2.44,2.44
2013.05.28 07:34:33.163,1.26403,1.26427,1.69,1.69
2013.05.28 07:34:34.586,1.26403,1.26426,1.69,1.32
2013.05.28 07:34:34.654,1.26408,1.26426,4.69,2.07
2013.05.28 07:34:34.715,1.2641,1.26426,1.50,4.69
2013.05.28 07:34:35.753,1.26411,1.2643,1.69,2.07
2013.05.28 07:34:36.959,1.26411,1.26428,1.50,1.32
2013.05.28 07:34:37.403,1.26411,1.26428,1.50,1.32
2013.05.28 07:34:37.589,1.26417,1.26434,3.00,1.69
2013.05.28 07:34:38.877,1.26417,1.26434,3.00,1.50
2013.05.28 07:34:41.000,1.26417,1.26432,3.19,1.13
2013.05.28 07:34:46.184,1.26411,1.26419,1.50,2.25
2013.05.28 07:34:46.243,1.26402,1.26419,1.69,2.25
2013.05.28 07:34:46.864,1.26402,1.26419,1.69,2.25
2013.05.28 07:34:48.984,1.26406,1.26422,1.50,3.57
2013.05.28 07:34:49.823,1.26405,1.26422,1.50,3.19
2013.05.28 07:34:50.373,1.26406,1.26422,1.50,2.25
2013.05.28 07:34:54.462,1.26407,1.26422,1.69,2.25
2013.05.28 07:34:55.131,1.26407,1.26419,1.69,2.25
2013.05.28 07:34:55.316,1.26402,1.26419,1.69,2.25
2013.05.28 07:34:55.654,1.26406,1.26419,1.32,2.25
2013.05.28 07:34:55.712,1.26413,1.26429,1.69,1.69
2013.05.28 07:34:55.773,1.26413,1.26432,1.69,1.69
2013.05.28 07:34:56.371,1.26414,1.26432,1.69,1.69
2013.05.28 07:34:58.465,1.2641,1.26429,1.69,1.69
2013.05.28 07:34:59.139,1.26411,1.26429,1.69,2.82
2013.05.28 07:35:03.065,1.26413,1.26429,3.19,1.13
2013.05.28 07:35:03.136,1.26415,1.26432,1.69,3.94
2013.05.28 07:35:03.432,1.26413,1.2643,3.19,1.13
2013.05.28 07:35:03.492,1.26411,1.26429,1.69,2.07
2013.05.28 07:35:04.034,1.26406,1.26429,2.44,1.69
2013.05.28 07:35:04.153,1.26403,1.26427,1.69,1.50
2013.05.28 07:35:06.043,1.26403,1.26426,1.69,1.32
2013.05.28 07:35:07.156,1.26403,1.26425,1.69,1.32
2013.05.28 07:35:07.983,1.26408,1.26428,2.44,1.32
2013.05.28 07:35:08.046,1.26408,1.2643,2.44,1.69
2013.05.28 07:35:09.370,1.26408,1.26435,1.69,2.44
2013.05.28 07:35:09.702,1.26403,1.26423,1.50,1.69
2013.05.28 07:35:09.944,1.264,1.26421,1.69,1.69
2013.05.28 07:35:10.003,1.26402,1.26429,2.25,1.69
2013.05.28 07:35:10.243,1.26403,1.26431,2.44,4.13
2013.05.28 07:35:12.124,1.26405,1.26433,2.44,2.44
2013.05.28 07:35:14.133,1.26403,1.26425,1.50,2.18
2013.05.28 07:35:14.493,1.26401,1.26421,2.44,2.44
2013.05.28 07:35:15.035,1.26401,1.26429,2.44,2.44
2013.05.28 07:35:15.094,1.26403,1.26433,2.44,2.44
2013.05.28 07:35:20.793,1.26406,1.26434,3.19,2.44
2013.05.28 07:35:24.272,1.26409,1.26435,2.44,2.44
2013.05.28 07:35:27.854,1.2641,1.26435,1.69,2.44
2013.05.28 07:35:28.164,1.26403,1.26426,3.94,1.69
2013.05.28 07:35:29.392,1.26403,1.26425,3.94,1.69
2013.05.28 07:35:30.822,1.26403,1.26425,3.94,2.07
2013.05.28 07:35:31.467,1.26403,1.26425,3.94,2.07
2013.05.28 07:35:33.894,1.26403,1.26423,3.94,1.32
2013.05.28 07:35:48.716,1.26403,1.26423,3.19,1.32
2013.05.28 07:35:52.422,1.26405,1.26423,1.69,1.32
2013.05.28 07:35:52.483,1.26407,1.2643,1.69,1.69
2013.05.28 07:35:52.614,1.26407,1.26435,1.50,2.44
2013.05.28 07:35:54.139,1.2641,1.26436,2.44,2.44
2013.05.28 07:36:00.902,1.26411,1.26435,1.69,2.44
2013.05.28 07:36:03.332,1.26411,1.26436,1.69,2.44
2013.05.28 07:36:07.763,1.26411,1.26434,1.69,2.44
2013.05.28 07:36:08.843,1.26409,1.26435,1.69,2.44
2013.05.28 07:36:09.923,1.2641,1.26436,1.69,2.44
2013.05.28 07:36:11.144,1.26411,1.26436,1.69,2.44
2013.05.28 07:36:12.474,1.26411,1.26435,1.69,2.44
2013.05.28 07:36:15.883,1.26411,1.26437,1.69,2.44
2013.05.28 07:36:18.202,1.26411,1.26435,1.69,2.25
2013.05.28 07:36:19.343,1.26411,1.26434,1.69,2.44
2013.05.28 07:36:20.222,1.2641,1.26435,1.69,2.44
2013.05.28 07:36:20.523,1.26407,1.26429,3.19,2.44
2013.05.28 07:36:20.643,1.26402,1.26426,4.69,1.69
2013.05.28 07:36:21.202,1.2641,1.26429,2.25,2.44
2013.05.28 07:36:29.269,1.2641,1.26428,3.19,1.32
2013.05.28 07:36:33.695,1.2641,1.26428,3.94,1.32
2013.05.28 07:36:34.696,1.2641,1.26428,3.19,1.32
2013.05.28 07:36:37.013,1.2641,1.26428,3.00,1.32
2013.05.28 07:36:39.233,1.2641,1.26428,3.19,1.32
2013.05.28 07:36:40.504,1.2641,1.26428,3.00,1.32
2013.05.28 07:36:41.042,1.2641,1.26425,3.00,1.32
2013.05.28 07:36:41.343,1.26405,1.26419,2.25,1.88
2013.05.28 07:36:41.464,1.26408,1.26427,3.00,2.44
2013.05.28 07:36:41.523,1.26411,1.26428,2.25,2.44
2013.05.28 07:36:42.534,1.26411,1.26424,2.25,1.32
2013.05.28 07:36:42.664,1.26403,1.26415,1.69,1.50
2013.05.28 07:36:42.783,1.26398,1.26416,1.69,1.88
2013.05.28 07:36:42.844,1.26398,1.26416,1.69,2.63
2013.05.28 07:36:43.221,1.26397,1.26414,1.69,2.44
2013.05.28 07:36:45.455,1.26396,1.26414,3.94,3.19
2013.05.28 07:36:48.324,1.26396,1.26414,3.94,3.38
2013.05.28 07:36:49.313,1.26396,1.26413,3.19,1.50
2013.05.28 07:36:51.118,1.26396,1.26413,3.94,1.69
2013.05.28 07:36:55.993,1.26396,1.26413,3.19,1.69
2013.05.28 07:36:57.286,1.26396,1.26413,3.00,1.69
2013.05.28 07:36:58.422,1.26396,1.26413,3.19,1.50
2013.05.28 07:37:00.494,1.26396,1.26413,3.19,1.50
2013.05.28 07:37:01.514,1.26396,1.26413,3.00,1.50
2013.05.28 07:37:03.323,1.26396,1.26413,3.19,1.50
2013.05.28 07:37:04.418,1.26396,1.26413,3.19,1.69
2013.05.28 07:37:07.986,1.26396,1.26413,3.00,1.69
2013.05.28 07:37:12.625,1.26396,1.26414,3.94,3.57
2013.05.28 07:37:15.544,1.26396,1.26413,3.75,1.32
2013.05.28 07:37:17.168,1.26396,1.26413,4.69,2.07
2013.05.28 07:37:19.384,1.26397,1.26413,1.69,1.13
2013.05.28 07:37:21.304,1.26396,1.26413,3.19,2.07
2013.05.28 07:37:24.632,1.26396,1.26413,2.44,2.07
2013.05.28 07:37:33.786,1.26396,1.26414,2.44,3.00
2013.05.28 07:37:38.423,1.26396,1.26413,3.19,1.69
2013.05.28 07:37:39.427,1.26396,1.26413,3.19,1.69
2013.05.28 07:37:40.923,1.2639,1.26404,9.94,2.25
2013.05.28 07:37:40.984,1.26389,1.26404,1.69,2.25
2013.05.28 07:37:41.103,1.26387,1.26404,1.69,2.25
2013.05.28 07:37:41.722,1.26386,1.26404,4.69,3.00
2013.05.28 07:37:43.273,1.26387,1.26404,2.44,2.44
2013.05.28 07:37:46.483,1.26387,1.26403,2.44,1.69
2013.05.28 07:37:48.174,1.26387,1.26403,2.25,1.69
2013.05.28 07:37:48.934,1.26381,1.264,2.44,3.94
2013.05.28 07:37:50.382,1.26381,1.26399,2.44,2.44
2013.05.28 07:37:51.598,1.26381,1.26399,2.44,2.82
2013.05.28 07:37:52.862,1.26381,1.26399,1.69,2.82
2013.05.28 07:37:54.116,1.26381,1.26399,1.69,2.82
2013.05.28 07:37:54.723,1.26381,1.26399,2.44,2.07
2013.05.28 07:37:55.963,1.26381,1.26399,3.19,1.13
2013.05.28 07:37:56.504,1.26382,1.26407,1.69,2.82
2013.05.28 07:37:57.364,1.26384,1.26407,1.69,1.32
2013.05.28 07:37:58.347,1.26385,1.26403,1.69,1.32
2013.05.28 07:38:02.278,1.26385,1.26403,1.69,1.32
2013.05.28 07:38:04.253,1.26385,1.26403,1.69,1.32
2013.05.28 07:38:12.083,1.26385,1.26403,1.69,1.32
2013.05.28 07:38:16.145,1.26385,1.26399,1.69,2.25
2013.05.28 07:38:19.234,1.26381,1.26398,3.94,1.32
2013.05.28 07:38:20.434,1.26382,1.26398,1.50,2.07
2013.05.28 07:38:23.439,1.26382,1.26398,1.69,1.32
2013.05.28 07:38:25.984,1.26383,1.26407,1.69,3.19
2013.05.28 07:38:26.924,1.26382,1.26402,1.69,3.19
2013.05.28 07:38:26.985,1.26382,1.264,1.69,1.69
2013.05.28 07:38:27.545,1.26382,1.26399,1.69,1.32
2013.05.28 07:38:28.964,1.26382,1.26399,1.69,1.32
2013.05.28 07:38:32.414,1.26382,1.264,1.69,2.07
2013.05.28 07:38:32.594,1.26383,1.26403,1.69,4.69
2013.05.28 07:38:35.716,1.26385,1.26404,1.69,1.32
2013.05.28 07:38:38.223,1.26384,1.26404,1.69,1.32
2013.05.28 07:38:40.866,1.26385,1.26404,1.69,1.32
2013.05.28 07:38:41.434,1.26385,1.264,1.69,2.25
2013.05.28 07:38:41.613,1.26381,1.264,2.44,3.19
2013.05.28 07:38:43.812,1.26381,1.26399,2.44,2.07
2013.05.28 07:38:45.454,1.26381,1.26399,2.44,2.07
2013.05.28 07:38:47.673,1.26381,1.26399,2.44,2.07
2013.05.28 07:38:49.489,1.26381,1.26399,1.69,2.07
2013.05.28 07:38:52.624,1.2638,1.26398,2.44,1.69
2013.05.28 07:38:53.488,1.26379,1.26396,2.82,2.44
2013.05.28 07:38:54.253,1.26379,1.26396,1.88,2.44
2013.05.28 07:38:57.613,1.26379,1.26395,2.44,1.69
2013.05.28 07:38:59.044,1.26379,1.26395,1.50,1.69
2013.05.28 07:39:00.901,1.26379,1.26395,1.69,1.69
2013.05.28 07:39:05.270,1.26379,1.26395,1.69,1.69
2013.05.28 07:39:05.777,1.26378,1.26394,1.69,1.69
2013.05.28 07:39:06.294,1.26378,1.26397,2.82,3.19
2013.05.28 07:39:06.475,1.26376,1.26394,1.69,1.69
2013.05.28 07:39:07.573,1.26375,1.26392,1.50,1.69
2013.05.28 07:39:08.574,1.26375,1.26392,1.50,1.69
2013.05.28 07:39:08.958,1.26373,1.26392,3.94,2.44
2013.05.28 07:39:09.026,1.26371,1.26381,1.69,1.50
2013.05.28 07:39:09.083,1.2636,1.26381,2.44,1.50
2013.05.28 07:39:09.203,1.26374,1.26381,1.13,1.50
2013.05.28 07:39:09.263,1.26374,1.26388,1.32,2.44
2013.05.28 07:39:09.974,1.26374,1.26388,1.32,2.44
2013.05.28 07:39:15.243,1.26374,1.26387,1.13,1.69
2013.05.28 07:39:17.924,1.26372,1.26387,3.00,1.69
2013.05.28 07:39:17.985,1.26363,1.26385,4.69,1.69
2013.05.28 07:39:18.103,1.26363,1.26384,3.94,1.69
2013.05.28 07:39:19.322,1.26363,1.26384,3.94,2.25
2013.05.28 07:39:19.672,1.26363,1.26383,3.94,1.69
2013.05.28 07:39:23.735,1.26363,1.26384,3.94,2.82
2013.05.28 07:39:25.543,1.26362,1.26384,3.94,2.82
2013.05.28 07:39:28.166,1.2636,1.26384,1.69,2.82
2013.05.28 07:39:28.363,1.26372,1.26384,7.26,2.82
2013.05.28 07:39:28.423,1.26375,1.26388,1.05,1.13
2013.05.28 07:39:28.547,1.26378,1.26395,1.50,1.50
2013.05.28 07:39:28.613,1.2638,1.26395,3.00,1.50
2013.05.28 07:39:28.673,1.2638,1.26397,3.00,1.69
2013.05.28 07:39:28.734,1.26372,1.26399,2.44,1.69
2013.05.28 07:39:28.854,1.26372,1.26397,2.44,1.32
2013.05.28 07:39:29.157,1.26371,1.2639,1.69,3.75
2013.05.28 07:39:29.306,1.26369,1.2639,2.44,3.75
2013.05.28 07:39:29.943,1.26365,1.26386,4.69,1.50
2013.05.28 07:39:30.063,1.26364,1.26387,3.19,1.69
2013.05.28 07:39:30.694,1.26364,1.26386,1.69,1.50
2013.05.28 07:39:31.999,1.26364,1.26386,1.69,2.07
2013.05.28 07:39:38.253,1.26367,1.26386,3.94,1.69
2013.05.28 07:39:38.314,1.26368,1.26387,1.69,2.82
2013.05.28 07:39:38.863,1.2637,1.26387,3.00,1.69
2013.05.28 07:39:39.375,1.26364,1.26386,1.69,2.44
2013.05.28 07:39:39.913,1.2637,1.26387,3.75,1.69
2013.05.28 07:39:40.473,1.26363,1.26386,1.69,1.69
2013.05.28 07:39:41.673,1.26368,1.26386,1.88,1.69
2013.05.28 07:39:41.734,1.26374,1.26389,1.50,1.69
2013.05.28 07:39:42.429,1.26374,1.26393,1.69,1.69
2013.05.28 07:39:42.961,1.26374,1.26393,1.69,1.69
2013.05.28 07:39:43.215,1.2637,1.2639,1.69,2.25
2013.05.28 07:39:44.204,1.26369,1.2639,2.44,3.94
2013.05.28 07:39:44.474,1.2637,1.26391,1.69,3.94
2013.05.28 07:39:44.603,1.2637,1.26391,1.69,1.69
2013.05.28 07:39:44.784,1.26372,1.26399,2.44,3.19
2013.05.28 07:39:47.281,1.26375,1.26403,2.44,2.44
2013.05.28 07:39:49.511,1.26374,1.26403,2.25,2.44
2013.05.28 07:39:49.635,1.26373,1.26396,2.44,1.50
2013.05.28 07:39:51.717,1.26374,1.26396,1.69,3.75
2013.05.28 07:39:53.865,1.26371,1.26396,1.69,1.69
2013.05.28 07:39:54.045,1.26373,1.26396,1.69,1.50
2013.05.28 07:39:57.355,1.26373,1.26396,1.69,1.50
2013.05.28 07:39:59.726,1.26373,1.26396,1.69,3.00
2013.05.28 07:40:00.107,1.2637,1.26391,1.69,4.13
2013.05.28 07:40:00.774,1.2637,1.26388,1.69,1.50
2013.05.28 07:40:01.908,1.2637,1.26388,1.69,1.50
2013.05.28 07:40:04.355,1.26369,1.26387,1.69,1.69
2013.05.28 07:40:05.371,1.26369,1.26387,1.69,1.50
2013.05.28 07:40:06.217,1.26369,1.26387,1.69,1.50
2013.05.28 07:40:06.756,1.26369,1.26388,2.44,2.44
2013.05.28 07:40:07.544,1.26369,1.26387,1.50,1.50
2013.05.28 07:40:08.634,1.26369,1.26387,2.25,1.69
2013.05.28 07:40:10.737,1.26369,1.26387,1.69,1.69
2013.05.28 07:40:11.303,1.26369,1.26387,1.69,1.69
2013.05.28 07:40:12.492,1.2637,1.26388,1.69,2.44
2013.05.28 07:40:14.044,1.26369,1.26388,2.44,2.44
2013.05.28 07:40:14.767,1.26365,1.26382,3.19,1.50
2013.05.28 07:40:15.504,1.26365,1.26382,3.94,1.50
2013.05.28 07:40:18.624,1.26365,1.26382,3.94,2.44
2013.05.28 07:40:20.423,1.26365,1.26378,2.25,3.00
2013.05.28 07:40:20.483,1.26359,1.26378,1.62,3.75
2013.05.28 07:40:20.664,1.26358,1.26379,2.44,1.69
2013.05.28 07:40:20.725,1.26359,1.2638,1.69,1.69
2013.05.28 07:40:21.275,1.26359,1.26377,1.69,1.69
2013.05.28 07:40:22.024,1.26359,1.26378,2.44,1.69
2013.05.28 07:40:22.948,1.26359,1.26376,1.69,1.69
2013.05.28 07:40:23.669,1.26359,1.26377,3.19,1.69
2013.05.28 07:40:24.922,1.2636,1.26377,1.69,1.69
2013.05.28 07:40:26.648,1.2636,1.26378,1.69,1.69
2013.05.28 07:40:32.388,1.26361,1.26378,1.69,1.69
2013.05.28 07:40:37.124,1.2636,1.26378,1.69,1.69
2013.05.28 07:40:42.383,1.26361,1.26379,1.69,1.69
2013.05.28 07:40:43.788,1.26359,1.26378,3.19,1.69
2013.05.28 07:40:45.005,1.26359,1.2638,3.94,2.44
2013.05.28 07:40:47.758,1.2636,1.26378,1.69,1.69
2013.05.28 07:40:49.483,1.26359,1.2638,3.94,2.44
2013.05.28 07:40:50.703,1.2636,1.26378,1.69,1.69
2013.05.28 07:40:56.386,1.26359,1.26378,3.19,1.69
2013.05.28 07:40:56.924,1.26359,1.26378,3.19,1.69
2013.05.28 07:40:58.806,1.26359,1.26378,3.94,1.69
2013.05.28 07:41:01.669,1.26354,1.26371,1.13,1.50
2013.05.28 07:41:01.735,1.2635,1.26367,1.69,1.50
2013.05.28 07:41:02.635,1.26347,1.26367,3.19,1.50
2013.05.28 07:41:02.793,1.26347,1.26367,1.69,1.50
2013.05.28 07:41:04.845,1.26347,1.26367,1.69,2.44
2013.05.28 07:41:05.903,1.26349,1.2637,1.69,1.69
2013.05.28 07:41:05.963,1.26352,1.26376,1.69,3.19
2013.05.28 07:41:07.759,1.26353,1.26377,1.69,3.94
2013.05.28 07:41:10.444,1.26353,1.26377,1.69,2.82
2013.05.28 07:41:18.256,1.26353,1.26377,1.69,4.32
2013.05.28 07:41:20.914,1.26353,1.2637,1.69,2.44
2013.05.28 07:41:23.474,1.26351,1.26369,1.69,1.69
2013.05.28 07:41:24.823,1.26351,1.2637,1.50,3.19
2013.05.28 07:41:25.788,1.26351,1.26369,1.69,1.69
2013.05.28 07:41:29.325,1.26351,1.26369,1.69,1.69
2013.05.28 07:41:33.413,1.26351,1.26369,3.19,1.69
2013.05.28 07:41:33.473,1.26353,1.26372,2.44,3.94
2013.05.28 07:41:33.663,1.26353,1.26371,1.69,2.44
2013.05.28 07:41:33.843,1.26351,1.26369,1.69,1.50
2013.05.28 07:41:34.696,1.26351,1.26369,1.69,1.69
2013.05.28 07:41:35.504,1.26354,1.26371,1.69,2.44
2013.05.28 07:41:36.317,1.26354,1.26371,1.50,1.50
2013.05.28 07:41:36.626,1.26354,1.26371,1.50,1.50
2013.05.28 07:41:37.183,1.26354,1.26371,1.50,1.50
2013.05.28 07:41:37.953,1.26353,1.26369,1.69,2.25
2013.05.28 07:41:41.475,1.26352,1.26369,1.69,3.19
2013.05.28 07:41:43.694,1.26352,1.26369,1.50,2.44
2013.05.28 07:41:43.900,1.26351,1.26368,2.25,1.50
2013.05.28 07:41:44.704,1.26343,1.26354,1.13,8.63
2013.05.28 07:41:44.773,1.2634,1.2635,3.75,2.25
2013.05.28 07:41:44.834,1.26333,1.2635,1.69,2.25
2013.05.28 07:41:44.893,1.26333,1.26351,3.19,1.50
2013.05.28 07:41:45.444,1.2634,1.26358,1.69,1.69
2013.05.28 07:41:45.564,1.26342,1.26366,1.50,5.44
2013.05.28 07:41:46.784,1.26341,1.26367,3.19,5.82
2013.05.28 07:41:47.113,1.26336,1.26364,3.19,2.44
2013.05.28 07:41:49.765,1.2634,1.2636,1.69,1.69
2013.05.28 07:41:52.714,1.26344,1.26362,1.69,1.32
2013.05.28 07:41:53.294,1.2634,1.2636,3.19,2.44
2013.05.28 07:41:55.005,1.26343,1.26365,1.69,2.44
2013.05.28 07:41:58.861,1.2634,1.2636,1.69,2.44
2013.05.28 07:42:05.324,1.2634,1.2636,1.69,2.44
2013.05.28 07:42:06.613,1.2634,1.2636,1.69,1.50
2013.05.28 07:42:06.765,1.26343,1.26362,1.69,3.94
2013.05.28 07:42:07.264,1.26343,1.2636,1.69,1.50
2013.05.28 07:42:09.646,1.26339,1.2636,1.69,3.19
2013.05.28 07:42:10.653,1.26343,1.26361,1.50,3.57
2013.05.28 07:42:11.783,1.26342,1.26366,1.69,1.69
2013.05.28 07:42:12.425,1.26344,1.26367,1.69,1.32
2013.05.28 07:42:12.604,1.26348,1.26368,1.50,1.69
2013.05.28 07:42:12.664,1.26346,1.26362,2.44,2.25
2013.05.28 07:42:13.659,1.26346,1.26362,1.69,2.25
2013.05.28 07:42:14.514,1.26343,1.26361,3.94,1.69
2013.05.28 07:42:14.694,1.26343,1.26361,3.19,2.44
2013.05.28 07:42:14.753,1.26341,1.26359,3.19,3.00
2013.05.28 07:42:15.934,1.26341,1.26358,2.44,1.50
2013.05.28 07:42:16.563,1.26342,1.26358,1.32,1.50
2013.05.28 07:42:16.755,1.26346,1.26363,1.50,2.25
2013.05.28 07:42:17.268,1.26346,1.26363,1.50,1.50
2013.05.28 07:42:18.975,1.26346,1.26363,1.50,1.50
2013.05.28 07:42:26.803,1.26346,1.26364,1.50,3.19
2013.05.28 07:42:28.063,1.26346,1.26364,1.50,3.00
2013.05.28 07:42:29.129,1.26346,1.26364,1.50,3.00
2013.05.28 07:42:32.703,1.26346,1.26364,1.50,2.44
2013.05.28 07:42:35.225,1.26346,1.26364,1.50,2.44
2013.05.28 07:42:41.013,1.26346,1.26364,1.50,2.25
2013.05.28 07:42:41.878,1.26346,1.26364,1.50,2.44
2013.05.28 07:42:42.397,1.26347,1.26364,1.13,2.44
2013.05.28 07:42:42.703,1.26348,1.26369,1.88,2.44
2013.05.28 07:42:43.614,1.26348,1.26367,1.88,1.69
2013.05.28 07:42:44.144,1.26348,1.26368,2.63,1.69
2013.05.28 07:42:44.676,1.26348,1.26369,2.63,1.69
2013.05.28 07:42:44.894,1.26348,1.26367,1.50,1.69
2013.05.28 07:42:45.013,1.26346,1.26364,2.25,1.50
2013.05.28 07:42:47.204,1.26345,1.26356,2.25,3.94
2013.05.28 07:42:47.263,1.2634,1.26356,1.88,3.94
2013.05.28 07:42:47.336,1.26337,1.26354,3.19,1.69
2013.05.28 07:42:49.218,1.26337,1.26355,2.44,1.69
2013.05.28 07:42:50.683,1.26337,1.26354,2.44,1.69
2013.05.28 07:42:52.640,1.26337,1.26356,1.69,1.88
2013.05.28 07:42:52.704,1.26338,1.26356,1.69,1.13
2013.05.28 07:42:52.766,1.26339,1.26357,1.69,1.50
2013.05.28 07:42:53.208,1.26342,1.26365,1.69,1.69
2013.05.28 07:42:53.904,1.26342,1.26363,1.69,2.25
2013.05.28 07:42:54.974,1.26341,1.2636,1.69,1.88
2013.05.28 07:42:55.134,1.26341,1.26359,1.69,1.13
2013.05.28 07:42:55.564,1.26338,1.26354,3.19,1.13
2013.05.28 07:42:56.139,1.26338,1.26353,2.44,1.13
2013.05.28 07:42:57.205,1.26338,1.26353,2.44,1.13
2013.05.28 07:42:57.608,1.26338,1.26354,2.44,1.88
2013.05.28 07:43:01.636,1.26338,1.26353,2.44,1.32
2013.05.28 07:43:03.634,1.26339,1.26354,1.13,1.13
2013.05.28 07:43:03.693,1.26342,1.26357,1.88,1.50
2013.05.28 07:43:03.754,1.26342,1.26361,2.82,1.50
2013.05.28 07:43:03.933,1.26342,1.26362,2.82,1.50
2013.05.28 07:43:04.644,1.26342,1.26362,2.82,1.50
2013.05.28 07:43:05.935,1.26342,1.2636,3.57,1.13
2013.05.28 07:43:06.341,1.26342,1.26358,3.57,1.13
2013.05.28 07:43:07.604,1.26341,1.26358,2.44,1.32
2013.05.28 07:43:08.535,1.26341,1.26358,1.69,1.47
2013.05.28 07:43:09.084,1.26338,1.26354,1.69,1.28
2013.05.28 07:43:09.523,1.26338,1.26354,1.69,1.28
2013.05.28 07:43:09.937,1.26338,1.26354,1.69,1.28
2013.05.28 07:43:10.986,1.26337,1.26354,3.94,1.13
2013.05.28 07:43:17.488,1.26337,1.26349,3.00,3.75
2013.05.28 07:43:25.810,1.26338,1.26349,1.69,3.75
2013.05.28 07:43:29.155,1.26338,1.26349,1.69,3.75
2013.05.28 07:43:29.215,1.26343,1.26355,2.25,4.05
2013.05.28 07:43:29.336,1.26343,1.2636,2.25,1.24
2013.05.28 07:43:29.396,1.26343,1.26361,2.25,1.69
2013.05.28 07:43:29.617,1.26343,1.26361,2.25,1.69
2013.05.28 07:43:31.963,1.26342,1.26358,1.50,2.07
2013.05.28 07:43:32.024,1.26342,1.26358,1.69,2.18
2013.05.28 07:43:35.664,1.26342,1.26357,1.69,1.13
2013.05.28 07:43:35.723,1.26342,1.26362,3.19,1.69
2013.05.28 07:43:36.023,1.26345,1.26362,1.69,2.44
2013.05.28 07:43:36.764,1.26345,1.26361,1.69,1.32
2013.05.28 07:43:37.406,1.26345,1.26361,1.69,1.32
2013.05.28 07:43:37.966,1.26346,1.26362,1.69,1.69
2013.05.28 07:43:39.294,1.26346,1.26362,1.69,2.07
2013.05.28 07:43:42.594,1.26345,1.26362,1.69,2.07
2013.05.28 07:43:43.485,1.26349,1.26366,1.50,1.50
2013.05.28 07:43:43.545,1.26352,1.26366,1.69,1.50
2013.05.28 07:43:43.604,1.26352,1.2637,2.44,3.19
2013.05.28 07:43:43.724,1.26353,1.2637,1.69,2.44
2013.05.28 07:43:44.614,1.26353,1.2637,1.69,1.69
2013.05.28 07:43:45.175,1.26353,1.2637,2.44,1.32
2013.05.28 07:43:49.378,1.26353,1.2637,2.44,1.32
2013.05.28 07:43:49.913,1.26353,1.2637,2.44,1.32
2013.05.28 07:43:49.974,1.2635,1.26366,1.69,3.00
2013.05.28 07:43:50.213,1.26344,1.26366,2.44,4.50
2013.05.28 07:43:51.094,1.26344,1.26366,2.44,4.88
2013.05.28 07:43:51.927,1.26344,1.26364,2.44,1.13
2013.05.28 07:43:52.493,1.26344,1.26365,2.44,1.32
2013.05.28 07:43:53.064,1.26344,1.26365,2.44,1.32
2013.05.28 07:43:55.045,1.26344,1.26365,2.44,1.32
2013.05.28 07:44:02.203,1.26344,1.26362,2.44,1.32
2013.05.28 07:44:03.615,1.26346,1.26362,1.32,1.32
2013.05.28 07:44:03.736,1.26348,1.26366,2.63,1.69
2013.05.28 07:44:05.145,1.26349,1.26368,2.25,2.44
2013.05.28 07:44:05.454,1.26349,1.26367,2.25,1.32
2013.05.28 07:44:06.155,1.26349,1.26366,2.44,1.32
2013.05.28 07:44:06.944,1.26349,1.26365,1.50,1.32
2013.05.28 07:44:08.543,1.26345,1.26365,1.50,1.13
2013.05.28 07:44:09.198,1.26345,1.26365,1.50,1.13
2013.05.28 07:44:09.721,1.26345,1.26365,1.69,2.07
2013.05.28 07:44:10.104,1.26345,1.26365,1.69,2.07
2013.05.28 07:44:11.215,1.26345,1.26364,1.69,1.32
2013.05.28 07:44:12.385,1.26345,1.26363,1.69,1.32
2013.05.28 07:44:19.545,1.26345,1.26365,2.07,1.69
2013.05.28 07:44:19.865,1.26345,1.26361,1.69,1.32
2013.05.28 07:44:20.397,1.26345,1.26365,2.07,1.69
2013.05.28 07:44:22.888,1.26345,1.26365,2.07,1.69
2013.05.28 07:44:27.229,1.26346,1.26365,1.32,1.69
2013.05.28 07:44:27.413,1.26348,1.26365,1.13,1.69
2013.05.28 07:44:28.025,1.26349,1.26368,3.19,2.44
2013.05.28 07:44:29.075,1.2635,1.26368,1.69,2.44
2013.05.28 07:44:30.626,1.2635,1.26368,2.07,1.69
2013.05.28 07:44:30.813,1.26351,1.2637,3.00,1.69
2013.05.28 07:44:32.295,1.26352,1.2637,1.69,2.44
2013.05.28 07:44:35.836,1.26351,1.26369,2.44,2.44
2013.05.28 07:44:35.904,1.26351,1.26369,1.69,2.44
2013.05.28 07:44:47.953,1.26351,1.26367,1.69,1.69
2013.05.28 07:44:50.864,1.26349,1.26367,2.44,1.69
2013.05.28 07:44:57.253,1.26351,1.26368,1.69,1.69
2013.05.28 07:45:01.744,1.26351,1.26369,1.69,2.25
2013.05.28 07:45:02.552,1.2635,1.26369,2.07,2.25
2013.05.28 07:45:02.794,1.26351,1.26368,1.69,1.69
2013.05.28 07:45:04.874,1.26351,1.26369,2.44,1.69
2013.05.28 07:45:09.610,1.26353,1.26369,1.69,1.69
2013.05.28 07:45:12.935,1.26354,1.2637,1.69,2.44
2013.05.28 07:45:27.702,1.26353,1.26371,1.69,4.69
2013.05.28 07:45:28.425,1.26353,1.26371,1.69,4.69
2013.05.28 07:45:29.683,1.26353,1.26371,1.69,4.69
2013.05.28 07:45:32.904,1.26356,1.26372,1.50,3.57
2013.05.28 07:45:33.471,1.26356,1.26372,1.50,2.44
2013.05.28 07:45:34.265,1.26356,1.26372,1.69,2.25
2013.05.28 07:45:36.796,1.26356,1.26372,1.50,2.44
2013.05.28 07:45:37.709,1.26358,1.26374,3.00,1.69
2013.05.28 07:45:38.049,1.26359,1.26378,2.25,3.19
2013.05.28 07:45:38.193,1.2636,1.26378,1.50,3.19
2013.05.28 07:45:38.793,1.26361,1.26378,1.50,1.69
2013.05.28 07:45:39.639,1.26362,1.2638,1.50,3.94
2013.05.28 07:45:41.584,1.26362,1.2638,1.50,3.19
2013.05.28 07:45:49.379,1.26362,1.2638,1.50,3.94
2013.05.28 07:45:52.446,1.26362,1.2638,1.69,3.94
2013.05.28 07:45:57.077,1.26362,1.2638,1.50,3.94
2013.05.28 07:45:59.694,1.26362,1.2638,1.69,3.94
2013.05.28 07:46:05.024,1.26361,1.26379,1.69,1.69
2013.05.28 07:46:07.652,1.26362,1.2638,1.50,3.19
2013.05.28 07:46:09.416,1.26362,1.2638,1.50,3.19
2013.05.28 07:46:11.395,1.26362,1.2638,1.50,3.19
2013.05.28 07:46:12.486,1.26362,1.2638,1.69,3.19
2013.05.28 07:46:14.423,1.26362,1.2638,1.50,3.19
2013.05.28 07:46:17.094,1.2636,1.26379,1.50,1.69
2013.05.28 07:46:23.356,1.26362,1.2638,1.50,3.94
2013.05.28 07:46:23.484,1.26362,1.2638,1.69,2.25
2013.05.28 07:46:37.837,1.26362,1.2638,1.69,1.69
2013.05.28 07:46:48.034,1.26362,1.26381,1.69,1.69
2013.05.28 07:46:49.457,1.26367,1.26381,1.13,1.69
2013.05.28 07:46:49.525,1.26369,1.26388,1.50,2.44
2013.05.28 07:46:49.594,1.26369,1.26388,2.25,2.44
2013.05.28 07:46:49.655,1.26369,1.26388,3.19,1.69
2013.05.28 07:46:50.303,1.2637,1.26389,2.44,2.44
2013.05.28 07:46:50.863,1.2637,1.26389,2.25,1.69
2013.05.28 07:46:53.176,1.2637,1.26389,3.19,1.50
2013.05.28 07:46:54.334,1.2637,1.26389,2.25,1.69
2013.05.28 07:46:55.047,1.26371,1.26388,1.50,1.50
2013.05.28 07:46:57.664,1.26371,1.26386,1.50,2.25
2013.05.28 07:46:57.724,1.26369,1.26386,1.69,2.25
2013.05.28 07:46:58.264,1.26368,1.26388,1.50,1.69
2013.05.28 07:46:59.535,1.26367,1.26386,1.13,1.69
2013.05.28 07:47:02.456,1.2637,1.26388,2.82,2.44
2013.05.28 07:47:03.123,1.2637,1.26388,2.82,2.44
2013.05.28 07:47:03.363,1.26372,1.26392,3.19,1.69
2013.05.28 07:47:03.708,1.26373,1.26392,1.50,2.44
2013.05.28 07:47:05.487,1.26373,1.26392,1.13,2.44
2013.05.28 07:47:14.713,1.26377,1.26392,1.69,1.69
2013.05.28 07:47:20.794,1.26377,1.26393,1.69,3.94
2013.05.28 07:47:27.964,1.26378,1.26393,1.32,3.00
2013.05.28 07:47:28.269,1.26378,1.26397,1.88,1.69
2013.05.28 07:47:28.335,1.26378,1.26399,1.88,2.44
2013.05.28 07:47:28.635,1.26381,1.26401,3.19,3.19
2013.05.28 07:47:29.356,1.26382,1.26401,3.00,2.44
2013.05.28 07:47:31.242,1.26384,1.26401,2.82,2.44
2013.05.28 07:47:32.264,1.26384,1.26401,2.82,1.50
2013.05.28 07:47:32.856,1.26384,1.26401,2.82,1.50
2013.05.28 07:47:34.534,1.26384,1.26401,2.82,1.50
2013.05.28 07:47:35.378,1.26384,1.26401,2.07,1.88
2013.05.28 07:47:35.504,1.26383,1.264,1.69,3.19
2013.05.28 07:47:35.745,1.26384,1.26402,1.88,2.25
2013.05.28 07:47:36.055,1.26387,1.26404,1.69,1.69
2013.05.28 07:47:36.364,1.26387,1.26409,2.25,1.69
2013.05.28 07:47:37.106,1.26387,1.26409,1.50,2.44
2013.05.28 07:47:38.614,1.26391,1.26409,1.69,2.44
2013.05.28 07:47:39.763,1.26392,1.26409,1.69,1.69
2013.05.28 07:47:41.726,1.26388,1.26408,1.69,1.69
2013.05.28 07:47:42.349,1.26385,1.26406,1.69,1.50
2013.05.28 07:47:43.626,1.26385,1.26405,1.69,1.69
2013.05.28 07:47:44.626,1.26385,1.26405,1.69,1.69
2013.05.28 07:48:06.153,1.26385,1.26405,1.69,1.69
2013.05.28 07:48:12.937,1.26385,1.26405,2.44,1.69
2013.05.28 07:48:14.737,1.26386,1.26405,2.25,1.69
2013.05.28 07:48:14.854,1.26387,1.26408,2.63,2.44
2013.05.28 07:48:15.385,1.26389,1.26409,1.50,1.69
2013.05.28 07:48:15.915,1.26389,1.26409,2.44,1.69
2013.05.28 07:48:15.979,1.26388,1.26409,1.50,1.69
2013.05.28 07:48:33.118,1.2639,1.26408,2.07,1.69
2013.05.28 07:48:33.193,1.26388,1.26409,1.50,1.69
2013.05.28 07:48:33.856,1.26387,1.2641,2.25,3.19
2013.05.28 07:48:37.296,1.26392,1.26409,1.69,1.69
2013.05.28 07:48:41.444,1.26394,1.26412,1.69,2.44
2013.05.28 07:48:41.504,1.26392,1.26413,4.50,4.69
2013.05.28 07:48:42.137,1.26392,1.26413,3.75,4.69
2013.05.28 07:48:42.770,1.26392,1.26413,4.88,4.69
2013.05.28 07:48:47.173,1.26395,1.26412,2.07,1.69
2013.05.28 07:48:51.305,1.26395,1.26412,2.82,1.69
2013.05.28 07:49:06.956,1.26396,1.26412,1.69,1.69
2013.05.28 07:49:09.264,1.26396,1.26413,1.69,3.19
2013.05.28 07:49:12.886,1.26395,1.26413,2.07,3.94
2013.05.28 07:49:14.005,1.26395,1.26412,2.82,1.69
2013.05.28 07:49:16.246,1.26392,1.26409,1.69,1.50
2013.05.28 07:49:16.304,1.26392,1.26409,1.69,1.50
2013.05.28 07:49:21.444,1.26391,1.26409,2.44,1.69
2013.05.28 07:49:28.189,1.26391,1.26409,2.44,1.69
2013.05.28 07:49:29.681,1.26391,1.26409,2.44,1.50
2013.05.28 07:49:30.884,1.26391,1.26409,2.44,1.69
2013.05.28 07:49:32.734,1.26391,1.26409,2.44,1.69
2013.05.28 07:49:33.665,1.26391,1.26409,2.44,1.69
2013.05.28 07:49:35.859,1.26391,1.26408,1.69,1.69
2013.05.28 07:49:35.984,1.26388,1.26405,2.44,1.50
2013.05.28 07:49:36.509,1.26388,1.26405,1.69,2.25
2013.05.28 07:49:38.062,1.26388,1.26405,1.69,4.43
2013.05.28 07:49:38.140,1.26388,1.264,2.25,1.69
2013.05.28 07:49:38.207,1.26388,1.264,2.25,2.25
2013.05.28 07:49:38.274,1.26382,1.264,2.44,2.25
2013.05.28 07:49:38.956,1.26385,1.26402,2.82,2.44
2013.05.28 07:49:39.605,1.26386,1.26402,1.50,1.69
2013.05.28 07:49:39.727,1.26387,1.26405,4.50,1.69
2013.05.28 07:49:39.794,1.26387,1.26406,4.50,1.69
2013.05.28 07:49:39.973,1.26388,1.26406,3.00,1.69
2013.05.28 07:49:40.034,1.26389,1.26407,1.69,1.69
2013.05.28 07:49:42.134,1.26389,1.26407,2.07,1.69
2013.05.28 07:49:43.714,1.26389,1.26406,1.32,1.69
2013.05.28 07:49:43.895,1.26385,1.26404,1.69,1.69
2013.05.28 07:49:45.929,1.26385,1.26404,2.07,1.69
2013.05.28 07:50:12.226,1.26385,1.26404,2.07,1.69
2013.05.28 07:50:23.344,1.26385,1.26405,2.07,2.44
2013.05.28 07:50:24.194,1.26385,1.26404,2.07,1.69
2013.05.28 07:50:26.185,1.26387,1.26404,2.44,1.69
2013.05.28 07:50:26.424,1.26388,1.26405,3.00,1.69
2013.05.28 07:50:26.545,1.26389,1.26407,1.50,1.69
2013.05.28 07:50:27.839,1.26389,1.26408,1.69,2.44
2013.05.28 07:50:29.704,1.26389,1.26408,2.07,2.44
2013.05.28 07:50:32.370,1.26389,1.26408,2.07,2.44
2013.05.28 07:50:33.514,1.26388,1.26408,4.32,1.69
2013.05.28 07:50:34.464,1.26389,1.26408,1.69,1.69
2013.05.28 07:50:35.204,1.2639,1.26408,2.44,1.69
2013.05.28 07:50:37.534,1.2639,1.26409,2.44,2.44
2013.05.28 07:50:39.834,1.2639,1.26409,2.44,2.44
2013.05.28 07:50:49.464,1.26391,1.26409,2.44,1.69
2013.05.28 07:50:51.004,1.26391,1.26409,2.44,2.44
2013.05.28 07:50:53.763,1.26391,1.26409,2.44,2.44
2013.05.28 07:50:54.757,1.26392,1.26409,1.69,1.69
2013.05.28 07:50:55.995,1.26392,1.2641,2.44,1.69
2013.05.28 07:51:05.984,1.26391,1.26409,1.69,1.69
2013.05.28 07:51:09.965,1.26392,1.2641,1.69,1.69
2013.05.28 07:51:13.025,1.26392,1.26409,1.69,1.69
2013.05.28 07:51:17.985,1.26392,1.2641,1.69,1.69
2013.05.28 07:51:20.745,1.26389,1.26405,1.69,3.00
2013.05.28 07:51:20.804,1.26386,1.26405,3.00,3.00
2013.05.28 07:51:21.646,1.26386,1.26405,3.00,3.00
2013.05.28 07:51:22.384,1.26386,1.26404,2.25,1.50
2013.05.28 07:51:22.625,1.26385,1.26403,3.57,1.50
2013.05.28 07:51:22.744,1.26386,1.26403,1.50,1.50
2013.05.28 07:51:23.235,1.26383,1.264,1.69,1.50
2013.05.28 07:51:23.545,1.26381,1.26398,1.69,1.50
2013.05.28 07:51:24.184,1.26383,1.264,1.69,1.50
2013.05.28 07:51:24.304,1.26386,1.26403,3.19,3.19
2013.05.28 07:51:25.701,1.26386,1.26403,3.94,2.44
2013.05.28 07:51:35.251,1.26386,1.26403,3.19,2.44
2013.05.28 07:51:39.696,1.26387,1.26403,1.69,1.69
2013.05.28 07:51:40.134,1.26389,1.26404,1.50,3.94
2013.05.28 07:51:40.314,1.2639,1.26409,2.25,2.44
2013.05.28 07:51:40.644,1.26391,1.26409,1.50,1.69
2013.05.28 07:51:42.044,1.26391,1.26409,1.69,1.69
2013.05.28 07:51:44.227,1.26392,1.2641,1.69,2.44
2013.05.28 07:51:47.906,1.26391,1.26404,1.69,1.50
2013.05.28 07:51:48.155,1.26389,1.26404,1.69,1.50
2013.05.28 07:51:48.535,1.26391,1.26409,1.69,2.25
2013.05.28 07:51:49.337,1.26391,1.26409,2.44,1.50
2013.05.28 07:51:54.173,1.26392,1.2641,1.69,2.44
2013.05.28 07:51:55.749,1.26392,1.2641,1.69,1.69
2013.05.28 07:51:59.159,1.26393,1.26411,1.69,1.69
2013.05.28 07:51:59.470,1.26402,1.26417,1.69,1.50
2013.05.28 07:51:59.774,1.26401,1.26418,2.44,1.50
2013.05.28 07:52:09.185,1.26404,1.26421,1.69,1.50
2013.05.28 07:52:09.245,1.26405,1.26421,1.69,1.69
2013.05.28 07:52:09.374,1.26405,1.26422,1.69,2.44
2013.05.28 07:52:11.204,1.26404,1.26422,2.63,2.44
2013.05.28 07:52:13.375,1.26404,1.2642,1.32,2.97
2013.05.28 07:52:13.565,1.26394,1.2641,2.63,2.25
2013.05.28 07:52:13.624,1.26394,1.2641,2.63,2.25
2013.05.28 07:52:14.679,1.26394,1.2641,1.69,3.94
2013.05.28 07:52:24.274,1.26393,1.2641,1.69,3.00
2013.05.28 07:52:27.387,1.26392,1.2641,3.19,4.69
2013.05.28 07:52:29.805,1.26393,1.2641,1.69,3.94
2013.05.28 07:52:31.119,1.26392,1.2641,2.44,4.69
2013.05.28 07:52:32.304,1.26392,1.2641,3.19,4.69
2013.05.28 07:52:33.931,1.26392,1.2641,2.44,4.69
2013.05.28 07:52:37.475,1.26392,1.2641,3.19,4.69
2013.05.28 07:52:39.678,1.26392,1.2641,3.19,4.69
2013.05.28 07:52:40.344,1.26392,1.2641,2.44,4.69
2013.05.28 07:52:41.694,1.26393,1.2641,1.69,3.94
2013.05.28 07:52:49.124,1.26394,1.2641,1.69,3.75
2013.05.28 07:52:50.865,1.26394,1.2641,1.69,3.75
2013.05.28 07:52:51.875,1.26394,1.2641,1.50,3.75
2013.05.28 07:52:53.724,1.26394,1.2641,1.50,3.94
2013.05.28 07:52:54.715,1.26394,1.2641,1.50,3.94
2013.05.28 07:52:58.024,1.26394,1.2641,1.69,3.75
2013.05.28 07:52:59.626,1.26394,1.2641,1.69,4.69
2013.05.28 07:53:03.862,1.26393,1.2641,1.69,4.69
2013.05.28 07:53:05.004,1.26393,1.2641,1.69,3.94
2013.05.28 07:53:06.175,1.26393,1.2641,1.69,3.75
2013.05.28 07:53:08.044,1.26392,1.2641,2.44,4.50
2013.05.28 07:53:08.814,1.26394,1.2641,1.69,4.69
2013.05.28 07:53:11.954,1.26392,1.2641,3.19,4.69
2013.05.28 07:53:13.763,1.26393,1.2641,1.69,2.25
2013.05.28 07:53:15.704,1.26393,1.2641,1.69,2.44
2013.05.28 07:53:17.984,1.26393,1.2641,1.69,1.69
2013.05.28 07:53:25.170,1.26392,1.2641,2.44,2.44
2013.05.28 07:53:26.173,1.26393,1.2641,1.69,2.44
2013.05.28 07:53:31.224,1.26392,1.2641,2.44,2.44
2013.05.28 07:53:34.220,1.26392,1.2641,1.69,2.44
2013.05.28 07:53:35.005,1.26392,1.2641,1.69,2.44
2013.05.28 07:53:35.465,1.26393,1.26411,3.19,2.44
2013.05.28 07:53:35.585,1.26396,1.26411,1.69,1.69
2013.05.28 07:53:36.153,1.26395,1.26411,1.69,1.69
2013.05.28 07:53:37.286,1.26395,1.26412,2.63,3.94
2013.05.28 07:53:38.366,1.26396,1.26412,1.69,3.00
2013.05.28 07:53:39.778,1.26396,1.26412,1.69,3.19
2013.05.28 07:53:48.122,1.26396,1.26412,1.69,3.00
2013.05.28 07:53:50.647,1.26396,1.26412,1.69,3.19
2013.05.28 07:53:52.466,1.26398,1.26412,1.13,2.44
2013.05.28 07:53:52.897,1.26403,1.26415,3.38,1.69
2013.05.28 07:53:52.975,1.26403,1.26419,1.13,1.50
2013.05.28 07:53:53.104,1.26401,1.26419,1.69,1.50
2013.05.28 07:53:53.994,1.264,1.26419,3.19,1.69
2013.05.28 07:53:56.668,1.26403,1.2642,3.75,1.69
2013.05.28 07:53:56.987,1.26404,1.26421,1.69,2.44
2013.05.28 07:53:57.687,1.26404,1.26421,1.69,2.44
2013.05.28 07:53:57.925,1.26405,1.26421,2.44,1.69
2013.05.28 07:53:59.357,1.26405,1.26422,3.75,2.44
2013.05.28 07:54:04.675,1.26408,1.26422,1.13,2.25
2013.05.28 07:54:04.735,1.2641,1.26429,2.25,3.19
2013.05.28 07:54:04.854,1.2641,1.26429,2.25,1.69
2013.05.28 07:54:04.915,1.26412,1.26431,2.44,3.19
2013.05.28 07:54:04.974,1.26412,1.26432,2.44,2.44
2013.05.28 07:54:05.035,1.26414,1.26439,1.50,2.44
2013.05.28 07:54:05.395,1.26418,1.26435,1.69,2.07
2013.05.28 07:54:05.755,1.26413,1.2643,1.69,2.25
2013.05.28 07:54:06.026,1.26413,1.26432,2.44,3.75
2013.05.28 07:54:06.602,1.26413,1.26434,3.94,1.50
2013.05.28 07:54:06.761,1.26414,1.26434,1.69,1.69
2013.05.28 07:54:09.622,1.26414,1.26434,2.07,1.69
2013.05.28 07:54:22.301,1.26416,1.26436,1.32,1.69
2013.05.28 07:54:22.605,1.26419,1.26435,1.13,1.69
2013.05.28 07:54:22.668,1.26418,1.26435,1.88,1.69
2013.05.28 07:54:22.734,1.26419,1.26435,1.13,1.69
2013.05.28 07:54:23.984,1.26419,1.26436,2.07,1.69
2013.05.28 07:54:27.987,1.26421,1.26438,1.69,1.69
2013.05.28 07:54:29.865,1.2642,1.26438,1.69,1.69
2013.05.28 07:54:30.246,1.26425,1.26438,1.69,1.69
2013.05.28 07:54:30.305,1.26425,1.26441,1.69,2.44
2013.05.28 07:54:30.817,1.26424,1.26441,1.69,2.44
2013.05.28 07:54:33.227,1.26425,1.26441,1.88,1.50
2013.05.28 07:54:34.714,1.26425,1.26441,2.63,1.69
2013.05.28 07:54:35.225,1.26425,1.26441,2.63,1.69
2013.05.28 07:54:36.625,1.26426,1.26442,1.69,3.94
2013.05.28 07:54:36.868,1.26427,1.26442,1.32,3.94
2013.05.28 07:54:36.934,1.26434,1.26449,1.13,1.69
2013.05.28 07:54:37.054,1.26434,1.26451,1.13,3.94
2013.05.28 07:54:37.294,1.26434,1.26451,1.13,2.44
2013.05.28 07:54:38.428,1.26435,1.26451,1.69,2.44
2013.05.28 07:54:39.165,1.26436,1.26451,1.69,1.69
2013.05.28 07:54:42.397,1.26436,1.26451,1.69,2.44
2013.05.28 07:54:42.975,1.26432,1.2645,1.69,3.19
2013.05.28 07:54:43.215,1.26433,1.2645,2.44,1.69
2013.05.28 07:54:43.275,1.26433,1.2645,2.44,1.69
2013.05.28 07:54:43.395,1.26433,1.2645,2.07,1.69
2013.05.28 07:54:43.930,1.26432,1.26448,1.69,1.50
2013.05.28 07:54:44.779,1.26432,1.26448,1.69,1.69
2013.05.28 07:54:49.490,1.26431,1.26448,3.19,1.69
2013.05.28 07:54:50.387,1.26431,1.26447,3.19,3.75
2013.05.28 07:54:50.635,1.2643,1.26447,1.69,5.25
2013.05.28 07:54:50.694,1.2643,1.26447,1.69,5.25
2013.05.28 07:54:50.754,1.26429,1.26446,2.44,1.69
2013.05.28 07:54:52.405,1.26428,1.26446,3.94,1.69
2013.05.28 07:54:53.509,1.26429,1.26445,1.69,1.69
2013.05.28 07:54:54.454,1.26428,1.26447,3.94,3.19
2013.05.28 07:55:01.666,1.26429,1.26446,1.69,1.69
2013.05.28 07:55:03.386,1.26428,1.26446,3.19,2.44
2013.05.28 07:55:05.435,1.26428,1.26444,3.00,1.69
2013.05.28 07:55:07.225,1.26428,1.26445,3.19,1.69
2013.05.28 07:55:08.274,1.26429,1.26446,1.69,1.50
2013.05.28 07:55:08.860,1.26428,1.26445,3.19,1.50
2013.05.28 07:55:09.775,1.26428,1.26444,3.94,1.69
2013.05.28 07:55:11.646,1.26429,1.26446,1.69,1.69
2013.05.28 07:55:12.651,1.26428,1.26444,3.19,1.50
2013.05.28 07:55:13.665,1.26431,1.26447,1.50,5.25
2013.05.28 07:55:13.845,1.26431,1.26449,4.50,3.94
2013.05.28 07:55:13.905,1.26432,1.26449,1.50,3.94
2013.05.28 07:55:14.144,1.26434,1.26451,2.44,1.69
2013.05.28 07:55:14.666,1.26434,1.26451,2.44,1.69
2013.05.28 07:55:15.187,1.26435,1.26452,1.69,3.19
2013.05.28 07:55:19.645,1.26436,1.26452,1.69,2.44
2013.05.28 07:55:20.256,1.26434,1.26452,2.25,2.44
2013.05.28 07:55:20.975,1.26436,1.26452,1.88,2.25
2013.05.28 07:55:21.696,1.26448,1.26454,3.38,1.50
2013.05.28 07:55:21.757,1.26448,1.26459,4.13,4.50
2013.05.28 07:55:21.996,1.26444,1.2646,1.32,2.25
2013.05.28 07:55:22.687,1.26444,1.26463,1.69,2.44
2013.05.28 07:55:23.249,1.26444,1.26466,1.69,1.69
2013.05.28 07:55:24.153,1.26447,1.26466,1.32,1.69
2013.05.28 07:55:24.217,1.26451,1.26468,1.50,5.44
2013.05.28 07:55:25.516,1.26451,1.26469,1.50,1.50
2013.05.28 07:55:26.074,1.26452,1.26469,1.69,1.50
2013.05.28 07:55:27.246,1.26453,1.2647,1.69,1.69
2013.05.28 07:55:29.818,1.26453,1.2647,1.69,1.50
2013.05.28 07:55:31.445,1.26453,1.2647,1.69,1.69
2013.05.28 07:55:34.934,1.26453,1.2647,1.69,1.69
2013.05.28 07:55:39.368,1.26453,1.2647,1.69,2.44
2013.05.28 07:55:42.705,1.26452,1.2647,2.44,2.44
2013.05.28 07:55:50.954,1.26453,1.2647,1.69,1.50
2013.05.28 07:55:52.176,1.26453,1.2647,1.69,1.50
2013.05.28 07:55:54.863,1.26453,1.2647,1.69,1.69
2013.05.28 07:55:59.847,1.26452,1.2647,1.69,2.44
2013.05.28 07:56:03.930,1.26453,1.2647,1.69,2.44
2013.05.28 07:56:10.282,1.26453,1.26469,1.69,1.50
2013.05.28 07:56:17.578,1.26452,1.2647,2.25,3.19
2013.05.28 07:56:19.893,1.26452,1.2647,2.44,2.44
2013.05.28 07:56:22.705,1.26452,1.2647,2.25,2.44
2013.05.28 07:56:24.494,1.26452,1.2647,2.25,1.69
2013.05.28 07:56:25.982,1.26455,1.26474,1.69,1.69
2013.05.28 07:56:26.607,1.26455,1.26475,1.69,1.69
2013.05.28 07:56:27.505,1.26457,1.26476,1.50,1.69
2013.05.28 07:56:28.665,1.26461,1.26476,2.25,1.69
2013.05.28 07:56:29.854,1.26462,1.26476,1.50,1.69
2013.05.28 07:56:30.545,1.26459,1.26476,2.44,1.69
2013.05.28 07:56:31.027,1.26462,1.26477,1.50,1.50
2013.05.28 07:56:31.534,1.2646,1.26477,1.69,4.50
2013.05.28 07:56:32.076,1.26459,1.26477,2.44,5.25
2013.05.28 07:56:32.728,1.26467,1.26477,1.50,3.19
2013.05.28 07:56:32.796,1.26467,1.26477,1.50,2.25
2013.05.28 07:56:33.186,1.26467,1.26483,1.50,2.44
2013.05.28 07:56:34.018,1.26466,1.26483,1.69,1.69
2013.05.28 07:56:37.227,1.26471,1.26489,1.50,1.69
2013.05.28 07:56:37.535,1.26475,1.26495,1.69,1.69
2013.05.28 07:56:40.290,1.26475,1.26495,2.44,1.69
2013.05.28 07:56:48.935,1.26475,1.26493,2.29,4.32
2013.05.28 07:56:49.524,1.26474,1.26489,1.69,2.25
2013.05.28 07:56:50.145,1.26475,1.26489,1.69,2.25
2013.05.28 07:56:50.205,1.26475,1.26491,1.69,2.44
2013.05.28 07:56:50.385,1.26476,1.26496,1.69,1.69
2013.05.28 07:56:53.176,1.26474,1.26492,1.50,3.19
2013.05.28 07:56:53.238,1.26469,1.26487,2.25,1.50
2013.05.28 07:56:53.417,1.2647,1.26487,1.50,1.50
2013.05.28 07:56:53.857,1.26476,1.26492,1.69,1.69
2013.05.28 07:56:53.927,1.26476,1.26496,1.69,1.69
2013.05.28 07:56:58.865,1.26476,1.26496,1.69,1.69
2013.05.28 07:56:59.958,1.26476,1.26496,1.69,1.69
2013.05.28 07:57:00.227,1.26476,1.26489,1.69,2.25
2013.05.28 07:57:01.776,1.26473,1.26489,2.44,2.25
2013.05.28 07:57:10.005,1.26474,1.26492,1.69,3.19
2013.05.28 07:57:10.064,1.26475,1.26493,1.69,1.69
2013.05.28 07:57:10.596,1.26475,1.26496,1.69,1.69
2013.05.28 07:57:12.874,1.26474,1.26488,2.07,2.63
2013.05.28 07:57:12.995,1.26472,1.26488,1.50,3.38
2013.05.28 07:57:13.176,1.2647,1.26488,1.69,3.75
2013.05.28 07:57:13.237,1.26474,1.26492,1.69,3.19
2013.05.28 07:57:13.296,1.26475,1.26495,1.69,1.69
2013.05.28 07:57:13.535,1.26474,1.26492,1.69,4.32
2013.05.28 07:57:13.718,1.26476,1.26492,1.50,1.69
2013.05.28 07:57:14.787,1.26476,1.26492,1.69,2.44
2013.05.28 07:57:15.452,1.26475,1.26491,3.19,1.69
2013.05.28 07:57:15.995,1.26475,1.2649,1.50,2.25
2013.05.28 07:57:16.115,1.26472,1.2649,2.44,2.25
2013.05.28 07:57:18.734,1.26471,1.26489,3.19,1.69
2013.05.28 07:57:20.175,1.26475,1.26491,1.50,1.69
2013.05.28 07:57:20.235,1.26475,1.26492,1.50,3.00
2013.05.28 07:57:26.133,1.26475,1.26491,1.69,1.69
2013.05.28 07:57:27.744,1.26476,1.26491,1.65,1.69
2013.05.28 07:57:30.774,1.26476,1.26492,1.65,3.00
2013.05.28 07:57:31.555,1.26476,1.26492,1.69,3.00
2013.05.28 07:57:32.477,1.26476,1.26491,1.69,1.69
2013.05.28 07:57:33.183,1.26476,1.26491,1.69,1.69
2013.05.28 07:57:37.137,1.26475,1.26491,1.50,1.69
2013.05.28 07:57:37.315,1.26467,1.26484,2.44,2.25
2013.05.28 07:57:40.436,1.26466,1.26484,4.69,3.19
2013.05.28 07:57:43.381,1.26466,1.26483,4.69,1.69
2013.05.28 07:57:45.436,1.26466,1.2648,3.00,1.69
2013.05.28 07:57:45.497,1.2646,1.26475,2.44,2.25
2013.05.28 07:57:46.165,1.26458,1.26475,2.44,3.00
2013.05.28 07:57:46.802,1.26458,1.26475,1.69,2.25
2013.05.28 07:57:47.801,1.26457,1.26475,2.44,2.25
2013.05.28 07:57:48.405,1.26462,1.26475,2.25,2.25
2013.05.28 07:57:48.525,1.26465,1.26482,2.25,2.44
2013.05.28 07:57:49.736,1.26466,1.26482,1.50,1.69
2013.05.28 07:57:53.356,1.26465,1.26481,3.19,1.69
2013.05.28 07:57:53.476,1.26463,1.26474,1.32,1.50
2013.05.28 07:57:53.536,1.26461,1.26474,2.25,1.50
2013.05.28 07:57:54.182,1.26459,1.26474,1.50,1.50
2013.05.28 07:57:54.836,1.26458,1.26474,1.69,2.44
2013.05.28 07:57:56.106,1.26459,1.26474,1.69,1.69
2013.05.28 07:58:02.535,1.26457,1.26475,2.44,3.19
2013.05.28 07:58:05.735,1.26459,1.26475,1.69,3.19
2013.05.28 07:58:07.963,1.26459,1.26475,1.69,2.25
2013.05.28 07:58:09.827,1.26458,1.26475,1.69,2.25
2013.05.28 07:58:14.826,1.26459,1.26475,1.69,3.19
2013.05.28 07:58:17.308,1.26456,1.26474,2.44,1.69
2013.05.28 07:58:17.888,1.26456,1.26473,1.69,2.44
2013.05.28 07:58:18.679,1.26456,1.26473,1.69,1.69
2013.05.28 07:58:19.871,1.26456,1.26472,1.69,1.69
2013.05.28 07:58:20.490,1.26452,1.2647,1.69,3.19
2013.05.28 07:58:21.017,1.26454,1.2647,1.69,3.00
2013.05.28 07:58:29.265,1.26453,1.2647,1.69,3.19
2013.05.28 07:58:29.935,1.26455,1.26472,1.50,1.69
2013.05.28 07:58:31.656,1.26456,1.26473,1.69,3.19
2013.05.28 07:58:33.379,1.26455,1.26473,2.44,2.44
2013.05.28 07:58:34.394,1.26455,1.26473,2.44,2.44
2013.05.28 07:58:37.195,1.26458,1.26473,1.50,2.44
2013.05.28 07:58:37.255,1.26459,1.26479,1.69,3.19
2013.05.28 07:58:37.675,1.26459,1.26474,1.69,1.50
2013.05.28 07:58:38.943,1.26459,1.26475,1.69,3.94
2013.05.28 07:58:40.237,1.26459,1.26479,2.44,3.19
2013.05.28 07:58:42.366,1.2646,1.26479,1.50,4.69
2013.05.28 07:58:46.797,1.2646,1.26478,1.50,2.44
2013.05.28 07:58:52.854,1.26458,1.26474,1.69,1.50
2013.05.28 07:58:55.926,1.26458,1.26474,1.69,1.50
2013.05.28 07:58:59.790,1.26457,1.26474,2.25,2.44
2013.05.28 07:59:03.985,1.26457,1.26474,2.44,2.25
2013.05.28 07:59:05.305,1.26458,1.26474,1.69,2.44
2013.05.28 07:59:08.788,1.26457,1.26474,1.50,3.19
2013.05.28 07:59:11.045,1.26459,1.26477,2.44,1.50
2013.05.28 07:59:11.622,1.26459,1.26477,2.44,1.50
2013.05.28 07:59:13.176,1.26459,1.26477,2.44,1.50
2013.05.28 07:59:13.235,1.26459,1.26477,2.25,2.44
2013.05.28 07:59:14.316,1.26458,1.26474,3.00,1.69
2013.05.28 07:59:14.927,1.26459,1.26474,2.25,1.69
2013.05.28 07:59:15.470,1.26456,1.26474,4.50,2.44
2013.05.28 07:59:17.276,1.26456,1.26474,3.19,2.25
2013.05.28 07:59:18.197,1.26457,1.26474,2.25,2.44
2013.05.28 07:59:19.487,1.26456,1.26474,3.19,2.25
2013.05.28 07:59:20.555,1.26456,1.26474,3.19,3.75
2013.05.28 07:59:21.756,1.26453,1.26471,1.69,3.00
2013.05.28 07:59:22.917,1.26453,1.26471,1.69,4.50
2013.05.28 07:59:23.927,1.26453,1.26471,1.69,4.69
2013.05.28 07:59:25.634,1.26453,1.2647,1.50,2.44
2013.05.28 07:59:28.815,1.26453,1.26471,1.69,4.50
2013.05.28 07:59:31.075,1.26453,1.26471,1.69,4.69
2013.05.28 07:59:33.925,1.26451,1.26467,1.69,2.44
2013.05.28 07:59:34.469,1.26451,1.26466,2.44,2.44
2013.05.28 07:59:36.257,1.26448,1.26465,1.32,3.19
2013.05.28 07:59:38.466,1.26445,1.26465,2.44,3.00
2013.05.28 07:59:45.082,1.26445,1.26461,2.44,1.13
2013.05.28 07:59:45.206,1.26442,1.26457,1.69,1.50
2013.05.28 07:59:45.327,1.2644,1.26457,1.50,2.44
2013.05.28 07:59:45.447,1.26439,1.26456,1.50,1.50
2013.05.28 07:59:46.987,1.26439,1.26454,1.69,1.69
2013.05.28 07:59:48.072,1.26439,1.26454,1.69,1.50
2013.05.28 07:59:51.916,1.26439,1.26454,2.44,1.50
2013.05.28 07:59:52.274,1.2645,1.26458,2.25,1.50
2013.05.28 07:59:52.929,1.2645,1.26458,2.25,1.50
2013.05.28 07:59:53.886,1.2645,1.26458,2.25,1.50
2013.05.28 07:59:54.848,1.2645,1.26458,2.25,1.50
2013.05.28 07:59:55.887,1.2645,1.26458,1.50,1.69
2013.05.28 07:59:56.808,1.2645,1.26458,2.25,1.50
2013.05.28 07:59:58.398,1.2645,1.26458,2.25,1.50
2013.05.28 07:59:58.923,1.26448,1.26458,1.50,1.50
