2015.09.16 03:00:00.386,1.40003,1.40031,1.75,1.00
2015.09.16 03:00:01.716,1.40005,1.40031,1.75,1.00
2015.09.16 03:00:10.725,1.40005,1.40032,1.75,1.50
2015.09.16 03:00:33.774,1.40003,1.40032,1.50,1.57
2015.09.16 03:00:34.425,1.40003,1.4003,1.50,1.00
2015.09.16 03:00:34.936,1.40003,1.40029,1.12,1.00
2015.09.16 03:00:47.779,1.40002,1.4003,2.25,1.57
2015.09.16 03:00:50.851,1.40003,1.40029,1.12,1.00
2015.09.16 03:00:52.055,1.40003,1.4003,1.12,1.10
2015.09.16 03:00:52.207,1.40009,1.40031,1.00,1.07
2015.09.16 03:00:52.516,1.40009,1.40033,1.00,1.07
2015.09.16 03:00:59.705,1.40009,1.40034,1.07,1.07
2015.09.16 03:02:21.390,1.40012,1.40035,1.00,1.57
2015.09.16 03:02:25.239,1.40012,1.40031,1.00,1.00
2015.09.16 03:02:25.755,1.40012,1.4003,1.00,1.00
2015.09.16 03:02:26.539,1.40011,1.4003,1.10,1.00
2015.09.16 03:02:29.446,1.40011,1.40028,1.10,1.00
2015.09.16 03:02:31.385,1.40011,1.40031,1.10,1.00
2015.09.16 03:02:33.850,1.40011,1.4003,1.10,1.00
2015.09.16 03:02:37.457,1.40011,1.40032,1.10,1.00
2015.09.16 03:02:42.204,1.40009,1.40032,1.00,1.07
2015.09.16 03:03:04.709,1.4001,1.40033,1.00,1.07
2015.09.16 03:03:14.983,1.40008,1.40033,1.00,1.07
2015.09.16 03:03:16.765,1.40011,1.40034,1.00,1.12
2015.09.16 03:03:17.507,1.40012,1.40037,1.00,3.00
2015.09.16 03:03:28.734,1.40012,1.40033,1.00,1.07
2015.09.16 03:03:31.701,1.40012,1.40031,1.00,1.00
2015.09.16 03:03:31.977,1.4001,1.40031,1.00,1.00
2015.09.16 03:03:34.747,1.4001,1.40032,1.00,1.10
2015.09.16 03:03:42.086,1.40008,1.40032,1.10,1.10
2015.09.16 03:03:44.134,1.4001,1.40032,1.00,1.10
2015.09.16 03:03:44.832,1.4001,1.4003,1.00,1.00
2015.09.16 03:03:45.674,1.40009,1.40031,1.00,1.00
2015.09.16 03:03:46.843,1.40009,1.40032,1.00,1.10
2015.09.16 03:03:52.563,1.40009,1.40031,1.00,1.00
2015.09.16 03:03:56.114,1.4001,1.40031,1.00,1.00
2015.09.16 03:04:00.783,1.4001,1.40032,1.00,1.10
2015.09.16 03:04:01.973,1.40009,1.40032,1.00,1.10
2015.09.16 03:04:02.347,1.40009,1.4003,1.00,1.00
2015.09.16 03:04:07.273,1.40009,1.40031,1.00,1.00
2015.09.16 03:04:13.673,1.40009,1.40029,1.00,1.00
2015.09.16 03:04:17.109,1.40009,1.4003,1.00,1.00
2015.09.16 03:04:20.610,1.40009,1.40029,1.00,1.00
2015.09.16 03:04:34.542,1.40015,1.40029,1.00,1.00
2015.09.16 03:04:34.794,1.40011,1.40035,1.00,1.13
2015.09.16 03:04:34.895,1.40009,1.40029,1.10,1.00
2015.09.16 03:04:35.399,1.40008,1.40029,1.10,1.07
2015.09.16 03:04:35.991,1.40008,1.40031,1.00,1.10
2015.09.16 03:04:36.193,1.4001,1.40031,1.00,1.10
2015.09.16 03:04:37.082,1.4001,1.4003,1.00,1.00
2015.09.16 03:04:37.422,1.40016,1.40028,1.00,1.00
2015.09.16 03:04:37.675,1.40016,1.40039,1.00,2.25
2015.09.16 03:04:41.025,1.40016,1.40038,1.00,1.50
2015.09.16 03:04:41.080,1.40013,1.40038,1.00,1.50
2015.09.16 03:04:41.232,1.40013,1.40038,1.00,1.75
2015.09.16 03:04:41.475,1.4001,1.40033,1.10,1.07
2015.09.16 03:04:47.094,1.40012,1.40033,1.00,1.07
2015.09.16 03:04:57.182,1.40011,1.40033,1.00,1.07
2015.09.16 03:05:07.276,1.40012,1.40033,1.00,1.07
2015.09.16 03:05:17.823,1.40011,1.40033,1.00,1.07
2015.09.16 03:05:20.312,1.4001,1.40034,1.10,1.07
2015.09.16 03:05:24.912,1.4001,1.40033,1.00,1.07
2015.09.16 03:05:28.833,1.40009,1.40035,1.10,2.25
2015.09.16 03:06:00.227,1.40009,1.40033,1.07,1.07
2015.09.16 03:06:55.222,1.40009,1.40034,1.10,1.57
2015.09.16 03:07:01.024,1.40017,1.40033,1.00,1.10
2015.09.16 03:07:01.561,1.40017,1.40038,1.00,1.50
2015.09.16 03:07:02.520,1.40016,1.40038,1.00,1.50
2015.09.16 03:07:02.671,1.4001,1.40038,1.57,1.75
2015.09.16 03:07:24.392,1.40006,1.40029,2.25,1.00
2015.09.16 03:07:24.494,1.40006,1.40029,1.87,1.10
2015.09.16 03:07:25.504,1.40008,1.40032,1.07,1.10
2015.09.16 03:07:27.071,1.40004,1.40028,1.75,1.00
2015.09.16 03:07:27.272,1.40004,1.40025,1.00,1.07
2015.09.16 03:07:27.424,1.39997,1.40025,1.75,1.63
2015.09.16 03:07:28.771,1.40005,1.40024,1.00,1.13
2015.09.16 03:07:28.874,1.40002,1.40025,1.07,1.13
2015.09.16 03:07:29.027,1.40003,1.40028,1.50,1.37
2015.09.16 03:07:29.531,1.40003,1.4003,1.50,1.66
2015.09.16 03:07:30.089,1.40003,1.4003,1.50,1.50
2015.09.16 03:07:30.437,1.40003,1.40031,1.75,1.52
2015.09.16 03:07:40.104,1.40004,1.4002,1.75,1.00
2015.09.16 03:07:40.255,1.40002,1.40019,1.37,1.00
2015.09.16 03:07:40.357,1.40002,1.40019,1.75,1.00
2015.09.16 03:07:40.508,1.40003,1.4003,1.75,1.10
2015.09.16 03:07:41.226,1.40006,1.40033,1.12,1.57
2015.09.16 03:07:44.119,1.40005,1.4003,1.50,1.00
2015.09.16 03:07:44.220,1.40006,1.4003,1.07,1.07
2015.09.16 03:07:59.726,1.40006,1.40032,1.12,1.07
2015.09.16 03:08:03.991,1.40002,1.40019,1.75,1.00
2015.09.16 03:08:04.193,1.40008,1.40028,1.07,1.00
2015.09.16 03:08:04.244,1.40008,1.40031,1.07,1.10
2015.09.16 03:08:15.325,1.40004,1.40027,1.75,1.50
2015.09.16 03:08:15.628,1.40004,1.4002,1.00,1.00
2015.09.16 03:08:15.679,1.39994,1.4002,1.75,1.00
2015.09.16 03:08:16.212,1.39996,1.40019,1.50,1.00
2015.09.16 03:08:16.704,1.39998,1.40022,1.12,1.00
2015.09.16 03:08:16.755,1.39998,1.40022,1.50,1.00
2015.09.16 03:08:41.725,1.39998,1.40023,1.50,1.00
2015.09.16 03:09:05.592,1.39998,1.4002,1.50,1.00
2015.09.16 03:09:11.840,1.39998,1.4002,1.75,1.00
2015.09.16 03:09:12.337,1.39998,1.40018,1.75,1.00
2015.09.16 03:09:18.460,1.39998,1.40019,1.75,1.00
2015.09.16 03:09:21.661,1.39992,1.40018,1.75,1.00
2015.09.16 03:09:21.762,1.39991,1.40018,1.07,1.37
2015.09.16 03:09:21.994,1.39988,1.40015,1.07,1.37
2015.09.16 03:09:22.298,1.39987,1.40013,1.00,2.25
2015.09.16 03:09:22.349,1.39985,1.40013,1.50,3.00
2015.09.16 03:09:22.551,1.39981,1.40009,1.07,1.07
2015.09.16 03:09:22.652,1.39981,1.40009,1.07,1.37
2015.09.16 03:09:23.065,1.3998,1.40004,1.10,1.07
2015.09.16 03:09:23.368,1.39975,1.40004,1.07,1.37
2015.09.16 03:09:23.756,1.39975,1.40005,1.10,1.37
2015.09.16 03:09:27.288,1.39975,1.40005,1.07,1.50
2015.09.16 03:09:27.591,1.39991,1.40021,1.87,1.12
2015.09.16 03:09:35.489,1.39994,1.40022,1.57,1.57
2015.09.16 03:09:42.578,1.39994,1.40022,2.25,1.07
2015.09.16 03:09:42.780,1.39995,1.40024,1.37,1.07
2015.09.16 03:09:44.602,1.39997,1.4001,1.07,1.00
2015.09.16 03:09:44.754,1.3999,1.40009,1.75,1.00
2015.09.16 03:09:45.095,1.39993,1.40018,1.37,1.00
2015.09.16 03:09:45.196,1.39993,1.4002,1.37,1.00
2015.09.16 03:09:45.738,1.39995,1.4002,1.37,1.00
2015.09.16 03:09:46.251,1.39997,1.40023,1.07,1.07
2015.09.16 03:09:50.155,1.39997,1.40024,1.87,1.10
2015.09.16 03:10:25.681,1.39998,1.40026,1.12,1.07
2015.09.16 03:10:48.118,1.39997,1.40022,1.37,1.00
2015.09.16 03:10:48.420,1.39999,1.40025,1.00,1.75
2015.09.16 03:10:48.572,1.39999,1.40029,3.00,1.07
2015.09.16 03:10:48.774,1.4,1.4003,1.75,1.07
2015.09.16 03:10:49.990,1.40007,1.4003,1.57,1.00
2015.09.16 03:11:01.874,1.40005,1.40029,1.12,1.00
2015.09.16 03:11:02.488,1.40005,1.40029,1.50,1.00
2015.09.16 03:11:09.345,1.40005,1.4003,2.25,1.00
2015.09.16 03:11:12.869,1.40008,1.40032,1.07,1.07
2015.09.16 03:11:34.281,1.40015,1.40031,1.00,1.10
2015.09.16 03:11:34.813,1.40015,1.40035,1.00,1.12
2015.09.16 03:11:36.563,1.40012,1.40035,1.10,1.12
2015.09.16 03:11:37.203,1.4001,1.40032,1.07,1.00
2015.09.16 03:11:49.739,1.4001,1.40031,1.07,1.00
2015.09.16 03:12:23.251,1.40008,1.40031,1.57,1.07
2015.09.16 03:12:29.073,1.40009,1.40031,1.00,1.07
2015.09.16 03:12:40.511,1.40008,1.40031,1.57,1.07
2015.09.16 03:13:18.683,1.40008,1.40037,1.57,2.25
2015.09.16 03:14:20.874,1.40007,1.40032,1.07,1.15
2015.09.16 03:14:21.399,1.40007,1.4003,1.07,1.15
2015.09.16 03:14:22.237,1.40007,1.4003,1.07,1.15
2015.09.16 03:14:22.576,1.40002,1.40022,1.75,1.00
2015.09.16 03:14:22.627,1.40001,1.40022,1.12,1.00
2015.09.16 03:14:22.780,1.39999,1.40022,1.37,1.05
2015.09.16 03:14:22.881,1.4,1.40025,1.12,1.00
2015.09.16 03:14:23.407,1.4,1.40026,1.12,1.50
2015.09.16 03:14:23.809,1.4,1.40024,1.12,1.00
2015.09.16 03:14:24.348,1.39999,1.40024,1.87,1.10
2015.09.16 03:14:24.880,1.40001,1.40025,1.07,1.00
2015.09.16 03:14:25.399,1.4,1.40027,1.07,1.07
2015.09.16 03:14:25.786,1.39998,1.40024,1.37,1.00
2015.09.16 03:14:26.225,1.39999,1.40026,1.87,1.10
2015.09.16 03:14:27.673,1.39999,1.40028,1.37,1.57
2015.09.16 03:14:31.285,1.40001,1.40028,1.37,1.00
2015.09.16 03:14:32.543,1.40002,1.4003,1.12,1.07
2015.09.16 03:14:32.889,1.40001,1.4002,1.37,1.00
2015.09.16 03:14:32.940,1.39997,1.4002,1.50,1.00
2015.09.16 03:14:33.192,1.39999,1.40022,1.12,1.00
2015.09.16 03:14:33.344,1.40003,1.40026,1.00,1.10
2015.09.16 03:14:33.395,1.40003,1.40026,1.12,1.00
2015.09.16 03:14:33.706,1.40004,1.4003,1.07,1.10
2015.09.16 03:14:35.580,1.40005,1.40029,1.57,1.00
2015.09.16 03:14:35.731,1.40002,1.40029,2.25,1.12
2015.09.16 03:14:35.923,1.40001,1.40029,1.57,2.30
2015.09.16 03:14:36.024,1.40001,1.40025,1.10,1.10
2015.09.16 03:14:36.125,1.39999,1.40025,1.07,1.07
2015.09.16 03:14:37.021,1.40002,1.40024,1.00,1.07
2015.09.16 03:14:37.361,1.40002,1.40026,1.50,1.10
2015.09.16 03:14:37.690,1.40003,1.40026,1.07,1.10
2015.09.16 03:14:45.389,1.40003,1.40028,1.87,1.57
2015.09.16 03:14:45.944,1.40003,1.40026,1.12,1.00
2015.09.16 03:14:47.561,1.40003,1.40023,1.12,1.00
2015.09.16 03:14:47.763,1.39997,1.40018,1.12,1.00
2015.09.16 03:14:48.305,1.39994,1.40018,2.25,1.10
2015.09.16 03:14:48.674,1.39996,1.4002,2.62,1.00
2015.09.16 03:14:49.245,1.39996,1.4002,2.25,1.00
2015.09.16 03:14:51.090,1.39996,1.40022,1.50,1.10
2015.09.16 03:14:53.809,1.39997,1.40021,1.12,1.00
2015.09.16 03:14:55.962,1.39997,1.40021,1.50,1.00
2015.09.16 03:14:56.393,1.4,1.40021,1.37,1.00
2015.09.16 03:14:56.696,1.40001,1.40025,1.12,1.00
2015.09.16 03:14:57.053,1.40001,1.40025,2.25,1.00
2015.09.16 03:14:57.703,1.40001,1.40022,2.25,1.00
2015.09.16 03:14:57.885,1.40002,1.40028,1.37,1.10
2015.09.16 03:15:00.082,1.40002,1.40026,1.37,1.00
2015.09.16 03:15:02.387,1.40001,1.40027,2.25,1.00
2015.09.16 03:15:07.932,1.40007,1.40027,1.00,1.00
2015.09.16 03:15:16.375,1.40007,1.40026,1.00,1.00
2015.09.16 03:15:17.576,1.40007,1.40028,1.00,1.10
2015.09.16 03:15:18.666,1.40007,1.40027,1.00,1.00
2015.09.16 03:15:20.358,1.40006,1.40027,1.10,1.00
2015.09.16 03:15:20.459,1.40006,1.40025,1.10,1.00
2015.09.16 03:15:21.434,1.40004,1.40022,1.07,1.00
2015.09.16 03:15:21.484,1.40003,1.40022,1.10,1.00
2015.09.16 03:15:25.046,1.40003,1.40024,1.10,1.00
2015.09.16 03:15:25.926,1.40004,1.40024,1.00,1.00
2015.09.16 03:15:26.484,1.40004,1.4003,1.07,1.87
2015.09.16 03:15:33.617,1.40006,1.4003,1.00,1.12
2015.09.16 03:15:33.718,1.40006,1.4003,1.07,1.10
2015.09.16 03:15:35.207,1.40009,1.40033,1.00,1.12
2015.09.16 03:15:36.431,1.40009,1.40033,1.00,1.37
2015.09.16 03:15:36.612,1.40007,1.40031,1.10,1.07
2015.09.16 03:15:42.933,1.40007,1.40031,1.57,1.10
2015.09.16 03:15:45.927,1.40007,1.40033,1.50,1.12
2015.09.16 03:15:47.380,1.40008,1.40033,1.00,1.12
2015.09.16 03:15:47.431,1.40008,1.40033,1.10,1.07
2015.09.16 03:15:48.446,1.40008,1.40034,1.07,1.07
2015.09.16 03:15:50.217,1.40008,1.40033,1.00,1.07
2015.09.16 03:15:50.756,1.40006,1.40033,1.57,1.07
2015.09.16 03:15:55.351,1.40009,1.40033,1.00,1.07
2015.09.16 03:15:55.861,1.40009,1.40035,1.00,1.12
2015.09.16 03:15:56.935,1.4001,1.40035,1.00,1.12
2015.09.16 03:15:57.318,1.4001,1.40028,1.00,1.00
2015.09.16 03:15:57.621,1.39996,1.40019,1.75,1.00
2015.09.16 03:15:57.671,1.39996,1.40019,1.37,1.00
2015.09.16 03:15:58.137,1.40002,1.40024,1.00,1.12
2015.09.16 03:15:58.238,1.40006,1.40028,1.00,1.07
2015.09.16 03:15:58.882,1.40004,1.40032,1.07,1.37
2015.09.16 03:16:29.495,1.40002,1.40027,1.57,1.10
2015.09.16 03:16:30.260,1.40004,1.40027,1.00,1.10
2015.09.16 03:16:30.368,1.40004,1.40026,1.00,1.05
2015.09.16 03:16:30.886,1.40003,1.40026,1.10,1.05
2015.09.16 03:16:31.418,1.40003,1.40024,1.10,1.00
2015.09.16 03:16:32.585,1.40003,1.40023,1.10,1.00
2015.09.16 03:16:40.395,1.40003,1.40024,1.10,1.00
2015.09.16 03:16:41.075,1.40004,1.40024,1.00,1.00
2015.09.16 03:16:42.498,1.40004,1.40023,1.00,1.00
2015.09.16 03:16:59.755,1.40004,1.40025,1.00,1.00
2015.09.16 03:17:00.295,1.40004,1.40025,1.07,1.07
2015.09.16 03:17:01.235,1.40004,1.40025,1.00,1.00
2015.09.16 03:17:02.071,1.40004,1.40026,1.00,1.07
2015.09.16 03:17:07.785,1.40004,1.40025,1.00,1.00
2015.09.16 03:17:09.214,1.40004,1.40026,1.00,1.07
2015.09.16 03:17:10.182,1.40003,1.40026,1.10,1.07
2015.09.16 03:17:22.008,1.40003,1.40029,1.10,1.13
2015.09.16 03:17:35.279,1.40004,1.40029,1.00,1.13
2015.09.16 03:17:45.782,1.40003,1.40029,1.10,1.13
2015.09.16 03:17:46.659,1.40003,1.4003,1.10,1.18
2015.09.16 03:17:46.710,1.40004,1.40031,1.07,1.43
2015.09.16 03:17:50.490,1.40005,1.40032,1.10,1.93
2015.09.16 03:17:51.712,1.40005,1.40032,1.10,1.43
2015.09.16 03:17:56.425,1.40005,1.4003,1.10,1.18
2015.09.16 03:18:19.630,1.40005,1.40032,1.10,1.43
2015.09.16 03:18:19.943,1.40006,1.40033,1.07,1.13
2015.09.16 03:18:21.554,1.40007,1.40033,1.10,1.13
2015.09.16 03:18:24.262,1.40006,1.40032,1.07,1.13
2015.09.16 03:18:30.477,1.40003,1.4003,1.12,1.13
2015.09.16 03:18:32.564,1.40003,1.4003,1.12,1.13
2015.09.16 03:18:35.493,1.40003,1.4003,1.12,1.13
2015.09.16 03:18:44.554,1.40008,1.40033,1.00,1.43
2015.09.16 03:18:44.856,1.4001,1.40035,1.50,1.55
2015.09.16 03:18:44.907,1.4001,1.40035,1.50,1.50
2015.09.16 03:18:44.958,1.4001,1.40035,2.30,1.50
2015.09.16 03:18:45.008,1.4001,1.40035,2.37,1.50
2015.09.16 03:18:45.160,1.40013,1.40039,1.00,1.75
2015.09.16 03:18:45.424,1.40016,1.40039,1.00,2.25
2015.09.16 03:18:45.526,1.40016,1.40039,1.00,2.25
2015.09.16 03:18:45.767,1.40013,1.40037,1.50,2.25
2015.09.16 03:18:45.970,1.40017,1.40037,1.00,1.12
2015.09.16 03:18:50.474,1.40015,1.40037,1.00,1.12
2015.09.16 03:18:50.991,1.40014,1.40037,1.00,1.12
2015.09.16 03:18:51.042,1.40014,1.40037,1.00,1.75
2015.09.16 03:18:51.471,1.40016,1.40037,1.00,1.12
2015.09.16 03:18:57.704,1.40015,1.40038,1.00,1.50
2015.09.16 03:19:04.859,1.40016,1.40038,1.00,1.50
2015.09.16 03:19:06.063,1.40015,1.40038,1.00,1.50
2015.09.16 03:19:10.466,1.40013,1.40037,2.32,1.12
2015.09.16 03:19:26.051,1.40014,1.4003,1.10,1.00
2015.09.16 03:19:26.304,1.40006,1.40025,1.00,1.00
2015.09.16 03:19:26.355,1.40003,1.40025,1.07,1.00
2015.09.16 03:19:26.933,1.40001,1.40026,1.07,1.00
2015.09.16 03:19:27.034,1.40001,1.40029,1.10,2.25
2015.09.16 03:19:27.236,1.40002,1.40029,1.12,1.07
2015.09.16 03:19:28.771,1.40004,1.40029,1.10,1.12
2015.09.16 03:19:43.352,1.40003,1.40025,1.07,1.00
2015.09.16 03:19:44.903,1.40002,1.40023,1.07,1.00
2015.09.16 03:19:44.954,1.40002,1.40023,1.10,1.00
2015.09.16 03:19:45.504,1.40001,1.40024,1.07,1.10
2015.09.16 03:19:52.283,1.40003,1.40025,1.00,1.07
2015.09.16 03:19:52.716,1.40003,1.40031,1.10,1.37
2015.09.16 03:19:53.291,1.40003,1.40031,1.07,1.12
2015.09.16 03:20:42.333,1.40011,1.40031,1.00,1.12
2015.09.16 03:20:42.384,1.40004,1.40031,1.57,1.12
2015.09.16 03:20:42.546,1.40004,1.40031,3.00,1.07
2015.09.16 03:20:43.028,1.40004,1.40034,3.00,2.62
2015.09.16 03:20:43.230,1.40005,1.40034,1.87,1.07
2015.09.16 03:20:43.594,1.40011,1.40037,1.00,1.12
2015.09.16 03:20:44.110,1.40012,1.40037,1.87,1.07
2015.09.16 03:20:44.617,1.40011,1.40037,1.10,1.07
2015.09.16 03:21:52.264,1.40013,1.40037,1.00,1.07
2015.09.16 03:21:52.567,1.40015,1.40038,1.20,1.10
2015.09.16 03:21:52.877,1.40015,1.40037,2.25,1.00
2015.09.16 03:21:52.979,1.40015,1.40037,1.95,1.00
2015.09.16 03:21:53.822,1.40015,1.40036,1.20,1.00
2015.09.16 03:21:53.974,1.40013,1.40036,1.00,1.10
2015.09.16 03:21:54.299,1.40012,1.40035,1.00,1.87
2015.09.16 03:21:54.800,1.40011,1.40034,1.00,1.07
2015.09.16 03:22:01.395,1.40008,1.40034,1.07,1.07
2015.09.16 03:22:07.768,1.40013,1.40036,1.00,1.37
2015.09.16 03:22:07.919,1.40015,1.40036,1.87,1.10
2015.09.16 03:22:08.285,1.40015,1.40036,1.87,1.07
2015.09.16 03:22:10.252,1.40015,1.40036,2.25,1.00
2015.09.16 03:22:11.223,1.40013,1.40036,1.87,1.00
2015.09.16 03:22:11.658,1.40013,1.40036,1.07,1.07
2015.09.16 03:22:12.229,1.40013,1.40036,1.10,1.12
2015.09.16 03:22:13.798,1.40018,1.40037,1.00,1.50
2015.09.16 03:22:14.000,1.4002,1.40039,1.12,1.10
2015.09.16 03:22:14.558,1.4002,1.4004,1.12,1.50
2015.09.16 03:22:14.775,1.4002,1.40037,1.12,1.00
2015.09.16 03:22:14.978,1.40015,1.40037,1.57,1.07
2015.09.16 03:22:19.171,1.40022,1.40037,1.12,1.07
2015.09.16 03:22:19.463,1.40022,1.40041,1.12,1.07
2015.09.16 03:22:26.575,1.40022,1.40037,1.12,1.00
2015.09.16 03:22:26.626,1.40016,1.40037,2.25,1.00
2015.09.16 03:22:26.728,1.40016,1.40037,1.87,1.00
2015.09.16 03:22:26.983,1.40016,1.40037,1.10,1.00
2015.09.16 03:22:27.089,1.40016,1.40037,1.00,1.07
2015.09.16 03:22:27.794,1.40014,1.40037,1.07,1.07
2015.09.16 03:22:30.214,1.40016,1.40038,1.00,1.12
2015.09.16 03:22:40.905,1.40015,1.40038,1.00,1.12
2015.09.16 03:22:41.238,1.40015,1.40038,1.00,3.00
2015.09.16 03:22:45.024,1.40013,1.40035,1.00,1.12
2015.09.16 03:22:45.226,1.4001,1.40035,1.00,1.37
2015.09.16 03:22:45.443,1.40006,1.40032,1.07,1.07
2015.09.16 03:22:45.866,1.40007,1.40028,1.10,1.00
2015.09.16 03:22:46.847,1.40006,1.40027,1.07,1.00
2015.09.16 03:22:54.678,1.40004,1.40029,1.87,1.10
2015.09.16 03:23:57.030,1.40006,1.40028,1.07,1.00
2015.09.16 03:23:57.282,1.40006,1.40028,1.00,1.07
2015.09.16 03:23:57.333,1.40004,1.40028,1.10,1.07
2015.09.16 03:24:00.693,1.40002,1.40028,1.10,1.50
2015.09.16 03:24:02.297,1.40002,1.40028,1.07,1.07
2015.09.16 03:24:02.599,1.40006,1.40028,1.00,1.07
2015.09.16 03:24:12.490,1.40005,1.40029,1.00,1.87
2015.09.16 03:24:29.352,1.40004,1.40025,1.10,1.00
2015.09.16 03:24:29.908,1.40001,1.40024,1.57,1.00
2015.09.16 03:24:30.274,1.40001,1.40024,1.00,1.10
2015.09.16 03:24:30.881,1.4,1.40024,1.10,1.10
2015.09.16 03:24:31.353,1.4,1.40021,1.10,1.00
2015.09.16 03:24:35.729,1.4,1.40024,1.00,1.07
2015.09.16 03:24:50.867,1.40005,1.40026,1.00,1.12
2015.09.16 03:24:51.220,1.40002,1.40028,1.10,2.25
2015.09.16 03:24:54.299,1.40001,1.40023,1.07,1.00
2015.09.16 03:24:54.471,1.39999,1.40023,1.10,1.10
2015.09.16 03:24:56.512,1.39999,1.40022,1.10,1.00
2015.09.16 03:25:22.362,1.39999,1.40021,1.10,1.00
2015.09.16 03:25:40.419,1.39999,1.40019,1.10,1.00
2015.09.16 03:25:41.239,1.39997,1.40019,1.10,1.10
2015.09.16 03:25:41.357,1.39996,1.40017,1.07,1.00
2015.09.16 03:25:41.972,1.39995,1.40017,1.07,1.07
2015.09.16 03:25:42.751,1.39995,1.40017,1.12,1.10
2015.09.16 03:25:43.003,1.39998,1.40019,1.10,1.00
2015.09.16 03:25:43.523,1.39998,1.4002,1.10,1.00
2015.09.16 03:25:53.174,1.39999,1.4002,1.00,1.00
2015.09.16 03:26:01.636,1.39998,1.4002,1.57,1.00
2015.09.16 03:26:02.311,1.39998,1.40021,1.57,1.00
2015.09.16 03:26:04.226,1.39999,1.40021,1.00,1.00
2015.09.16 03:26:13.423,1.39999,1.40022,1.00,1.10
2015.09.16 03:26:29.171,1.39999,1.4002,1.00,1.00
2015.09.16 03:26:29.361,1.39999,1.40022,1.00,1.10
2015.09.16 03:26:29.895,1.4,1.40023,1.00,1.57
2015.09.16 03:26:30.436,1.4,1.40025,1.57,1.57
2015.09.16 03:26:30.487,1.40002,1.40026,1.10,1.10
2015.09.16 03:26:40.590,1.40001,1.40024,1.57,1.00
2015.09.16 03:26:41.099,1.39999,1.40023,1.57,1.10
2015.09.16 03:26:41.927,1.39999,1.40022,1.57,1.00
2015.09.16 03:26:43.001,1.39999,1.40024,1.57,1.57
2015.09.16 03:26:57.592,1.39999,1.40022,1.07,1.00
2015.09.16 03:26:57.794,1.39999,1.40022,1.10,1.50
2015.09.16 03:27:01.610,1.39998,1.40023,1.57,1.10
2015.09.16 03:27:11.520,1.4,1.40024,1.00,1.07
2015.09.16 03:27:14.690,1.39998,1.40023,1.57,1.10
2015.09.16 03:27:15.396,1.39999,1.40022,1.10,1.00
2015.09.16 03:27:20.413,1.39999,1.40021,1.57,1.00
2015.09.16 03:27:32.977,1.39999,1.40022,1.57,1.00
2015.09.16 03:27:34.386,1.39999,1.40023,1.57,1.10
2015.09.16 03:27:36.460,1.39999,1.40022,1.10,1.00
2015.09.16 03:27:37.670,1.39999,1.40021,1.10,1.00
2015.09.16 03:27:40.550,1.39999,1.4002,1.10,1.00
2015.09.16 03:27:43.720,1.39999,1.40021,1.10,1.00
2015.09.16 03:27:44.226,1.39999,1.40021,1.00,1.07
2015.09.16 03:27:51.315,1.39999,1.40019,1.00,1.00
2015.09.16 03:27:53.228,1.39999,1.4002,1.00,1.10
2015.09.16 03:28:02.517,1.39998,1.4002,1.10,1.10
2015.09.16 03:28:02.668,1.39997,1.4002,1.57,1.07
2015.09.16 03:28:03.180,1.39997,1.4002,1.57,1.87
2015.09.16 03:28:37.222,1.39993,1.40015,1.37,1.37
2015.09.16 03:28:37.449,1.39985,1.40012,1.50,1.75
2015.09.16 03:28:37.652,1.3998,1.40007,1.00,1.75
2015.09.16 03:28:37.803,1.39978,1.40006,1.00,1.75
2015.09.16 03:28:38.353,1.39977,1.40003,1.00,1.75
2015.09.16 03:28:39.114,1.39979,1.40002,1.00,1.50
2015.09.16 03:28:39.316,1.39981,1.40009,1.00,2.25
2015.09.16 03:28:39.417,1.39981,1.40009,1.50,1.50
2015.09.16 03:28:41.095,1.3998,1.40005,1.00,1.07
2015.09.16 03:28:41.196,1.39979,1.40003,1.00,1.75
2015.09.16 03:28:41.298,1.39976,1.39999,1.00,1.07
2015.09.16 03:28:41.399,1.39974,1.39999,1.00,2.25
2015.09.16 03:28:41.914,1.39975,1.4,1.50,1.75
2015.09.16 03:28:42.458,1.39974,1.39998,1.00,1.75
2015.09.16 03:28:42.966,1.39973,1.39998,1.50,2.25
2015.09.16 03:28:46.451,1.39973,1.39998,2.25,2.25
2015.09.16 03:28:50.551,1.39973,1.39992,1.00,1.07
2015.09.16 03:28:50.653,1.39969,1.39992,1.00,1.07
2015.09.16 03:28:50.704,1.39966,1.3999,1.07,1.00
2015.09.16 03:28:50.755,1.39966,1.39987,1.00,1.50
2015.09.16 03:28:50.805,1.39964,1.39987,1.00,1.50
2015.09.16 03:28:51.185,1.39964,1.39985,1.00,1.37
2015.09.16 03:28:51.374,1.39959,1.39982,1.50,1.07
2015.09.16 03:28:51.425,1.3996,1.39979,1.00,1.07
2015.09.16 03:28:51.967,1.3996,1.39984,1.50,1.87
2015.09.16 03:28:52.169,1.3996,1.39979,1.50,1.07
2015.09.16 03:28:52.422,1.3996,1.39984,1.00,1.50
2015.09.16 03:28:52.624,1.39963,1.39984,1.00,1.12
2015.09.16 03:28:52.725,1.39963,1.39987,1.10,1.07
2015.09.16 03:28:53.000,1.39963,1.39991,1.10,1.37
2015.09.16 03:28:53.276,1.39965,1.39993,1.00,2.25
2015.09.16 03:28:53.528,1.39965,1.3999,1.07,1.10
2015.09.16 03:28:53.733,1.39966,1.3999,1.12,1.00
2015.09.16 03:28:54.319,1.39966,1.3999,1.37,1.00
2015.09.16 03:28:54.935,1.39966,1.39991,1.37,1.00
2015.09.16 03:28:55.721,1.39966,1.39991,1.00,1.12
2015.09.16 03:28:55.872,1.39964,1.39989,1.10,1.07
2015.09.16 03:28:55.923,1.39964,1.39989,1.00,1.37
2015.09.16 03:28:56.275,1.39963,1.39986,1.00,1.37
2015.09.16 03:28:56.945,1.39963,1.39986,1.00,1.37
2015.09.16 03:28:58.652,1.39962,1.39984,1.00,1.37
2015.09.16 03:29:00.362,1.39963,1.39987,1.00,2.25
2015.09.16 03:29:00.413,1.39963,1.39987,1.00,2.25
2015.09.16 03:29:00.630,1.39963,1.39988,1.00,1.37
2015.09.16 03:29:00.959,1.39963,1.39992,1.57,1.37
2015.09.16 03:29:01.582,1.39964,1.39992,1.00,1.37
2015.09.16 03:29:01.972,1.39965,1.3999,1.07,1.10
2015.09.16 03:29:02.173,1.39966,1.39991,1.07,1.07
2015.09.16 03:29:02.734,1.39967,1.39991,1.07,1.00
2015.09.16 03:29:05.448,1.39967,1.3999,1.07,1.00
2015.09.16 03:29:07.868,1.39967,1.39989,1.07,1.00
2015.09.16 03:29:09.087,1.39967,1.3999,1.57,1.00
2015.09.16 03:29:10.398,1.39967,1.39989,1.57,1.00
2015.09.16 03:29:11.625,1.39967,1.39991,1.57,1.00
2015.09.16 03:29:14.028,1.39967,1.39992,1.57,1.00
2015.09.16 03:29:14.551,1.3997,1.39994,1.00,1.07
2015.09.16 03:29:15.618,1.39971,1.39995,1.00,1.07
2015.09.16 03:29:31.288,1.3997,1.39995,1.00,1.07
2015.09.16 03:29:40.591,1.3997,1.3999,1.00,1.00
2015.09.16 03:29:40.692,1.39964,1.3999,1.10,1.07
2015.09.16 03:29:40.894,1.3996,1.39988,2.32,1.37
2015.09.16 03:29:41.312,1.39964,1.39988,1.00,1.37
2015.09.16 03:29:41.464,1.39964,1.39992,1.07,1.12
2015.09.16 03:29:42.035,1.39966,1.39993,1.10,1.12
2015.09.16 03:29:42.208,1.39966,1.39993,1.07,1.07
2015.09.16 03:29:48.037,1.39966,1.39992,1.87,1.00
2015.09.16 03:29:49.547,1.39966,1.39993,1.87,1.10
2015.09.16 03:30:04.024,1.39979,1.39993,1.00,1.10
2015.09.16 03:30:04.226,1.3998,1.39995,1.00,1.00
2015.09.16 03:30:04.327,1.3998,1.40001,1.07,1.00
2015.09.16 03:30:04.378,1.3998,1.40004,1.07,1.07
2015.09.16 03:30:04.541,1.39984,1.40004,1.00,1.07
2015.09.16 03:30:04.692,1.39984,1.40007,1.07,1.07
2015.09.16 03:30:26.300,1.39986,1.40007,1.00,1.07
2015.09.16 03:30:26.653,1.39987,1.4001,1.07,1.00
2015.09.16 03:30:27.007,1.39987,1.40013,1.07,1.10
2015.09.16 03:30:27.210,1.39993,1.40015,1.00,1.00
2015.09.16 03:30:27.419,1.39993,1.40017,1.07,1.00
2015.09.16 03:30:27.673,1.39995,1.40018,1.12,1.00
2015.09.16 03:30:27.774,1.39995,1.4002,1.12,1.10
2015.09.16 03:30:28.452,1.39993,1.4002,2.25,1.00
2015.09.16 03:30:29.203,1.39996,1.40022,1.12,1.00
2015.09.16 03:30:32.602,1.39997,1.40023,1.07,1.10
2015.09.16 03:30:39.005,1.39998,1.40023,1.00,1.37
2015.09.16 03:30:40.037,1.39996,1.40023,1.10,1.37
2015.09.16 03:30:42.618,1.39997,1.40023,1.00,1.37
2015.09.16 03:30:47.914,1.39999,1.40023,1.00,1.37
2015.09.16 03:31:00.416,1.39997,1.40023,1.00,1.37
2015.09.16 03:31:02.882,1.39996,1.40021,1.10,1.12
2015.09.16 03:31:08.310,1.39997,1.40021,1.00,1.12
2015.09.16 03:31:11.937,1.39996,1.40021,1.10,1.12
2015.09.16 03:31:16.045,1.40004,1.40022,1.00,1.07
2015.09.16 03:31:16.248,1.4001,1.4003,1.50,1.07
2015.09.16 03:31:16.298,1.4001,1.40033,1.50,1.75
2015.09.16 03:31:16.725,1.40011,1.40029,1.00,1.07
2015.09.16 03:31:16.777,1.40009,1.40029,1.00,1.07
2015.09.16 03:31:17.151,1.40009,1.4003,1.00,1.10
2015.09.16 03:31:17.475,1.40006,1.4003,1.10,1.10
2015.09.16 03:31:17.526,1.40006,1.40028,1.10,1.00
2015.09.16 03:31:21.177,1.40008,1.40028,1.00,1.00
2015.09.16 03:31:22.387,1.40007,1.40028,1.00,1.00
2015.09.16 03:31:24.696,1.40005,1.40028,1.07,1.00
2015.09.16 03:31:34.513,1.40007,1.40028,1.00,1.00
2015.09.16 03:31:35.719,1.40006,1.40028,1.10,1.00
2015.09.16 03:31:59.933,1.40007,1.40028,1.00,1.10
2015.09.16 03:32:15.156,1.40007,1.4003,1.00,1.07
2015.09.16 03:32:19.516,1.40007,1.4003,1.00,1.12
2015.09.16 03:32:23.998,1.40006,1.40028,1.00,1.07
2015.09.16 03:32:34.472,1.40004,1.40028,1.00,1.07
2015.09.16 03:32:36.965,1.40003,1.40028,1.10,1.07
2015.09.16 03:32:38.203,1.40004,1.40028,1.00,1.07
2015.09.16 03:32:39.385,1.40003,1.40028,1.10,1.07
2015.09.16 03:32:43.785,1.40005,1.40028,1.00,1.07
2015.09.16 03:32:44.996,1.40004,1.40027,1.00,1.10
2015.09.16 03:32:55.507,1.40004,1.40027,1.00,1.07
2015.09.16 03:32:57.685,1.40004,1.40028,1.00,1.37
2015.09.16 03:32:57.755,1.40002,1.40028,1.00,1.37
2015.09.16 03:32:58.484,1.40002,1.40028,1.00,1.12
2015.09.16 03:32:58.979,1.40004,1.40028,1.00,1.12
2015.09.16 03:33:08.117,1.40005,1.40028,1.00,1.12
2015.09.16 03:33:11.205,1.40004,1.40028,1.00,1.12
2015.09.16 03:33:26.638,1.40004,1.40028,1.00,1.50
2015.09.16 03:33:27.455,1.40003,1.40028,1.00,1.50
2015.09.16 03:33:29.675,1.40002,1.40028,1.00,1.50
2015.09.16 03:33:32.093,1.40001,1.40028,1.50,1.50
2015.09.16 03:33:33.376,1.40002,1.40028,1.00,1.50
2015.09.16 03:33:33.595,1.40002,1.40028,1.07,1.12
2015.09.16 03:33:33.695,1.40002,1.40028,1.12,1.07
2015.09.16 03:33:34.201,1.40004,1.40028,1.07,1.00
2015.09.16 03:33:38.617,1.40003,1.40028,1.07,1.10
2015.09.16 03:33:39.382,1.40002,1.40027,1.07,1.00
2015.09.16 03:33:41.574,1.40002,1.40029,1.07,1.07
2015.09.16 03:34:02.382,1.40002,1.40028,1.07,1.07
2015.09.16 03:34:09.628,1.40005,1.40029,1.00,1.07
2015.09.16 03:34:13.325,1.40006,1.40029,1.00,1.07
2015.09.16 03:34:14.205,1.40005,1.40029,1.00,1.07
2015.09.16 03:34:15.414,1.40008,1.40029,1.00,1.07
2015.09.16 03:34:19.266,1.40006,1.40029,1.00,1.07
2015.09.16 03:34:19.785,1.40006,1.40029,1.00,1.12
2015.09.16 03:34:20.475,1.40005,1.40029,1.00,1.12
2015.09.16 03:34:20.742,1.40001,1.40029,1.07,1.37
2015.09.16 03:34:59.355,1.4,1.40028,1.87,1.07
2015.09.16 03:35:22.772,1.40001,1.40028,1.07,1.07
2015.09.16 03:35:23.638,1.40003,1.40028,1.00,1.07
2015.09.16 03:35:26.224,1.40003,1.40029,1.57,1.07
2015.09.16 03:35:27.871,1.40002,1.40026,1.07,1.00
2015.09.16 03:35:27.972,1.39999,1.40026,1.07,1.12
2015.09.16 03:35:29.715,1.39998,1.40024,1.07,1.12
2015.09.16 03:35:48.404,1.39996,1.40023,1.57,1.07
2015.09.16 03:35:56.616,1.39999,1.40022,1.00,1.07
2015.09.16 03:35:56.945,1.39992,1.40019,1.57,1.63
2015.09.16 03:35:58.052,1.39996,1.40019,1.00,1.63
2015.09.16 03:35:58.372,1.39992,1.40018,1.07,1.12
2015.09.16 03:35:58.998,1.39992,1.40018,1.10,1.50
2015.09.16 03:36:00.976,1.39992,1.4002,1.12,3.43
2015.09.16 03:36:04.180,1.39992,1.40019,2.25,1.63
2015.09.16 03:36:04.688,1.39995,1.40019,1.07,1.55
2015.09.16 03:36:06.450,1.39995,1.40019,1.07,1.63
2015.09.16 03:36:22.634,1.39996,1.40023,1.07,1.13
2015.09.16 03:36:22.937,1.4,1.40024,1.00,1.13
2015.09.16 03:36:23.641,1.4,1.40024,1.10,1.13
2015.09.16 03:36:24.142,1.40001,1.40024,1.00,1.13
2015.09.16 03:36:27.642,1.40003,1.40024,1.00,1.13
2015.09.16 03:36:29.643,1.40002,1.40024,1.00,1.13
2015.09.16 03:36:30.214,1.40002,1.40024,1.00,1.13
2015.09.16 03:36:30.315,1.4,1.40024,1.57,1.13
2015.09.16 03:36:30.554,1.39998,1.40022,1.10,1.15
2015.09.16 03:36:40.761,1.39998,1.40022,1.07,1.15
2015.09.16 03:36:41.050,1.40001,1.40028,1.07,1.57
2015.09.16 03:36:41.101,1.40001,1.40028,1.50,1.57
2015.09.16 03:36:41.454,1.40005,1.4003,1.75,1.00
2015.09.16 03:36:41.656,1.40005,1.4003,1.37,1.00
2015.09.16 03:36:42.193,1.40009,1.40034,1.07,1.10
2015.09.16 03:36:42.445,1.40009,1.40042,1.07,1.37
2015.09.16 03:36:42.756,1.40007,1.40033,1.87,1.07
2015.09.16 03:36:43.008,1.40008,1.40035,1.07,1.07
2015.09.16 03:36:44.323,1.40008,1.40033,1.07,1.00
2015.09.16 03:36:47.952,1.40007,1.40033,1.07,1.10
2015.09.16 03:36:50.925,1.40009,1.40033,1.07,1.10
2015.09.16 03:36:52.228,1.40008,1.40033,1.07,1.07
2015.09.16 03:36:52.879,1.40008,1.40033,1.10,1.12
2015.09.16 03:36:55.982,1.40008,1.40033,1.07,1.07
2015.09.16 03:37:00.462,1.4001,1.40033,1.07,1.00
2015.09.16 03:37:02.353,1.4001,1.40033,1.12,1.00
2015.09.16 03:37:02.962,1.4001,1.40033,1.07,1.00
2015.09.16 03:37:04.216,1.40012,1.40035,1.07,1.00
2015.09.16 03:37:04.765,1.40012,1.40034,1.07,1.00
2015.09.16 03:37:05.417,1.40012,1.40034,1.12,1.00
2015.09.16 03:37:05.954,1.40012,1.40032,1.12,1.00
2015.09.16 03:37:06.223,1.40012,1.40035,1.12,1.00
2015.09.16 03:37:09.482,1.40014,1.40035,1.37,1.00
2015.09.16 03:37:09.707,1.40014,1.40035,1.07,1.00
2015.09.16 03:37:16.741,1.40016,1.40035,1.07,1.00
2015.09.16 03:37:17.344,1.40016,1.40035,1.12,1.00
2015.09.16 03:37:17.401,1.40016,1.40035,1.07,1.00
2015.09.16 03:37:17.910,1.40016,1.40035,1.07,1.00
2015.09.16 03:37:17.961,1.40016,1.40035,1.00,1.00
2015.09.16 03:37:18.462,1.40015,1.40035,1.57,1.00
2015.09.16 03:37:24.039,1.40015,1.40035,1.87,1.00
2015.09.16 03:37:24.220,1.40015,1.40035,1.57,1.00
2015.09.16 03:37:24.467,1.40015,1.40035,1.57,1.00
2015.09.16 03:37:24.995,1.40016,1.40035,1.07,1.00
2015.09.16 03:37:25.210,1.40016,1.40035,1.00,1.00
2015.09.16 03:37:28.212,1.40016,1.40035,1.57,1.00
2015.09.16 03:37:28.719,1.40016,1.40035,1.87,1.00
2015.09.16 03:37:28.769,1.40016,1.40035,1.57,1.00
2015.09.16 03:37:29.173,1.40013,1.40029,1.07,1.00
2015.09.16 03:37:29.375,1.40009,1.40035,1.75,1.50
2015.09.16 03:37:29.893,1.40011,1.40035,1.07,1.10
2015.09.16 03:37:30.466,1.40011,1.40035,1.10,1.07
2015.09.16 03:37:32.315,1.4001,1.40032,1.57,1.00
2015.09.16 03:37:32.645,1.40009,1.4003,1.07,1.00
2015.09.16 03:37:34.713,1.40007,1.4003,2.62,1.57
2015.09.16 03:37:35.702,1.40009,1.40035,1.07,2.32
2015.09.16 03:37:36.779,1.40015,1.40037,1.00,1.50
2015.09.16 03:37:36.881,1.40015,1.40038,1.12,1.07
2015.09.16 03:37:36.982,1.40015,1.40038,1.50,1.00
2015.09.16 03:37:37.083,1.40017,1.4004,1.12,2.25
2015.09.16 03:37:37.234,1.40017,1.4004,1.50,2.25
2015.09.16 03:37:37.569,1.40019,1.4004,1.50,1.00
2015.09.16 03:37:37.670,1.40019,1.4004,1.37,1.00
2015.09.16 03:37:37.771,1.40019,1.4004,1.50,1.00
2015.09.16 03:37:37.872,1.40022,1.40048,1.07,1.10
2015.09.16 03:37:38.017,1.40024,1.40048,1.12,1.00
2015.09.16 03:37:38.067,1.40025,1.40052,1.07,1.57
2015.09.16 03:37:38.642,1.40025,1.40052,1.87,1.10
2015.09.16 03:37:43.866,1.40021,1.4005,2.25,2.77
2015.09.16 03:37:44.169,1.40021,1.40046,3.67,1.00
2015.09.16 03:37:44.421,1.40027,1.40053,1.12,1.00
2015.09.16 03:37:45.239,1.40029,1.40053,1.07,1.07
2015.09.16 03:37:47.674,1.40029,1.4005,1.00,1.07
2015.09.16 03:37:47.957,1.40022,1.40048,2.25,1.10
2015.09.16 03:37:51.530,1.40022,1.40045,1.50,1.00
2015.09.16 03:37:51.851,1.40026,1.40039,1.00,1.00
2015.09.16 03:37:51.902,1.40022,1.40044,1.07,1.00
2015.09.16 03:37:52.003,1.40022,1.40046,1.07,1.00
2015.09.16 03:37:52.642,1.40022,1.40048,1.07,1.07
2015.09.16 03:37:53.534,1.40022,1.40044,1.07,1.00
2015.09.16 03:37:53.837,1.40025,1.40039,1.00,1.00
2015.09.16 03:37:53.887,1.40017,1.40039,3.00,1.00
2015.09.16 03:37:54.421,1.4002,1.40044,1.12,1.10
2015.09.16 03:37:54.472,1.4002,1.40047,1.87,1.10
2015.09.16 03:37:55.954,1.40024,1.40048,1.50,1.07
2015.09.16 03:37:56.055,1.40026,1.40048,1.07,1.00
2015.09.16 03:37:56.207,1.40025,1.40054,1.12,1.37
2015.09.16 03:37:56.459,1.4003,1.40056,1.10,1.37
2015.09.16 03:37:56.762,1.40033,1.4006,1.07,1.37
2015.09.16 03:37:56.913,1.40034,1.40061,1.57,1.07
2015.09.16 03:37:57.065,1.40037,1.40064,1.50,1.87
2015.09.16 03:37:57.267,1.40037,1.40063,1.10,1.07
2015.09.16 03:37:57.418,1.40039,1.40065,1.00,1.37
2015.09.16 03:37:57.469,1.40039,1.40065,1.10,1.07
2015.09.16 03:37:57.570,1.40039,1.40066,1.87,1.07
2015.09.16 03:37:57.925,1.40041,1.40068,1.37,1.07
2015.09.16 03:37:58.228,1.40044,1.40072,1.07,1.07
2015.09.16 03:37:58.279,1.40047,1.40074,1.00,1.12
2015.09.16 03:37:58.655,1.40048,1.40075,1.50,1.07
2015.09.16 03:37:58.958,1.40051,1.40074,1.00,1.10
2015.09.16 03:37:59.311,1.40056,1.40078,1.00,1.37
2015.09.16 03:38:00.452,1.40056,1.40078,1.00,1.37
2015.09.16 03:38:00.564,1.40053,1.40077,1.00,1.37
2015.09.16 03:38:00.615,1.40048,1.40069,1.12,2.76
2015.09.16 03:38:00.917,1.40035,1.40061,1.75,1.00
2015.09.16 03:38:00.968,1.40035,1.40061,1.12,1.00
2015.09.16 03:38:01.523,1.40036,1.40064,1.07,1.07
2015.09.16 03:38:01.973,1.40036,1.40064,1.57,1.37
2015.09.16 03:38:02.304,1.40039,1.40064,1.00,1.37
2015.09.16 03:38:03.768,1.40038,1.40063,1.00,1.37
2015.09.16 03:38:04.121,1.40036,1.40059,1.00,1.07
2015.09.16 03:38:04.672,1.40036,1.40059,1.00,1.57
2015.09.16 03:38:05.176,1.40036,1.40059,1.00,1.87
2015.09.16 03:38:05.327,1.4003,1.40054,3.07,1.00
2015.09.16 03:38:05.378,1.4003,1.40051,2.32,1.00
2015.09.16 03:38:05.589,1.4003,1.4005,1.50,1.00
2015.09.16 03:38:05.640,1.40023,1.40041,1.75,1.00
2015.09.16 03:38:05.691,1.40023,1.40041,1.07,1.00
2015.09.16 03:38:05.792,1.40023,1.40039,1.07,1.00
2015.09.16 03:38:05.951,1.40021,1.40041,1.00,1.00
2015.09.16 03:38:06.002,1.40021,1.40038,1.00,1.00
2015.09.16 03:38:06.120,1.40016,1.40043,1.37,1.57
2015.09.16 03:38:06.272,1.40016,1.40043,1.07,1.57
2015.09.16 03:38:06.322,1.40013,1.40035,1.50,1.00
2015.09.16 03:38:06.474,1.40013,1.40041,1.12,1.07
2015.09.16 03:38:07.072,1.40017,1.4004,1.00,1.07
2015.09.16 03:38:07.457,1.40009,1.40038,1.00,2.25
2015.09.16 03:38:07.507,1.40003,1.40032,1.12,1.37
2015.09.16 03:38:07.709,1.40006,1.40033,1.00,1.75
2015.09.16 03:38:07.810,1.40006,1.40033,1.50,1.75
2015.09.16 03:38:07.861,1.40012,1.40033,1.00,1.75
2015.09.16 03:38:08.013,1.40012,1.40033,1.00,1.37
2015.09.16 03:38:08.114,1.40014,1.40034,1.00,1.37
2015.09.16 03:38:08.226,1.4001,1.40034,1.00,1.37
2015.09.16 03:38:08.869,1.40011,1.40036,1.00,2.25
2015.09.16 03:38:10.090,1.40011,1.40036,1.00,1.87
2015.09.16 03:38:10.622,1.4001,1.40036,1.00,1.87
2015.09.16 03:38:11.704,1.4001,1.40035,1.00,1.75
2015.09.16 03:38:12.192,1.4001,1.40035,1.00,1.37
2015.09.16 03:38:14.744,1.4001,1.40038,1.10,1.50
2015.09.16 03:38:14.946,1.40011,1.40039,1.12,1.07
2015.09.16 03:38:15.265,1.40017,1.40044,1.07,1.07
2015.09.16 03:38:15.567,1.40021,1.40048,1.00,1.37
2015.09.16 03:38:15.870,1.40022,1.40049,1.50,1.10
2015.09.16 03:38:17.173,1.4002,1.40049,1.50,1.07
2015.09.16 03:38:18.068,1.40017,1.4004,1.75,1.00
2015.09.16 03:38:18.270,1.40018,1.4004,1.00,1.57
2015.09.16 03:38:18.371,1.40012,1.40039,1.07,1.07
2015.09.16 03:38:18.472,1.40011,1.40038,1.07,1.12
2015.09.16 03:38:19.008,1.40011,1.40038,1.07,1.50
2015.09.16 03:38:20.695,1.4001,1.40037,1.57,1.50
2015.09.16 03:38:25.709,1.4001,1.40037,1.57,1.07
2015.09.16 03:38:25.810,1.40017,1.40037,1.00,1.07
2015.09.16 03:38:26.114,1.40025,1.40052,1.75,1.10
2015.09.16 03:38:26.165,1.40026,1.40053,1.75,1.00
2015.09.16 03:38:26.215,1.40029,1.40057,1.75,1.00
2015.09.16 03:38:26.266,1.40029,1.40057,1.75,1.00
2015.09.16 03:38:26.317,1.40029,1.40059,1.75,1.50
2015.09.16 03:38:26.620,1.40032,1.4006,1.75,1.00
2015.09.16 03:38:26.828,1.40031,1.40055,1.00,1.10
2015.09.16 03:38:26.929,1.40026,1.40055,1.75,1.00
2015.09.16 03:38:27.233,1.40022,1.4005,1.75,1.00
2015.09.16 03:38:27.487,1.40019,1.40049,1.50,1.12
2015.09.16 03:38:29.230,1.40019,1.40048,1.12,1.07
2015.09.16 03:38:30.224,1.4002,1.40047,1.75,1.00
2015.09.16 03:38:30.477,1.40021,1.40051,1.75,1.07
2015.09.16 03:38:31.538,1.40021,1.40046,1.75,1.00
2015.09.16 03:38:31.691,1.40015,1.40039,1.07,1.07
2015.09.16 03:38:31.993,1.40011,1.40039,1.12,1.57
2015.09.16 03:38:32.200,1.40009,1.40039,1.50,3.00
2015.09.16 03:38:34.310,1.40017,1.40038,1.00,1.12
2015.09.16 03:38:34.613,1.40025,1.4004,1.00,1.00
2015.09.16 03:38:34.776,1.40025,1.40052,1.50,1.00
2015.09.16 03:38:34.928,1.40027,1.40054,1.12,1.10
2015.09.16 03:38:34.979,1.40027,1.40054,1.07,1.12
2015.09.16 03:38:35.563,1.40021,1.40049,2.25,1.00
2015.09.16 03:38:35.765,1.40021,1.40049,1.12,1.07
2015.09.16 03:38:36.673,1.40017,1.40047,1.75,1.00
2015.09.16 03:38:36.724,1.40017,1.40047,1.75,1.07
2015.09.16 03:38:36.975,1.40017,1.40047,1.37,1.07
2015.09.16 03:38:37.076,1.40017,1.40038,1.37,1.00
2015.09.16 03:38:37.177,1.40013,1.40038,1.10,1.12
2015.09.16 03:38:38.511,1.40011,1.40038,1.10,2.25
2015.09.16 03:38:41.263,1.40011,1.40038,1.57,2.25
2015.09.16 03:38:41.899,1.40011,1.40037,1.00,1.12
2015.09.16 03:38:42.419,1.40011,1.40037,1.00,1.50
2015.09.16 03:38:43.376,1.40012,1.40038,1.00,1.82
2015.09.16 03:38:43.426,1.40014,1.40038,1.07,1.07
2015.09.16 03:38:43.578,1.40014,1.4004,1.12,1.05
2015.09.16 03:38:44.189,1.40015,1.40043,1.12,1.13
2015.09.16 03:38:50.596,1.40015,1.40043,1.12,1.13
2015.09.16 03:38:53.129,1.40016,1.40045,1.07,1.93
2015.09.16 03:38:53.442,1.40016,1.40045,1.75,1.63
2015.09.16 03:38:57.619,1.4002,1.40047,1.07,1.07
2015.09.16 03:38:57.721,1.4002,1.40047,1.75,1.00
2015.09.16 03:38:57.772,1.40021,1.4005,1.75,1.10
2015.09.16 03:38:57.974,1.40021,1.4005,1.75,1.00
2015.09.16 03:38:58.024,1.40026,1.40055,1.75,1.07
2015.09.16 03:38:58.075,1.40026,1.40055,1.75,1.00
2015.09.16 03:38:58.277,1.40028,1.40055,1.37,1.07
2015.09.16 03:38:58.395,1.40028,1.40055,1.75,1.00
2015.09.16 03:38:58.752,1.40028,1.40055,1.87,1.07
2015.09.16 03:38:59.817,1.40028,1.40053,1.37,1.00
2015.09.16 03:38:59.868,1.40027,1.40049,1.50,1.00
2015.09.16 03:39:00.171,1.40016,1.40044,1.75,1.00
2015.09.16 03:39:00.222,1.40025,1.40048,1.75,1.00
2015.09.16 03:39:00.452,1.40026,1.40055,1.50,1.07
2015.09.16 03:39:01.936,1.40026,1.40053,1.07,1.37
2015.09.16 03:39:02.470,1.40024,1.40051,1.07,1.12
2015.09.16 03:39:05.244,1.40022,1.40049,1.07,1.87
2015.09.16 03:39:10.165,1.40023,1.4005,1.07,1.57
2015.09.16 03:39:10.521,1.40024,1.40051,1.50,1.00
2015.09.16 03:39:10.900,1.40025,1.40054,1.37,1.07
2015.09.16 03:39:11.626,1.40027,1.40056,1.37,1.12
2015.09.16 03:39:11.919,1.40027,1.40056,1.50,1.10
2015.09.16 03:39:12.727,1.40027,1.40056,1.37,1.12
2015.09.16 03:39:20.717,1.40028,1.40057,2.25,1.10
2015.09.16 03:39:24.481,1.40029,1.40058,1.75,1.00
2015.09.16 03:39:26.661,1.4003,1.40058,1.75,1.00
2015.09.16 03:39:35.324,1.40035,1.40064,1.07,1.37
2015.09.16 03:39:35.480,1.40036,1.40064,1.75,1.00
2015.09.16 03:39:35.531,1.40042,1.40071,1.07,1.37
2015.09.16 03:39:35.920,1.40043,1.40072,1.75,1.07
2015.09.16 03:39:36.223,1.40044,1.40073,2.25,1.00
2015.09.16 03:39:36.274,1.40047,1.40076,1.37,1.07
2015.09.16 03:39:40.752,1.40049,1.40076,1.37,1.07
2015.09.16 03:39:53.022,1.40049,1.40069,1.37,1.00
2015.09.16 03:39:53.182,1.40043,1.40069,1.12,1.57
2015.09.16 03:39:53.384,1.40041,1.40068,1.07,1.07
2015.09.16 03:39:53.636,1.40037,1.40066,1.75,1.07
2015.09.16 03:39:56.166,1.40043,1.40069,1.37,1.00
2015.09.16 03:39:56.469,1.40047,1.40074,1.12,1.10
2015.09.16 03:39:56.721,1.40048,1.40077,1.37,1.12
2015.09.16 03:39:56.923,1.40047,1.40074,1.07,1.07
2015.09.16 03:39:57.125,1.40047,1.40074,1.37,1.07
2015.09.16 03:39:57.228,1.40047,1.40074,1.07,1.07
2015.09.16 03:40:02.618,1.40045,1.40074,1.37,1.12
2015.09.16 03:40:11.436,1.40044,1.40071,1.07,1.12
2015.09.16 03:40:11.652,1.40042,1.40071,1.00,2.25
2015.09.16 03:40:12.006,1.40037,1.40066,1.07,1.12
2015.09.16 03:40:12.208,1.40037,1.40066,1.07,1.37
2015.09.16 03:40:13.215,1.40037,1.40065,1.10,1.37
2015.09.16 03:40:13.667,1.40037,1.40059,1.10,1.00
2015.09.16 03:40:14.749,1.40036,1.40059,1.10,1.07
2015.09.16 03:40:16.952,1.40033,1.40058,1.00,1.50
2015.09.16 03:40:17.104,1.40029,1.40056,1.07,1.07
2015.09.16 03:40:17.154,1.40029,1.40055,1.10,1.50
2015.09.16 03:40:18.478,1.40028,1.40053,1.00,1.07
2015.09.16 03:40:25.869,1.40028,1.40055,1.07,1.57
2015.09.16 03:40:26.462,1.40029,1.40055,1.07,1.10
2015.09.16 03:40:36.057,1.40028,1.40055,1.07,1.07
2015.09.16 03:40:49.719,1.40028,1.40057,1.12,1.07
2015.09.16 03:40:49.923,1.40031,1.40058,1.37,1.07
2015.09.16 03:40:50.242,1.40033,1.4006,1.07,1.07
2015.09.16 03:40:50.494,1.40035,1.40062,1.12,1.10
2015.09.16 03:41:01.724,1.40037,1.40064,1.07,1.07
2015.09.16 03:41:56.907,1.40037,1.40065,1.12,1.12
2015.09.16 03:42:29.833,1.40041,1.40069,1.00,2.25
2015.09.16 03:42:29.934,1.40041,1.40069,1.75,1.57
2015.09.16 03:42:30.592,1.40046,1.40074,1.12,1.07
2015.09.16 03:42:30.702,1.40048,1.40076,1.37,1.10
2015.09.16 03:42:39.274,1.40049,1.40075,1.12,1.00
2015.09.16 03:42:39.605,1.40042,1.4007,1.75,1.00
2015.09.16 03:42:39.707,1.40046,1.40076,1.50,1.07
2015.09.16 03:42:39.808,1.40046,1.40076,1.75,1.07
2015.09.16 03:42:46.877,1.40044,1.40072,2.25,1.00
2015.09.16 03:42:46.978,1.40044,1.40069,1.87,1.00
2015.09.16 03:42:53.665,1.4004,1.40069,1.75,1.00
2015.09.16 03:43:38.765,1.4004,1.40069,1.75,1.07
2015.09.16 03:44:08.406,1.4004,1.40066,1.75,1.50
2015.09.16 03:44:08.507,1.4004,1.40066,1.10,1.87
2015.09.16 03:44:08.709,1.40034,1.40064,1.07,1.37
2015.09.16 03:44:09.292,1.40032,1.4006,1.12,1.07
2015.09.16 03:44:11.122,1.40036,1.40064,1.00,1.37
2015.09.16 03:44:11.223,1.40036,1.40064,1.07,1.07
2015.09.16 03:44:39.735,1.40037,1.40067,1.12,1.87
2015.09.16 03:46:29.942,1.40035,1.40068,1.75,2.25
2015.09.16 03:47:24.941,1.40036,1.40064,1.50,1.10
2015.09.16 03:47:41.768,1.40037,1.40058,1.12,1.00
2015.09.16 03:47:42.020,1.40036,1.40058,1.10,1.10
2015.09.16 03:47:43.469,1.40035,1.40065,1.75,1.87
2015.09.16 03:47:43.970,1.40036,1.40066,1.75,2.62
2015.09.16 03:48:15.524,1.40043,1.40066,1.00,1.87
2015.09.16 03:48:15.924,1.40043,1.40065,1.12,1.10
2015.09.16 03:48:16.454,1.40043,1.40067,1.37,1.07
2015.09.16 03:48:18.227,1.40039,1.40066,1.12,1.07
2015.09.16 03:48:22.482,1.40042,1.40069,1.07,1.07
2015.09.16 03:48:22.699,1.40042,1.40069,1.12,1.07
2015.09.16 03:48:37.238,1.4004,1.40068,1.07,1.50
2015.09.16 03:50:24.279,1.40038,1.40061,1.50,1.00
2015.09.16 03:50:24.820,1.40038,1.40061,1.12,1.00
2015.09.16 03:50:34.675,1.40038,1.40063,1.12,1.10
2015.09.16 03:50:35.289,1.40038,1.40062,1.12,1.00
2015.09.16 03:50:35.491,1.40038,1.40062,1.00,1.07
2015.09.16 03:50:38.401,1.40039,1.40064,1.00,1.12
2015.09.16 03:50:40.558,1.40039,1.40065,1.00,1.12
2015.09.16 03:50:40.797,1.40043,1.40067,1.00,1.75
2015.09.16 03:50:40.958,1.40043,1.40068,1.07,1.50
2015.09.16 03:50:41.526,1.40043,1.40069,1.12,1.07
2015.09.16 03:50:42.511,1.40042,1.4007,1.07,1.87
2015.09.16 03:50:42.763,1.40044,1.4007,1.07,1.12
2015.09.16 03:50:44.280,1.40042,1.4007,1.57,1.87
2015.09.16 03:50:45.319,1.40044,1.40067,1.00,1.10
2015.09.16 03:50:45.471,1.40044,1.40069,1.12,1.12
2015.09.16 03:50:47.026,1.40043,1.40069,1.10,1.57
2015.09.16 03:51:13.436,1.40052,1.4007,1.00,1.12
2015.09.16 03:51:13.487,1.40048,1.40072,1.00,1.37
2015.09.16 03:51:13.538,1.40048,1.40072,1.00,1.07
2015.09.16 03:51:14.063,1.40044,1.40072,2.62,1.07
2015.09.16 03:51:26.077,1.40045,1.40073,1.07,1.37
2015.09.16 03:51:37.278,1.40048,1.40073,1.00,1.87
2015.09.16 03:51:37.573,1.40048,1.40074,1.10,1.50
2015.09.16 03:51:37.778,1.40048,1.40074,1.07,1.07
2015.09.16 03:51:40.312,1.40047,1.40075,1.07,1.37
2015.09.16 03:51:40.528,1.40045,1.40075,1.57,1.87
2015.09.16 03:51:48.768,1.40047,1.40075,1.00,1.87
2015.09.16 03:51:48.970,1.40047,1.40076,1.07,2.25
2015.09.16 03:51:49.321,1.40047,1.40076,1.12,2.25
2015.09.16 03:51:51.535,1.40046,1.40076,1.07,2.25
2015.09.16 03:51:52.068,1.40045,1.40075,2.32,1.50
2015.09.16 03:51:52.515,1.40049,1.40077,1.07,1.12
2015.09.16 03:51:52.726,1.4005,1.40077,1.07,1.12
2015.09.16 03:52:08.756,1.40051,1.4008,1.07,1.87
2015.09.16 03:52:09.009,1.40052,1.4008,1.12,1.12
2015.09.16 03:52:47.721,1.40052,1.40079,1.10,1.12
2015.09.16 03:53:19.516,1.40052,1.40079,1.57,1.07
2015.09.16 03:53:22.497,1.40054,1.4008,1.10,1.37
2015.09.16 03:53:51.609,1.40055,1.4008,1.00,1.37
2015.09.16 03:53:57.217,1.40055,1.4008,1.10,1.12
2015.09.16 03:53:57.520,1.40062,1.40089,1.00,1.37
2015.09.16 03:53:57.835,1.40067,1.40094,1.00,1.75
2015.09.16 03:53:58.383,1.40068,1.40095,1.00,1.75
2015.09.16 03:54:00.865,1.40069,1.40096,1.00,1.75
2015.09.16 03:54:01.172,1.40071,1.40096,1.00,2.25
2015.09.16 03:54:01.223,1.40071,1.40097,1.00,1.75
2015.09.16 03:54:04.101,1.4007,1.40098,1.00,2.25
2015.09.16 03:54:04.152,1.4007,1.40098,1.00,2.25
2015.09.16 03:54:04.532,1.40072,1.401,1.00,2.25
2015.09.16 03:54:04.634,1.4007,1.40098,1.00,1.75
2015.09.16 03:54:04.735,1.4007,1.40098,1.00,1.75
2015.09.16 03:54:04.937,1.4007,1.40098,1.00,1.75
2015.09.16 03:54:05.447,1.40071,1.40101,1.00,2.25
2015.09.16 03:54:05.575,1.40066,1.40092,1.10,1.07
2015.09.16 03:54:12.737,1.40066,1.40093,1.07,1.07
2015.09.16 03:54:13.826,1.40069,1.40093,1.00,1.07
2015.09.16 03:54:14.165,1.40073,1.40093,1.00,1.10
2015.09.16 03:54:15.368,1.40071,1.40096,1.10,1.12
2015.09.16 03:54:15.478,1.40071,1.40096,1.10,1.07
2015.09.16 03:54:15.707,1.40074,1.40096,1.00,1.07
2015.09.16 03:54:26.145,1.40075,1.40098,1.00,1.12
2015.09.16 03:54:30.437,1.40074,1.40098,1.00,1.12
2015.09.16 03:54:33.074,1.40075,1.40096,1.00,1.07
2015.09.16 03:54:35.935,1.40073,1.40095,1.00,1.12
2015.09.16 03:54:37.082,1.40074,1.40093,1.00,1.07
2015.09.16 03:54:37.411,1.40068,1.40094,1.10,1.07
2015.09.16 03:54:41.371,1.40069,1.40093,1.00,1.07
2015.09.16 03:54:50.392,1.40067,1.40093,1.07,1.07
2015.09.16 03:54:57.280,1.40065,1.40094,1.00,1.50
2015.09.16 03:55:01.838,1.40065,1.40094,1.00,1.75
2015.09.16 03:55:09.338,1.40063,1.40093,1.10,1.50
2015.09.16 03:55:09.491,1.40063,1.40093,1.00,1.75
2015.09.16 03:55:10.101,1.40062,1.40092,1.50,1.75
2015.09.16 03:55:19.788,1.40063,1.4009,1.00,1.75
2015.09.16 03:55:29.773,1.40064,1.40092,1.00,2.25
2015.09.16 03:55:40.124,1.40065,1.40092,1.00,1.75
2015.09.16 03:55:43.190,1.40065,1.40092,1.07,1.07
2015.09.16 03:55:47.347,1.40066,1.40092,1.07,1.07
2015.09.16 03:55:47.449,1.40066,1.40092,1.37,1.00
2015.09.16 03:55:47.600,1.40067,1.40095,1.12,1.07
2015.09.16 03:55:47.701,1.40068,1.40096,1.50,1.07
2015.09.16 03:55:48.004,1.40073,1.40098,1.07,1.10
2015.09.16 03:55:53.440,1.40076,1.40098,1.00,1.10
2015.09.16 03:55:54.644,1.40074,1.40098,1.10,1.10
2015.09.16 03:55:55.963,1.40075,1.40098,1.00,1.10
2015.09.16 03:56:01.093,1.40075,1.40097,1.00,1.00
2015.09.16 03:56:10.112,1.40075,1.40098,1.00,1.10
2015.09.16 03:56:10.163,1.40077,1.40098,1.00,1.10
2015.09.16 03:56:11.210,1.40077,1.401,1.00,1.10
2015.09.16 03:56:11.833,1.40077,1.401,1.07,1.00
2015.09.16 03:56:13.346,1.40078,1.40106,1.10,1.37
2015.09.16 03:56:13.397,1.40078,1.40106,1.75,1.00
2015.09.16 03:56:13.723,1.40087,1.4011,1.00,1.00
2015.09.16 03:56:13.975,1.40088,1.40112,1.07,1.07
2015.09.16 03:56:14.491,1.40091,1.40112,1.00,1.00
2015.09.16 03:56:15.133,1.40092,1.40112,1.00,1.00
2015.09.16 03:56:15.655,1.4009,1.40112,1.10,1.00
2015.09.16 03:56:32.244,1.40087,1.40112,1.37,1.00
2015.09.16 03:56:46.980,1.40087,1.40112,1.75,1.00
2015.09.16 03:56:47.081,1.40087,1.40115,1.75,1.00
2015.09.16 03:56:48.167,1.40089,1.40115,1.12,1.07
2015.09.16 03:56:49.842,1.4009,1.40113,1.07,1.00
2015.09.16 03:56:49.943,1.40087,1.40113,1.07,1.10
2015.09.16 03:56:50.044,1.40087,1.40111,1.07,1.00
2015.09.16 03:56:50.385,1.40085,1.40111,1.50,1.00
2015.09.16 03:56:51.393,1.40084,1.40112,3.00,1.00
2015.09.16 03:56:51.695,1.40086,1.40114,1.75,1.00
2015.09.16 03:56:54.477,1.4009,1.40113,1.00,1.10
2015.09.16 03:56:55.008,1.40084,1.40112,1.50,1.00
2015.09.16 03:56:55.773,1.40084,1.40113,1.50,1.10
2015.09.16 03:56:55.976,1.40087,1.40113,1.75,1.00
2015.09.16 03:56:56.128,1.40087,1.40115,1.75,1.10
2015.09.16 03:56:58.882,1.4009,1.40113,1.12,1.00
2015.09.16 03:56:58.984,1.4009,1.40113,1.07,1.10
2015.09.16 03:56:59.629,1.40086,1.40112,1.50,1.00
2015.09.16 03:57:00.508,1.40086,1.40114,1.75,1.00
2015.09.16 03:57:03.373,1.4009,1.40113,1.12,1.00
2015.09.16 03:57:03.474,1.4009,1.40113,1.10,1.00
2015.09.16 03:57:04.089,1.40087,1.40112,1.12,1.00
2015.09.16 03:57:05.017,1.40086,1.40115,1.75,1.00
2015.09.16 03:57:07.879,1.4009,1.40113,1.07,1.00
2015.09.16 03:57:08.392,1.40087,1.40112,1.37,1.00
2015.09.16 03:57:09.628,1.40087,1.40117,1.37,1.37
2015.09.16 03:57:09.730,1.40087,1.40128,1.12,1.75
2015.09.16 03:57:09.983,1.40094,1.40122,1.00,1.07
2015.09.16 03:57:10.185,1.40096,1.40124,1.00,1.00
2015.09.16 03:57:10.286,1.40098,1.40126,1.00,1.07
2015.09.16 03:57:11.065,1.40099,1.40129,1.00,1.37
2015.09.16 03:57:11.167,1.40099,1.40129,1.00,1.07
2015.09.16 03:57:11.932,1.40099,1.40129,1.00,1.07
2015.09.16 03:57:24.816,1.40094,1.40122,1.07,1.00
2015.09.16 03:57:25.118,1.4009,1.40116,1.75,1.00
2015.09.16 03:57:25.270,1.40087,1.40116,1.50,1.00
2015.09.16 03:57:26.701,1.40086,1.40115,1.37,1.00
2015.09.16 03:57:29.989,1.40085,1.40115,1.57,1.10
2015.09.16 03:57:30.102,1.40085,1.40112,1.10,1.00
2015.09.16 03:57:30.340,1.40085,1.40114,1.10,1.00
2015.09.16 03:57:30.441,1.40085,1.40114,1.75,1.07
2015.09.16 03:57:30.950,1.40086,1.40114,1.37,1.00
2015.09.16 03:57:34.854,1.40085,1.40115,2.25,1.00
2015.09.16 03:57:36.485,1.40084,1.40113,1.07,1.00
2015.09.16 03:57:37.102,1.40084,1.40113,1.07,1.10
2015.09.16 03:57:37.254,1.40085,1.40115,1.75,1.07
2015.09.16 03:57:37.489,1.40085,1.40115,1.87,1.00
2015.09.16 03:57:40.311,1.40086,1.40114,1.37,1.00
2015.09.16 03:57:58.671,1.40086,1.40114,1.50,1.10
2015.09.16 03:58:51.172,1.40091,1.40117,1.75,1.00
2015.09.16 03:58:51.676,1.40095,1.40119,1.47,1.07
2015.09.16 03:58:52.420,1.40096,1.40119,1.00,1.07
2015.09.16 03:58:52.951,1.40096,1.4012,1.07,1.12
2015.09.16 03:58:53.626,1.40099,1.40119,1.00,1.07
2015.09.16 03:58:53.677,1.40099,1.40119,1.00,1.10
2015.09.16 03:58:53.930,1.40101,1.4013,1.07,1.37
2015.09.16 03:58:54.031,1.40105,1.40131,1.00,1.37
2015.09.16 03:58:54.340,1.40107,1.40136,1.00,1.75
2015.09.16 03:58:54.870,1.40106,1.40136,1.50,1.75
2015.09.16 03:58:55.411,1.40107,1.40137,1.00,1.75
2015.09.16 03:58:56.585,1.40104,1.40129,1.10,1.07
2015.09.16 03:58:56.686,1.40104,1.40129,1.00,1.75
2015.09.16 03:58:56.838,1.40101,1.40119,1.10,1.00
2015.09.16 03:58:56.889,1.40106,1.40128,1.00,1.12
2015.09.16 03:58:57.001,1.40106,1.40128,1.50,1.00
2015.09.16 03:58:57.052,1.40106,1.40135,1.50,1.37
2015.09.16 03:58:57.103,1.40108,1.40135,1.00,1.37
2015.09.16 03:58:57.465,1.40106,1.40136,1.50,1.75
2015.09.16 03:59:00.831,1.40108,1.40136,1.00,1.75
2015.09.16 03:59:01.621,1.40102,1.40129,1.87,1.07
2015.09.16 03:59:01.722,1.40103,1.4012,1.10,1.00
2015.09.16 03:59:01.924,1.40107,1.40127,1.00,1.00
2015.09.16 03:59:01.975,1.40108,1.40132,1.00,1.07
2015.09.16 03:59:02.480,1.40109,1.40138,1.00,1.75
2015.09.16 03:59:02.988,1.40108,1.40137,1.00,1.75
2015.09.16 03:59:08.554,1.40107,1.40132,1.10,1.12
2015.09.16 03:59:08.655,1.40109,1.40129,1.00,1.07
2015.09.16 03:59:08.958,1.40101,1.4013,1.57,2.25
2015.09.16 03:59:10.959,1.40101,1.40128,1.00,1.75
2015.09.16 03:59:11.449,1.40099,1.40128,1.50,1.75
2015.09.16 03:59:12.112,1.40099,1.40128,1.50,1.75
2015.09.16 03:59:21.331,1.401,1.40128,1.00,2.25
2015.09.16 03:59:25.620,1.40098,1.40127,2.25,1.75
2015.09.16 03:59:26.838,1.40099,1.40127,1.00,1.75
2015.09.16 03:59:28.590,1.401,1.40127,1.00,1.75
2015.09.16 03:59:33.320,1.40098,1.40125,2.25,1.50
2015.09.16 03:59:37.920,1.40098,1.40124,1.00,1.37
2015.09.16 03:59:38.241,1.40097,1.4012,1.00,1.37
2015.09.16 03:59:38.392,1.40094,1.40122,1.00,1.75
2015.09.16 03:59:38.443,1.40094,1.40122,1.07,1.12
2015.09.16 03:59:38.622,1.40097,1.40124,1.00,1.75
2015.09.16 03:59:40.075,1.40096,1.40117,1.07,1.00
2015.09.16 03:59:40.377,1.40088,1.40113,1.07,1.00
2015.09.16 03:59:40.529,1.40092,1.40117,1.10,1.07
2015.09.16 03:59:41.460,1.40093,1.40119,1.00,1.12
2015.09.16 03:59:58.824,1.40107,1.40119,1.12,1.12
2015.09.16 03:59:59.026,1.40107,1.40122,1.12,1.37
