2017.04.17 07:00:00.343,1.39605,1.39621,1.00,1.00
2017.04.17 07:00:00.704,1.39607,1.39623,1.12,1.50
2017.04.17 07:00:01.224,1.39607,1.39622,1.00,1.00
2017.04.17 07:00:03.441,1.39607,1.39623,1.00,1.50
2017.04.17 07:00:03.928,1.39605,1.39623,1.87,1.50
2017.04.17 07:00:10.048,1.39606,1.39623,1.00,1.00
2017.04.17 07:00:18.989,1.39607,1.39623,1.00,1.00
2017.04.17 07:00:27.203,1.39606,1.39623,1.00,1.00
2017.04.17 07:00:33.262,1.39611,1.39623,1.50,1.00
2017.04.17 07:00:33.363,1.39613,1.39626,1.00,1.00
2017.04.17 07:00:33.768,1.39612,1.39631,2.25,1.17
2017.04.17 07:00:34.294,1.39613,1.39633,2.62,2.40
2017.04.17 07:00:44.412,1.39617,1.39633,1.00,3.15
2017.04.17 07:00:44.564,1.39619,1.39635,1.00,1.00
2017.04.17 07:00:44.715,1.39617,1.39634,1.00,1.00
2017.04.17 07:00:45.226,1.39617,1.39633,1.00,1.00
2017.04.17 07:00:46.467,1.39616,1.39633,1.87,1.00
2017.04.17 07:01:04.903,1.39613,1.39631,2.25,1.00
2017.04.17 07:01:04.954,1.39611,1.39631,1.87,2.25
2017.04.17 07:01:05.005,1.3961,1.39629,2.25,1.00
2017.04.17 07:01:05.308,1.3961,1.39626,1.00,1.00
2017.04.17 07:01:07.606,1.3961,1.39625,1.00,1.00
2017.04.17 07:01:09.793,1.39608,1.39625,1.00,1.00
2017.04.17 07:01:10.288,1.39605,1.39622,2.25,1.00
2017.04.17 07:01:10.591,1.39604,1.3962,1.00,1.00
2017.04.17 07:01:11.419,1.39612,1.3962,1.00,1.00
2017.04.17 07:01:11.469,1.39611,1.39623,1.00,2.25
2017.04.17 07:01:11.520,1.39613,1.39623,1.00,1.00
2017.04.17 07:01:11.772,1.39615,1.39633,1.87,1.00
2017.04.17 07:01:12.501,1.39616,1.39633,1.00,1.00
2017.04.17 07:01:13.319,1.39616,1.39634,1.00,2.25
2017.04.17 07:01:14.818,1.39616,1.39633,1.00,1.00
2017.04.17 07:01:19.078,1.39617,1.39633,1.00,1.00
2017.04.17 07:01:27.327,1.39616,1.39633,1.00,1.00
2017.04.17 07:01:34.127,1.39617,1.39633,1.00,1.00
2017.04.17 07:01:49.138,1.39616,1.39633,1.00,1.50
2017.04.17 07:02:32.261,1.39621,1.39633,1.00,1.00
2017.04.17 07:02:32.362,1.39622,1.39635,1.00,1.00
2017.04.17 07:02:32.566,1.39621,1.39638,1.00,1.00
2017.04.17 07:02:32.919,1.39619,1.39636,1.50,1.00
2017.04.17 07:02:34.014,1.3962,1.39636,1.00,1.00
2017.04.17 07:02:34.229,1.39618,1.39636,1.00,1.50
2017.04.17 07:02:38.370,1.39619,1.39636,1.00,1.50
2017.04.17 07:02:38.420,1.39617,1.39634,1.00,1.00
2017.04.17 07:02:38.521,1.39617,1.39636,1.00,1.50
2017.04.17 07:02:38.812,1.39617,1.39633,1.50,1.00
2017.04.17 07:02:39.717,1.39617,1.39632,1.00,1.00
2017.04.17 07:02:40.853,1.39617,1.39633,1.00,1.50
2017.04.17 07:03:04.288,1.39616,1.39633,1.00,1.00
2017.04.17 07:03:16.100,1.39616,1.39632,1.00,1.00
2017.04.17 07:03:17.389,1.39616,1.39633,1.00,1.50
2017.04.17 07:03:31.661,1.39622,1.39634,1.00,1.00
2017.04.17 07:03:32.005,1.39624,1.39641,1.00,1.00
2017.04.17 07:03:39.827,1.39624,1.39638,1.00,1.00
2017.04.17 07:04:04.416,1.39622,1.39638,3.00,1.50
2017.04.17 07:04:08.975,1.39623,1.39638,1.00,1.50
2017.04.17 07:04:19.215,1.39622,1.39638,3.75,1.50
2017.04.17 07:04:19.366,1.39623,1.39641,2.25,1.50
2017.04.17 07:04:20.038,1.39624,1.39641,1.00,1.00
2017.04.17 07:04:41.704,1.39624,1.39639,1.00,1.00
2017.04.17 07:04:45.975,1.39623,1.39639,1.00,1.00
2017.04.17 07:04:50.181,1.39623,1.3964,2.25,1.00
2017.04.17 07:04:50.714,1.39623,1.39639,1.00,1.00
2017.04.17 07:04:58.826,1.39623,1.39641,1.00,1.50
2017.04.17 07:05:03.047,1.39623,1.3964,3.00,1.00
2017.04.17 07:05:05.614,1.39622,1.3964,3.37,1.00
2017.04.17 07:05:06.214,1.39623,1.3964,2.62,1.00
2017.04.17 07:05:14.210,1.39623,1.39638,2.62,1.00
2017.04.17 07:05:15.987,1.39624,1.39638,1.00,1.00
2017.04.17 07:05:19.159,1.39623,1.39641,2.62,1.50
2017.04.17 07:05:19.260,1.39623,1.39639,3.00,1.00
2017.04.17 07:05:19.563,1.39622,1.39636,2.25,1.00
2017.04.17 07:05:19.873,1.39621,1.39638,3.00,1.00
2017.04.17 07:05:20.666,1.39622,1.39638,2.25,1.50
2017.04.17 07:05:21.081,1.39618,1.39632,1.50,1.00
2017.04.17 07:05:21.383,1.39617,1.39631,1.00,1.00
2017.04.17 07:05:21.434,1.39614,1.39631,3.00,1.00
2017.04.17 07:05:23.324,1.39614,1.39631,3.37,1.00
2017.04.17 07:05:29.300,1.39614,1.39632,1.87,1.50
2017.04.17 07:05:29.350,1.39612,1.3963,4.50,1.50
2017.04.17 07:05:29.653,1.39612,1.39628,1.50,1.00
2017.04.17 07:05:30.236,1.39612,1.39629,1.50,1.00
2017.04.17 07:05:53.112,1.39612,1.39626,1.00,1.00
2017.04.17 07:05:53.213,1.39609,1.39625,1.50,1.00
2017.04.17 07:05:53.773,1.39608,1.39624,1.68,1.00
2017.04.17 07:05:53.874,1.39608,1.39624,1.35,1.00
2017.04.17 07:05:54.352,1.39608,1.39622,1.00,1.00
2017.04.17 07:05:54.655,1.39603,1.39619,1.50,1.00
2017.04.17 07:05:54.706,1.39601,1.39617,1.12,1.00
2017.04.17 07:05:56.835,1.396,1.39617,1.00,1.50
2017.04.17 07:05:57.088,1.396,1.39614,1.00,1.00
2017.04.17 07:05:57.189,1.39598,1.39614,1.00,1.00
2017.04.17 07:05:57.700,1.39598,1.39613,1.00,1.00
2017.04.17 07:05:58.226,1.39595,1.39611,1.12,1.00
2017.04.17 07:06:03.161,1.39595,1.39611,1.50,1.00
2017.04.17 07:06:04.007,1.39595,1.39611,1.00,1.00
2017.04.17 07:06:12.892,1.39596,1.39611,1.00,1.00
2017.04.17 07:06:26.081,1.39596,1.39612,1.12,1.50
2017.04.17 07:06:28.309,1.39596,1.39611,1.12,1.00
2017.04.17 07:06:29.156,1.39596,1.39612,1.12,1.50
2017.04.17 07:06:40.315,1.39595,1.39611,1.50,1.00
2017.04.17 07:06:40.870,1.39595,1.39612,1.50,1.00
2017.04.17 07:06:56.601,1.39595,1.39611,1.50,1.00
2017.04.17 07:07:02.317,1.39595,1.39612,1.50,1.00
2017.04.17 07:07:03.994,1.39595,1.39611,1.50,1.00
2017.04.17 07:07:06.756,1.39595,1.39613,1.50,1.50
2017.04.17 07:07:09.022,1.39595,1.39612,1.50,1.00
2017.04.17 07:07:15.342,1.39595,1.39613,1.50,2.25
2017.04.17 07:07:16.455,1.39595,1.39611,1.50,1.00
2017.04.17 07:07:21.422,1.39595,1.39612,1.50,1.00
2017.04.17 07:07:24.760,1.39595,1.39613,1.50,2.25
2017.04.17 07:07:25.063,1.39592,1.39608,1.00,1.00
2017.04.17 07:07:25.486,1.39592,1.39606,1.00,1.00
2017.04.17 07:07:25.638,1.3959,1.39606,1.00,1.00
2017.04.17 07:07:25.688,1.3959,1.39603,1.00,1.00
2017.04.17 07:07:25.840,1.39587,1.39603,1.12,1.00
2017.04.17 07:07:26.051,1.39588,1.39605,1.00,1.00
2017.04.17 07:07:27.714,1.39588,1.39604,1.00,1.00
2017.04.17 07:07:28.042,1.3959,1.39604,1.00,1.00
2017.04.17 07:07:29.952,1.3959,1.39604,1.01,1.00
2017.04.17 07:07:30.547,1.3959,1.39604,1.01,1.00
2017.04.17 07:07:38.256,1.3959,1.39604,1.00,1.00
2017.04.17 07:07:38.894,1.3959,1.39605,1.00,1.00
2017.04.17 07:07:41.016,1.3959,1.39604,1.00,1.50
2017.04.17 07:07:41.218,1.39588,1.39603,1.00,1.00
2017.04.17 07:07:41.727,1.39588,1.39604,1.00,1.50
2017.04.17 07:07:42.215,1.39586,1.39603,1.00,1.00
2017.04.17 07:07:42.316,1.39584,1.39601,2.25,1.00
2017.04.17 07:07:42.468,1.39583,1.396,1.00,1.00
2017.04.17 07:07:42.569,1.39581,1.39599,2.25,1.50
2017.04.17 07:07:43.144,1.39581,1.39598,1.50,1.00
2017.04.17 07:07:43.722,1.39581,1.39599,1.50,1.50
2017.04.17 07:07:43.824,1.39581,1.39597,1.00,1.00
2017.04.17 07:07:44.367,1.39581,1.39596,1.00,1.00
2017.04.17 07:07:45.519,1.39581,1.39597,1.00,1.00
2017.04.17 07:07:49.981,1.39582,1.39597,1.00,1.00
2017.04.17 07:07:57.794,1.39582,1.39599,1.00,1.50
2017.04.17 07:08:00.880,1.39582,1.39598,1.00,1.00
2017.04.17 07:08:07.809,1.39582,1.39599,1.00,1.50
2017.04.17 07:08:08.709,1.39582,1.39598,1.00,1.00
2017.04.17 07:08:09.409,1.39582,1.39599,1.00,1.50
2017.04.17 07:08:10.819,1.39582,1.39598,1.00,1.00
2017.04.17 07:08:13.132,1.39581,1.39598,1.00,1.00
2017.04.17 07:08:14.520,1.39581,1.39599,1.00,1.50
2017.04.17 07:08:15.715,1.39581,1.39598,1.00,1.00
2017.04.17 07:08:16.338,1.39581,1.39597,1.00,1.00
2017.04.17 07:08:18.780,1.39581,1.39596,1.00,1.00
2017.04.17 07:08:19.071,1.39577,1.39595,1.50,1.00
2017.04.17 07:08:19.122,1.39577,1.39593,1.00,1.00
2017.04.17 07:08:59.716,1.39575,1.39592,1.12,1.00
2017.04.17 07:08:59.817,1.39575,1.3959,1.00,1.00
2017.04.17 07:09:00.069,1.39572,1.39589,1.00,1.00
2017.04.17 07:09:02.048,1.39572,1.3959,1.00,1.50
2017.04.17 07:09:03.094,1.39572,1.39589,1.00,1.00
2017.04.17 07:09:05.007,1.39571,1.39589,1.50,1.00
2017.04.17 07:09:07.882,1.39571,1.39592,1.87,1.50
2017.04.17 07:09:07.983,1.39574,1.39592,1.00,1.50
2017.04.17 07:09:08.961,1.39573,1.39592,1.00,2.25
2017.04.17 07:09:09.512,1.39572,1.3959,1.00,1.00
2017.04.17 07:09:10.413,1.39573,1.3959,1.00,1.00
2017.04.17 07:09:11.394,1.39572,1.3959,1.00,1.00
2017.04.17 07:09:13.519,1.39573,1.3959,1.00,1.50
2017.04.17 07:09:13.872,1.39571,1.3959,1.00,2.25
2017.04.17 07:09:14.017,1.39571,1.39588,1.00,1.00
2017.04.17 07:09:18.972,1.3957,1.39588,1.87,1.00
2017.04.17 07:09:20.037,1.39572,1.39588,1.00,1.00
2017.04.17 07:09:25.508,1.39572,1.39587,1.00,1.00
2017.04.17 07:09:26.026,1.39572,1.39588,1.00,1.50
2017.04.17 07:09:30.687,1.39572,1.39588,1.00,1.50
2017.04.17 07:09:30.738,1.39572,1.39587,1.00,1.00
2017.04.17 07:09:32.965,1.39569,1.39587,1.87,1.00
2017.04.17 07:09:35.973,1.39569,1.39586,1.87,1.00
2017.04.17 07:09:37.612,1.39569,1.39587,1.50,1.50
2017.04.17 07:09:38.574,1.39569,1.39587,1.12,1.00
2017.04.17 07:09:39.929,1.39569,1.39586,1.12,1.00
2017.04.17 07:09:40.551,1.39573,1.39588,1.00,1.00
2017.04.17 07:09:40.702,1.39571,1.39587,1.00,1.00
2017.04.17 07:09:44.734,1.39571,1.39586,1.00,1.00
2017.04.17 07:09:49.021,1.39571,1.39587,1.00,1.00
2017.04.17 07:09:49.653,1.39571,1.39588,1.00,1.00
2017.04.17 07:10:02.764,1.39571,1.3959,1.00,4.50
2017.04.17 07:10:17.215,1.39571,1.39589,1.00,1.00
2017.04.17 07:10:17.808,1.39571,1.39588,1.50,1.00
2017.04.17 07:10:18.268,1.39571,1.3959,1.00,4.50
2017.04.17 07:10:19.204,1.39571,1.39589,1.00,1.00
2017.04.17 07:10:21.100,1.39571,1.3959,1.00,4.50
2017.04.17 07:10:21.881,1.39571,1.39588,1.00,1.00
2017.04.17 07:10:32.291,1.39571,1.39587,1.00,1.00
2017.04.17 07:10:35.188,1.39569,1.39587,1.12,1.00
2017.04.17 07:10:40.707,1.39569,1.39586,1.50,1.00
2017.04.17 07:10:43.433,1.39568,1.39586,1.50,2.25
2017.04.17 07:10:49.359,1.39568,1.39585,1.50,1.00
2017.04.17 07:10:49.713,1.39568,1.39583,1.00,1.00
2017.04.17 07:10:50.218,1.39567,1.39583,1.00,1.00
2017.04.17 07:10:50.766,1.39566,1.39583,1.00,1.00
2017.04.17 07:10:51.449,1.39567,1.39583,1.00,1.00
2017.04.17 07:10:51.562,1.39565,1.39583,1.00,1.00
2017.04.17 07:11:00.555,1.39564,1.39583,2.62,1.00
2017.04.17 07:11:00.605,1.39568,1.39584,1.00,1.00
2017.04.17 07:11:00.656,1.39568,1.39586,1.00,1.00
2017.04.17 07:11:01.687,1.39569,1.39586,1.00,1.00
2017.04.17 07:11:02.517,1.39569,1.39587,1.00,1.00
2017.04.17 07:11:07.930,1.39569,1.39586,1.00,1.00
2017.04.17 07:11:09.702,1.39568,1.39586,2.25,1.00
2017.04.17 07:11:12.904,1.39569,1.39586,1.00,1.00
2017.04.17 07:11:13.842,1.39568,1.39586,2.25,1.00
2017.04.17 07:11:43.566,1.39567,1.39586,1.50,1.50
2017.04.17 07:11:44.912,1.39567,1.39585,1.50,1.00
2017.04.17 07:11:50.337,1.39568,1.39585,1.00,1.00
2017.04.17 07:12:09.894,1.39567,1.39585,1.50,1.00
2017.04.17 07:12:14.325,1.39567,1.39584,1.00,1.00
2017.04.17 07:12:14.847,1.39566,1.39583,1.00,1.00
2017.04.17 07:12:15.354,1.39565,1.39583,1.50,1.00
2017.04.17 07:12:24.440,1.39565,1.39582,1.00,1.00
2017.04.17 07:12:28.642,1.39564,1.39582,3.00,1.00
2017.04.17 07:12:40.782,1.39564,1.39581,1.00,2.25
2017.04.17 07:12:40.884,1.39562,1.39579,1.00,1.00
2017.04.17 07:12:41.187,1.39557,1.39573,1.00,1.00
2017.04.17 07:12:41.708,1.39556,1.39573,1.12,1.50
2017.04.17 07:12:42.063,1.39556,1.39571,1.00,1.00
2017.04.17 07:12:42.565,1.39555,1.39571,1.00,1.00
2017.04.17 07:12:43.318,1.39555,1.39572,1.00,1.50
2017.04.17 07:12:44.017,1.39554,1.39572,1.50,1.50
2017.04.17 07:12:45.961,1.39559,1.39572,1.50,1.00
2017.04.17 07:12:46.165,1.39556,1.39572,1.87,1.00
2017.04.17 07:12:46.694,1.39556,1.39573,1.00,1.00
2017.04.17 07:12:50.018,1.39555,1.39573,1.00,1.00
2017.04.17 07:12:51.075,1.39555,1.39574,1.00,1.50
2017.04.17 07:12:55.052,1.39555,1.39572,1.12,1.00
2017.04.17 07:12:55.576,1.39555,1.39573,1.00,1.00
2017.04.17 07:12:56.011,1.39555,1.3957,1.00,1.00
2017.04.17 07:12:56.787,1.39555,1.39571,1.00,1.00
2017.04.17 07:12:58.752,1.39554,1.39571,1.50,1.00
2017.04.17 07:13:00.817,1.39554,1.39572,1.00,1.00
2017.04.17 07:13:02.371,1.39554,1.39569,1.00,1.00
2017.04.17 07:13:02.422,1.39552,1.39569,1.00,2.25
2017.04.17 07:13:02.623,1.39552,1.39566,1.00,1.00
2017.04.17 07:13:02.674,1.3955,1.39565,1.00,1.00
2017.04.17 07:13:02.725,1.39549,1.39562,3.00,1.00
2017.04.17 07:13:02.827,1.39545,1.39561,1.00,1.00
2017.04.17 07:13:03.029,1.39545,1.39558,1.00,1.00
2017.04.17 07:13:03.080,1.39542,1.39558,1.50,1.00
2017.04.17 07:13:03.130,1.39542,1.39556,1.00,1.00
2017.04.17 07:13:03.181,1.39539,1.39557,1.00,1.87
2017.04.17 07:13:03.383,1.39538,1.39555,1.00,1.00
2017.04.17 07:13:03.686,1.39535,1.39554,1.00,1.00
2017.04.17 07:13:06.561,1.39538,1.39554,1.50,1.00
2017.04.17 07:13:06.864,1.39543,1.39556,1.50,1.00
2017.04.17 07:13:06.914,1.39544,1.3956,1.00,1.00
2017.04.17 07:13:07.470,1.39543,1.39561,2.25,1.00
2017.04.17 07:13:08.118,1.39544,1.3956,1.00,1.00
2017.04.17 07:13:08.219,1.39543,1.39562,2.25,1.00
2017.04.17 07:13:10.032,1.39544,1.39561,1.00,1.00
2017.04.17 07:13:10.211,1.39542,1.39559,1.12,1.00
2017.04.17 07:13:10.513,1.39539,1.39556,1.00,1.00
2017.04.17 07:13:13.988,1.3954,1.39556,1.00,1.50
2017.04.17 07:13:14.861,1.39543,1.39556,1.00,1.00
2017.04.17 07:13:15.012,1.39543,1.39558,1.00,1.00
2017.04.17 07:13:15.181,1.39544,1.3956,1.00,1.00
2017.04.17 07:13:16.116,1.39544,1.39561,1.00,1.00
2017.04.17 07:13:16.657,1.39543,1.39562,2.25,1.50
2017.04.17 07:13:18.312,1.39544,1.39561,1.00,1.00
2017.04.17 07:13:24.814,1.39542,1.3956,1.12,1.50
2017.04.17 07:13:24.915,1.39542,1.39557,1.00,1.00
2017.04.17 07:13:25.546,1.39542,1.39558,1.00,1.00
2017.04.17 07:13:26.543,1.39542,1.39557,1.00,1.00
2017.04.17 07:13:26.644,1.39538,1.39555,1.00,1.00
2017.04.17 07:13:27.054,1.39535,1.39553,1.12,1.50
2017.04.17 07:13:28.517,1.39535,1.39554,1.00,4.12
2017.04.17 07:13:28.784,1.39533,1.39554,1.87,3.00
2017.04.17 07:13:29.296,1.39533,1.39553,1.87,1.50
2017.04.17 07:13:29.906,1.39533,1.39551,2.25,1.00
2017.04.17 07:13:30.646,1.39539,1.3955,2.25,1.00
2017.04.17 07:13:30.747,1.3954,1.39555,1.50,1.00
2017.04.17 07:13:30.798,1.39542,1.39555,1.50,1.00
2017.04.17 07:13:31.073,1.39541,1.39558,1.00,1.00
2017.04.17 07:13:31.175,1.39543,1.39558,1.00,1.00
2017.04.17 07:13:31.225,1.39543,1.3956,1.00,1.00
2017.04.17 07:13:31.748,1.39544,1.3956,1.50,1.00
2017.04.17 07:13:32.211,1.39541,1.39557,1.50,1.00
2017.04.17 07:13:32.312,1.39539,1.39557,1.87,1.00
2017.04.17 07:13:32.830,1.39536,1.39556,1.50,1.50
2017.04.17 07:13:32.881,1.39536,1.39554,1.50,1.00
2017.04.17 07:13:33.386,1.39536,1.39553,1.00,1.00
2017.04.17 07:13:33.928,1.39535,1.39553,1.00,1.50
2017.04.17 07:13:43.800,1.39533,1.39553,3.37,1.00
2017.04.17 07:13:44.960,1.39539,1.39553,2.25,1.00
2017.04.17 07:13:45.062,1.39541,1.39556,1.00,1.00
2017.04.17 07:13:46.187,1.39542,1.39556,1.00,1.00
2017.04.17 07:13:46.699,1.39541,1.39557,3.00,1.05
2017.04.17 07:13:46.801,1.39541,1.39559,2.62,1.00
2017.04.17 07:13:46.952,1.39544,1.39561,1.00,1.50
2017.04.17 07:13:47.708,1.39543,1.39561,2.25,1.00
2017.04.17 07:13:48.418,1.39544,1.3956,1.00,1.00
2017.04.17 07:13:48.972,1.39543,1.39561,3.00,1.00
2017.04.17 07:13:49.763,1.39544,1.3956,1.00,1.00
2017.04.17 07:13:50.810,1.39544,1.39561,1.00,1.00
2017.04.17 07:13:52.374,1.39544,1.39562,2.62,1.00
2017.04.17 07:13:53.716,1.39544,1.39561,2.62,1.00
2017.04.17 07:13:54.231,1.39544,1.39562,1.00,1.00
2017.04.17 07:13:55.617,1.39544,1.39561,1.50,1.00
2017.04.17 07:13:58.401,1.39544,1.39562,1.00,1.00
2017.04.17 07:13:58.906,1.39544,1.39561,1.50,1.00
2017.04.17 07:13:59.969,1.39547,1.39562,1.00,1.00
2017.04.17 07:14:00.542,1.39547,1.39561,1.00,1.00
2017.04.17 07:14:01.178,1.39547,1.3956,1.00,1.00
2017.04.17 07:14:06.852,1.39547,1.39561,1.00,1.00
2017.04.17 07:14:07.361,1.39547,1.3956,1.00,1.00
2017.04.17 07:14:10.511,1.39547,1.39561,1.00,1.00
2017.04.17 07:14:11.035,1.39547,1.3956,1.00,1.00
2017.04.17 07:14:11.136,1.39548,1.39563,1.50,1.50
2017.04.17 07:14:11.187,1.39552,1.39565,1.00,1.12
2017.04.17 07:14:11.238,1.39548,1.39563,1.00,1.00
2017.04.17 07:14:12.001,1.39548,1.39562,1.00,1.00
2017.04.17 07:14:12.534,1.39548,1.39563,1.00,1.00
2017.04.17 07:14:13.322,1.39548,1.39564,1.00,1.00
2017.04.17 07:14:14.243,1.39548,1.39563,1.00,1.00
2017.04.17 07:14:14.798,1.39548,1.39564,1.00,1.00
2017.04.17 07:14:15.332,1.39548,1.39563,1.00,1.00
2017.04.17 07:14:15.888,1.39548,1.39564,1.00,1.00
2017.04.17 07:14:16.637,1.39548,1.39563,1.00,1.00
2017.04.17 07:14:17.283,1.39548,1.39562,1.00,1.50
2017.04.17 07:14:17.936,1.39548,1.39563,1.00,1.50
2017.04.17 07:14:17.987,1.39548,1.39561,1.00,1.00
2017.04.17 07:14:18.491,1.39548,1.39562,1.00,1.50
2017.04.17 07:14:18.777,1.39543,1.3956,3.00,1.00
2017.04.17 07:14:19.604,1.39543,1.39559,2.25,1.00
2017.04.17 07:14:20.362,1.39543,1.39561,1.00,1.50
2017.04.17 07:14:20.892,1.39543,1.3956,1.50,1.00
2017.04.17 07:14:20.943,1.39543,1.39557,1.50,1.00
2017.04.17 07:14:21.297,1.3954,1.3955,3.00,1.50
2017.04.17 07:14:21.348,1.39534,1.39549,1.00,1.00
2017.04.17 07:14:21.449,1.39532,1.39549,1.00,1.00
2017.04.17 07:14:22.303,1.39532,1.39548,2.25,1.00
2017.04.17 07:14:24.968,1.39532,1.39549,1.00,1.00
2017.04.17 07:14:27.497,1.39532,1.39548,2.25,1.50
2017.04.17 07:14:28.460,1.39533,1.39545,1.00,1.00
2017.04.17 07:14:28.612,1.39526,1.39541,2.62,1.00
2017.04.17 07:14:29.116,1.39526,1.3954,1.00,1.00
2017.04.17 07:14:30.033,1.39523,1.39539,1.50,1.00
2017.04.17 07:14:30.553,1.39523,1.39538,1.00,1.00
2017.04.17 07:14:31.177,1.39523,1.39539,1.00,1.00
2017.04.17 07:14:31.687,1.39523,1.39538,1.50,1.00
2017.04.17 07:14:32.194,1.39523,1.39539,1.00,1.00
2017.04.17 07:14:32.718,1.39523,1.39537,1.00,1.00
2017.04.17 07:14:33.024,1.39523,1.39532,1.00,1.00
2017.04.17 07:14:33.175,1.39515,1.39528,1.50,1.00
2017.04.17 07:14:33.276,1.39512,1.39522,2.25,1.00
2017.04.17 07:14:33.612,1.39506,1.39515,1.12,1.00
2017.04.17 07:14:33.713,1.39501,1.39513,2.62,1.00
2017.04.17 07:14:34.070,1.39501,1.39513,1.87,1.00
2017.04.17 07:14:34.172,1.39497,1.39511,1.75,1.00
2017.04.17 07:14:34.223,1.39496,1.39512,2.25,1.00
2017.04.17 07:14:34.637,1.39496,1.39511,1.00,1.00
2017.04.17 07:14:35.162,1.39496,1.39512,1.00,1.00
2017.04.17 07:14:35.213,1.39494,1.39509,1.50,1.00
2017.04.17 07:14:35.314,1.39492,1.39507,1.87,1.00
2017.04.17 07:14:35.840,1.39492,1.39508,1.50,1.00
2017.04.17 07:14:36.422,1.39492,1.39507,1.00,1.00
2017.04.17 07:14:38.551,1.39492,1.39506,1.00,1.00
2017.04.17 07:14:40.195,1.39492,1.39507,1.00,1.00
2017.04.17 07:14:41.838,1.39492,1.39506,1.00,1.00
2017.04.17 07:14:42.191,1.39492,1.39508,1.50,1.00
2017.04.17 07:14:43.127,1.39492,1.39509,1.50,1.00
2017.04.17 07:14:43.639,1.39493,1.39509,1.00,1.00
2017.04.17 07:14:44.161,1.39501,1.39513,1.00,1.12
2017.04.17 07:14:44.212,1.39501,1.39515,1.00,1.00
2017.04.17 07:14:44.262,1.39504,1.39515,1.00,1.00
2017.04.17 07:14:44.515,1.39504,1.39522,1.00,1.00
2017.04.17 07:14:44.999,1.39503,1.3952,1.87,1.00
2017.04.17 07:14:45.669,1.39505,1.3952,1.00,1.00
2017.04.17 07:14:46.418,1.39504,1.39521,1.00,1.00
2017.04.17 07:14:46.742,1.39506,1.39521,1.00,1.00
2017.04.17 07:14:47.263,1.39507,1.3952,1.00,1.00
2017.04.17 07:14:47.933,1.39507,1.39521,1.00,1.00
2017.04.17 07:14:48.452,1.39508,1.39522,1.00,1.00
2017.04.17 07:14:50.178,1.39508,1.39523,1.00,1.00
2017.04.17 07:14:50.229,1.39508,1.39525,1.50,1.00
2017.04.17 07:14:50.432,1.39509,1.39527,1.00,1.00
2017.04.17 07:14:50.913,1.39508,1.39524,1.12,1.00
2017.04.17 07:14:51.216,1.39508,1.39522,1.87,1.00
2017.04.17 07:14:51.267,1.39508,1.39524,1.00,1.00
2017.04.17 07:14:51.514,1.39508,1.39522,1.00,1.00
2017.04.17 07:14:51.788,1.39509,1.39525,1.00,1.50
2017.04.17 07:14:52.329,1.39509,1.39524,1.00,1.00
2017.04.17 07:14:53.053,1.3951,1.39525,1.00,1.00
2017.04.17 07:14:53.205,1.39511,1.39528,1.00,1.00
2017.04.17 07:14:53.916,1.39512,1.39532,1.87,1.87
2017.04.17 07:14:53.967,1.39514,1.39531,1.50,1.00
2017.04.17 07:14:54.487,1.39516,1.39531,1.00,1.00
2017.04.17 07:14:55.169,1.39516,1.39532,1.00,1.00
2017.04.17 07:14:55.474,1.39516,1.3953,1.00,1.00
2017.04.17 07:14:57.420,1.39516,1.39531,1.00,1.00
2017.04.17 07:14:58.022,1.39516,1.3953,1.00,1.00
2017.04.17 07:14:58.671,1.39516,1.39531,1.00,1.00
2017.04.17 07:14:59.054,1.39516,1.39533,1.00,1.00
2017.04.17 07:14:59.690,1.39516,1.39534,1.50,1.00
2017.04.17 07:15:00.925,1.39516,1.39533,1.50,1.00
2017.04.17 07:15:02.036,1.39516,1.39534,1.50,1.00
2017.04.17 07:15:02.087,1.39516,1.39532,1.50,1.00
2017.04.17 07:15:02.642,1.39516,1.39533,1.50,1.00
2017.04.17 07:15:03.177,1.39516,1.39532,1.50,1.00
2017.04.17 07:15:03.778,1.39516,1.39533,1.50,1.00
2017.04.17 07:15:04.318,1.39516,1.39532,1.50,1.00
2017.04.17 07:15:05.968,1.39516,1.39533,1.50,1.00
2017.04.17 07:15:09.739,1.39516,1.39532,1.00,1.00
2017.04.17 07:15:11.103,1.39516,1.39533,1.00,1.50
2017.04.17 07:15:11.610,1.39516,1.39532,1.00,1.00
2017.04.17 07:15:12.567,1.39516,1.39533,1.00,1.50
2017.04.17 07:15:13.262,1.39516,1.39532,1.00,1.00
2017.04.17 07:15:13.973,1.39515,1.39532,1.00,1.00
2017.04.17 07:15:15.952,1.39515,1.39531,1.00,1.00
2017.04.17 07:15:16.527,1.39515,1.39532,1.00,1.00
2017.04.17 07:15:19.627,1.39515,1.39531,1.00,1.00
2017.04.17 07:15:23.347,1.39515,1.39532,1.00,1.00
2017.04.17 07:15:26.381,1.39514,1.39532,1.50,1.00
2017.04.17 07:15:28.267,1.39514,1.39531,1.50,1.00
2017.04.17 07:15:29.003,1.39515,1.39531,1.00,1.00
2017.04.17 07:15:30.103,1.39515,1.39532,1.00,1.00
2017.04.17 07:15:31.117,1.39515,1.39531,1.00,1.00
2017.04.17 07:15:32.004,1.39515,1.39532,1.00,1.00
2017.04.17 07:15:32.668,1.39515,1.39531,1.00,1.00
2017.04.17 07:15:34.222,1.39515,1.39532,1.00,1.00
2017.04.17 07:15:35.121,1.39515,1.39531,1.00,1.00
2017.04.17 07:15:35.626,1.39515,1.3953,1.00,1.00
2017.04.17 07:15:35.813,1.39513,1.39529,1.50,1.00
2017.04.17 07:15:37.421,1.39513,1.3953,1.50,1.00
2017.04.17 07:15:46.341,1.39513,1.39529,1.50,1.00
2017.04.17 07:15:46.581,1.39513,1.39531,2.25,1.00
2017.04.17 07:15:47.272,1.39513,1.39532,1.50,1.00
2017.04.17 07:15:50.889,1.39514,1.39533,1.00,2.25
2017.04.17 07:15:51.620,1.39515,1.39533,1.00,1.00
2017.04.17 07:15:53.700,1.39514,1.39533,1.00,1.00
2017.04.17 07:15:54.206,1.39514,1.39532,1.00,1.00
2017.04.17 07:15:56.193,1.39514,1.3953,1.00,1.00
2017.04.17 07:15:59.079,1.39512,1.3953,1.00,1.00
2017.04.17 07:15:59.802,1.39513,1.3953,1.00,1.00
2017.04.17 07:16:00.967,1.39512,1.3953,1.50,1.00
2017.04.17 07:16:06.034,1.39513,1.3953,1.00,1.00
2017.04.17 07:16:14.273,1.39512,1.3953,1.50,1.00
2017.04.17 07:16:14.816,1.39513,1.39533,1.00,1.50
2017.04.17 07:16:16.518,1.39515,1.39533,1.00,2.25
2017.04.17 07:16:20.108,1.39515,1.3953,1.00,1.00
2017.04.17 07:16:21.124,1.39515,1.39531,1.00,1.00
2017.04.17 07:16:26.693,1.39515,1.39533,1.50,1.50
2017.04.17 07:16:27.097,1.39515,1.39535,1.50,1.00
2017.04.17 07:16:27.258,1.39517,1.39535,1.00,1.00
2017.04.17 07:16:27.561,1.3952,1.39537,1.00,1.00
2017.04.17 07:16:28.116,1.39521,1.39538,1.00,1.00
2017.04.17 07:16:28.685,1.3952,1.39538,1.50,1.00
2017.04.17 07:16:29.224,1.39521,1.39539,1.00,1.00
2017.04.17 07:16:30.064,1.39522,1.39539,1.00,1.00
2017.04.17 07:16:39.528,1.39522,1.39538,1.00,1.00
2017.04.17 07:16:49.884,1.39522,1.39536,1.00,1.00
2017.04.17 07:16:51.035,1.39522,1.39535,1.00,1.00
2017.04.17 07:16:56.132,1.39522,1.39536,1.00,1.00
2017.04.17 07:16:59.280,1.39522,1.39535,1.00,1.00
2017.04.17 07:17:00.202,1.39522,1.39536,1.00,1.00
2017.04.17 07:17:02.929,1.39522,1.39535,1.00,1.00
2017.04.17 07:17:09.862,1.39522,1.39536,1.00,1.00
2017.04.17 07:17:10.426,1.39522,1.39535,1.00,1.00
2017.04.17 07:17:11.162,1.39522,1.39536,1.00,1.00
2017.04.17 07:17:11.816,1.39522,1.39537,1.00,1.00
2017.04.17 07:17:17.126,1.39522,1.39536,1.00,1.00
2017.04.17 07:17:29.136,1.39522,1.39535,1.00,1.00
2017.04.17 07:17:30.024,1.3952,1.39535,1.50,1.00
2017.04.17 07:17:30.873,1.3952,1.39536,1.00,1.00
2017.04.17 07:17:32.201,1.3952,1.39535,1.50,1.00
2017.04.17 07:17:33.017,1.3952,1.39536,1.00,1.00
2017.04.17 07:17:34.098,1.39517,1.39536,3.00,1.00
2017.04.17 07:17:34.148,1.39517,1.39534,3.00,1.00
2017.04.17 07:17:34.199,1.39517,1.39534,2.25,1.00
2017.04.17 07:17:34.927,1.39517,1.39533,1.50,1.00
2017.04.17 07:17:35.817,1.39517,1.39532,1.00,1.00
2017.04.17 07:17:35.969,1.39517,1.39535,2.25,1.00
2017.04.17 07:17:36.171,1.3952,1.39537,1.00,1.50
2017.04.17 07:17:36.525,1.39525,1.3954,1.00,1.00
2017.04.17 07:17:37.366,1.39525,1.39539,1.00,1.00
2017.04.17 07:17:38.094,1.39525,1.3954,1.50,1.00
2017.04.17 07:17:38.981,1.39526,1.3954,1.00,1.00
2017.04.17 07:17:40.846,1.39526,1.39539,1.00,1.00
2017.04.17 07:17:46.638,1.39526,1.3954,1.00,1.00
2017.04.17 07:17:48.714,1.39523,1.39538,1.12,1.00
2017.04.17 07:17:48.916,1.39523,1.39536,1.00,1.00
2017.04.17 07:17:49.017,1.39519,1.39536,3.00,1.00
2017.04.17 07:17:49.711,1.39519,1.39535,1.50,1.00
2017.04.17 07:17:50.962,1.39519,1.39536,1.50,1.00
2017.04.17 07:17:51.767,1.3952,1.39536,1.00,1.00
2017.04.17 07:17:53.067,1.39522,1.39539,2.25,1.00
2017.04.17 07:17:53.169,1.39524,1.39538,1.50,1.00
2017.04.17 07:17:54.230,1.39524,1.39539,1.50,1.00
2017.04.17 07:17:55.138,1.39524,1.3954,1.50,1.00
2017.04.17 07:17:56.117,1.39525,1.3954,1.50,1.00
2017.04.17 07:17:56.624,1.39526,1.3954,1.00,1.00
2017.04.17 07:17:57.357,1.39526,1.39539,1.00,1.00
2017.04.17 07:17:58.227,1.39526,1.3954,1.00,1.00
2017.04.17 07:18:00.862,1.39526,1.39542,1.00,1.00
2017.04.17 07:18:17.081,1.39526,1.39541,1.00,1.00
2017.04.17 07:18:21.355,1.39526,1.39542,1.00,1.00
2017.04.17 07:18:22.946,1.39526,1.39541,1.00,1.00
2017.04.17 07:18:23.537,1.39526,1.39542,1.00,1.00
2017.04.17 07:18:25.935,1.39526,1.39541,1.00,1.00
2017.04.17 07:18:32.185,1.39526,1.39544,1.00,1.00
2017.04.17 07:18:36.953,1.39527,1.39548,1.50,3.00
2017.04.17 07:18:37.004,1.39533,1.39548,1.00,1.50
2017.04.17 07:18:37.206,1.39533,1.39551,1.00,1.00
2017.04.17 07:18:39.819,1.39534,1.39551,1.00,1.50
2017.04.17 07:18:41.019,1.39535,1.39551,1.00,1.00
2017.04.17 07:18:41.567,1.39537,1.39551,1.00,1.00
2017.04.17 07:18:44.394,1.39537,1.39552,1.00,1.50
2017.04.17 07:19:01.493,1.39537,1.39551,1.00,1.00
2017.04.17 07:19:06.511,1.39537,1.39552,1.00,1.00
2017.04.17 07:19:06.813,1.39544,1.39556,1.87,1.00
2017.04.17 07:19:06.965,1.39544,1.39562,1.87,1.00
2017.04.17 07:19:07.217,1.39546,1.39563,1.00,1.00
2017.04.17 07:19:07.419,1.39548,1.39567,1.00,1.50
2017.04.17 07:19:07.570,1.39549,1.3957,1.50,4.12
2017.04.17 07:19:10.517,1.39552,1.39568,1.00,1.00
2017.04.17 07:19:11.283,1.39552,1.39567,1.00,1.00
2017.04.17 07:19:15.961,1.39552,1.39566,1.00,1.00
2017.04.17 07:19:16.062,1.39549,1.39565,1.50,1.00
2017.04.17 07:19:16.113,1.39549,1.39563,1.00,1.00
2017.04.17 07:19:16.214,1.39549,1.39566,1.00,1.87
2017.04.17 07:19:16.265,1.39547,1.39566,1.00,1.50
2017.04.17 07:19:16.842,1.39547,1.39565,1.00,1.00
2017.04.17 07:19:18.502,1.39547,1.39566,1.00,1.87
2017.04.17 07:19:19.327,1.39547,1.39565,1.00,1.00
2017.04.17 07:19:22.018,1.39547,1.39566,1.00,2.25
2017.04.17 07:19:22.542,1.39547,1.39565,1.00,1.00
2017.04.17 07:19:23.283,1.39547,1.39566,1.00,1.00
2017.04.17 07:19:23.805,1.39548,1.39566,1.00,1.00
2017.04.17 07:19:29.483,1.39549,1.39567,1.00,1.87
2017.04.17 07:19:33.226,1.39549,1.39566,1.00,1.12
2017.04.17 07:19:35.777,1.39549,1.39565,1.00,1.00
2017.04.17 07:19:36.511,1.39548,1.39565,1.00,1.00
2017.04.17 07:19:39.697,1.39548,1.39566,1.00,1.87
2017.04.17 07:19:39.748,1.39547,1.39563,1.50,1.00
2017.04.17 07:19:40.767,1.39546,1.39561,1.00,1.00
2017.04.17 07:19:40.919,1.39543,1.3956,1.50,1.00
2017.04.17 07:19:41.879,1.39543,1.39562,1.50,1.00
2017.04.17 07:19:47.795,1.39543,1.39563,1.50,2.25
2017.04.17 07:19:54.119,1.39544,1.39563,1.00,1.00
2017.04.17 07:19:54.170,1.39544,1.39561,1.00,1.00
2017.04.17 07:19:55.775,1.39544,1.39563,1.87,1.00
2017.04.17 07:19:56.430,1.39544,1.39564,1.87,2.25
2017.04.17 07:19:58.011,1.39545,1.39564,1.00,1.50
2017.04.17 07:19:58.792,1.39544,1.39563,1.50,1.00
2017.04.17 07:19:59.305,1.39545,1.39563,1.00,1.50
2017.04.17 07:20:00.720,1.39545,1.39564,1.00,1.50
2017.04.17 07:20:03.344,1.39545,1.39563,1.00,1.00
2017.04.17 07:20:06.079,1.39545,1.39564,1.50,1.50
2017.04.17 07:20:07.175,1.39545,1.39563,1.00,1.00
2017.04.17 07:20:09.084,1.39545,1.39562,1.00,1.00
2017.04.17 07:20:14.195,1.39545,1.39561,1.00,1.00
2017.04.17 07:20:15.314,1.39544,1.39561,1.50,1.00
2017.04.17 07:20:17.213,1.39544,1.39563,1.50,1.00
2017.04.17 07:20:27.575,1.39544,1.39564,1.00,3.00
2017.04.17 07:20:27.626,1.39543,1.39562,2.25,1.00
2017.04.17 07:20:30.013,1.39543,1.39563,1.50,1.50
2017.04.17 07:20:31.183,1.39543,1.39561,1.00,1.00
2017.04.17 07:20:36.110,1.39543,1.3956,1.00,1.00
2017.04.17 07:20:37.480,1.39543,1.39561,1.00,1.00
2017.04.17 07:20:54.808,1.39543,1.3956,1.00,1.00
2017.04.17 07:20:56.119,1.39543,1.39561,1.00,1.00
2017.04.17 07:20:57.514,1.39543,1.39563,1.50,1.00
2017.04.17 07:21:02.279,1.39543,1.39564,1.50,3.00
2017.04.17 07:21:02.831,1.39543,1.39563,2.25,1.50
2017.04.17 07:21:03.603,1.39543,1.39561,1.50,1.00
2017.04.17 07:21:07.003,1.39543,1.39562,1.00,3.00
2017.04.17 07:21:08.715,1.39542,1.39561,1.00,1.50
2017.04.17 07:21:09.453,1.39541,1.39559,1.00,1.00
2017.04.17 07:21:13.692,1.39541,1.3956,1.00,1.50
2017.04.17 07:21:26.623,1.39541,1.39558,1.00,1.00
2017.04.17 07:21:31.284,1.39539,1.39558,1.00,3.00
2017.04.17 07:21:32.420,1.39539,1.39557,1.00,2.25
2017.04.17 07:21:36.507,1.39537,1.39557,1.50,1.00
2017.04.17 07:21:40.760,1.39537,1.39556,2.25,1.00
2017.04.17 07:21:40.912,1.39537,1.39553,1.00,1.00
2017.04.17 07:21:41.316,1.39534,1.39552,1.00,1.50
2017.04.17 07:21:42.931,1.39536,1.39552,1.00,1.00
2017.04.17 07:21:43.133,1.39538,1.39555,1.00,1.00
2017.04.17 07:21:43.561,1.39541,1.39555,1.00,1.00
2017.04.17 07:21:43.712,1.3954,1.39557,1.00,1.00
2017.04.17 07:21:44.214,1.39541,1.39558,1.00,1.50
2017.04.17 07:21:44.738,1.39542,1.39558,1.00,1.50
2017.04.17 07:21:45.419,1.39541,1.39559,1.00,1.00
2017.04.17 07:21:49.816,1.39542,1.39559,1.00,1.00
2017.04.17 07:21:51.016,1.39542,1.3956,1.00,3.37
2017.04.17 07:21:51.613,1.39543,1.3956,1.00,3.37
2017.04.17 07:21:52.145,1.39542,1.3956,1.00,2.25
2017.04.17 07:21:55.460,1.39546,1.3956,1.00,1.50
2017.04.17 07:21:55.562,1.39547,1.39562,1.00,1.00
2017.04.17 07:21:56.092,1.39546,1.39562,1.00,1.00
2017.04.17 07:21:56.732,1.39548,1.39564,1.00,2.25
2017.04.17 07:21:57.233,1.39548,1.39563,1.00,1.00
2017.04.17 07:22:05.360,1.39547,1.39563,1.00,1.50
2017.04.17 07:22:05.816,1.39544,1.39561,1.00,1.87
2017.04.17 07:22:06.778,1.39544,1.3956,1.00,1.00
2017.04.17 07:22:10.055,1.39543,1.3956,1.00,1.00
2017.04.17 07:22:16.271,1.39544,1.3956,1.00,1.00
2017.04.17 07:22:16.373,1.39546,1.3956,1.00,1.00
2017.04.17 07:22:17.017,1.39545,1.3956,1.00,1.00
2017.04.17 07:22:21.597,1.39545,1.39562,1.00,1.50
2017.04.17 07:22:23.257,1.39545,1.39561,1.00,1.00
2017.04.17 07:22:32.136,1.39544,1.39561,1.00,1.00
2017.04.17 07:22:32.914,1.39545,1.39561,1.00,1.00
2017.04.17 07:22:34.659,1.39544,1.39561,1.00,1.00
2017.04.17 07:22:40.364,1.39545,1.39561,1.00,1.00
2017.04.17 07:22:40.870,1.39545,1.39562,1.00,1.50
2017.04.17 07:22:50.884,1.39546,1.39562,1.00,1.50
2017.04.17 07:22:53.269,1.39545,1.39561,1.00,1.00
2017.04.17 07:22:59.397,1.39546,1.39561,1.00,1.00
2017.04.17 07:23:00.853,1.39545,1.39561,1.00,1.00
2017.04.17 07:23:01.378,1.39544,1.39561,1.00,1.00
2017.04.17 07:23:01.885,1.39545,1.39561,1.00,1.00
2017.04.17 07:23:15.134,1.39544,1.39561,1.00,1.50
2017.04.17 07:23:16.203,1.39546,1.39561,1.00,1.50
2017.04.17 07:23:16.963,1.39545,1.39561,1.00,1.50
2017.04.17 07:23:23.424,1.39545,1.39562,1.00,1.50
2017.04.17 07:23:24.867,1.39546,1.39561,1.00,1.00
2017.04.17 07:23:26.134,1.39545,1.39561,1.00,1.00
2017.04.17 07:23:27.892,1.39545,1.39562,1.00,2.25
2017.04.17 07:23:28.558,1.39545,1.39561,1.00,1.00
2017.04.17 07:23:37.724,1.39545,1.3956,1.00,1.00
2017.04.17 07:23:43.576,1.39544,1.3956,1.00,1.00
2017.04.17 07:23:46.783,1.39546,1.3956,1.00,1.00
2017.04.17 07:23:50.665,1.39545,1.3956,1.00,1.00
2017.04.17 07:23:51.407,1.39546,1.3956,1.00,1.00
2017.04.17 07:23:51.772,1.39544,1.39561,1.00,2.25
2017.04.17 07:23:53.496,1.39543,1.39561,1.00,2.25
2017.04.17 07:23:56.915,1.39545,1.3956,1.00,1.00
2017.04.17 07:23:57.536,1.39544,1.39561,1.00,2.25
2017.04.17 07:24:01.634,1.39545,1.3956,1.00,1.00
2017.04.17 07:24:03.986,1.39544,1.3956,1.00,1.50
2017.04.17 07:24:07.477,1.39545,1.3956,1.00,1.50
2017.04.17 07:24:15.316,1.39544,1.3956,1.00,1.00
2017.04.17 07:24:18.283,1.39544,1.39561,1.00,1.50
2017.04.17 07:24:19.558,1.39544,1.3956,1.00,1.00
2017.04.17 07:24:23.612,1.39545,1.3956,1.00,1.00
2017.04.17 07:24:24.671,1.39546,1.3956,1.00,1.00
2017.04.17 07:24:25.354,1.39545,1.3956,1.00,1.00
2017.04.17 07:24:26.314,1.39546,1.39561,1.00,1.50
2017.04.17 07:24:27.486,1.39545,1.39562,1.00,1.00
2017.04.17 07:24:36.577,1.39545,1.39561,1.00,1.00
2017.04.17 07:24:38.862,1.39546,1.39561,1.00,1.00
2017.04.17 07:24:43.865,1.39546,1.39562,1.00,1.00
2017.04.17 07:25:06.952,1.39547,1.39562,1.00,1.00
2017.04.17 07:25:07.704,1.39547,1.39561,1.00,1.00
2017.04.17 07:25:09.212,1.39546,1.39562,1.00,1.50
2017.04.17 07:25:13.757,1.39547,1.39562,1.00,1.50
2017.04.17 07:25:18.309,1.39546,1.39564,1.00,1.50
2017.04.17 07:25:19.148,1.39547,1.39563,1.00,1.00
2017.04.17 07:25:28.329,1.39546,1.39563,1.00,1.00
2017.04.17 07:25:29.611,1.39548,1.39563,1.00,1.00
2017.04.17 07:25:30.279,1.39547,1.39563,1.00,1.00
2017.04.17 07:25:31.636,1.39547,1.39564,1.00,1.50
2017.04.17 07:25:32.767,1.39547,1.39563,1.00,1.00
2017.04.17 07:25:36.175,1.39547,1.39564,1.00,1.50
2017.04.17 07:25:36.951,1.39547,1.39563,1.00,1.00
2017.04.17 07:25:39.583,1.39547,1.39562,1.00,1.00
2017.04.17 07:25:50.977,1.39546,1.39562,1.00,1.00
2017.04.17 07:25:58.038,1.39547,1.39561,1.00,1.00
2017.04.17 07:25:58.088,1.39545,1.39561,1.00,1.00
2017.04.17 07:25:58.946,1.39546,1.39561,1.00,1.00
2017.04.17 07:26:11.416,1.39546,1.39562,1.00,1.00
2017.04.17 07:26:11.927,1.39545,1.39562,1.00,1.00
2017.04.17 07:26:14.268,1.39546,1.39562,1.00,1.00
2017.04.17 07:26:14.778,1.39545,1.39562,1.00,1.00
2017.04.17 07:26:15.293,1.39545,1.39561,1.00,1.00
2017.04.17 07:26:23.341,1.39546,1.39561,1.00,1.00
2017.04.17 07:26:24.098,1.39545,1.39561,1.00,1.00
2017.04.17 07:26:24.616,1.39546,1.39561,1.00,1.00
2017.04.17 07:26:24.928,1.39544,1.39561,1.00,1.50
2017.04.17 07:26:26.465,1.39543,1.39561,1.00,1.50
2017.04.17 07:26:28.387,1.39544,1.39561,1.00,1.50
2017.04.17 07:26:29.027,1.39545,1.39561,1.00,1.50
2017.04.17 07:26:29.587,1.39544,1.39561,1.00,1.50
2017.04.17 07:26:31.196,1.39544,1.3956,1.00,1.50
2017.04.17 07:26:32.078,1.39544,1.39558,1.00,1.00
2017.04.17 07:26:32.378,1.39542,1.39558,1.00,1.00
2017.04.17 07:26:35.233,1.39541,1.39558,1.00,1.50
2017.04.17 07:26:39.120,1.39542,1.39558,1.00,1.00
2017.04.17 07:26:40.150,1.39541,1.39558,1.50,1.00
2017.04.17 07:26:52.083,1.39542,1.39558,1.00,1.00
2017.04.17 07:26:53.078,1.39543,1.39558,1.00,1.00
2017.04.17 07:26:54.343,1.39542,1.39558,1.00,1.00
2017.04.17 07:26:54.818,1.39544,1.39558,1.00,1.00
2017.04.17 07:26:55.563,1.39543,1.39558,1.00,1.00
2017.04.17 07:26:56.843,1.39544,1.39558,1.00,1.00
2017.04.17 07:26:58.093,1.39543,1.39558,1.00,1.00
2017.04.17 07:27:00.223,1.39544,1.39558,1.00,1.00
2017.04.17 07:27:01.157,1.39543,1.39558,1.00,1.00
2017.04.17 07:27:02.594,1.39544,1.39558,1.00,1.00
2017.04.17 07:27:03.790,1.39543,1.39558,1.00,1.00
2017.04.17 07:27:04.856,1.39544,1.39558,1.00,1.00
2017.04.17 07:27:05.986,1.39543,1.39558,1.00,1.00
2017.04.17 07:27:06.257,1.39543,1.3956,1.00,1.50
2017.04.17 07:27:06.887,1.39541,1.3956,1.00,1.50
2017.04.17 07:27:06.938,1.39541,1.39558,1.00,1.00
2017.04.17 07:27:06.988,1.39539,1.39558,1.00,1.00
2017.04.17 07:27:07.090,1.39539,1.39556,1.00,1.00
2017.04.17 07:27:07.493,1.39537,1.39555,1.00,1.00
2017.04.17 07:27:07.947,1.39537,1.39553,1.00,1.50
2017.04.17 07:27:07.998,1.39535,1.39553,1.00,1.00
2017.04.17 07:27:09.113,1.39533,1.3955,1.00,1.00
2017.04.17 07:27:10.136,1.39532,1.3955,1.50,1.00
2017.04.17 07:27:14.542,1.39532,1.39551,1.50,1.00
2017.04.17 07:27:17.422,1.39532,1.39552,1.00,2.25
2017.04.17 07:27:21.639,1.39532,1.39551,1.00,1.00
2017.04.17 07:27:22.493,1.3953,1.39549,2.62,1.00
2017.04.17 07:27:23.047,1.3953,1.39548,1.00,1.00
2017.04.17 07:27:24.968,1.3953,1.3955,1.00,2.25
2017.04.17 07:27:29.547,1.39531,1.3955,1.00,1.50
2017.04.17 07:27:38.527,1.39531,1.39551,1.00,2.25
2017.04.17 07:27:39.417,1.3953,1.39551,2.25,1.50
2017.04.17 07:27:42.752,1.39531,1.39551,1.00,1.50
2017.04.17 07:27:44.082,1.39532,1.39551,1.00,1.50
2017.04.17 07:27:47.290,1.39531,1.3955,1.00,1.00
2017.04.17 07:27:51.622,1.39532,1.3955,1.00,1.00
2017.04.17 07:27:58.493,1.39532,1.39549,1.00,1.00
2017.04.17 07:27:59.070,1.39532,1.3955,1.00,1.00
2017.04.17 07:28:00.504,1.39531,1.3955,1.00,1.00
2017.04.17 07:28:05.996,1.39531,1.39548,1.00,1.00
2017.04.17 07:28:21.014,1.39531,1.3955,1.50,1.00
2017.04.17 07:28:22.148,1.39533,1.3955,1.00,1.00
2017.04.17 07:28:22.452,1.39534,1.39552,1.50,1.00
2017.04.17 07:28:23.183,1.39534,1.39553,2.62,1.50
2017.04.17 07:28:23.727,1.39534,1.39553,1.00,1.50
2017.04.17 07:28:24.759,1.39534,1.3955,1.00,1.00
2017.04.17 07:28:24.910,1.39534,1.39552,1.00,1.00
2017.04.17 07:28:25.446,1.39532,1.39551,1.00,1.50
2017.04.17 07:28:26.362,1.3954,1.39551,2.25,1.00
2017.04.17 07:28:26.413,1.39541,1.39553,1.00,1.00
2017.04.17 07:28:26.514,1.39543,1.39552,1.00,1.00
2017.04.17 07:28:26.666,1.39543,1.39561,1.00,1.00
2017.04.17 07:28:27.188,1.39543,1.39561,1.50,1.52
2017.04.17 07:28:27.715,1.39543,1.39561,1.00,1.00
2017.04.17 07:28:28.399,1.39544,1.39561,1.00,1.00
2017.04.17 07:28:29.179,1.39543,1.39561,1.00,1.00
2017.04.17 07:28:30.564,1.39543,1.39563,1.00,1.50
2017.04.17 07:28:31.604,1.39545,1.39563,1.00,1.50
2017.04.17 07:28:32.919,1.39543,1.39563,1.00,1.50
2017.04.17 07:28:33.448,1.39544,1.39563,1.00,1.50
2017.04.17 07:28:34.125,1.39545,1.39563,1.00,1.50
2017.04.17 07:28:36.492,1.39546,1.39563,1.00,1.00
2017.04.17 07:28:37.255,1.39547,1.39564,1.00,1.00
2017.04.17 07:28:39.065,1.39546,1.39564,1.00,1.00
2017.04.17 07:28:41.648,1.39547,1.39564,1.00,1.00
2017.04.17 07:28:42.827,1.39547,1.39563,1.00,1.00
2017.04.17 07:28:43.029,1.39545,1.39563,1.50,1.00
2017.04.17 07:28:43.482,1.39544,1.3956,1.00,1.00
2017.04.17 07:28:43.533,1.39542,1.3956,3.00,1.00
2017.04.17 07:28:44.346,1.39543,1.39561,1.00,1.00
2017.04.17 07:28:44.937,1.39543,1.3956,1.00,1.00
2017.04.17 07:28:45.038,1.39543,1.39563,2.25,2.25
2017.04.17 07:28:45.139,1.39542,1.39563,1.87,1.50
2017.04.17 07:28:45.593,1.39543,1.39561,1.00,1.00
2017.04.17 07:28:46.147,1.39542,1.39561,1.50,1.00
2017.04.17 07:28:50.021,1.39541,1.3956,1.00,1.00
2017.04.17 07:28:50.323,1.3954,1.39558,1.00,1.50
2017.04.17 07:28:50.985,1.3954,1.39559,1.00,3.00
2017.04.17 07:28:51.317,1.39538,1.39557,1.50,1.50
2017.04.17 07:28:51.418,1.39536,1.39556,1.50,1.50
2017.04.17 07:28:52.016,1.39536,1.39555,1.00,1.00
2017.04.17 07:28:52.620,1.39536,1.39554,1.00,1.00
2017.04.17 07:28:55.184,1.39533,1.39552,1.50,1.00
2017.04.17 07:28:55.323,1.39535,1.39553,1.00,1.50
2017.04.17 07:28:56.246,1.39535,1.39554,1.00,1.50
2017.04.17 07:29:01.046,1.39537,1.39554,1.00,1.00
2017.04.17 07:29:02.005,1.39536,1.39554,1.00,1.00
2017.04.17 07:29:03.137,1.39538,1.39554,1.00,1.00
2017.04.17 07:29:03.980,1.39537,1.39554,1.00,1.00
2017.04.17 07:29:04.716,1.39538,1.39554,1.00,1.00
2017.04.17 07:29:05.536,1.39537,1.39554,1.00,1.00
2017.04.17 07:29:06.337,1.39538,1.39554,1.00,1.50
2017.04.17 07:29:06.439,1.39537,1.39556,1.50,2.25
2017.04.17 07:29:07.006,1.39538,1.39556,1.00,1.50
2017.04.17 07:29:07.509,1.39538,1.39555,1.00,1.00
2017.04.17 07:29:08.720,1.39538,1.39557,1.00,1.00
2017.04.17 07:29:08.771,1.3954,1.39557,1.00,1.50
2017.04.17 07:29:12.525,1.39539,1.39557,1.00,1.00
2017.04.17 07:29:15.654,1.39539,1.39558,1.00,1.50
2017.04.17 07:29:16.517,1.3954,1.39557,1.00,1.00
2017.04.17 07:29:17.116,1.39539,1.39558,1.00,3.00
2017.04.17 07:29:17.645,1.39539,1.39557,1.00,1.00
2017.04.17 07:29:18.542,1.3954,1.39557,1.00,1.00
2017.04.17 07:29:19.256,1.39539,1.39556,1.00,1.00
2017.04.17 07:29:20.586,1.39539,1.39557,1.00,1.00
2017.04.17 07:29:21.685,1.3954,1.39557,1.00,1.00
2017.04.17 07:29:22.490,1.39539,1.39557,1.00,1.00
2017.04.17 07:29:23.765,1.3954,1.39557,1.00,1.50
2017.04.17 07:29:25.339,1.39539,1.39556,1.00,1.00
2017.04.17 07:29:25.868,1.39538,1.39557,1.00,1.50
2017.04.17 07:29:28.560,1.39538,1.39556,1.00,1.00
2017.04.17 07:29:32.000,1.39539,1.39556,1.00,1.00
2017.04.17 07:29:35.721,1.39539,1.39557,1.00,1.00
2017.04.17 07:29:38.415,1.3954,1.39557,1.00,1.00
2017.04.17 07:29:39.241,1.39539,1.39558,1.00,2.25
2017.04.17 07:29:40.515,1.3954,1.39557,1.00,1.00
2017.04.17 07:29:41.557,1.39539,1.39557,1.00,1.00
2017.04.17 07:29:42.076,1.3954,1.39556,1.00,1.50
2017.04.17 07:29:42.619,1.3954,1.39555,1.00,1.00
2017.04.17 07:29:43.126,1.39539,1.39555,1.00,1.00
2017.04.17 07:29:43.864,1.39539,1.39556,1.00,2.25
2017.04.17 07:29:44.479,1.39538,1.39556,1.00,1.50
2017.04.17 07:29:45.395,1.39538,1.39555,1.00,1.00
2017.04.17 07:29:47.897,1.39537,1.39555,1.00,1.00
2017.04.17 07:29:55.815,1.39538,1.39555,1.00,1.00
2017.04.17 07:29:56.713,1.39538,1.39553,1.00,1.00
2017.04.17 07:29:57.046,1.39536,1.39554,1.00,1.50
2017.04.17 07:29:57.882,1.39536,1.39553,1.00,1.00
2017.04.17 07:29:59.310,1.39537,1.39553,1.00,1.50
2017.04.17 07:30:01.502,1.39535,1.39553,1.00,1.50
2017.04.17 07:30:02.135,1.39536,1.39553,1.00,2.25
2017.04.17 07:30:03.577,1.39536,1.39551,1.00,1.00
2017.04.17 07:30:05.010,1.39536,1.39553,1.00,2.25
2017.04.17 07:30:05.061,1.39538,1.39553,1.00,1.00
2017.04.17 07:30:05.385,1.39538,1.39555,1.00,1.50
2017.04.17 07:30:06.007,1.39537,1.39555,1.00,1.00
2017.04.17 07:30:06.236,1.39539,1.39555,1.00,1.00
2017.04.17 07:30:07.360,1.39538,1.39555,1.00,1.00
2017.04.17 07:30:08.956,1.39538,1.39553,1.00,1.00
2017.04.17 07:30:09.646,1.39537,1.39553,1.00,1.00
2017.04.17 07:30:10.170,1.39536,1.39553,1.50,1.00
2017.04.17 07:30:11.485,1.39536,1.39552,1.50,1.50
2017.04.17 07:30:17.080,1.39536,1.39551,1.00,1.00
2017.04.17 07:30:21.860,1.3954,1.39553,2.25,1.00
2017.04.17 07:30:22.163,1.39545,1.39555,1.00,1.00
2017.04.17 07:30:22.214,1.39545,1.39561,1.00,1.00
2017.04.17 07:30:22.873,1.39546,1.39561,1.00,1.00
2017.04.17 07:30:23.916,1.39545,1.39561,1.00,1.00
2017.04.17 07:30:24.814,1.39545,1.39562,1.00,1.00
2017.04.17 07:30:27.925,1.39546,1.39562,1.00,1.00
2017.04.17 07:30:28.076,1.39544,1.39561,1.00,1.00
2017.04.17 07:30:28.686,1.39545,1.39561,1.00,2.25
2017.04.17 07:30:29.198,1.39544,1.3956,1.00,1.00
2017.04.17 07:30:32.005,1.39543,1.3956,1.00,1.50
2017.04.17 07:30:32.601,1.39544,1.3956,1.00,1.50
2017.04.17 07:30:32.702,1.39542,1.3956,1.00,1.50
2017.04.17 07:30:33.226,1.39543,1.3956,1.00,3.37
2017.04.17 07:30:33.790,1.39543,1.39558,1.00,1.00
2017.04.17 07:30:33.891,1.39541,1.39558,1.00,1.00
2017.04.17 07:30:34.404,1.39542,1.39558,1.00,1.00
2017.04.17 07:30:37.045,1.39541,1.39557,1.00,1.00
2017.04.17 07:30:38.664,1.39541,1.39559,1.00,1.00
2017.04.17 07:30:39.652,1.39541,1.39557,1.00,1.00
2017.04.17 07:30:43.715,1.39542,1.39559,1.00,1.00
2017.04.17 07:30:47.215,1.39541,1.39559,1.00,1.00
2017.04.17 07:30:47.316,1.39543,1.39559,1.00,1.00
2017.04.17 07:30:48.505,1.39542,1.39559,1.00,1.00
2017.04.17 07:30:49.974,1.39543,1.39559,1.00,1.00
2017.04.17 07:30:50.495,1.39542,1.39559,1.00,1.00
2017.04.17 07:30:51.033,1.39542,1.39558,1.00,1.00
2017.04.17 07:31:19.214,1.39542,1.39559,1.00,1.00
2017.04.17 07:31:19.536,1.39545,1.39561,1.00,1.50
2017.04.17 07:31:20.567,1.39544,1.39561,1.00,1.00
2017.04.17 07:31:20.935,1.39546,1.39562,1.00,1.00
2017.04.17 07:31:21.782,1.39547,1.39562,1.00,1.00
2017.04.17 07:31:22.677,1.39547,1.39561,1.00,1.00
2017.04.17 07:31:25.433,1.39546,1.39561,1.00,1.00
2017.04.17 07:31:26.323,1.39547,1.39561,1.00,1.00
2017.04.17 07:31:29.634,1.39546,1.39561,1.00,1.00
2017.04.17 07:31:30.922,1.39546,1.39562,1.00,1.00
2017.04.17 07:31:31.423,1.39548,1.39562,1.00,1.00
2017.04.17 07:31:31.979,1.39548,1.39563,1.00,1.00
2017.04.17 07:31:32.496,1.39547,1.39563,1.00,1.00
2017.04.17 07:31:32.799,1.39549,1.39564,1.00,1.00
2017.04.17 07:31:36.899,1.3955,1.39564,1.00,1.00
2017.04.17 07:31:37.479,1.3955,1.39565,1.00,1.00
2017.04.17 07:31:38.088,1.3955,1.39566,1.00,1.87
2017.04.17 07:31:38.364,1.39551,1.39568,1.00,1.00
2017.04.17 07:31:38.516,1.39553,1.39568,1.00,1.00
2017.04.17 07:31:38.895,1.39553,1.3957,1.00,1.00
2017.04.17 07:31:39.524,1.39554,1.3957,1.00,1.00
2017.04.17 07:31:40.220,1.39553,1.3957,1.00,1.00
2017.04.17 07:31:40.271,1.39555,1.3957,1.00,1.50
2017.04.17 07:31:41.261,1.39554,1.3957,1.00,1.00
2017.04.17 07:31:42.557,1.39555,1.3957,1.00,1.00
2017.04.17 07:31:43.134,1.39554,1.3957,1.00,1.00
2017.04.17 07:31:45.952,1.39554,1.39571,1.00,1.50
2017.04.17 07:31:51.023,1.39555,1.39571,1.00,1.50
2017.04.17 07:31:52.305,1.39555,1.3957,1.00,1.00
2017.04.17 07:31:56.340,1.39554,1.3957,1.00,1.00
2017.04.17 07:31:59.441,1.39555,1.3957,1.00,1.00
2017.04.17 07:32:02.116,1.39554,1.3957,1.00,1.00
2017.04.17 07:32:13.565,1.39556,1.3957,1.00,1.00
2017.04.17 07:32:14.346,1.39555,1.39571,1.00,1.00
2017.04.17 07:32:16.012,1.39555,1.3957,1.00,1.00
2017.04.17 07:32:20.187,1.39554,1.3957,1.00,1.50
2017.04.17 07:32:23.881,1.39555,1.3957,1.00,1.00
2017.04.17 07:32:28.030,1.39558,1.39572,1.00,1.00
2017.04.17 07:32:28.331,1.39559,1.39575,1.00,2.25
2017.04.17 07:32:28.432,1.3956,1.39577,1.00,2.25
2017.04.17 07:32:28.938,1.39559,1.39577,1.00,1.50
2017.04.17 07:32:29.645,1.3956,1.39577,1.00,1.50
2017.04.17 07:32:31.042,1.3956,1.39578,1.00,1.00
2017.04.17 07:32:32.293,1.3956,1.39576,1.00,1.00
2017.04.17 07:32:37.773,1.3956,1.39578,1.00,1.87
2017.04.17 07:32:40.357,1.39559,1.39578,1.00,1.00
2017.04.17 07:32:41.740,1.3956,1.39578,1.00,1.00
2017.04.17 07:32:45.175,1.3956,1.39579,1.00,2.62
2017.04.17 07:32:53.834,1.3956,1.39578,1.00,1.00
2017.04.17 07:32:54.936,1.39561,1.39578,1.00,1.50
2017.04.17 07:32:56.906,1.3956,1.39578,1.00,1.50
2017.04.17 07:32:56.957,1.39558,1.39573,1.00,1.00
2017.04.17 07:32:57.260,1.39555,1.39569,1.00,1.00
2017.04.17 07:32:57.517,1.39551,1.39568,1.00,1.00
2017.04.17 07:32:57.992,1.39551,1.39566,1.00,1.00
2017.04.17 07:32:58.664,1.39551,1.39567,1.00,1.00
2017.04.17 07:32:59.117,1.39548,1.39564,1.50,1.00
2017.04.17 07:32:59.622,1.39548,1.39565,2.25,1.00
2017.04.17 07:33:00.416,1.39548,1.39564,3.37,1.00
2017.04.17 07:33:00.712,1.39548,1.39566,2.25,1.00
2017.04.17 07:33:01.102,1.39551,1.39566,1.00,1.00
2017.04.17 07:33:15.617,1.39551,1.39565,1.00,1.00
2017.04.17 07:33:20.417,1.39551,1.39566,1.00,1.00
2017.04.17 07:33:29.604,1.39548,1.39563,1.00,1.00
2017.04.17 07:33:30.522,1.39548,1.39564,1.00,1.00
2017.04.17 07:33:31.162,1.39547,1.39564,1.00,1.00
2017.04.17 07:33:32.921,1.39547,1.39563,1.00,1.00
2017.04.17 07:33:34.919,1.39547,1.39564,1.00,1.00
2017.04.17 07:33:39.617,1.39547,1.39563,1.00,1.00
2017.04.17 07:33:40.203,1.39547,1.39564,1.00,1.00
2017.04.17 07:33:45.048,1.39547,1.39563,1.00,1.00
2017.04.17 07:33:52.123,1.39547,1.39564,1.00,1.00
2017.04.17 07:33:52.877,1.39547,1.39563,1.00,1.00
2017.04.17 07:33:53.226,1.39552,1.39567,1.00,1.00
2017.04.17 07:33:53.276,1.39552,1.39569,1.50,1.00
2017.04.17 07:33:53.327,1.39554,1.3957,1.50,1.00
2017.04.17 07:33:53.845,1.39554,1.39571,1.50,1.00
2017.04.17 07:33:59.316,1.39553,1.39567,1.00,1.00
2017.04.17 07:33:59.467,1.3955,1.39566,1.00,1.00
2017.04.17 07:33:59.518,1.39549,1.39563,1.00,1.00
2017.04.17 07:34:00.042,1.39548,1.39563,1.00,1.00
2017.04.17 07:34:00.571,1.39547,1.39563,1.50,1.00
2017.04.17 07:34:01.222,1.39546,1.39563,1.50,1.00
2017.04.17 07:34:01.748,1.39546,1.39564,1.50,1.00
2017.04.17 07:34:08.529,1.39546,1.39563,1.00,1.00
2017.04.17 07:34:08.834,1.39546,1.3956,1.00,1.00
2017.04.17 07:34:09.347,1.39543,1.39558,1.00,1.00
2017.04.17 07:34:09.851,1.39543,1.39559,1.00,1.00
2017.04.17 07:34:10.474,1.39543,1.39558,1.00,1.00
2017.04.17 07:34:12.702,1.39543,1.39557,1.00,1.00
2017.04.17 07:34:14.646,1.39543,1.39558,1.00,1.00
2017.04.17 07:34:16.252,1.39541,1.39558,1.00,1.00
2017.04.17 07:34:17.078,1.3954,1.39558,1.00,1.00
2017.04.17 07:34:19.280,1.39539,1.39558,2.62,1.00
2017.04.17 07:34:23.103,1.39541,1.39558,1.00,1.00
2017.04.17 07:34:30.175,1.39541,1.39557,1.00,1.00
2017.04.17 07:34:30.226,1.39541,1.3956,1.00,1.00
2017.04.17 07:34:30.478,1.39542,1.39562,1.50,1.00
2017.04.17 07:34:30.730,1.39544,1.39563,1.00,1.00
2017.04.17 07:34:31.117,1.39545,1.39565,1.50,1.00
2017.04.17 07:34:31.319,1.39548,1.39567,1.00,1.12
2017.04.17 07:34:39.960,1.39552,1.39567,1.00,1.00
2017.04.17 07:34:40.011,1.39554,1.3957,1.00,1.50
2017.04.17 07:34:40.364,1.39555,1.39575,1.50,1.00
2017.04.17 07:34:40.515,1.39557,1.39575,1.00,1.00
2017.04.17 07:34:41.304,1.39558,1.39576,1.00,1.00
2017.04.17 07:34:43.217,1.39558,1.39576,1.00,1.00
2017.04.17 07:34:43.410,1.39556,1.39576,1.50,1.00
2017.04.17 07:34:43.774,1.39554,1.39573,1.50,1.00
2017.04.17 07:34:46.183,1.39554,1.39573,1.50,1.50
2017.04.17 07:34:47.432,1.39555,1.39573,1.00,1.50
2017.04.17 07:34:48.177,1.39555,1.39573,1.00,1.50
2017.04.17 07:34:49.712,1.39555,1.39573,1.00,1.50
2017.04.17 07:34:50.785,1.39554,1.39573,1.50,1.00
2017.04.17 07:34:54.033,1.39554,1.39573,1.50,1.00
2017.04.17 07:34:54.714,1.39554,1.39573,1.50,1.00
2017.04.17 07:34:55.784,1.39554,1.39573,1.50,1.00
2017.04.17 07:34:57.479,1.39554,1.39573,1.50,1.50
2017.04.17 07:35:00.088,1.39554,1.39573,1.50,1.50
2017.04.17 07:35:07.575,1.39555,1.39574,1.00,1.50
2017.04.17 07:35:08.127,1.39555,1.39574,1.50,1.00
2017.04.17 07:35:08.632,1.39555,1.39574,1.50,1.00
2017.04.17 07:35:09.682,1.39555,1.39574,1.00,1.00
2017.04.17 07:35:09.733,1.39557,1.39574,1.00,1.00
2017.04.17 07:35:10.775,1.39556,1.39574,1.00,1.00
2017.04.17 07:35:11.835,1.39555,1.39574,1.50,1.00
2017.04.17 07:35:17.140,1.39555,1.39574,1.50,1.00
2017.04.17 07:35:22.933,1.39555,1.39574,1.50,1.00
2017.04.17 07:35:24.087,1.39554,1.39574,2.25,1.00
2017.04.17 07:35:26.146,1.39554,1.39574,2.25,1.00
2017.04.17 07:35:27.094,1.39554,1.39574,2.25,1.00
2017.04.17 07:35:29.186,1.39555,1.39574,1.00,1.00
2017.04.17 07:35:37.385,1.39555,1.39575,1.00,2.63
2017.04.17 07:36:11.867,1.39555,1.39575,1.00,1.50
2017.04.17 07:36:12.437,1.39556,1.39575,1.00,1.88
2017.04.17 07:36:13.786,1.39556,1.39575,1.00,1.50
2017.04.17 07:36:17.415,1.39557,1.39575,1.00,1.00
2017.04.17 07:36:17.918,1.39557,1.39577,1.00,2.63
2017.04.17 07:36:18.578,1.39557,1.39577,1.00,1.50
2017.04.17 07:36:19.437,1.39557,1.39577,1.00,1.13
2017.04.17 07:36:19.964,1.39556,1.39577,3.00,1.13
2017.04.17 07:36:23.277,1.39558,1.39579,1.00,2.63
2017.04.17 07:36:29.715,1.39558,1.39579,1.00,3.38
2017.04.17 07:36:30.420,1.39558,1.39578,1.00,1.13
2017.04.17 07:36:30.920,1.39558,1.39579,1.00,3.38
2017.04.17 07:36:31.424,1.39558,1.39579,1.00,3.38
2017.04.17 07:36:39.251,1.39558,1.39577,1.00,1.00
2017.04.17 07:36:39.464,1.39558,1.39577,1.00,1.00
2017.04.17 07:36:43.334,1.39569,1.39581,2.25,1.00
2017.04.17 07:36:43.637,1.39574,1.39592,1.00,1.00
2017.04.17 07:36:43.996,1.39574,1.39589,1.00,1.01
2017.04.17 07:36:44.349,1.39571,1.39589,1.00,1.14
2017.04.17 07:36:44.958,1.39571,1.3959,1.00,1.51
2017.04.17 07:36:45.618,1.39569,1.3959,1.50,3.01
2017.04.17 07:36:46.541,1.39569,1.3959,1.00,2.26
2017.04.17 07:36:47.167,1.39569,1.3959,1.00,2.26
2017.04.17 07:36:47.703,1.39569,1.3959,1.00,1.51
2017.04.17 07:36:51.545,1.39569,1.39587,1.00,1.02
2017.04.17 07:36:53.175,1.39568,1.39587,1.00,1.39
2017.04.17 07:36:58.745,1.39568,1.39587,1.00,1.12
2017.04.17 07:36:59.754,1.39568,1.39587,1.00,1.49
2017.04.17 07:37:01.582,1.39567,1.39587,1.00,1.49
2017.04.17 07:37:03.164,1.39566,1.39587,1.00,1.47
2017.04.17 07:37:04.399,1.39566,1.39586,1.00,2.62
2017.04.17 07:37:13.919,1.39567,1.39585,1.00,1.00
2017.04.17 07:37:16.612,1.39567,1.39584,1.00,1.00
2017.04.17 07:37:22.861,1.39565,1.39584,1.50,1.00
2017.04.17 07:37:23.397,1.39567,1.39586,1.00,1.12
2017.04.17 07:37:37.997,1.39567,1.39586,1.00,1.87
2017.04.17 07:37:38.710,1.39567,1.39586,1.00,1.00
2017.04.17 07:37:39.014,1.39574,1.3959,1.00,1.11
2017.04.17 07:37:39.572,1.39574,1.39593,1.50,1.15
2017.04.17 07:38:01.262,1.39574,1.39593,1.50,1.65
2017.04.17 07:38:24.435,1.39574,1.39592,1.00,1.00
2017.04.17 07:38:25.615,1.39574,1.39592,1.50,1.00
2017.04.17 07:38:33.175,1.39574,1.39592,1.00,1.00
2017.04.17 07:38:35.326,1.39574,1.39592,1.50,1.00
2017.04.17 07:38:36.461,1.39574,1.39592,1.00,1.00
2017.04.17 07:38:37.477,1.39573,1.39591,1.00,1.00
2017.04.17 07:38:38.428,1.39573,1.3959,1.00,1.00
2017.04.17 07:38:43.460,1.39573,1.39592,1.50,1.50
2017.04.17 07:38:44.005,1.39574,1.39592,1.50,1.00
2017.04.17 07:38:44.537,1.39573,1.39592,1.00,1.50
2017.04.17 07:38:46.860,1.39573,1.39592,1.00,1.88
2017.04.17 07:38:47.927,1.39573,1.39592,1.12,1.50
2017.04.17 07:38:55.779,1.39574,1.39592,1.00,1.50
2017.04.17 07:39:00.408,1.39574,1.39592,1.00,1.88
2017.04.17 07:39:03.136,1.39574,1.39592,1.00,1.50
2017.04.17 07:39:05.038,1.39574,1.39592,1.00,2.63
2017.04.17 07:39:16.072,1.39573,1.39592,2.62,1.88
2017.04.17 07:39:17.904,1.39573,1.39592,2.62,1.50
2017.04.17 07:39:30.475,1.39573,1.39592,1.87,1.88
2017.04.17 07:39:30.897,1.39571,1.39589,1.00,1.50
2017.04.17 07:39:31.883,1.39569,1.39589,1.50,3.00
2017.04.17 07:39:39.580,1.3957,1.39589,1.00,3.75
2017.04.17 07:39:49.428,1.3957,1.39587,1.00,1.00
2017.04.17 07:39:49.529,1.39568,1.39588,1.50,2.25
2017.04.17 07:39:50.523,1.39568,1.39587,1.50,1.50
2017.04.17 07:39:51.046,1.39568,1.39588,1.00,4.50
2017.04.17 07:39:53.213,1.39568,1.39587,1.00,2.25
2017.04.17 07:39:53.724,1.39567,1.39586,1.50,1.00
2017.04.17 07:39:54.254,1.39567,1.39585,1.00,1.00
2017.04.17 07:39:54.355,1.39565,1.39585,1.00,1.50
2017.04.17 07:39:54.723,1.39565,1.39583,1.50,1.00
2017.04.17 07:39:55.266,1.39565,1.39582,1.37,1.00
2017.04.17 07:39:56.109,1.39565,1.39582,1.00,1.00
2017.04.17 07:40:01.248,1.39564,1.39582,2.25,1.00
2017.04.17 07:40:06.168,1.39564,1.39583,1.50,1.50
2017.04.17 07:40:23.757,1.39565,1.39583,1.00,1.50
2017.04.17 07:40:32.001,1.39565,1.39584,1.50,2.25
2017.04.17 07:41:17.118,1.39565,1.39585,1.50,2.62
2017.04.17 07:41:18.349,1.39566,1.39585,1.00,1.50
2017.04.17 07:41:31.218,1.39565,1.39585,1.50,1.00
2017.04.17 07:41:32.122,1.39565,1.39586,1.50,2.62
2017.04.17 07:41:34.559,1.39565,1.39585,1.00,1.00
2017.04.17 07:41:37.055,1.39567,1.39586,1.00,2.85
2017.04.17 07:41:37.156,1.39567,1.39585,1.00,1.12
2017.04.17 07:41:38.907,1.39565,1.39585,1.50,1.12
2017.04.17 07:41:40.751,1.39565,1.39586,1.50,1.87
2017.04.17 07:41:41.967,1.39565,1.39585,1.50,1.00
2017.04.17 07:41:47.377,1.39566,1.39585,1.00,1.00
2017.04.17 07:41:57.236,1.39565,1.39585,2.25,1.00
2017.04.17 07:41:59.324,1.39566,1.39585,1.00,1.00
2017.04.17 07:42:00.787,1.39565,1.39585,2.25,1.00
2017.04.17 07:42:02.181,1.39567,1.39585,1.00,1.00
2017.04.17 07:42:15.776,1.39567,1.39586,1.00,1.00
2017.04.17 07:42:25.978,1.39567,1.39585,1.00,1.00
2017.04.17 07:42:28.523,1.39565,1.39583,3.00,1.00
2017.04.17 07:42:28.833,1.39567,1.39585,1.00,1.65
2017.04.17 07:42:28.934,1.39567,1.39585,1.00,1.12
2017.04.17 07:42:28.985,1.39567,1.39585,1.00,1.20
2017.04.17 07:42:29.137,1.39567,1.39585,1.00,1.12
2017.04.17 07:42:32.241,1.39566,1.39585,1.00,2.25
2017.04.17 07:42:39.592,1.39566,1.39584,1.00,1.00
2017.04.17 07:42:57.913,1.39566,1.39585,1.00,1.50
2017.04.17 07:43:02.301,1.39567,1.39585,1.00,1.50
2017.04.17 07:43:09.087,1.39568,1.39585,1.00,1.00
2017.04.17 07:43:09.736,1.39569,1.39585,1.00,1.00
2017.04.17 07:43:12.427,1.39569,1.39587,1.00,3.37
2017.04.17 07:43:15.917,1.39569,1.39586,1.00,1.00
2017.04.17 07:43:30.235,1.39569,1.39587,1.00,2.62
2017.04.17 07:43:30.831,1.39569,1.39586,1.00,1.00
2017.04.17 07:43:32.553,1.39569,1.39587,1.00,1.50
2017.04.17 07:43:42.924,1.39569,1.39588,1.00,2.25
2017.04.17 07:44:00.641,1.39569,1.39587,1.50,1.00
2017.04.17 07:44:01.465,1.39569,1.39588,1.50,1.50
2017.04.17 07:44:09.718,1.39569,1.39587,1.00,1.00
2017.04.17 07:44:10.933,1.39569,1.39585,1.00,1.00
2017.04.17 07:44:11.318,1.39569,1.39587,1.00,1.00
2017.04.17 07:44:14.888,1.39569,1.39588,1.00,1.50
2017.04.17 07:44:16.157,1.39572,1.39588,1.00,1.50
2017.04.17 07:44:16.258,1.39569,1.39588,1.00,1.00
2017.04.17 07:44:16.771,1.39569,1.39589,1.00,1.00
2017.04.17 07:44:17.316,1.39569,1.3959,1.50,3.00
2017.04.17 07:44:18.026,1.3957,1.39589,1.00,1.00
2017.04.17 07:44:18.361,1.39573,1.3959,1.00,1.00
2017.04.17 07:44:18.866,1.39574,1.39593,2.25,1.50
2017.04.17 07:44:20.406,1.39574,1.39593,1.00,1.50
2017.04.17 07:44:21.027,1.39574,1.39592,1.00,1.13
2017.04.17 07:44:21.431,1.39569,1.39589,6.00,1.37
2017.04.17 07:44:21.624,1.39572,1.39588,1.00,1.00
2017.04.17 07:44:22.384,1.3957,1.39588,1.00,1.50
2017.04.17 07:44:22.959,1.3957,1.39587,1.00,1.00
2017.04.17 07:44:23.547,1.3957,1.39588,1.00,1.50
2017.04.17 07:44:24.132,1.3957,1.39587,1.00,1.00
2017.04.17 07:44:32.481,1.39569,1.39587,1.00,1.00
2017.04.17 07:44:34.718,1.39569,1.39586,1.00,1.00
2017.04.17 07:44:35.915,1.39569,1.39585,1.00,1.00
2017.04.17 07:44:37.110,1.39569,1.39586,1.00,1.00
2017.04.17 07:44:39.267,1.39568,1.39586,1.50,1.00
2017.04.17 07:44:42.105,1.39568,1.39584,1.00,1.00
2017.04.17 07:44:42.927,1.39568,1.39586,1.50,1.00
2017.04.17 07:45:12.984,1.39568,1.39587,1.50,1.00
2017.04.17 07:45:16.266,1.39568,1.39588,1.00,1.12
2017.04.17 07:45:33.907,1.39568,1.39588,1.00,1.37
2017.04.17 07:45:36.566,1.39568,1.39588,1.00,1.12
2017.04.17 07:45:39.386,1.3957,1.39588,1.00,1.87
2017.04.17 07:45:43.732,1.3957,1.39588,1.00,1.37
2017.04.17 07:45:44.995,1.3957,1.39588,1.00,1.12
2017.04.17 07:45:46.288,1.3957,1.39588,1.00,1.87
2017.04.17 07:45:47.680,1.39568,1.39588,1.50,1.37
2017.04.17 07:45:50.113,1.39568,1.39588,1.50,1.12
2017.04.17 07:45:54.417,1.39569,1.39588,1.00,1.12
2017.04.17 07:45:58.218,1.39569,1.39589,1.00,3.37
2017.04.17 07:46:14.804,1.39569,1.39588,1.00,1.12
2017.04.17 07:46:15.641,1.39569,1.39589,1.00,2.62
2017.04.17 07:46:17.691,1.3957,1.39589,1.00,2.62
2017.04.17 07:46:31.022,1.3957,1.39588,1.00,1.00
2017.04.17 07:46:32.721,1.39568,1.39588,1.50,1.00
2017.04.17 07:46:37.461,1.39568,1.39589,1.00,2.62
2017.04.17 07:46:39.507,1.3957,1.39589,1.00,2.62
2017.04.17 07:46:40.916,1.3957,1.39588,1.00,1.12
2017.04.17 07:46:41.921,1.3957,1.39589,1.00,3.37
2017.04.17 07:46:42.286,1.3957,1.39587,1.00,1.00
2017.04.17 07:46:45.186,1.3957,1.39587,1.00,2.62
2017.04.17 07:46:46.316,1.3957,1.39587,1.00,1.12
2017.04.17 07:46:47.751,1.39567,1.39587,1.00,1.12
2017.04.17 07:46:52.264,1.39567,1.39586,1.00,1.87
2017.04.17 07:46:56.364,1.39567,1.39585,1.00,1.00
2017.04.17 07:46:57.007,1.39567,1.39586,1.00,1.50
2017.04.17 07:46:58.054,1.39567,1.39585,1.00,1.50
2017.04.17 07:46:59.434,1.39567,1.39584,1.00,1.00
2017.04.17 07:47:00.687,1.39567,1.39585,1.00,2.25
2017.04.17 07:47:01.786,1.39567,1.39584,1.00,1.00
2017.04.17 07:47:02.782,1.39565,1.39584,1.50,1.00
2017.04.17 07:47:16.105,1.39564,1.39583,2.25,1.50
2017.04.17 07:47:17.812,1.39565,1.39583,1.00,1.50
2017.04.17 07:47:18.686,1.39565,1.39584,1.00,1.00
2017.04.17 07:47:20.617,1.39565,1.39585,1.00,1.50
2017.04.17 07:47:20.919,1.39565,1.39583,1.00,1.00
2017.04.17 07:47:21.826,1.39565,1.39584,1.00,1.00
2017.04.17 07:47:22.923,1.39565,1.39583,1.00,1.50
2017.04.17 07:47:35.216,1.39565,1.39584,1.00,1.50
2017.04.17 07:47:36.521,1.39565,1.39583,1.50,1.07
2017.04.17 07:47:36.634,1.39565,1.39583,1.50,1.00
2017.04.17 07:47:47.662,1.39565,1.39584,1.50,2.25
2017.04.17 07:47:57.070,1.39566,1.39584,1.00,1.50
2017.04.17 07:47:57.776,1.39566,1.39585,1.00,2.25
2017.04.17 07:48:00.836,1.39566,1.39584,1.00,1.50
2017.04.17 07:48:01.478,1.39566,1.39585,1.00,1.50
2017.04.17 07:48:02.901,1.39565,1.39585,1.00,1.50
2017.04.17 07:48:07.715,1.39565,1.39584,1.00,1.00
2017.04.17 07:48:08.627,1.39565,1.39585,1.00,1.00
2017.04.17 07:48:09.687,1.39565,1.39584,1.00,1.00
2017.04.17 07:48:38.152,1.39566,1.39582,1.00,1.45
2017.04.17 07:48:38.203,1.39567,1.39584,1.00,1.22
2017.04.17 07:48:38.254,1.39567,1.39585,1.00,1.00
2017.04.17 07:48:39.186,1.39567,1.39586,1.00,2.25
2017.04.17 07:48:39.747,1.39566,1.39585,1.50,1.00
2017.04.17 07:48:40.730,1.39567,1.39585,1.00,1.00
2017.04.17 07:48:54.777,1.39567,1.39586,1.50,1.00
2017.04.17 07:49:14.857,1.39567,1.39583,1.50,1.00
2017.04.17 07:49:15.177,1.39566,1.39579,1.00,1.00
2017.04.17 07:49:15.537,1.39563,1.39579,1.50,1.00
2017.04.17 07:49:15.789,1.39562,1.39577,1.00,1.00
2017.04.17 07:49:15.912,1.3956,1.39577,1.00,1.00
2017.04.17 07:49:16.013,1.3956,1.39575,1.00,1.00
2017.04.17 07:49:16.738,1.3956,1.39576,1.00,1.00
2017.04.17 07:49:17.055,1.39558,1.39576,1.50,1.00
2017.04.17 07:49:17.767,1.39558,1.39575,1.00,1.00
2017.04.17 07:49:18.616,1.39559,1.39575,1.00,1.00
2017.04.17 07:49:24.836,1.39558,1.39575,1.00,1.00
2017.04.17 07:49:44.015,1.39558,1.39574,1.00,1.00
2017.04.17 07:49:48.154,1.39557,1.39574,1.50,1.00
2017.04.17 07:49:48.988,1.39557,1.39575,1.50,1.00
2017.04.17 07:49:49.948,1.39557,1.39574,2.25,1.00
2017.04.17 07:49:54.915,1.39558,1.39575,1.00,1.00
2017.04.17 07:49:55.511,1.39558,1.39574,2.25,1.00
2017.04.17 07:49:56.041,1.39559,1.39574,1.00,1.00
2017.04.17 07:49:56.732,1.39558,1.39575,2.25,1.00
2017.04.17 07:49:56.783,1.39561,1.39579,1.00,1.00
2017.04.17 07:50:14.816,1.3956,1.39579,1.50,2.25
2017.04.17 07:50:31.528,1.3956,1.39578,1.50,1.00
2017.04.17 07:50:41.411,1.3956,1.39579,1.50,1.50
2017.04.17 07:50:42.226,1.3956,1.39578,1.00,1.00
2017.04.17 07:50:47.502,1.3956,1.39579,1.00,1.50
2017.04.17 07:50:50.813,1.3956,1.39578,1.00,1.00
2017.04.17 07:50:53.578,1.3956,1.39579,1.00,1.50
2017.04.17 07:50:54.774,1.3956,1.39578,1.00,1.00
2017.04.17 07:51:03.261,1.39559,1.39578,1.00,1.50
2017.04.17 07:51:16.623,1.39558,1.39576,1.00,1.00
2017.04.17 07:51:17.215,1.39558,1.39575,1.00,1.00
2017.04.17 07:51:18.247,1.39558,1.39576,1.00,1.50
2017.04.17 07:51:18.763,1.39557,1.39576,1.00,1.00
2017.04.17 07:51:23.513,1.39557,1.39577,1.00,1.50
2017.04.17 07:51:40.107,1.39558,1.39577,1.00,1.50
2017.04.17 07:51:46.479,1.39559,1.39577,1.00,1.00
2017.04.17 07:51:48.351,1.39559,1.39578,1.50,1.00
2017.04.17 07:52:25.197,1.39559,1.3958,1.00,1.87
2017.04.17 07:52:28.879,1.39559,1.39579,1.50,1.12
2017.04.17 07:52:37.134,1.39559,1.3958,1.00,1.87
2017.04.17 07:52:37.854,1.3956,1.3958,1.00,1.87
2017.04.17 07:52:43.763,1.3956,1.3958,1.00,1.50
2017.04.17 07:52:45.598,1.39561,1.3958,1.00,1.00
2017.04.17 07:52:57.379,1.3956,1.3958,1.50,1.00
2017.04.17 07:53:01.213,1.39561,1.3958,1.00,1.00
2017.04.17 07:53:03.502,1.39561,1.39581,1.00,1.50
2017.04.17 07:53:38.542,1.39561,1.39579,1.00,1.00
2017.04.17 07:53:39.585,1.3956,1.3958,1.50,1.50
2017.04.17 07:53:41.512,1.3956,1.39579,2.62,1.00
2017.04.17 07:53:48.574,1.3956,1.39578,2.62,1.00
2017.04.17 07:53:57.022,1.3956,1.39576,1.12,1.00
2017.04.17 07:54:02.400,1.3956,1.39575,1.00,1.00
2017.04.17 07:54:06.417,1.3956,1.39576,1.00,1.00
2017.04.17 07:54:11.043,1.3956,1.39575,1.00,1.00
2017.04.17 07:54:20.679,1.3956,1.39576,1.00,1.00
2017.04.17 07:54:21.317,1.3956,1.39577,1.00,1.00
2017.04.17 07:54:35.920,1.3956,1.39576,1.00,1.00
2017.04.17 07:54:36.223,1.39558,1.39573,1.00,1.00
2017.04.17 07:54:39.763,1.39558,1.39574,1.00,1.00
2017.04.17 07:54:39.965,1.39555,1.39572,1.00,1.00
2017.04.17 07:54:44.958,1.39555,1.39571,1.00,1.00
2017.04.17 07:54:46.158,1.39555,1.39573,1.00,1.00
2017.04.17 07:55:04.445,1.39561,1.39576,1.00,1.00
2017.04.17 07:55:04.495,1.39562,1.39578,1.00,1.50
2017.04.17 07:55:05.018,1.39566,1.39581,1.00,1.00
2017.04.17 07:55:05.525,1.39563,1.39581,1.00,1.00
2017.04.17 07:55:06.064,1.39562,1.39581,2.25,1.00
2017.04.17 07:55:06.575,1.39563,1.39581,1.50,1.00
2017.04.17 07:55:09.211,1.39563,1.39582,1.50,1.50
2017.04.17 07:55:18.915,1.39564,1.39582,1.00,1.50
2017.04.17 07:55:23.811,1.39564,1.39581,1.00,1.00
2017.04.17 07:55:25.005,1.39563,1.39581,3.75,1.00
2017.04.17 07:55:36.696,1.39563,1.3958,1.00,1.00
2017.04.17 07:55:36.746,1.3956,1.39577,2.25,1.00
2017.04.17 07:55:37.049,1.39554,1.39568,1.00,1.00
2017.04.17 07:55:37.717,1.39553,1.39568,1.00,1.00
2017.04.17 07:55:38.305,1.39552,1.39569,1.50,1.00
2017.04.17 07:55:45.068,1.39551,1.39569,2.25,1.00
2017.04.17 07:55:45.548,1.39553,1.39568,1.00,1.00
2017.04.17 07:55:45.863,1.39551,1.39569,2.25,1.00
2017.04.17 07:55:47.410,1.39552,1.39568,1.00,1.00
2017.04.17 07:55:48.059,1.39551,1.39569,2.25,1.00
2017.04.17 07:55:52.733,1.39551,1.39568,1.50,1.00
2017.04.17 07:55:57.415,1.39555,1.39571,1.00,1.00
2017.04.17 07:55:57.769,1.39557,1.39572,1.00,1.00
2017.04.17 07:55:57.921,1.39555,1.39572,2.25,1.00
2017.04.17 07:56:03.864,1.39555,1.39574,2.62,1.12
2017.04.17 07:56:07.826,1.39555,1.39573,2.62,1.00
2017.04.17 07:56:11.811,1.39555,1.39574,2.25,1.00
2017.04.17 07:56:11.862,1.39557,1.39574,1.00,1.00
2017.04.17 07:56:12.165,1.39557,1.39577,2.25,1.00
2017.04.17 07:56:12.926,1.39558,1.39578,1.00,1.50
2017.04.17 07:56:13.919,1.3956,1.39578,1.00,1.50
2017.04.17 07:56:18.895,1.3956,1.39577,1.00,1.00
2017.04.17 07:56:25.680,1.3956,1.39576,1.00,1.00
2017.04.17 07:56:40.710,1.3956,1.39577,1.00,2.25
2017.04.17 07:57:12.114,1.3956,1.39576,1.00,1.00
2017.04.17 07:57:14.005,1.39558,1.39576,1.00,1.00
2017.04.17 07:57:15.755,1.39557,1.39577,1.50,2.25
2017.04.17 07:57:17.080,1.39558,1.39576,1.00,1.00
2017.04.17 07:57:19.615,1.39557,1.39577,1.50,2.25
2017.04.17 07:57:25.183,1.39558,1.39576,1.00,1.50
2017.04.17 07:57:30.081,1.39557,1.39576,1.00,1.00
2017.04.17 07:57:36.164,1.39561,1.39576,1.00,1.00
2017.04.17 07:57:37.088,1.39561,1.39577,1.00,1.50
2017.04.17 07:58:00.216,1.39562,1.39577,1.00,1.00
2017.04.17 07:58:00.519,1.39567,1.39584,1.00,1.00
2017.04.17 07:58:02.418,1.39568,1.39584,1.00,1.00
2017.04.17 07:58:18.396,1.3957,1.39587,1.00,1.00
2017.04.17 07:58:18.497,1.39572,1.39588,1.00,1.00
2017.04.17 07:58:18.800,1.39576,1.39592,1.50,1.00
2017.04.17 07:58:19.338,1.39576,1.39592,1.00,1.00
2017.04.17 07:58:20.618,1.39577,1.39594,1.00,1.13
2017.04.17 07:58:21.418,1.39578,1.39594,1.00,1.13
2017.04.17 07:58:24.406,1.39578,1.39594,1.50,1.13
2017.04.17 07:58:24.507,1.39578,1.39594,1.00,1.12
2017.04.17 07:58:49.195,1.39578,1.39595,1.50,1.00
2017.04.17 07:58:49.797,1.39579,1.39595,1.00,1.00
2017.04.17 07:58:50.544,1.39578,1.39595,1.50,1.00
2017.04.17 07:58:53.070,1.39579,1.39595,1.00,1.00
2017.04.17 07:59:08.141,1.39578,1.39595,1.50,1.00
2017.04.17 07:59:10.733,1.39579,1.39595,1.00,1.00
2017.04.17 07:59:12.147,1.39578,1.39596,1.50,1.00
2017.04.17 07:59:12.725,1.39582,1.39599,1.00,4.87
2017.04.17 07:59:13.716,1.39583,1.396,1.00,3.75
2017.04.17 07:59:14.228,1.39583,1.39599,1.00,1.00
2017.04.17 07:59:14.768,1.39583,1.396,1.00,3.75
2017.04.17 07:59:16.422,1.39583,1.39599,1.00,1.00
2017.04.17 07:59:18.613,1.39583,1.39598,1.00,1.00
2017.04.17 07:59:24.656,1.39583,1.39599,1.00,1.00
2017.04.17 07:59:26.409,1.39583,1.396,1.00,1.00
2017.04.17 07:59:29.264,1.39587,1.39601,1.00,1.00
2017.04.17 07:59:29.917,1.39587,1.39602,1.50,1.00
2017.04.17 07:59:30.546,1.39587,1.39601,1.00,1.00
2017.04.17 07:59:30.832,1.39582,1.396,2.25,1.00
2017.04.17 07:59:31.085,1.3958,1.39599,2.25,1.00
2017.04.17 07:59:31.635,1.39581,1.39599,1.00,1.00
2017.04.17 07:59:31.917,1.39583,1.39599,1.00,1.00
2017.04.17 07:59:43.108,1.39584,1.39602,1.50,1.50
2017.04.17 07:59:43.159,1.39586,1.39602,1.00,1.00
2017.04.17 07:59:43.666,1.39587,1.39602,1.00,1.00
2017.04.17 07:59:43.716,1.39585,1.39602,3.00,1.00
2017.04.17 07:59:43.817,1.39587,1.39602,1.00,1.00
2017.04.17 07:59:49.315,1.39587,1.39604,1.50,1.37
2017.04.17 07:59:50.860,1.39587,1.39604,1.00,1.12
2017.04.17 07:59:53.570,1.39587,1.39604,1.50,1.38
2017.04.17 07:59:54.355,1.39587,1.39604,1.00,1.13
2017.04.17 07:59:56.007,1.39588,1.39607,1.00,4.51
2017.04.17 07:59:56.521,1.39588,1.39604,1.50,1.88
2017.04.17 07:59:57.820,1.39588,1.39605,1.00,1.13
