2017.08.08 11:00:00.090,1.36051,1.36072,2.32,2.70
2017.08.08 11:00:00.344,1.36051,1.36072,3.45,2.32
2017.08.08 11:00:06.658,1.36053,1.36073,2.25,1.95
2017.08.08 11:00:49.933,1.36053,1.36073,3.07,2.25
2017.08.08 11:00:50.035,1.36053,1.36073,2.32,2.25
2017.08.08 11:00:58.280,1.36053,1.36072,2.32,1.12
2017.08.08 11:01:02.223,1.36053,1.36073,2.32,2.25
2017.08.08 11:01:02.426,1.36053,1.36072,1.57,1.75
2017.08.08 11:01:02.965,1.36053,1.36072,1.45,1.75
2017.08.08 11:01:05.694,1.36051,1.36072,1.57,2.70
2017.08.08 11:01:08.583,1.36051,1.3607,1.12,1.95
2017.08.08 11:01:09.103,1.36051,1.36069,1.12,1.57
2017.08.08 11:01:16.408,1.36053,1.3607,1.00,1.50
2017.08.08 11:01:16.812,1.36055,1.3607,1.00,1.00
2017.08.08 11:01:16.914,1.36055,1.36072,1.20,1.12
2017.08.08 11:01:20.605,1.36056,1.36072,1.00,1.12
2017.08.08 11:01:28.887,1.36056,1.36074,1.50,1.57
2017.08.08 11:01:28.938,1.36058,1.36075,1.50,1.45
2017.08.08 11:01:29.242,1.36058,1.36076,1.75,1.45
2017.08.08 11:01:31.874,1.36059,1.36076,1.50,1.45
2017.08.08 11:01:32.924,1.36059,1.36078,1.50,1.10
2017.08.08 11:01:34.355,1.36059,1.36077,2.25,1.00
2017.08.08 11:01:35.107,1.36059,1.36079,2.25,2.70
2017.08.08 11:01:35.633,1.36061,1.36079,1.00,2.70
2017.08.08 11:01:47.166,1.36061,1.36079,1.00,2.14
2017.08.08 11:01:47.268,1.36062,1.3608,1.75,1.95
2017.08.08 11:01:47.319,1.36063,1.3608,1.00,2.32
2017.08.08 11:01:47.890,1.36063,1.3608,1.50,1.57
2017.08.08 11:01:56.624,1.36063,1.3608,1.00,1.00
2017.08.08 11:01:57.323,1.36061,1.3608,3.00,3.00
2017.08.08 11:01:59.273,1.36063,1.3608,1.12,1.12
2017.08.08 11:02:04.183,1.36062,1.3608,2.32,1.50
2017.08.08 11:02:04.698,1.36061,1.3608,2.70,1.87
2017.08.08 11:02:10.227,1.36061,1.36076,2.70,1.00
2017.08.08 11:02:10.773,1.36061,1.36077,1.95,1.00
2017.08.08 11:02:12.999,1.36061,1.36076,1.20,1.00
2017.08.08 11:02:14.908,1.36061,1.36077,1.20,1.00
2017.08.08 11:02:15.509,1.36061,1.36077,1.12,1.00
2017.08.08 11:02:15.762,1.36059,1.36076,1.87,1.12
2017.08.08 11:02:17.520,1.36058,1.36075,2.25,1.00
2017.08.08 11:02:31.005,1.36058,1.36075,1.12,1.20
2017.08.08 11:02:40.016,1.36058,1.36075,3.00,1.00
2017.08.08 11:02:40.168,1.36059,1.36075,1.75,1.00
2017.08.08 11:02:43.378,1.36062,1.36076,1.12,1.00
2017.08.08 11:02:44.286,1.36061,1.36077,2.25,1.00
2017.08.08 11:02:44.854,1.36061,1.36076,3.00,1.00
2017.08.08 11:02:45.384,1.36061,1.36077,2.25,1.00
2017.08.08 11:02:45.886,1.36061,1.36076,2.25,1.00
2017.08.08 11:02:46.389,1.36061,1.36077,3.00,1.00
2017.08.08 11:02:47.776,1.36061,1.36076,3.00,1.00
2017.08.08 11:02:54.353,1.36061,1.36077,2.25,1.00
2017.08.08 11:02:55.576,1.36062,1.36078,1.12,1.00
2017.08.08 11:02:58.736,1.36062,1.3608,1.87,1.95
2017.08.08 11:03:00.850,1.36062,1.36079,2.62,1.00
2017.08.08 11:03:02.216,1.36062,1.36077,1.87,1.00
2017.08.08 11:03:03.343,1.36062,1.36078,1.87,1.00
2017.08.08 11:03:04.023,1.36062,1.36077,1.87,1.00
2017.08.08 11:03:04.747,1.36062,1.36078,1.87,1.00
2017.08.08 11:03:08.670,1.36062,1.36077,1.87,1.00
2017.08.08 11:03:09.344,1.36062,1.36076,1.12,1.00
2017.08.08 11:03:10.346,1.36062,1.36077,1.12,1.00
2017.08.08 11:03:10.940,1.3606,1.36076,3.00,1.00
2017.08.08 11:03:12.903,1.3606,1.36077,3.00,1.00
2017.08.08 11:03:19.296,1.36061,1.36076,1.50,1.00
2017.08.08 11:03:19.854,1.3606,1.36077,3.00,1.00
2017.08.08 11:03:21.149,1.36058,1.36076,3.37,1.00
2017.08.08 11:03:22.356,1.36058,1.36075,1.87,1.00
2017.08.08 11:03:22.508,1.36055,1.36075,1.95,2.70
2017.08.08 11:03:25.625,1.36056,1.36075,1.00,3.07
2017.08.08 11:03:30.280,1.36056,1.36075,1.50,2.70
2017.08.08 11:03:34.798,1.36056,1.36075,4.50,1.00
2017.08.08 11:03:36.137,1.36059,1.36075,1.50,1.00
2017.08.08 11:04:24.006,1.3606,1.36077,1.87,1.39
2017.08.08 11:04:25.547,1.3606,1.36076,1.87,1.19
2017.08.08 11:04:26.190,1.3606,1.36077,1.12,1.39
2017.08.08 11:04:26.393,1.36057,1.36076,1.00,2.14
2017.08.08 11:04:27.326,1.36056,1.36076,1.50,3.64
2017.08.08 11:04:28.484,1.36056,1.36071,1.00,1.00
2017.08.08 11:04:29.242,1.36056,1.36072,1.00,1.12
2017.08.08 11:04:29.846,1.36055,1.36071,1.12,1.00
2017.08.08 11:04:30.977,1.36054,1.36072,2.25,1.12
2017.08.08 11:04:33.144,1.36054,1.36072,1.87,1.50
2017.08.08 11:04:37.319,1.36053,1.36071,1.50,1.12
2017.08.08 11:04:40.328,1.36054,1.36071,1.00,1.12
2017.08.08 11:04:47.493,1.36053,1.36071,1.00,1.87
2017.08.08 11:04:52.613,1.36053,1.36071,1.00,1.31
2017.08.08 11:04:53.288,1.36053,1.36072,1.00,2.51
2017.08.08 11:04:53.943,1.36053,1.36071,1.00,1.31
2017.08.08 11:04:54.247,1.3605,1.36067,3.00,1.00
2017.08.08 11:04:59.021,1.36051,1.36068,1.75,1.00
2017.08.08 11:05:02.347,1.3605,1.3607,2.62,1.76
2017.08.08 11:05:02.398,1.3605,1.36071,3.82,2.44
2017.08.08 11:05:03.938,1.36051,1.36072,3.00,2.89
2017.08.08 11:05:04.327,1.36053,1.36072,1.45,2.44
2017.08.08 11:05:04.603,1.36053,1.36072,1.10,2.44
2017.08.08 11:05:05.564,1.36053,1.36071,1.10,1.31
2017.08.08 11:05:06.088,1.36053,1.36071,1.00,1.29
2017.08.08 11:05:06.846,1.36053,1.36071,1.00,1.31
2017.08.08 11:05:09.088,1.36053,1.36072,1.00,2.89
2017.08.08 11:05:11.623,1.36053,1.36071,3.00,1.12
2017.08.08 11:05:14.805,1.36054,1.36072,1.00,1.50
2017.08.08 11:05:15.672,1.36054,1.36072,1.00,1.12
2017.08.08 11:05:18.716,1.36053,1.36071,3.37,1.00
2017.08.08 11:05:20.029,1.36053,1.36072,1.87,1.87
2017.08.08 11:05:20.637,1.36053,1.36072,1.57,1.87
2017.08.08 11:05:21.230,1.36053,1.36071,2.32,1.00
2017.08.08 11:05:23.295,1.36053,1.36072,1.57,1.31
2017.08.08 11:05:24.247,1.36053,1.36071,1.57,1.25
2017.08.08 11:05:30.179,1.36053,1.36072,1.57,2.06
2017.08.08 11:05:31.893,1.36053,1.36072,1.12,2.06
2017.08.08 11:05:36.733,1.36053,1.36071,1.12,1.25
2017.08.08 11:05:37.458,1.36054,1.36072,1.00,2.06
2017.08.08 11:05:39.103,1.36054,1.36071,1.00,1.25
2017.08.08 11:05:40.150,1.36054,1.36072,1.00,2.06
2017.08.08 11:05:42.365,1.36054,1.36071,1.00,1.25
2017.08.08 11:05:47.463,1.36053,1.36072,1.57,2.06
2017.08.08 11:05:47.998,1.36053,1.36071,1.57,1.25
2017.08.08 11:05:51.979,1.36053,1.36071,2.32,1.69
2017.08.08 11:05:52.488,1.36053,1.36071,2.32,1.69
2017.08.08 11:05:58.502,1.36053,1.36072,1.95,2.44
2017.08.08 11:06:01.495,1.36053,1.36072,1.45,3.19
2017.08.08 11:06:02.264,1.36053,1.36072,1.95,3.19
2017.08.08 11:06:07.433,1.36053,1.36072,1.20,3.19
2017.08.08 11:06:17.172,1.36053,1.36072,1.45,3.19
2017.08.08 11:06:20.492,1.36053,1.36072,1.95,3.00
2017.08.08 11:06:21.244,1.36054,1.36072,2.32,1.50
2017.08.08 11:06:22.893,1.36055,1.36072,1.57,1.12
2017.08.08 11:06:23.751,1.36055,1.36072,1.20,1.12
2017.08.08 11:06:25.029,1.36055,1.36073,2.70,1.00
2017.08.08 11:06:25.336,1.36056,1.36071,1.47,1.00
2017.08.08 11:06:25.839,1.36056,1.36072,2.70,1.00
2017.08.08 11:06:26.941,1.36056,1.36073,3.45,1.00
2017.08.08 11:06:27.629,1.36056,1.36074,3.45,1.00
2017.08.08 11:06:28.592,1.36057,1.36073,1.50,1.00
2017.08.08 11:06:30.272,1.36057,1.36074,1.50,1.00
2017.08.08 11:06:31.839,1.36057,1.36073,2.25,1.00
2017.08.08 11:06:37.887,1.36057,1.36073,2.32,1.00
2017.08.08 11:06:38.954,1.36057,1.36072,1.20,1.00
2017.08.08 11:06:39.578,1.36057,1.36073,1.20,1.00
2017.08.08 11:06:40.844,1.36057,1.36072,1.12,1.00
2017.08.08 11:06:44.022,1.36056,1.36073,1.10,1.00
2017.08.08 11:06:47.456,1.36056,1.36072,1.10,1.00
2017.08.08 11:06:47.989,1.36056,1.36073,1.10,1.00
2017.08.08 11:06:49.784,1.36056,1.36071,1.10,1.00
2017.08.08 11:06:50.037,1.36054,1.36071,1.12,1.00
2017.08.08 11:07:06.442,1.36051,1.36071,3.07,1.10
2017.08.08 11:07:06.746,1.3605,1.36071,4.95,1.95
2017.08.08 11:07:07.051,1.3605,1.36067,1.50,1.00
2017.08.08 11:07:13.238,1.3605,1.36066,1.50,1.00
2017.08.08 11:07:13.864,1.3605,1.36067,1.50,1.00
2017.08.08 11:07:20.569,1.3605,1.36066,2.25,1.00
2017.08.08 11:07:21.743,1.3605,1.36067,1.50,1.00
2017.08.08 11:07:22.297,1.3605,1.36066,1.50,1.00
2017.08.08 11:07:24.385,1.3605,1.36066,1.12,1.00
2017.08.08 11:07:50.226,1.36049,1.36066,1.75,1.00
2017.08.08 11:07:55.860,1.36051,1.36066,1.07,1.00
2017.08.08 11:07:56.457,1.36051,1.36067,1.47,1.00
2017.08.08 11:07:57.012,1.36051,1.36066,1.47,1.00
2017.08.08 11:07:58.738,1.3605,1.36067,2.70,1.00
2017.08.08 11:07:59.579,1.36051,1.36068,1.47,1.00
2017.08.08 11:07:59.890,1.36055,1.36073,1.00,2.62
2017.08.08 11:08:00.415,1.36055,1.36072,1.95,1.00
2017.08.08 11:08:00.978,1.36055,1.36073,1.50,1.00
2017.08.08 11:08:01.130,1.36055,1.36071,3.00,1.00
2017.08.08 11:08:01.638,1.36056,1.36072,1.12,1.00
2017.08.08 11:08:02.199,1.36056,1.36071,1.12,1.00
2017.08.08 11:08:02.772,1.36055,1.36071,1.50,1.00
2017.08.08 11:08:02.991,1.36053,1.36072,1.00,2.70
2017.08.08 11:08:03.587,1.36053,1.36071,1.00,3.45
2017.08.08 11:08:04.407,1.36051,1.36071,1.95,2.70
2017.08.08 11:08:05.645,1.36051,1.36071,2.32,3.00
2017.08.08 11:08:06.253,1.36051,1.36071,3.07,2.25
2017.08.08 11:08:06.304,1.36051,1.36071,1.95,2.70
2017.08.08 11:08:08.175,1.36052,1.3607,1.00,1.57
2017.08.08 11:08:09.352,1.3605,1.36066,2.32,1.00
2017.08.08 11:08:10.022,1.3605,1.36067,2.70,1.00
2017.08.08 11:08:10.536,1.3605,1.36066,2.70,1.00
2017.08.08 11:08:12.884,1.3605,1.36067,2.70,1.00
2017.08.08 11:08:15.537,1.3605,1.36066,2.70,1.00
2017.08.08 11:08:18.776,1.3605,1.36068,1.95,1.00
2017.08.08 11:08:19.278,1.3605,1.36067,1.95,1.00
2017.08.08 11:08:19.947,1.3605,1.36068,1.95,1.00
2017.08.08 11:08:22.683,1.36051,1.36071,2.32,1.95
2017.08.08 11:08:23.019,1.36052,1.36071,2.32,1.87
2017.08.08 11:08:27.959,1.36053,1.36071,1.45,1.31
2017.08.08 11:08:28.615,1.36053,1.36071,1.45,1.31
2017.08.08 11:08:30.354,1.36053,1.36069,1.20,1.00
2017.08.08 11:08:31.323,1.36053,1.36068,1.20,1.00
2017.08.08 11:08:33.238,1.36053,1.3607,1.20,1.25
2017.08.08 11:08:34.827,1.36053,1.36069,1.20,1.00
2017.08.08 11:08:42.533,1.36054,1.36068,1.00,1.00
2017.08.08 11:08:47.131,1.36053,1.36068,1.12,1.00
2017.08.08 11:08:48.641,1.36053,1.36069,1.12,1.00
2017.08.08 11:08:53.471,1.36052,1.36068,4.20,1.00
2017.08.08 11:08:56.743,1.36052,1.36069,4.20,1.00
2017.08.08 11:09:01.617,1.36053,1.3607,1.20,1.25
2017.08.08 11:09:03.272,1.36053,1.36069,1.20,1.25
2017.08.08 11:09:04.346,1.36053,1.3607,1.20,1.25
2017.08.08 11:09:05.763,1.36053,1.36069,1.87,1.00
2017.08.08 11:09:07.540,1.36053,1.36067,1.87,1.00
2017.08.08 11:09:08.069,1.36053,1.36068,1.12,1.00
2017.08.08 11:09:09.278,1.36053,1.36067,1.12,1.00
2017.08.08 11:09:09.808,1.36053,1.36068,1.12,1.00
2017.08.08 11:09:13.022,1.36053,1.36069,1.12,1.10
2017.08.08 11:09:15.400,1.36054,1.36069,1.00,1.05
2017.08.08 11:09:16.299,1.36054,1.36068,1.00,1.05
2017.08.08 11:09:17.520,1.36054,1.36067,1.00,1.00
2017.08.08 11:09:17.622,1.36051,1.36066,1.12,1.00
2017.08.08 11:09:18.283,1.3605,1.36067,3.00,1.00
2017.08.08 11:09:18.810,1.3605,1.36066,3.00,1.00
2017.08.08 11:09:19.696,1.3605,1.36067,2.25,1.00
2017.08.08 11:09:20.420,1.3605,1.36066,2.25,1.00
2017.08.08 11:09:21.233,1.3605,1.36066,1.12,1.10
2017.08.08 11:09:22.749,1.36048,1.36066,1.75,1.45
2017.08.08 11:09:23.393,1.36047,1.36065,2.25,1.20
2017.08.08 11:09:31.199,1.36047,1.36066,1.75,3.82
2017.08.08 11:09:35.708,1.36046,1.36065,1.75,1.00
2017.08.08 11:09:37.008,1.36046,1.36065,1.50,1.50
2017.08.08 11:09:50.023,1.36046,1.36064,1.20,1.12
2017.08.08 11:09:51.116,1.36045,1.36064,3.82,1.12
2017.08.08 11:09:51.698,1.36045,1.36061,3.15,1.00
2017.08.08 11:09:51.800,1.36045,1.36062,1.87,1.50
2017.08.08 11:09:52.747,1.36045,1.36061,1.12,1.00
2017.08.08 11:09:54.246,1.36043,1.36056,1.87,1.00
2017.08.08 11:09:54.347,1.36039,1.36057,1.50,1.87
2017.08.08 11:09:54.611,1.36039,1.36054,1.00,1.95
2017.08.08 11:09:54.662,1.36035,1.36054,2.25,1.95
2017.08.08 11:10:11.456,1.36036,1.36052,1.00,1.00
2017.08.08 11:10:11.557,1.36034,1.36047,1.12,1.00
2017.08.08 11:10:11.710,1.36031,1.36046,2.25,1.00
2017.08.08 11:10:11.862,1.3603,1.36046,1.87,1.00
2017.08.08 11:10:12.395,1.36029,1.36047,1.12,1.95
2017.08.08 11:10:18.995,1.36028,1.36047,1.95,2.62
2017.08.08 11:10:19.046,1.3603,1.36047,2.70,1.12
2017.08.08 11:10:19.422,1.36032,1.36049,1.87,1.00
2017.08.08 11:10:20.259,1.36032,1.3605,1.00,1.12
2017.08.08 11:10:21.904,1.36032,1.36046,1.50,1.00
2017.08.08 11:10:22.108,1.36031,1.36047,1.12,1.10
2017.08.08 11:10:23.227,1.3603,1.36046,1.50,1.00
2017.08.08 11:10:25.675,1.36029,1.36047,2.25,1.57
2017.08.08 11:10:31.363,1.3603,1.36046,1.50,1.00
2017.08.08 11:10:33.158,1.3603,1.36047,1.50,1.50
2017.08.08 11:10:35.198,1.36029,1.36046,1.75,1.00
2017.08.08 11:10:37.624,1.36029,1.36047,1.75,1.50
2017.08.08 11:10:38.805,1.3603,1.36046,1.50,1.00
2017.08.08 11:10:39.316,1.3603,1.36047,1.50,1.50
2017.08.08 11:10:40.319,1.3603,1.36046,1.50,1.00
2017.08.08 11:10:40.830,1.3603,1.36047,1.50,1.50
2017.08.08 11:10:41.340,1.3603,1.36046,1.50,1.00
2017.08.08 11:10:43.163,1.3603,1.36047,1.50,1.50
2017.08.08 11:10:44.123,1.36028,1.36046,3.37,1.00
2017.08.08 11:10:44.635,1.36028,1.36045,1.12,1.12
2017.08.08 11:10:45.924,1.36028,1.36045,1.00,1.95
2017.08.08 11:10:46.436,1.36026,1.36045,2.25,1.95
2017.08.08 11:10:52.003,1.36027,1.36046,1.50,2.70
2017.08.08 11:10:54.628,1.36028,1.36046,1.50,1.12
2017.08.08 11:11:02.521,1.3603,1.36046,1.00,1.12
2017.08.08 11:11:07.713,1.3603,1.36047,1.12,1.00
2017.08.08 11:11:08.248,1.3603,1.36047,2.70,1.00
2017.08.08 11:11:08.377,1.3603,1.36048,2.70,1.00
2017.08.08 11:11:20.029,1.36031,1.36047,3.00,1.00
2017.08.08 11:11:20.524,1.36034,1.36049,1.00,1.10
2017.08.08 11:11:20.626,1.36036,1.36052,1.12,1.20
2017.08.08 11:11:20.880,1.36036,1.36054,2.25,1.45
2017.08.08 11:11:22.156,1.36037,1.36054,1.50,1.20
2017.08.08 11:11:22.670,1.36037,1.36053,1.50,1.00
2017.08.08 11:11:23.195,1.36037,1.36052,1.50,1.00
2017.08.08 11:11:23.246,1.36036,1.36055,3.75,3.07
2017.08.08 11:11:33.070,1.36036,1.36054,1.75,1.00
2017.08.08 11:11:34.726,1.36036,1.36054,1.12,4.57
2017.08.08 11:11:37.110,1.36036,1.36053,1.12,1.00
2017.08.08 11:11:38.297,1.36036,1.36054,1.12,5.62
2017.08.08 11:11:39.659,1.36037,1.36054,1.00,2.62
2017.08.08 11:11:44.796,1.36037,1.36055,1.12,1.50
2017.08.08 11:11:57.218,1.36037,1.36055,2.25,1.00
2017.08.08 11:11:59.412,1.36039,1.36055,1.50,1.00
2017.08.08 11:12:00.114,1.36044,1.36055,1.00,1.00
2017.08.08 11:12:01.244,1.36042,1.36055,1.00,1.00
2017.08.08 11:12:01.548,1.36044,1.36055,1.00,1.00
2017.08.08 11:12:01.599,1.36044,1.36057,1.00,1.10
2017.08.08 11:12:04.262,1.36044,1.36058,1.00,1.12
2017.08.08 11:12:04.519,1.36044,1.36056,1.00,1.00
2017.08.08 11:12:04.834,1.36044,1.36058,1.00,1.57
2017.08.08 11:12:05.721,1.36045,1.36058,1.00,1.00
2017.08.08 11:12:06.319,1.36045,1.36057,1.00,1.00
2017.08.08 11:12:08.025,1.36045,1.36059,1.00,2.32
2017.08.08 11:12:09.044,1.36045,1.36058,1.00,1.00
2017.08.08 11:12:09.630,1.36045,1.36059,1.00,1.95
2017.08.08 11:12:10.359,1.36044,1.36059,1.00,1.95
2017.08.08 11:12:11.083,1.36044,1.36058,1.00,1.00
2017.08.08 11:12:12.016,1.36044,1.36059,1.00,1.20
2017.08.08 11:12:12.372,1.36046,1.3606,1.00,1.20
2017.08.08 11:12:13.621,1.36047,1.3606,1.00,1.95
2017.08.08 11:12:14.208,1.36044,1.36059,3.00,1.00
2017.08.08 11:12:17.358,1.36044,1.3606,1.00,2.70
2017.08.08 11:12:18.738,1.36044,1.3606,1.00,2.70
2017.08.08 11:12:24.457,1.36044,1.3606,1.00,2.70
2017.08.08 11:12:24.981,1.36045,1.3606,1.00,2.70
2017.08.08 11:12:25.482,1.36045,1.3606,1.00,1.20
2017.08.08 11:12:26.274,1.36045,1.3606,1.00,1.00
2017.08.08 11:12:27.132,1.36046,1.36061,1.00,1.20
2017.08.08 11:12:27.183,1.36046,1.36059,1.00,1.00
2017.08.08 11:12:27.527,1.36048,1.36062,1.00,1.45
2017.08.08 11:12:28.441,1.36048,1.36061,1.00,1.95
2017.08.08 11:12:29.360,1.36046,1.36061,1.12,1.20
2017.08.08 11:12:29.843,1.36046,1.3606,1.12,1.20
2017.08.08 11:12:31.047,1.36046,1.3606,1.00,1.00
2017.08.08 11:12:32.855,1.36046,1.3606,1.00,1.95
2017.08.08 11:12:33.249,1.36044,1.3606,1.00,1.95
2017.08.08 11:12:34.009,1.36044,1.3606,1.00,1.95
2017.08.08 11:12:34.664,1.36044,1.3606,1.00,1.95
2017.08.08 11:12:36.201,1.36044,1.36058,1.00,1.00
2017.08.08 11:12:37.649,1.36044,1.36059,1.00,1.50
2017.08.08 11:12:38.566,1.36044,1.3606,1.00,1.95
2017.08.08 11:12:46.703,1.36045,1.3606,1.00,1.50
2017.08.08 11:12:52.851,1.36047,1.3606,1.00,1.00
2017.08.08 11:12:57.053,1.36046,1.3606,1.00,2.25
2017.08.08 11:12:58.313,1.36046,1.36059,1.00,1.00
2017.08.08 11:12:59.106,1.36046,1.3606,1.00,2.32
2017.08.08 11:13:00.086,1.36046,1.36059,1.00,1.00
2017.08.08 11:13:00.727,1.36046,1.3606,1.00,2.25
2017.08.08 11:13:02.252,1.36046,1.36059,1.00,1.00
2017.08.08 11:13:02.825,1.36045,1.36059,1.00,1.00
2017.08.08 11:13:03.385,1.36044,1.36058,1.00,1.00
2017.08.08 11:13:04.763,1.3604,1.36058,3.45,1.00
2017.08.08 11:13:04.814,1.36044,1.36058,1.00,1.00
2017.08.08 11:13:05.367,1.36043,1.36058,1.00,1.00
2017.08.08 11:13:06.026,1.36043,1.36059,1.45,1.12
2017.08.08 11:13:06.607,1.36043,1.36059,1.00,1.12
2017.08.08 11:13:12.534,1.36043,1.36058,1.00,1.00
2017.08.08 11:13:16.778,1.36042,1.36058,1.00,2.25
2017.08.08 11:13:17.365,1.36042,1.36057,1.00,1.00
2017.08.08 11:13:17.896,1.36042,1.36058,1.00,2.25
2017.08.08 11:13:18.895,1.36042,1.36057,1.00,1.00
2017.08.08 11:13:19.518,1.36042,1.36058,1.00,2.25
2017.08.08 11:13:20.719,1.36042,1.36057,1.00,1.00
2017.08.08 11:13:21.644,1.3604,1.36057,1.57,1.00
2017.08.08 11:13:23.249,1.3604,1.36058,1.57,3.00
2017.08.08 11:13:23.542,1.36042,1.36058,1.00,1.50
2017.08.08 11:13:25.593,1.36042,1.3606,1.00,3.82
2017.08.08 11:13:32.711,1.36043,1.3606,1.00,1.57
2017.08.08 11:13:33.015,1.36046,1.3606,1.00,1.50
2017.08.08 11:13:34.071,1.36046,1.36062,1.00,1.00
2017.08.08 11:13:41.019,1.36047,1.36062,1.00,1.12
2017.08.08 11:13:42.270,1.36047,1.36064,1.12,1.00
2017.08.08 11:13:42.939,1.36047,1.36065,1.12,1.10
2017.08.08 11:13:45.375,1.36048,1.36065,1.00,1.57
2017.08.08 11:13:51.834,1.36049,1.36065,1.00,1.10
2017.08.08 11:13:51.936,1.36049,1.36065,1.00,1.95
2017.08.08 11:13:55.533,1.36049,1.36065,1.00,1.95
2017.08.08 11:13:56.675,1.36047,1.36065,1.12,1.45
2017.08.08 11:13:59.943,1.36047,1.36065,1.12,2.12
2017.08.08 11:14:00.643,1.36047,1.36065,1.12,1.62
2017.08.08 11:14:01.176,1.36047,1.36065,1.12,1.62
2017.08.08 11:14:01.957,1.36047,1.36065,1.12,1.45
2017.08.08 11:14:03.835,1.36047,1.36065,1.12,1.62
2017.08.08 11:14:03.886,1.36049,1.36065,1.00,1.74
2017.08.08 11:14:05.068,1.36048,1.36066,1.50,1.67
2017.08.08 11:14:07.876,1.36048,1.36067,1.12,2.49
2017.08.08 11:14:09.051,1.36048,1.36067,1.12,2.49
2017.08.08 11:14:10.036,1.36048,1.36067,1.87,2.49
2017.08.08 11:14:11.036,1.36048,1.36067,1.87,3.24
2017.08.08 11:14:11.572,1.36048,1.36066,1.87,1.74
2017.08.08 11:14:14.368,1.36048,1.36066,1.87,3.24
2017.08.08 11:14:15.505,1.36048,1.36066,1.87,3.24
2017.08.08 11:14:17.296,1.36048,1.36066,1.87,3.24
2017.08.08 11:14:18.570,1.36047,1.36064,1.50,2.12
2017.08.08 11:14:19.278,1.36047,1.36063,1.50,1.30
2017.08.08 11:14:19.784,1.36046,1.36063,1.00,1.32
2017.08.08 11:14:24.785,1.36047,1.36065,1.12,1.27
2017.08.08 11:14:25.089,1.36049,1.36069,1.12,3.99
2017.08.08 11:14:25.696,1.36049,1.36068,2.25,1.17
2017.08.08 11:14:26.245,1.3605,1.36069,1.07,1.67
2017.08.08 11:14:27.159,1.36051,1.36066,1.00,1.17
2017.08.08 11:14:27.210,1.36051,1.36068,1.00,1.47
2017.08.08 11:14:27.347,1.36052,1.3607,1.00,1.57
2017.08.08 11:14:28.455,1.36052,1.3607,1.00,1.87
2017.08.08 11:14:30.160,1.36052,1.3607,1.57,2.25
2017.08.08 11:14:30.313,1.36053,1.36072,1.57,1.00
2017.08.08 11:14:30.414,1.36054,1.36072,1.20,1.00
2017.08.08 11:14:30.921,1.36055,1.36073,1.85,1.50
2017.08.08 11:14:31.463,1.36055,1.36072,1.85,1.00
2017.08.08 11:14:32.006,1.36056,1.36072,1.00,1.00
2017.08.08 11:14:32.905,1.36055,1.36073,1.12,1.00
2017.08.08 11:14:33.440,1.36055,1.36072,1.20,1.00
2017.08.08 11:14:34.091,1.36055,1.36073,1.87,1.00
2017.08.08 11:14:38.148,1.36055,1.36072,1.12,1.00
2017.08.08 11:14:38.816,1.36055,1.36073,1.20,1.50
2017.08.08 11:14:41.036,1.36055,1.36073,1.85,1.50
2017.08.08 11:14:46.828,1.36056,1.36074,1.47,1.87
2017.08.08 11:14:47.372,1.36055,1.36073,1.95,1.00
2017.08.08 11:14:48.339,1.36055,1.36074,1.95,1.87
2017.08.08 11:14:52.932,1.36056,1.36073,1.47,1.50
2017.08.08 11:14:53.135,1.36055,1.36073,1.20,1.50
2017.08.08 11:14:53.669,1.36054,1.36072,1.57,1.00
2017.08.08 11:14:54.665,1.36054,1.36073,1.57,1.87
2017.08.08 11:14:54.817,1.36054,1.36072,2.32,1.00
2017.08.08 11:14:54.919,1.36054,1.36072,1.57,1.00
2017.08.08 11:14:57.914,1.36054,1.36073,1.57,1.87
2017.08.08 11:14:58.461,1.36054,1.36073,1.95,1.12
2017.08.08 11:14:59.159,1.36054,1.36073,3.45,1.00
2017.08.08 11:14:59.674,1.36057,1.36076,1.12,2.32
2017.08.08 11:14:59.979,1.36057,1.36076,1.12,1.87
2017.08.08 11:15:04.565,1.36057,1.36076,1.87,1.07
2017.08.08 11:15:05.087,1.36057,1.36075,1.12,1.57
2017.08.08 11:15:06.766,1.36056,1.36074,1.12,1.50
2017.08.08 11:15:08.434,1.36056,1.36074,1.12,1.50
2017.08.08 11:15:08.944,1.36056,1.36075,1.12,1.87
2017.08.08 11:15:16.910,1.36056,1.36074,1.00,2.25
2017.08.08 11:15:17.214,1.36055,1.36073,1.00,1.75
2017.08.08 11:15:17.818,1.36054,1.36071,1.10,1.50
2017.08.08 11:15:18.367,1.36053,1.36071,1.57,1.50
2017.08.08 11:15:22.346,1.36053,1.36072,1.10,2.25
2017.08.08 11:15:24.947,1.36052,1.36067,1.12,1.00
2017.08.08 11:15:25.302,1.36049,1.36068,1.57,1.00
2017.08.08 11:15:26.296,1.36049,1.36067,1.57,1.00
2017.08.08 11:15:26.918,1.36049,1.36068,1.20,1.12
2017.08.08 11:15:27.684,1.36049,1.36067,1.57,1.00
2017.08.08 11:15:28.535,1.36049,1.36066,1.07,1.00
2017.08.08 11:15:29.048,1.36048,1.36066,2.70,1.00
2017.08.08 11:15:46.076,1.36049,1.36067,1.10,1.20
2017.08.08 11:15:46.228,1.36049,1.36066,1.57,1.00
2017.08.08 11:15:46.946,1.3605,1.36066,1.00,1.00
2017.08.08 11:15:51.407,1.3605,1.36068,1.00,2.02
2017.08.08 11:15:52.019,1.36049,1.36068,1.57,2.02
2017.08.08 11:15:55.155,1.3605,1.3607,1.20,1.65
2017.08.08 11:15:55.518,1.36052,1.36071,2.70,1.65
2017.08.08 11:15:56.067,1.36052,1.36072,2.70,1.27
2017.08.08 11:15:56.579,1.36052,1.36072,3.82,1.65
2017.08.08 11:15:57.119,1.36052,1.36073,2.32,2.77
2017.08.08 11:15:57.725,1.36052,1.36072,3.07,1.65
2017.08.08 11:15:58.194,1.36052,1.36072,2.32,1.65
2017.08.08 11:15:59.342,1.36052,1.36071,2.32,1.27
2017.08.08 11:15:59.629,1.36052,1.36072,2.32,2.02
2017.08.08 11:15:59.688,1.36052,1.36072,1.57,2.02
2017.08.08 11:16:00.614,1.36052,1.36071,1.57,1.90
2017.08.08 11:16:00.733,1.36052,1.36072,1.57,1.87
2017.08.08 11:16:01.247,1.36052,1.36072,1.57,1.87
2017.08.08 11:16:02.438,1.36052,1.36072,1.57,2.62
2017.08.08 11:16:03.937,1.36053,1.36071,1.57,1.50
2017.08.08 11:16:14.045,1.36053,1.3607,1.57,1.12
2017.08.08 11:16:14.584,1.36053,1.3607,1.00,3.00
2017.08.08 11:16:14.800,1.36051,1.3607,1.20,3.00
2017.08.08 11:16:15.688,1.36051,1.3607,1.20,1.75
2017.08.08 11:16:16.468,1.36051,1.3607,1.45,1.50
2017.08.08 11:16:19.226,1.36051,1.36071,1.95,2.62
2017.08.08 11:16:19.485,1.36051,1.36071,1.95,4.12
2017.08.08 11:16:20.914,1.36051,1.36071,1.95,2.62
2017.08.08 11:16:22.614,1.36051,1.36071,2.70,2.62
2017.08.08 11:16:31.786,1.36052,1.36071,1.45,1.87
2017.08.08 11:16:31.837,1.36051,1.36071,1.45,1.87
2017.08.08 11:16:35.062,1.36051,1.36071,1.95,3.37
2017.08.08 11:16:36.370,1.36051,1.36071,1.95,3.37
2017.08.08 11:16:36.624,1.36052,1.36071,1.45,2.25
2017.08.08 11:16:36.725,1.36051,1.36071,3.07,2.25
2017.08.08 11:16:37.444,1.36053,1.36071,1.45,1.50
2017.08.08 11:16:37.546,1.36051,1.36071,3.82,2.25
2017.08.08 11:16:46.796,1.36052,1.36071,1.57,1.12
2017.08.08 11:16:52.444,1.36052,1.3607,1.57,1.00
2017.08.08 11:17:07.331,1.36052,1.3607,1.95,1.12
2017.08.08 11:17:13.626,1.36052,1.3607,1.57,1.00
2017.08.08 11:17:16.549,1.36052,1.3607,3.07,1.00
2017.08.08 11:17:17.053,1.36052,1.36072,3.07,1.50
2017.08.08 11:17:19.823,1.36052,1.36072,3.07,2.25
2017.08.08 11:17:20.128,1.36055,1.36072,1.20,1.12
2017.08.08 11:17:21.339,1.36055,1.36072,1.95,1.00
2017.08.08 11:17:21.390,1.36055,1.36074,1.95,1.12
2017.08.08 11:17:23.501,1.36057,1.36075,1.12,1.10
2017.08.08 11:17:23.552,1.36057,1.36076,1.85,1.10
2017.08.08 11:17:24.084,1.36057,1.36077,1.95,1.57
2017.08.08 11:17:24.794,1.36058,1.36076,1.95,1.00
2017.08.08 11:17:25.809,1.36058,1.36077,1.85,1.57
2017.08.08 11:17:27.885,1.36058,1.36077,1.75,1.57
2017.08.08 11:17:29.815,1.36058,1.36075,1.75,1.00
2017.08.08 11:17:30.409,1.36057,1.36075,2.25,1.00
2017.08.08 11:17:30.950,1.36058,1.36074,1.47,1.00
2017.08.08 11:17:31.481,1.36057,1.36075,2.32,1.00
2017.08.08 11:17:32.181,1.36057,1.36074,2.32,1.00
2017.08.08 11:17:33.455,1.36057,1.36075,2.32,1.00
2017.08.08 11:17:33.822,1.36057,1.36074,1.00,1.00
2017.08.08 11:17:34.664,1.36055,1.36073,1.95,1.00
2017.08.08 11:17:35.463,1.36056,1.36074,1.10,1.50
2017.08.08 11:17:35.976,1.36055,1.36073,1.57,1.00
2017.08.08 11:17:37.117,1.36055,1.36074,1.57,1.12
2017.08.08 11:17:37.900,1.36056,1.36074,1.20,1.00
2017.08.08 11:17:42.244,1.36056,1.36075,1.85,1.12
2017.08.08 11:17:49.659,1.36056,1.36075,2.70,1.00
2017.08.08 11:17:56.895,1.36056,1.36076,2.70,1.12
2017.08.08 11:18:00.363,1.36058,1.36074,1.50,1.00
2017.08.08 11:18:00.712,1.36058,1.36076,1.50,1.20
2017.08.08 11:18:01.680,1.36058,1.36075,1.50,1.20
2017.08.08 11:18:02.267,1.36058,1.36074,1.50,1.00
2017.08.08 11:18:02.798,1.36058,1.36075,1.50,1.10
2017.08.08 11:18:08.055,1.36058,1.36076,1.50,1.57
2017.08.08 11:18:09.899,1.3606,1.36076,1.00,1.57
2017.08.08 11:18:10.475,1.3606,1.36075,1.00,1.00
2017.08.08 11:18:11.289,1.3606,1.36076,1.00,1.12
2017.08.08 11:18:11.542,1.36063,1.36078,1.00,2.25
2017.08.08 11:18:12.067,1.36063,1.36078,1.00,1.57
2017.08.08 11:18:12.872,1.36063,1.3608,1.00,1.57
2017.08.08 11:18:13.411,1.36064,1.3608,1.00,1.10
2017.08.08 11:18:13.918,1.36064,1.36079,1.00,1.20
2017.08.08 11:18:14.145,1.36064,1.36081,1.00,2.62
2017.08.08 11:18:14.777,1.36064,1.3608,1.00,1.00
2017.08.08 11:18:25.800,1.36064,1.36079,1.00,1.00
2017.08.08 11:18:26.796,1.36064,1.3608,1.00,1.50
2017.08.08 11:18:29.939,1.36065,1.3608,1.00,1.00
2017.08.08 11:18:44.489,1.36062,1.3608,1.00,1.00
2017.08.08 11:18:44.541,1.36065,1.3608,1.00,1.00
2017.08.08 11:19:10.267,1.36066,1.3608,1.00,1.12
2017.08.08 11:19:15.115,1.36066,1.36082,1.00,1.20
2017.08.08 11:19:21.146,1.36065,1.36083,1.00,2.25
2017.08.08 11:19:21.197,1.36067,1.36084,1.00,2.70
2017.08.08 11:19:22.545,1.36067,1.36084,1.12,1.57
2017.08.08 11:19:23.947,1.36068,1.36084,1.00,1.10
2017.08.08 11:19:27.750,1.36069,1.36084,1.00,1.07
2017.08.08 11:19:38.818,1.36069,1.36084,1.00,1.10
2017.08.08 11:19:56.592,1.36069,1.36085,1.00,2.70
2017.08.08 11:20:01.038,1.36069,1.36082,1.00,1.00
2017.08.08 11:20:03.191,1.36069,1.36083,1.00,1.00
2017.08.08 11:20:16.169,1.36069,1.36084,1.00,1.10
2017.08.08 11:20:20.032,1.36069,1.36084,1.00,1.20
2017.08.08 11:20:30.998,1.36069,1.36084,1.00,1.20
2017.08.08 11:20:37.864,1.36069,1.36084,1.00,1.45
2017.08.08 11:20:37.915,1.36069,1.36084,1.00,1.20
2017.08.08 11:20:40.391,1.36069,1.36084,1.00,1.45
2017.08.08 11:20:42.421,1.36069,1.36083,1.00,1.57
2017.08.08 11:20:42.828,1.36065,1.3608,1.00,1.12
2017.08.08 11:20:43.038,1.36063,1.36079,1.00,1.20
2017.08.08 11:20:43.261,1.36063,1.36077,1.00,1.00
2017.08.08 11:20:43.881,1.36064,1.36077,1.00,1.00
2017.08.08 11:20:44.401,1.36064,1.36078,1.00,1.12
2017.08.08 11:20:45.050,1.36064,1.36078,1.00,1.57
2017.08.08 11:20:46.348,1.36063,1.36078,1.00,1.57
2017.08.08 11:20:47.787,1.36063,1.36076,1.00,1.00
2017.08.08 11:20:48.334,1.36063,1.36077,1.00,1.12
2017.08.08 11:20:49.622,1.36063,1.36075,1.00,1.00
2017.08.08 11:20:56.347,1.36064,1.36078,1.00,2.25
2017.08.08 11:20:56.601,1.36064,1.3608,1.00,2.70
2017.08.08 11:20:57.573,1.36065,1.36081,1.00,1.95
2017.08.08 11:20:57.625,1.36065,1.36081,1.00,1.57
2017.08.08 11:20:58.176,1.36065,1.36079,1.00,1.00
2017.08.08 11:20:58.488,1.36067,1.36079,1.00,1.00
2017.08.08 11:21:00.981,1.36065,1.36079,1.00,1.87
2017.08.08 11:21:01.566,1.36064,1.36079,1.00,1.12
2017.08.08 11:21:02.100,1.36064,1.36078,1.00,1.00
2017.08.08 11:21:02.630,1.36063,1.36078,1.00,1.00
2017.08.08 11:21:03.324,1.36063,1.36079,1.00,2.70
2017.08.08 11:21:03.582,1.36063,1.36077,1.00,1.12
2017.08.08 11:21:03.887,1.36062,1.36075,1.00,1.12
2017.08.08 11:21:04.155,1.36059,1.36075,3.00,1.12
2017.08.08 11:21:04.207,1.36059,1.36075,1.00,1.75
2017.08.08 11:21:05.241,1.36061,1.36075,1.00,1.75
2017.08.08 11:21:05.292,1.36061,1.36075,1.00,1.50
2017.08.08 11:21:07.369,1.36061,1.36074,1.00,1.00
2017.08.08 11:21:10.535,1.36061,1.36075,1.00,1.10
2017.08.08 11:21:10.688,1.36061,1.36073,1.00,1.00
2017.08.08 11:21:10.897,1.36059,1.36072,1.00,1.00
2017.08.08 11:21:10.999,1.36057,1.36071,1.00,1.00
2017.08.08 11:21:11.520,1.36056,1.36072,1.00,3.00
2017.08.08 11:21:14.461,1.36055,1.36071,1.00,1.50
2017.08.08 11:21:19.517,1.36056,1.36072,1.00,2.25
2017.08.08 11:21:33.085,1.36056,1.36073,1.00,3.00
2017.08.08 11:21:33.187,1.36058,1.36073,1.00,3.00
2017.08.08 11:21:34.878,1.36059,1.36074,1.00,1.95
2017.08.08 11:21:35.411,1.36059,1.36075,1.00,2.25
2017.08.08 11:21:39.771,1.36059,1.36075,1.00,1.10
2017.08.08 11:21:40.097,1.36062,1.36076,1.00,1.10
2017.08.08 11:21:41.273,1.36062,1.36076,1.00,1.07
2017.08.08 11:21:41.921,1.36062,1.36077,1.00,1.57
2017.08.08 11:21:42.632,1.36062,1.36078,1.00,1.95
2017.08.08 11:21:43.181,1.36062,1.36078,1.00,1.95
2017.08.08 11:21:45.876,1.36064,1.3608,1.00,3.45
2017.08.08 11:21:45.978,1.36064,1.36079,1.00,1.10
2017.08.08 11:21:46.084,1.36064,1.3608,1.00,3.45
2017.08.08 11:21:47.049,1.36064,1.3608,1.00,1.57
2017.08.08 11:21:47.399,1.36064,1.3608,1.00,2.32
2017.08.08 11:21:49.117,1.36064,1.36079,1.00,1.00
2017.08.08 11:21:49.800,1.36064,1.3608,1.00,2.32
2017.08.08 11:21:57.321,1.36065,1.3608,1.00,1.20
2017.08.08 11:21:57.834,1.36064,1.36079,1.00,1.00
2017.08.08 11:22:02.394,1.36062,1.36079,1.50,1.00
2017.08.08 11:22:02.445,1.36065,1.36079,1.00,1.00
2017.08.08 11:22:07.135,1.36065,1.3608,1.00,1.87
2017.08.08 11:22:08.394,1.36066,1.3608,1.00,2.62
2017.08.08 11:22:08.900,1.36067,1.3608,1.00,1.00
2017.08.08 11:22:12.998,1.36067,1.36081,1.00,1.20
2017.08.08 11:22:18.857,1.36067,1.36082,1.00,1.20
2017.08.08 11:22:19.360,1.36068,1.36083,1.00,1.12
2017.08.08 11:22:23.728,1.36069,1.36083,1.00,1.20
2017.08.08 11:22:23.964,1.36069,1.36085,1.00,1.95
2017.08.08 11:22:25.284,1.36069,1.36084,1.00,1.00
2017.08.08 11:22:31.354,1.36069,1.36084,1.00,1.20
2017.08.08 11:22:32.013,1.36069,1.36085,1.00,1.95
2017.08.08 11:22:34.155,1.36069,1.36083,1.00,1.00
2017.08.08 11:22:35.709,1.36069,1.36084,1.00,1.00
2017.08.08 11:22:42.430,1.3607,1.36084,1.00,1.00
2017.08.08 11:22:44.242,1.3607,1.36084,1.00,1.20
2017.08.08 11:22:44.869,1.3607,1.36084,1.00,1.10
2017.08.08 11:22:46.060,1.3607,1.36084,1.00,1.45
2017.08.08 11:22:48.523,1.3607,1.36084,1.00,1.45
2017.08.08 11:22:48.675,1.36068,1.36084,1.50,2.32
2017.08.08 11:22:51.321,1.36068,1.36081,1.00,1.00
2017.08.08 11:22:52.366,1.36066,1.36081,1.00,1.57
2017.08.08 11:22:53.855,1.36066,1.3608,1.00,1.00
2017.08.08 11:22:54.431,1.36067,1.3608,1.00,1.00
2017.08.08 11:22:54.935,1.36067,1.36081,1.00,1.87
2017.08.08 11:22:59.089,1.36066,1.36081,1.00,2.62
2017.08.08 11:23:00.651,1.36066,1.3608,1.00,1.00
2017.08.08 11:23:01.493,1.36066,1.36081,1.00,1.87
2017.08.08 11:23:01.959,1.36066,1.36079,1.00,1.00
2017.08.08 11:23:02.827,1.36066,1.3608,1.00,1.00
2017.08.08 11:23:05.324,1.36062,1.3608,1.75,1.00
2017.08.08 11:23:05.375,1.36066,1.3608,1.00,1.00
2017.08.08 11:23:12.552,1.36066,1.36079,1.00,1.00
2017.08.08 11:23:13.592,1.36066,1.3608,1.00,1.00
2017.08.08 11:23:15.519,1.36066,1.36079,1.00,1.00
2017.08.08 11:23:24.999,1.36066,1.3608,1.00,1.00
2017.08.08 11:23:26.258,1.36066,1.36081,1.00,1.95
2017.08.08 11:23:38.895,1.36066,1.36079,1.00,1.00
2017.08.08 11:23:39.402,1.36065,1.36079,1.00,1.12
2017.08.08 11:24:01.063,1.36065,1.36078,1.00,1.00
2017.08.08 11:24:01.377,1.36063,1.36076,1.00,1.12
2017.08.08 11:24:01.530,1.36061,1.36076,1.00,1.12
2017.08.08 11:24:01.836,1.36059,1.36077,1.00,2.25
2017.08.08 11:24:02.676,1.36059,1.36076,1.00,1.75
2017.08.08 11:24:02.988,1.36061,1.36075,1.00,1.10
2017.08.08 11:24:05.338,1.36061,1.36076,1.00,1.20
2017.08.08 11:24:10.387,1.36062,1.36078,1.00,2.70
2017.08.08 11:24:10.917,1.36062,1.36078,1.00,1.45
2017.08.08 11:24:11.308,1.36064,1.36078,1.00,1.45
2017.08.08 11:24:11.834,1.36064,1.36079,1.00,1.10
2017.08.08 11:24:16.809,1.36064,1.36081,1.00,4.20
2017.08.08 11:24:18.397,1.36064,1.3608,1.00,1.57
2017.08.08 11:24:18.928,1.36064,1.36081,1.00,2.25
2017.08.08 11:24:26.705,1.36064,1.3608,1.00,1.07
2017.08.08 11:24:28.369,1.36064,1.3608,1.00,1.95
2017.08.08 11:24:32.946,1.36064,1.36079,1.00,1.00
2017.08.08 11:24:34.668,1.36064,1.3608,1.00,1.57
2017.08.08 11:24:36.151,1.36065,1.3608,1.00,1.10
2017.08.08 11:24:57.477,1.36066,1.36081,1.00,1.47
2017.08.08 11:24:58.025,1.36068,1.36083,1.00,2.32
2017.08.08 11:25:04.795,1.36068,1.36083,1.00,2.32
2017.08.08 11:25:05.263,1.36068,1.36085,1.00,3.45
2017.08.08 11:25:06.569,1.36068,1.36084,1.00,1.45
2017.08.08 11:25:08.173,1.36068,1.36084,1.00,1.45
2017.08.08 11:25:09.507,1.36068,1.36084,1.00,1.45
2017.08.08 11:25:10.149,1.36068,1.36084,1.00,1.20
2017.08.08 11:25:10.201,1.36068,1.36084,1.00,1.45
2017.08.08 11:25:14.738,1.36067,1.36081,1.00,1.00
2017.08.08 11:25:16.518,1.36067,1.3608,1.00,1.00
2017.08.08 11:25:16.650,1.36065,1.3608,1.00,1.00
2017.08.08 11:25:23.250,1.36065,1.36078,1.00,1.12
2017.08.08 11:25:23.403,1.36062,1.36078,1.50,2.25
2017.08.08 11:25:23.945,1.36062,1.36078,1.00,2.25
2017.08.08 11:25:24.485,1.36061,1.36078,1.00,2.25
2017.08.08 11:25:28.334,1.36059,1.36076,1.00,1.75
2017.08.08 11:25:42.314,1.36058,1.36074,1.00,1.50
2017.08.08 11:25:46.300,1.36059,1.36075,1.00,1.95
2017.08.08 11:25:53.244,1.3606,1.36075,1.00,2.32
2017.08.08 11:25:59.605,1.3606,1.36076,1.00,2.70
2017.08.08 11:25:59.909,1.36061,1.36077,1.00,1.20
2017.08.08 11:26:01.287,1.36062,1.36078,1.00,1.47
2017.08.08 11:26:02.576,1.36062,1.36079,1.00,1.95
2017.08.08 11:26:02.814,1.36064,1.36079,1.00,1.95
2017.08.08 11:26:03.328,1.36064,1.3608,1.00,1.95
2017.08.08 11:26:03.868,1.36065,1.3608,1.00,2.25
2017.08.08 11:26:06.423,1.36064,1.3608,1.00,2.25
2017.08.08 11:26:10.375,1.36064,1.3608,1.00,1.00
2017.08.08 11:26:23.543,1.36067,1.3608,1.00,1.00
2017.08.08 11:26:32.493,1.36066,1.3608,1.00,1.00
2017.08.08 11:26:50.889,1.36066,1.36079,1.00,1.00
2017.08.08 11:26:51.142,1.36064,1.36079,1.00,1.00
2017.08.08 11:26:51.661,1.36063,1.36079,1.00,1.00
2017.08.08 11:26:51.712,1.36063,1.36077,1.00,1.00
2017.08.08 11:26:52.705,1.36063,1.36078,1.00,1.50
2017.08.08 11:26:53.613,1.36063,1.36079,1.00,1.00
2017.08.08 11:26:54.040,1.36065,1.3608,1.00,1.50
2017.08.08 11:26:55.179,1.36067,1.3608,1.00,1.00
2017.08.08 11:26:57.167,1.36068,1.3608,1.00,1.00
2017.08.08 11:26:57.319,1.36064,1.36082,1.12,1.45
2017.08.08 11:26:57.370,1.36068,1.36083,1.00,3.07
2017.08.08 11:26:57.894,1.36068,1.36083,1.00,2.32
2017.08.08 11:26:59.316,1.36068,1.36083,1.00,2.32
2017.08.08 11:26:59.417,1.36068,1.36083,1.00,2.32
2017.08.08 11:27:12.223,1.36068,1.36082,1.00,1.00
2017.08.08 11:27:15.962,1.36068,1.36083,1.00,1.10
2017.08.08 11:27:17.131,1.36068,1.36083,1.00,1.57
2017.08.08 11:27:22.120,1.36068,1.3608,1.00,1.00
2017.08.08 11:27:22.732,1.36067,1.3608,1.00,1.00
2017.08.08 11:27:23.275,1.36067,1.36079,1.00,1.00
2017.08.08 11:27:23.847,1.36066,1.36079,1.00,1.00
2017.08.08 11:27:24.356,1.36065,1.36078,1.00,1.00
2017.08.08 11:27:24.872,1.36065,1.36079,1.00,1.00
2017.08.08 11:27:24.981,1.36063,1.36078,1.50,1.87
2017.08.08 11:27:27.818,1.36063,1.36077,1.00,1.00
2017.08.08 11:27:30.132,1.36063,1.36076,1.00,1.00
2017.08.08 11:27:33.197,1.36063,1.36077,1.00,1.50
2017.08.08 11:27:39.370,1.36063,1.36076,1.00,1.00
2017.08.08 11:27:40.910,1.36063,1.36077,1.00,1.00
2017.08.08 11:27:42.970,1.36062,1.36077,1.00,1.00
2017.08.08 11:27:43.021,1.36064,1.36077,1.00,1.00
2017.08.08 11:27:57.070,1.36064,1.36078,1.00,1.87
2017.08.08 11:28:04.996,1.36064,1.36077,1.00,1.00
2017.08.08 11:28:08.506,1.36064,1.36078,1.00,1.12
2017.08.08 11:28:12.456,1.36064,1.36077,1.00,1.00
2017.08.08 11:28:12.962,1.36062,1.36077,1.00,3.00
2017.08.08 11:28:13.574,1.36061,1.36077,1.00,3.00
2017.08.08 11:28:15.548,1.3606,1.36075,1.00,1.12
2017.08.08 11:28:16.109,1.3606,1.36075,1.00,2.25
2017.08.08 11:28:16.618,1.36059,1.36075,1.00,2.25
2017.08.08 11:28:17.154,1.36059,1.36076,1.00,1.75
2017.08.08 11:28:44.463,1.36059,1.36075,1.00,1.87
2017.08.08 11:28:45.504,1.3606,1.36075,1.00,1.87
2017.08.08 11:28:52.611,1.3606,1.36074,1.00,1.00
2017.08.08 11:28:53.345,1.3606,1.36076,1.00,3.00
2017.08.08 11:29:02.284,1.3606,1.36077,1.00,2.25
2017.08.08 11:29:02.335,1.36062,1.36077,1.00,2.25
2017.08.08 11:29:02.957,1.36062,1.36077,1.00,2.25
2017.08.08 11:29:03.460,1.36062,1.36079,1.00,2.25
2017.08.08 11:29:04.262,1.36063,1.36078,1.00,1.12
2017.08.08 11:29:10.251,1.36064,1.36079,1.00,1.50
2017.08.08 11:29:10.757,1.36065,1.3608,1.00,1.12
2017.08.08 11:29:12.065,1.36068,1.3608,1.00,1.12
2017.08.08 11:29:20.707,1.36067,1.3608,1.00,1.00
2017.08.08 11:29:23.327,1.36069,1.3608,1.00,1.00
2017.08.08 11:29:28.757,1.36069,1.36083,1.00,1.10
2017.08.08 11:29:30.136,1.36069,1.36082,1.00,1.00
2017.08.08 11:29:52.857,1.36069,1.36083,1.00,1.10
2017.08.08 11:29:53.983,1.36069,1.36083,1.00,1.07
2017.08.08 11:29:54.587,1.36069,1.36083,1.00,1.10
2017.08.08 11:30:11.768,1.36071,1.36085,1.00,1.95
2017.08.08 11:30:12.308,1.3607,1.36085,1.00,2.25
2017.08.08 11:30:13.283,1.36072,1.36085,1.00,1.50
2017.08.08 11:30:13.583,1.3607,1.36085,1.00,1.50
2017.08.08 11:30:14.131,1.3607,1.36085,1.00,1.00
2017.08.08 11:30:20.164,1.3607,1.36084,1.00,1.00
2017.08.08 11:30:20.369,1.36068,1.36083,1.00,1.87
2017.08.08 11:30:20.886,1.36068,1.36083,1.00,3.07
2017.08.08 11:30:21.244,1.36068,1.3608,1.00,1.00
2017.08.08 11:30:21.345,1.36066,1.3608,1.00,1.00
2017.08.08 11:30:21.876,1.36066,1.36081,1.00,1.50
2017.08.08 11:30:22.467,1.36067,1.36081,1.00,1.50
2017.08.08 11:30:22.829,1.36067,1.36079,1.00,1.00
2017.08.08 11:30:25.173,1.36068,1.36079,1.00,1.00
2017.08.08 11:30:25.383,1.36068,1.36082,1.00,1.10
2017.08.08 11:30:27.068,1.36068,1.36083,1.00,1.10
2017.08.08 11:30:29.585,1.36068,1.36084,1.00,1.20
2017.08.08 11:30:30.988,1.36068,1.36083,1.00,1.20
2017.08.08 11:30:32.949,1.36068,1.36083,1.00,1.10
2017.08.08 11:30:33.308,1.36068,1.36083,1.00,3.07
2017.08.08 11:30:34.588,1.36068,1.36082,1.00,1.10
2017.08.08 11:30:35.074,1.36068,1.36079,1.00,1.00
2017.08.08 11:30:35.607,1.36067,1.36079,1.00,1.00
2017.08.08 11:30:42.344,1.36066,1.36079,1.00,1.00
2017.08.08 11:30:43.390,1.36065,1.36079,1.00,1.50
2017.08.08 11:30:43.927,1.36064,1.36078,1.00,1.00
2017.08.08 11:30:44.439,1.36064,1.36079,1.00,2.62
2017.08.08 11:30:45.265,1.36064,1.36078,1.00,1.00
2017.08.08 11:30:45.794,1.36064,1.36077,1.00,1.00
2017.08.08 11:30:46.645,1.36064,1.36078,1.00,1.00
2017.08.08 11:30:47.336,1.36064,1.36077,1.00,1.00
2017.08.08 11:30:48.271,1.36064,1.36078,1.00,1.00
2017.08.08 11:30:49.414,1.36064,1.36077,1.00,1.00
2017.08.08 11:30:49.567,1.36062,1.36076,1.00,1.00
2017.08.08 11:30:50.084,1.36062,1.36077,1.00,1.00
2017.08.08 11:30:51.792,1.36062,1.36076,1.00,1.00
2017.08.08 11:30:53.325,1.36062,1.36078,1.00,1.12
2017.08.08 11:30:53.814,1.3606,1.36076,1.00,1.50
2017.08.08 11:30:54.636,1.3606,1.36075,1.00,1.00
2017.08.08 11:30:58.410,1.3606,1.36076,1.50,1.12
2017.08.08 11:31:00.197,1.36061,1.36077,1.00,1.00
2017.08.08 11:31:00.600,1.36061,1.36079,1.00,1.12
2017.08.08 11:31:00.812,1.36061,1.36077,1.00,1.00
2017.08.08 11:31:01.183,1.36063,1.36079,1.50,1.12
2017.08.08 11:31:01.724,1.36063,1.36078,1.00,1.00
2017.08.08 11:31:02.254,1.36063,1.36079,1.50,1.12
2017.08.08 11:31:02.936,1.36064,1.3608,1.00,2.25
2017.08.08 11:31:03.485,1.36065,1.36079,1.00,1.12
2017.08.08 11:31:05.719,1.36065,1.36078,1.00,1.00
2017.08.08 11:31:06.808,1.36065,1.36079,1.00,1.12
2017.08.08 11:31:08.162,1.36065,1.36078,1.00,1.00
2017.08.08 11:31:09.452,1.36065,1.36079,1.00,1.12
2017.08.08 11:31:10.006,1.36065,1.36078,1.00,1.00
2017.08.08 11:31:10.931,1.36065,1.36079,1.00,1.12
2017.08.08 11:31:12.378,1.36065,1.36078,1.00,1.00
2017.08.08 11:31:14.226,1.36065,1.36079,1.00,1.12
2017.08.08 11:31:16.123,1.36064,1.36079,1.00,1.12
2017.08.08 11:31:19.566,1.36065,1.36079,1.00,1.12
2017.08.08 11:31:20.928,1.36065,1.36078,1.00,1.00
2017.08.08 11:31:22.035,1.36065,1.36079,1.00,1.12
2017.08.08 11:31:23.082,1.36065,1.36078,1.00,1.00
2017.08.08 11:31:23.729,1.36065,1.3608,1.00,1.50
2017.08.08 11:31:31.774,1.36065,1.36078,1.00,1.00
2017.08.08 11:31:32.285,1.36065,1.3608,1.00,1.57
2017.08.08 11:31:35.358,1.36065,1.36078,1.00,1.00
2017.08.08 11:31:36.327,1.36065,1.36079,1.00,1.12
2017.08.08 11:31:39.673,1.36066,1.36081,1.00,2.32
2017.08.08 11:31:45.741,1.36066,1.3608,1.00,1.00
2017.08.08 11:31:46.815,1.36066,1.36079,1.00,1.00
2017.08.08 11:31:49.141,1.36064,1.36079,1.00,1.00
2017.08.08 11:31:49.706,1.36065,1.36079,1.00,1.00
2017.08.08 11:31:50.217,1.36064,1.36079,1.00,1.00
2017.08.08 11:31:54.877,1.36064,1.36078,1.00,1.00
2017.08.08 11:31:55.666,1.36064,1.36079,1.00,1.00
2017.08.08 11:31:56.747,1.36064,1.36078,1.00,1.00
2017.08.08 11:31:58.803,1.36064,1.36077,1.00,1.00
2017.08.08 11:32:02.258,1.36064,1.36076,1.00,1.00
2017.08.08 11:32:03.256,1.36063,1.36076,1.00,1.00
2017.08.08 11:32:06.464,1.36063,1.36077,1.00,1.00
2017.08.08 11:32:08.639,1.36063,1.36076,1.00,1.00
2017.08.08 11:32:09.210,1.36063,1.36077,1.00,1.00
2017.08.08 11:32:10.356,1.36063,1.36078,1.00,1.00
2017.08.08 11:32:22.650,1.36063,1.36077,1.00,1.00
2017.08.08 11:32:22.701,1.36065,1.36078,1.00,1.00
2017.08.08 11:32:22.803,1.36065,1.3608,1.00,1.87
2017.08.08 11:32:22.997,1.36065,1.36078,1.00,1.00
2017.08.08 11:32:23.810,1.36065,1.36079,1.00,1.00
2017.08.08 11:32:24.391,1.36065,1.36078,1.00,1.00
2017.08.08 11:32:25.044,1.36065,1.36079,1.00,1.00
2017.08.08 11:32:29.316,1.36065,1.36079,1.00,1.00
2017.08.08 11:32:31.821,1.36065,1.36078,1.00,1.50
2017.08.08 11:32:32.125,1.36063,1.36076,1.00,1.12
2017.08.08 11:32:32.329,1.3606,1.36076,1.00,1.12
2017.08.08 11:32:32.885,1.36059,1.36075,1.00,1.12
2017.08.08 11:32:44.469,1.3606,1.36076,1.00,1.50
2017.08.08 11:32:46.553,1.3606,1.36077,1.00,1.12
2017.08.08 11:32:46.705,1.36061,1.36077,1.57,1.00
2017.08.08 11:32:47.387,1.36063,1.36078,1.12,1.00
2017.08.08 11:32:48.001,1.36065,1.36078,1.00,1.00
2017.08.08 11:32:48.580,1.36065,1.36077,1.00,1.00
2017.08.08 11:32:50.965,1.36065,1.36078,1.00,1.00
2017.08.08 11:32:53.579,1.36065,1.36077,1.00,1.00
2017.08.08 11:32:57.110,1.36065,1.36078,1.00,1.00
2017.08.08 11:33:00.100,1.36065,1.36077,1.00,1.00
2017.08.08 11:33:00.702,1.36065,1.36078,1.00,1.00
2017.08.08 11:33:01.208,1.36065,1.36077,1.00,1.00
2017.08.08 11:33:02.198,1.36065,1.36076,1.00,1.00
2017.08.08 11:33:03.196,1.36065,1.36077,1.00,1.00
2017.08.08 11:33:04.885,1.36065,1.36076,1.00,1.00
2017.08.08 11:33:05.088,1.36063,1.36076,1.00,1.00
2017.08.08 11:33:05.393,1.36061,1.36077,1.00,1.75
2017.08.08 11:33:05.646,1.36059,1.36077,1.10,1.75
2017.08.08 11:33:13.391,1.36057,1.36076,1.10,3.00
2017.08.08 11:33:13.442,1.3606,1.36076,1.00,3.00
2017.08.08 11:33:15.189,1.36058,1.36076,1.00,3.00
2017.08.08 11:33:18.351,1.36059,1.36075,1.00,1.12
2017.08.08 11:33:27.196,1.36059,1.36073,1.00,1.00
2017.08.08 11:33:27.351,1.36057,1.36073,1.50,1.00
2017.08.08 11:33:34.053,1.36057,1.36074,1.95,1.50
2017.08.08 11:33:34.818,1.36057,1.36074,1.95,1.50
2017.08.08 11:33:42.676,1.36057,1.36075,1.20,1.50
2017.08.08 11:33:45.620,1.36057,1.36075,1.57,2.25
2017.08.08 11:33:48.473,1.36057,1.36075,1.12,2.25
2017.08.08 11:33:50.085,1.36057,1.36075,1.57,3.00
2017.08.08 11:33:51.594,1.36057,1.36075,1.57,3.00
2017.08.08 11:33:59.309,1.36057,1.36074,1.20,1.50
2017.08.08 11:34:00.875,1.36056,1.36074,2.32,1.50
2017.08.08 11:34:00.977,1.36056,1.36074,1.95,1.50
2017.08.08 11:34:02.009,1.36056,1.36074,2.32,1.50
2017.08.08 11:34:03.312,1.36056,1.36074,1.95,1.50
2017.08.08 11:34:04.023,1.36056,1.36072,1.57,1.12
2017.08.08 11:34:08.971,1.36056,1.36072,1.95,1.12
2017.08.08 11:34:09.593,1.36056,1.36073,1.95,1.50
2017.08.08 11:34:12.011,1.36056,1.36073,1.95,1.50
2017.08.08 11:34:12.113,1.36056,1.36071,1.00,1.00
2017.08.08 11:34:12.987,1.36056,1.36072,1.00,1.12
2017.08.08 11:34:19.041,1.36056,1.36069,1.00,1.00
2017.08.08 11:34:19.143,1.36052,1.36066,1.50,1.00
2017.08.08 11:34:19.296,1.3605,1.36067,1.10,1.00
2017.08.08 11:34:19.804,1.36049,1.36066,1.00,1.12
2017.08.08 11:34:21.544,1.36049,1.36067,1.00,2.25
2017.08.08 11:34:22.184,1.36048,1.36065,1.00,1.50
2017.08.08 11:34:22.529,1.36048,1.36064,1.00,1.75
2017.08.08 11:34:43.755,1.36048,1.36064,1.00,1.50
2017.08.08 11:34:49.681,1.3605,1.36064,1.00,1.50
2017.08.08 11:34:50.312,1.36049,1.36064,1.00,1.50
2017.08.08 11:34:56.488,1.3605,1.36064,1.00,1.12
2017.08.08 11:35:02.458,1.36049,1.36064,1.00,1.12
2017.08.08 11:35:15.736,1.36048,1.36064,1.00,1.00
2017.08.08 11:35:16.469,1.36048,1.36064,1.00,2.25
2017.08.08 11:35:23.738,1.36048,1.36062,1.00,1.00
2017.08.08 11:35:25.782,1.36048,1.36063,1.00,1.12
2017.08.08 11:35:26.101,1.36047,1.36061,1.10,1.12
2017.08.08 11:35:34.840,1.36048,1.36064,1.10,1.12
2017.08.08 11:36:07.577,1.36048,1.36065,1.20,1.50
2017.08.08 11:36:08.175,1.36049,1.36066,1.00,1.50
2017.08.08 11:36:08.716,1.36048,1.36066,1.20,1.50
2017.08.08 11:36:11.944,1.36048,1.36066,1.95,1.12
2017.08.08 11:36:13.327,1.36051,1.36066,1.00,1.12
2017.08.08 11:36:14.332,1.36051,1.36067,1.00,1.12
2017.08.08 11:36:15.365,1.36051,1.36066,1.00,1.00
2017.08.08 11:36:17.786,1.36048,1.36061,1.75,1.00
2017.08.08 11:36:17.837,1.36044,1.36062,2.70,1.37
2017.08.08 11:36:17.989,1.36043,1.36059,2.70,1.00
2017.08.08 11:36:18.091,1.36039,1.36054,1.50,1.00
2017.08.08 11:36:18.822,1.36037,1.36053,1.87,1.00
2017.08.08 11:36:19.912,1.36037,1.36052,2.62,1.00
2017.08.08 11:36:20.281,1.36038,1.36052,1.12,1.00
2017.08.08 11:36:28.448,1.36038,1.36053,1.12,1.00
2017.08.08 11:36:29.269,1.36036,1.36052,3.45,1.00
2017.08.08 11:36:33.898,1.36036,1.3605,2.25,1.00
2017.08.08 11:36:33.999,1.36036,1.36052,2.25,1.00
2017.08.08 11:36:34.739,1.36036,1.36051,1.50,1.00
2017.08.08 11:36:35.350,1.36036,1.36052,1.50,1.00
2017.08.08 11:36:35.948,1.36036,1.36051,1.50,1.00
2017.08.08 11:36:39.549,1.36036,1.3605,1.50,1.00
2017.08.08 11:36:43.280,1.36036,1.3605,1.12,1.00
2017.08.08 11:36:51.178,1.36036,1.3605,1.50,1.00
2017.08.08 11:36:52.130,1.36036,1.36054,1.50,2.32
2017.08.08 11:36:54.924,1.36036,1.36054,2.25,3.07
2017.08.08 11:37:00.660,1.36036,1.36054,2.25,1.57
2017.08.08 11:37:03.021,1.36036,1.36054,2.25,1.57
2017.08.08 11:37:07.041,1.36036,1.36054,2.25,1.95
2017.08.08 11:37:16.097,1.36038,1.36054,1.12,1.45
2017.08.08 11:37:26.599,1.36038,1.36051,1.00,1.00
2017.08.08 11:37:29.913,1.36038,1.36052,1.00,1.10
2017.08.08 11:37:31.020,1.36038,1.36051,1.00,1.00
2017.08.08 11:37:31.790,1.36036,1.36052,1.00,1.20
2017.08.08 11:37:32.300,1.36036,1.36051,1.00,1.00
2017.08.08 11:37:37.301,1.36036,1.36053,1.00,1.45
2017.08.08 11:37:38.570,1.36036,1.36054,1.50,1.57
2017.08.08 11:37:39.071,1.36037,1.36055,1.12,4.20
2017.08.08 11:37:39.653,1.36037,1.36054,1.12,1.57
2017.08.08 11:37:43.878,1.36037,1.36054,1.12,1.57
2017.08.08 11:37:59.703,1.36037,1.36055,1.12,4.20
2017.08.08 11:38:20.552,1.36037,1.36051,1.00,1.00
2017.08.08 11:38:21.373,1.36037,1.36052,1.00,1.20
2017.08.08 11:38:21.424,1.36035,1.36051,1.12,1.00
2017.08.08 11:38:22.478,1.36035,1.3605,1.12,1.00
2017.08.08 11:38:27.395,1.36034,1.36051,1.50,1.00
2017.08.08 11:38:33.434,1.36034,1.3605,1.50,1.00
2017.08.08 11:38:39.919,1.36034,1.36052,1.50,1.95
2017.08.08 11:38:40.204,1.36034,1.3605,1.50,1.00
2017.08.08 11:38:48.325,1.36034,1.36052,1.50,1.87
2017.08.08 11:38:54.783,1.36036,1.36053,1.00,1.57
2017.08.08 11:38:57.472,1.36036,1.36055,2.25,3.45
2017.08.08 11:38:58.422,1.36036,1.36055,2.25,3.45
2017.08.08 11:38:58.990,1.36037,1.36056,1.50,2.70
2017.08.08 11:39:00.474,1.36037,1.36056,1.50,1.95
2017.08.08 11:39:02.064,1.36041,1.36056,1.00,1.50
2017.08.08 11:39:02.115,1.36042,1.36057,1.00,1.00
2017.08.08 11:39:02.217,1.36042,1.3606,1.50,1.50
2017.08.08 11:39:02.754,1.36041,1.36059,1.87,1.20
2017.08.08 11:39:03.221,1.36041,1.36057,1.12,1.00
2017.08.08 11:39:03.822,1.36042,1.36058,1.00,1.12
2017.08.08 11:39:07.031,1.36042,1.36057,1.00,1.00
2017.08.08 11:39:07.133,1.36039,1.36056,1.12,1.00
2017.08.08 11:39:07.184,1.36039,1.36054,1.12,1.00
2017.08.08 11:39:07.640,1.36037,1.36052,1.50,1.00
2017.08.08 11:39:08.443,1.36037,1.36053,1.50,1.00
2017.08.08 11:39:09.075,1.36036,1.36054,1.85,1.00
2017.08.08 11:39:09.534,1.36039,1.36056,1.12,1.12
2017.08.08 11:39:10.052,1.36039,1.36056,1.50,1.00
2017.08.08 11:39:10.560,1.36039,1.36057,1.50,1.57
2017.08.08 11:39:12.421,1.36041,1.36059,1.00,1.85
2017.08.08 11:39:18.441,1.36039,1.36056,1.57,1.00
2017.08.08 11:39:23.774,1.36039,1.36057,1.57,1.12
2017.08.08 11:39:24.076,1.36039,1.36053,1.00,1.00
2017.08.08 11:39:24.228,1.36035,1.36052,1.95,1.00
2017.08.08 11:39:24.996,1.36035,1.36053,1.57,1.12
2017.08.08 11:39:27.469,1.36035,1.36054,2.32,1.12
2017.08.08 11:39:30.369,1.36036,1.36055,2.25,1.00
2017.08.08 11:39:31.058,1.36037,1.36056,1.20,1.20
2017.08.08 11:39:31.859,1.36038,1.36055,1.50,1.00
2017.08.08 11:39:32.401,1.36038,1.36056,1.50,1.20
2017.08.08 11:39:33.069,1.36038,1.36057,2.25,1.57
2017.08.08 11:39:34.769,1.36038,1.36057,2.32,1.57
2017.08.08 11:39:36.261,1.36039,1.36056,1.50,1.00
2017.08.08 11:39:38.142,1.3604,1.36058,1.07,1.50
2017.08.08 11:39:39.001,1.3604,1.36058,1.57,1.00
2017.08.08 11:39:39.602,1.36041,1.36059,1.00,1.12
2017.08.08 11:39:40.221,1.36042,1.36058,1.00,1.00
2017.08.08 11:39:40.745,1.36042,1.36059,1.00,1.12
2017.08.08 11:39:41.908,1.36042,1.36058,1.00,1.00
2017.08.08 11:39:43.117,1.36042,1.36059,1.00,1.12
2017.08.08 11:39:52.800,1.36042,1.36058,1.00,1.00
2017.08.08 11:39:54.139,1.36042,1.3606,1.12,2.25
2017.08.08 11:39:54.190,1.36042,1.36061,2.62,1.57
2017.08.08 11:39:54.409,1.36042,1.36061,3.00,1.10
2017.08.08 11:39:55.174,1.36042,1.36062,3.45,1.20
2017.08.08 11:39:55.678,1.36044,1.36062,1.50,1.20
2017.08.08 11:39:56.054,1.36044,1.36063,1.50,1.95
2017.08.08 11:39:56.966,1.36044,1.36062,1.50,1.00
2017.08.08 11:39:57.845,1.36044,1.36061,1.50,1.00
2017.08.08 11:39:59.549,1.36044,1.36063,1.50,1.95
2017.08.08 11:40:03.093,1.36044,1.36063,2.25,1.57
2017.08.08 11:40:04.636,1.36044,1.36062,2.25,1.20
2017.08.08 11:40:05.560,1.36044,1.36062,3.00,1.20
2017.08.08 11:40:06.615,1.36044,1.36063,2.25,1.95
2017.08.08 11:40:09.724,1.36044,1.36065,3.00,3.45
2017.08.08 11:40:10.660,1.36045,1.36063,1.12,1.20
2017.08.08 11:40:11.215,1.36046,1.36063,1.00,1.20
2017.08.08 11:40:12.439,1.36046,1.36063,1.00,1.45
2017.08.08 11:40:19.785,1.36046,1.36063,1.00,1.20
2017.08.08 11:40:22.244,1.36046,1.36062,1.00,1.00
2017.08.08 11:40:22.784,1.36044,1.36062,3.00,1.00
2017.08.08 11:40:23.208,1.36044,1.3606,3.00,1.00
2017.08.08 11:40:23.512,1.36044,1.36063,1.57,1.20
2017.08.08 11:40:23.563,1.36045,1.36063,2.25,1.00
2017.08.08 11:40:24.717,1.36048,1.36063,1.00,1.00
2017.08.08 11:40:25.428,1.36048,1.36064,1.00,1.00
2017.08.08 11:40:32.547,1.36048,1.36065,1.00,1.50
2017.08.08 11:40:33.573,1.36048,1.36067,1.00,4.20
2017.08.08 11:40:33.927,1.36048,1.36067,3.45,1.00
2017.08.08 11:40:34.645,1.3605,1.36068,1.07,1.00
2017.08.08 11:40:35.187,1.3605,1.36069,1.57,1.12
2017.08.08 11:40:35.547,1.36052,1.36071,1.50,1.95
2017.08.08 11:40:41.796,1.36053,1.36071,1.12,1.00
2017.08.08 11:40:45.301,1.36053,1.3607,1.12,1.00
2017.08.08 11:40:46.174,1.36053,1.36072,1.12,2.32
2017.08.08 11:40:46.446,1.36053,1.36072,1.57,1.12
2017.08.08 11:40:53.504,1.36053,1.36072,1.57,1.12
2017.08.08 11:40:54.045,1.36053,1.36072,1.57,1.12
2017.08.08 11:41:00.049,1.36053,1.36071,1.57,1.00
2017.08.08 11:41:00.671,1.36053,1.36072,1.57,1.12
2017.08.08 11:41:05.270,1.36053,1.36071,1.57,1.00
2017.08.08 11:41:06.899,1.36053,1.36073,1.57,1.50
2017.08.08 11:41:22.149,1.36054,1.36074,1.57,1.50
2017.08.08 11:41:22.250,1.36055,1.36075,1.95,1.57
2017.08.08 11:41:22.749,1.36056,1.36076,1.95,1.95
2017.08.08 11:41:26.657,1.36056,1.36077,3.07,1.57
2017.08.08 11:41:27.496,1.36057,1.36077,2.25,1.57
2017.08.08 11:41:27.801,1.36061,1.3608,1.12,1.95
2017.08.08 11:41:27.852,1.36061,1.3608,1.12,1.10
2017.08.08 11:41:28.399,1.36061,1.36081,1.57,2.70
2017.08.08 11:41:28.927,1.36061,1.36081,2.70,1.95
2017.08.08 11:41:29.442,1.36064,1.36082,1.00,1.07
2017.08.08 11:41:29.969,1.36064,1.36082,1.00,1.20
2017.08.08 11:41:31.705,1.36064,1.36082,1.50,1.57
2017.08.08 11:41:35.488,1.36065,1.3608,1.87,1.00
2017.08.08 11:41:35.844,1.36063,1.3608,1.87,1.00
2017.08.08 11:41:36.351,1.36062,1.36079,1.50,1.00
2017.08.08 11:41:37.143,1.36062,1.3608,1.50,1.95
2017.08.08 11:41:39.283,1.36062,1.36079,2.25,1.00
2017.08.08 11:41:39.833,1.36062,1.3608,2.25,1.12
2017.08.08 11:42:00.014,1.36062,1.3608,2.25,1.07
2017.08.08 11:42:00.440,1.36062,1.36077,1.00,1.50
2017.08.08 11:42:01.435,1.36062,1.36078,1.00,1.20
2017.08.08 11:42:03.404,1.36062,1.36076,1.00,1.00
2017.08.08 11:42:03.455,1.3606,1.36077,1.00,1.00
2017.08.08 11:42:03.505,1.3606,1.36075,1.00,1.00
2017.08.08 11:42:03.607,1.36056,1.36074,2.25,1.00
2017.08.08 11:42:04.349,1.36056,1.36074,1.87,1.00
2017.08.08 11:42:04.511,1.36056,1.36072,1.12,1.00
2017.08.08 11:42:04.764,1.36053,1.36073,2.70,1.75
2017.08.08 11:42:07.843,1.36054,1.36073,1.07,1.75
2017.08.08 11:42:12.126,1.36054,1.36074,1.10,2.70
2017.08.08 11:42:14.285,1.36054,1.36073,1.95,1.50
2017.08.08 11:42:14.387,1.36055,1.36074,1.47,1.57
2017.08.08 11:42:15.815,1.36057,1.36075,1.50,1.57
2017.08.08 11:42:16.344,1.36057,1.36076,1.75,1.20
2017.08.08 11:42:17.207,1.36057,1.36075,3.00,1.00
2017.08.08 11:42:17.546,1.36057,1.36076,2.70,1.10
2017.08.08 11:42:18.504,1.36059,1.36077,1.75,1.20
2017.08.08 11:42:19.665,1.3606,1.36076,1.50,1.00
2017.08.08 11:42:20.186,1.3606,1.36077,1.50,1.10
2017.08.08 11:42:20.288,1.3606,1.36079,1.95,1.10
2017.08.08 11:42:22.175,1.36061,1.3608,1.75,3.07
2017.08.08 11:42:22.788,1.36061,1.3608,3.07,2.32
2017.08.08 11:42:27.275,1.36062,1.36081,1.75,1.57
2017.08.08 11:42:27.780,1.36063,1.36081,2.25,1.10
2017.08.08 11:42:35.019,1.36064,1.36082,1.87,1.20
2017.08.08 11:42:36.750,1.36065,1.36082,1.00,1.50
2017.08.08 11:42:47.189,1.36064,1.36082,1.12,1.00
2017.08.08 11:42:50.108,1.36064,1.36082,2.25,1.57
2017.08.08 11:42:54.936,1.36065,1.36081,1.50,1.00
2017.08.08 11:42:55.876,1.36065,1.36082,1.50,1.00
2017.08.08 11:43:01.848,1.36065,1.36082,1.50,1.10
2017.08.08 11:43:08.836,1.36065,1.36083,1.50,2.32
2017.08.08 11:43:10.383,1.36065,1.36083,1.50,1.07
2017.08.08 11:43:10.905,1.36066,1.36084,1.12,1.95
2017.08.08 11:43:15.424,1.36066,1.36083,1.12,1.07
2017.08.08 11:43:21.488,1.36066,1.36085,1.12,3.07
2017.08.08 11:43:24.900,1.36066,1.36085,1.12,3.82
2017.08.08 11:43:29.967,1.36066,1.36082,1.12,1.00
2017.08.08 11:43:31.048,1.36066,1.36083,1.12,1.10
2017.08.08 11:43:35.238,1.36066,1.36083,1.00,1.95
2017.08.08 11:43:50.319,1.36065,1.36082,1.12,1.10
2017.08.08 11:43:51.017,1.36066,1.36082,1.00,1.10
2017.08.08 11:43:53.024,1.36065,1.36082,1.12,1.57
2017.08.08 11:43:53.975,1.36065,1.36082,1.12,1.07
2017.08.08 11:43:55.475,1.36065,1.36083,1.12,2.70
2017.08.08 11:44:13.088,1.36067,1.36083,1.00,1.45
2017.08.08 11:44:20.822,1.36065,1.36082,1.87,1.10
2017.08.08 11:44:21.849,1.36065,1.36082,1.87,1.07
2017.08.08 11:44:38.095,1.36065,1.36082,1.50,1.10
2017.08.08 11:44:40.087,1.36065,1.36082,1.50,1.45
2017.08.08 11:44:44.157,1.36064,1.36081,1.12,1.00
2017.08.08 11:44:48.935,1.36064,1.36081,1.12,1.20
2017.08.08 11:44:49.714,1.36064,1.36081,1.12,1.20
2017.08.08 11:45:01.209,1.36065,1.36081,1.00,1.00
2017.08.08 11:45:02.143,1.36065,1.3608,1.00,1.00
2017.08.08 11:45:02.694,1.36064,1.3608,1.12,1.00
2017.08.08 11:45:03.796,1.36064,1.36081,1.12,1.95
2017.08.08 11:45:04.825,1.36062,1.36079,2.25,1.00
2017.08.08 11:45:05.439,1.36062,1.36078,1.00,1.12
2017.08.08 11:45:23.429,1.3606,1.36076,1.00,1.00
2017.08.08 11:45:23.480,1.36058,1.36077,1.57,1.85
2017.08.08 11:45:23.997,1.36057,1.36077,1.12,1.95
2017.08.08 11:45:24.048,1.36057,1.36072,1.12,1.00
2017.08.08 11:45:24.744,1.36055,1.36072,1.50,1.00
2017.08.08 11:45:25.815,1.36056,1.36072,1.00,1.00
2017.08.08 11:45:26.450,1.36055,1.36072,1.00,1.00
2017.08.08 11:45:27.009,1.36054,1.36071,1.12,1.12
2017.08.08 11:45:27.835,1.36053,1.36071,1.57,1.50
2017.08.08 11:45:31.555,1.36053,1.36071,1.57,2.25
2017.08.08 11:45:32.745,1.36052,1.36071,1.95,1.50
2017.08.08 11:45:32.846,1.36052,1.36071,1.20,1.50
2017.08.08 11:45:33.470,1.36052,1.36071,1.20,1.50
2017.08.08 11:45:34.298,1.36052,1.36071,1.20,2.25
2017.08.08 11:45:35.017,1.36051,1.36071,2.70,3.00
2017.08.08 11:45:37.306,1.36051,1.36071,1.95,1.50
2017.08.08 11:45:39.123,1.36051,1.36071,1.50,2.70
2017.08.08 11:45:39.174,1.36051,1.36066,2.25,1.00
2017.08.08 11:45:39.720,1.3605,1.36066,2.32,1.00
2017.08.08 11:45:40.751,1.3605,1.36067,1.12,1.12
2017.08.08 11:45:45.775,1.36049,1.36066,2.70,1.00
2017.08.08 11:45:46.181,1.36048,1.36067,1.57,2.62
2017.08.08 11:45:46.333,1.36047,1.36066,1.20,2.25
2017.08.08 11:45:46.839,1.36047,1.36066,1.20,1.50
2017.08.08 11:45:47.198,1.36047,1.36062,1.10,1.00
2017.08.08 11:45:47.699,1.36045,1.36063,1.50,1.12
2017.08.08 11:45:58.124,1.36044,1.36063,2.32,1.12
2017.08.08 11:46:03.832,1.36044,1.36064,2.32,3.00
2017.08.08 11:46:04.581,1.36044,1.36064,2.32,3.00
2017.08.08 11:46:07.971,1.36044,1.36062,1.57,1.00
2017.08.08 11:46:08.502,1.36043,1.36062,1.45,1.00
2017.08.08 11:46:10.697,1.36043,1.36061,1.45,1.00
2017.08.08 11:46:12.214,1.36043,1.36062,1.45,1.00
2017.08.08 11:46:17.955,1.36043,1.36061,1.45,1.00
2017.08.08 11:46:18.386,1.36043,1.36063,1.45,1.12
2017.08.08 11:46:19.400,1.36043,1.36062,1.45,1.00
2017.08.08 11:46:20.605,1.36045,1.36062,1.00,1.00
2017.08.08 11:46:21.162,1.36045,1.36063,1.00,1.12
2017.08.08 11:46:26.571,1.36044,1.36064,1.57,1.50
2017.08.08 11:46:31.315,1.36044,1.36062,1.12,1.00
2017.08.08 11:46:32.482,1.36044,1.36062,1.57,1.00
2017.08.08 11:46:33.052,1.36043,1.36061,1.95,1.00
2017.08.08 11:46:33.700,1.36043,1.36062,1.95,1.00
2017.08.08 11:46:34.481,1.36043,1.36061,1.95,1.00
2017.08.08 11:46:38.189,1.36044,1.36062,1.10,1.00
2017.08.08 11:46:38.619,1.36045,1.36065,1.20,1.95
2017.08.08 11:46:40.100,1.36047,1.36066,1.00,3.45
2017.08.08 11:46:40.151,1.36046,1.36066,1.50,3.07
2017.08.08 11:46:43.579,1.36047,1.36065,1.75,1.00
2017.08.08 11:46:44.460,1.36047,1.36066,1.95,1.20
2017.08.08 11:46:45.881,1.36048,1.36067,1.75,1.12
2017.08.08 11:46:46.432,1.36048,1.36066,1.75,1.00
2017.08.08 11:46:47.053,1.36048,1.36068,1.75,3.07
2017.08.08 11:46:48.374,1.36048,1.36066,1.75,1.00
2017.08.08 11:46:49.860,1.36048,1.36067,1.75,1.12
2017.08.08 11:46:51.713,1.36049,1.36068,1.75,1.20
2017.08.08 11:46:53.347,1.3605,1.36067,1.50,1.00
2017.08.08 11:46:53.963,1.3605,1.36068,1.50,1.20
2017.08.08 11:47:00.327,1.3605,1.36067,1.50,1.00
2017.08.08 11:47:01.126,1.3605,1.36068,1.50,1.20
2017.08.08 11:47:01.663,1.3605,1.36067,1.50,1.00
2017.08.08 11:47:02.470,1.3605,1.36068,2.25,1.57
2017.08.08 11:47:03.015,1.3605,1.36067,1.75,1.10
2017.08.08 11:47:04.929,1.3605,1.36068,1.75,1.10
2017.08.08 11:47:09.176,1.36048,1.36067,3.00,1.00
2017.08.08 11:47:09.227,1.36048,1.36066,1.87,1.50
2017.08.08 11:47:09.279,1.36048,1.36062,1.00,1.00
2017.08.08 11:47:09.685,1.36046,1.36063,1.20,1.12
2017.08.08 11:47:10.232,1.36046,1.36062,1.20,1.00
2017.08.08 11:47:10.760,1.36046,1.36063,1.10,1.12
2017.08.08 11:47:11.943,1.36046,1.36064,1.50,1.00
2017.08.08 11:47:12.490,1.36046,1.36063,1.50,1.00
2017.08.08 11:47:16.261,1.36046,1.36064,1.50,1.10
2017.08.08 11:47:17.539,1.36046,1.36063,1.50,1.00
2017.08.08 11:47:18.048,1.36046,1.36064,1.50,1.00
2017.08.08 11:47:22.640,1.36046,1.36063,1.57,1.00
2017.08.08 11:47:29.296,1.36046,1.36064,1.57,1.12
2017.08.08 11:47:34.485,1.36046,1.36062,1.57,1.00
2017.08.08 11:47:35.604,1.36046,1.36064,1.95,1.12
2017.08.08 11:47:37.792,1.36046,1.36063,1.95,1.00
2017.08.08 11:47:38.985,1.36047,1.36064,1.12,1.12
2017.08.08 11:47:44.403,1.36045,1.36061,1.75,1.76
2017.08.08 11:47:44.707,1.36039,1.36047,1.00,1.00
2017.08.08 11:47:44.809,1.3603,1.36045,1.00,1.10
2017.08.08 11:47:45.364,1.36029,1.36046,1.00,1.95
2017.08.08 11:47:45.906,1.3603,1.36046,1.00,2.32
2017.08.08 11:47:46.105,1.36026,1.36046,1.12,2.70
2017.08.08 11:47:47.820,1.36026,1.36045,1.12,1.07
2017.08.08 11:47:47.922,1.36026,1.36045,3.00,1.07
2017.08.08 11:47:48.321,1.36031,1.36048,1.00,2.70
2017.08.08 11:47:48.649,1.36033,1.36049,1.00,1.95
2017.08.08 11:47:49.026,1.36033,1.3605,1.00,1.47
2017.08.08 11:47:49.997,1.36033,1.36052,1.00,1.95
2017.08.08 11:47:50.937,1.36032,1.36051,1.12,1.87
2017.08.08 11:47:52.470,1.36032,1.36051,1.12,2.32
2017.08.08 11:47:53.099,1.36032,1.36051,1.20,2.32
2017.08.08 11:47:54.526,1.36033,1.36052,1.00,2.70
2017.08.08 11:47:55.745,1.36034,1.36052,1.00,2.70
2017.08.08 11:47:56.283,1.36032,1.36052,1.12,1.95
2017.08.08 11:47:56.984,1.36032,1.36051,1.12,1.07
2017.08.08 11:47:57.288,1.36033,1.36053,1.75,2.70
2017.08.08 11:47:57.339,1.36033,1.36052,1.85,1.10
2017.08.08 11:47:59.027,1.36034,1.36052,1.50,1.07
2017.08.08 11:47:59.905,1.36035,1.36053,1.12,1.95
2017.08.08 11:48:09.690,1.36036,1.36053,1.00,2.32
2017.08.08 11:48:10.450,1.36033,1.36053,2.25,2.70
2017.08.08 11:48:11.551,1.36032,1.36051,1.57,2.62
2017.08.08 11:48:11.653,1.36032,1.36051,1.57,2.25
2017.08.08 11:48:12.171,1.36032,1.36051,1.12,1.95
2017.08.08 11:48:35.362,1.36031,1.36048,2.70,1.00
2017.08.08 11:48:35.874,1.36031,1.3605,2.70,2.32
2017.08.08 11:48:36.428,1.36031,1.36048,2.32,1.00
2017.08.08 11:48:37.186,1.36031,1.36046,1.87,1.00
2017.08.08 11:48:37.738,1.36027,1.36047,1.95,1.12
2017.08.08 11:48:38.302,1.36027,1.36046,1.95,1.00
2017.08.08 11:48:38.764,1.36028,1.36046,1.10,1.00
2017.08.08 11:48:38.971,1.36027,1.36046,1.95,1.00
2017.08.08 11:48:39.073,1.36028,1.36046,1.10,1.50
2017.08.08 11:48:46.595,1.36027,1.36046,2.70,1.00
2017.08.08 11:48:47.361,1.36028,1.36046,1.57,1.00
2017.08.08 11:48:50.272,1.36028,1.36046,2.70,1.00
2017.08.08 11:48:51.156,1.36029,1.36046,1.10,1.00
2017.08.08 11:48:51.411,1.36029,1.36048,1.10,1.20
2017.08.08 11:48:52.059,1.36029,1.36048,1.57,1.12
2017.08.08 11:48:53.023,1.36031,1.36049,1.00,2.25
2017.08.08 11:49:05.185,1.36031,1.36049,1.00,1.20
2017.08.08 11:49:06.451,1.36032,1.36051,1.00,2.32
2017.08.08 11:49:07.920,1.36031,1.36051,3.45,1.12
2017.08.08 11:49:09.026,1.36033,1.36051,1.00,1.20
2017.08.08 11:49:13.909,1.36035,1.36052,1.00,1.47
2017.08.08 11:49:14.310,1.36035,1.36053,1.50,1.10
2017.08.08 11:49:14.888,1.36035,1.36053,1.50,1.07
2017.08.08 11:49:15.450,1.36037,1.36053,1.00,1.10
2017.08.08 11:49:15.988,1.36038,1.36053,1.00,1.10
2017.08.08 11:49:16.509,1.36038,1.36055,1.00,3.45
2017.08.08 11:49:17.409,1.36038,1.36055,1.00,2.70
2017.08.08 11:49:19.686,1.36038,1.36055,1.00,1.95
2017.08.08 11:49:20.222,1.36038,1.36055,1.00,1.20
2017.08.08 11:49:25.977,1.36038,1.36055,1.00,2.70
2017.08.08 11:49:29.598,1.36038,1.3605,1.00,1.00
2017.08.08 11:49:30.575,1.36038,1.36051,1.00,1.00
2017.08.08 11:49:30.626,1.36034,1.3605,1.75,1.00
2017.08.08 11:49:31.151,1.36034,1.36051,1.75,1.00
2017.08.08 11:49:31.824,1.36032,1.3605,3.75,1.00
2017.08.08 11:49:31.976,1.36032,1.36049,1.50,1.00
2017.08.08 11:49:32.540,1.36033,1.3605,1.00,1.87
2017.08.08 11:49:33.659,1.36033,1.36049,1.00,1.00
2017.08.08 11:49:36.560,1.36033,1.36047,1.00,1.00
2017.08.08 11:49:37.136,1.36033,1.36048,1.00,1.00
2017.08.08 11:49:38.582,1.36033,1.3605,1.00,1.87
2017.08.08 11:49:39.163,1.36033,1.36049,1.00,1.00
2017.08.08 11:49:39.752,1.36033,1.3605,1.00,1.87
2017.08.08 11:49:40.253,1.36033,1.36049,1.00,1.00
2017.08.08 11:49:44.356,1.36033,1.3605,1.00,1.12
2017.08.08 11:49:48.650,1.36033,1.36049,1.50,1.00
2017.08.08 11:49:49.586,1.36033,1.3605,1.50,1.12
2017.08.08 11:50:06.000,1.36033,1.36053,3.07,1.57
2017.08.08 11:50:06.204,1.36036,1.36054,1.00,2.32
2017.08.08 11:50:06.717,1.36036,1.36053,1.00,1.10
2017.08.08 11:50:07.244,1.36036,1.36054,1.50,1.57
2017.08.08 11:50:07.826,1.36036,1.36054,1.50,1.10
2017.08.08 11:50:10.605,1.36037,1.36054,1.12,1.07
2017.08.08 11:50:12.247,1.36037,1.36055,1.50,1.57
2017.08.08 11:50:12.507,1.36038,1.36056,1.12,1.47
2017.08.08 11:50:12.665,1.36037,1.36054,1.00,1.85
2017.08.08 11:50:12.716,1.36035,1.36053,1.20,2.25
2017.08.08 11:50:13.071,1.36034,1.36052,1.20,2.25
2017.08.08 11:50:13.122,1.36034,1.36052,1.20,2.62
2017.08.08 11:50:13.173,1.36033,1.36052,1.20,1.75
2017.08.08 11:50:13.274,1.36034,1.36052,1.20,3.00
2017.08.08 11:50:13.894,1.36034,1.36052,1.00,3.00
2017.08.08 11:50:14.523,1.36033,1.36051,1.10,1.50
2017.08.08 11:50:24.634,1.36033,1.36051,1.20,1.50
2017.08.08 11:50:26.242,1.36033,1.3605,1.20,1.12
2017.08.08 11:50:35.135,1.36033,1.36051,1.00,1.12
2017.08.08 11:50:35.895,1.36033,1.36051,1.00,1.57
2017.08.08 11:50:37.377,1.36033,1.36052,1.00,2.70
2017.08.08 11:50:37.680,1.36034,1.36051,1.00,1.95
2017.08.08 11:50:39.813,1.36033,1.36052,1.45,3.37
2017.08.08 11:50:40.346,1.36033,1.36052,1.45,1.87
2017.08.08 11:50:40.945,1.36034,1.36052,1.95,1.87
2017.08.08 11:50:42.013,1.36034,1.36052,1.95,1.50
2017.08.08 11:50:42.064,1.36034,1.36052,2.70,1.50
2017.08.08 11:50:43.204,1.36035,1.36053,1.45,2.62
2017.08.08 11:50:43.326,1.36034,1.36053,1.57,1.12
2017.08.08 11:50:48.955,1.36034,1.36053,1.95,1.75
2017.08.08 11:50:51.821,1.36034,1.36052,1.20,1.50
2017.08.08 11:50:52.352,1.36034,1.36052,1.20,1.50
2017.08.08 11:50:52.991,1.36034,1.36053,1.00,1.75
2017.08.08 11:50:54.128,1.36034,1.36052,1.45,1.87
2017.08.08 11:50:54.653,1.36034,1.36052,1.00,1.87
2017.08.08 11:50:56.412,1.36033,1.36051,1.57,1.12
2017.08.08 11:50:57.915,1.36032,1.3605,1.45,1.00
2017.08.08 11:50:58.464,1.36032,1.36049,1.12,1.12
2017.08.08 11:50:59.160,1.36032,1.36048,1.12,1.00
2017.08.08 11:50:59.977,1.36032,1.3605,1.87,1.57
2017.08.08 11:51:01.622,1.36032,1.36048,2.32,1.00
2017.08.08 11:51:02.674,1.36032,1.36049,1.95,1.12
2017.08.08 11:51:03.282,1.36032,1.36048,1.12,1.00
2017.08.08 11:51:04.686,1.36032,1.36049,1.12,1.12
2017.08.08 11:51:07.710,1.36032,1.36048,1.12,1.00
2017.08.08 11:51:09.183,1.36032,1.36049,1.20,1.12
2017.08.08 11:51:11.549,1.36033,1.36049,1.00,1.12
2017.08.08 11:51:12.136,1.36032,1.3605,1.87,1.50
2017.08.08 11:51:12.745,1.36032,1.36052,1.87,3.07
2017.08.08 11:51:13.014,1.36032,1.36051,4.57,1.10
2017.08.08 11:51:13.322,1.36035,1.36053,1.50,1.45
2017.08.08 11:51:13.545,1.36036,1.36055,1.20,1.12
2017.08.08 11:51:14.064,1.36036,1.36056,1.20,1.57
2017.08.08 11:51:14.597,1.36038,1.36056,1.00,1.50
2017.08.08 11:51:15.060,1.36036,1.36054,1.07,1.50
2017.08.08 11:51:15.111,1.36035,1.36054,1.95,1.75
2017.08.08 11:51:15.656,1.36035,1.36054,1.00,2.62
2017.08.08 11:51:16.869,1.36035,1.36052,1.45,1.50
2017.08.08 11:51:24.576,1.36034,1.36052,1.95,2.25
2017.08.08 11:51:25.172,1.36036,1.36054,1.00,1.75
2017.08.08 11:51:25.489,1.36038,1.36054,1.00,1.75
2017.08.08 11:51:25.996,1.36038,1.36054,1.00,1.50
2017.08.08 11:51:28.119,1.36038,1.36057,1.00,2.70
2017.08.08 11:51:29.306,1.36038,1.36057,1.12,1.10
2017.08.08 11:51:29.509,1.3604,1.36058,1.00,1.95
2017.08.08 11:51:30.367,1.36039,1.36057,1.00,1.20
2017.08.08 11:51:30.772,1.36037,1.36056,1.50,3.45
2017.08.08 11:51:35.241,1.36035,1.36053,1.95,1.87
2017.08.08 11:51:37.825,1.36035,1.36052,1.45,1.00
2017.08.08 11:51:40.374,1.36035,1.36053,1.45,1.87
2017.08.08 11:51:41.311,1.36035,1.36052,1.45,1.00
2017.08.08 11:51:45.866,1.36035,1.36052,1.10,1.00
2017.08.08 11:51:45.968,1.36034,1.36052,1.00,2.25
2017.08.08 11:51:46.221,1.36032,1.36051,2.25,1.95
2017.08.08 11:51:47.503,1.36032,1.3605,1.50,1.75
2017.08.08 11:51:49.673,1.36032,1.3605,1.00,3.82
2017.08.08 11:51:56.224,1.3603,1.36047,1.00,1.50
2017.08.08 11:51:56.816,1.36029,1.36047,1.57,1.50
2017.08.08 11:51:59.225,1.3603,1.36048,1.00,4.20
2017.08.08 11:52:03.246,1.36029,1.36047,1.00,2.32
2017.08.08 11:52:08.469,1.36028,1.36046,2.25,1.12
2017.08.08 11:52:09.578,1.36028,1.36045,1.10,1.12
2017.08.08 11:52:11.419,1.36028,1.36045,1.00,1.50
2017.08.08 11:52:11.920,1.36028,1.36043,1.00,1.00
2017.08.08 11:52:12.425,1.36028,1.36043,1.00,1.50
2017.08.08 11:52:16.105,1.36028,1.36045,1.95,2.25
2017.08.08 11:52:18.448,1.36028,1.36045,1.57,1.00
2017.08.08 11:52:18.499,1.36029,1.36048,3.45,1.12
2017.08.08 11:52:19.144,1.36031,1.36049,1.12,2.25
2017.08.08 11:52:19.654,1.36031,1.36049,2.25,1.50
2017.08.08 11:52:20.317,1.36033,1.36049,1.00,1.50
2017.08.08 11:52:21.395,1.36033,1.3605,1.00,1.50
2017.08.08 11:52:22.765,1.36033,1.36051,1.50,1.57
2017.08.08 11:52:23.394,1.36034,1.36052,1.00,1.20
2017.08.08 11:52:23.945,1.36035,1.36052,1.12,1.20
2017.08.08 11:52:25.055,1.36036,1.36052,1.00,1.00
2017.08.08 11:52:29.161,1.36036,1.36053,1.00,1.20
2017.08.08 11:52:30.254,1.36036,1.36054,1.00,1.57
2017.08.08 11:52:34.847,1.36035,1.36054,1.00,1.95
2017.08.08 11:52:35.373,1.36035,1.36054,1.07,1.12
2017.08.08 11:52:36.146,1.36034,1.36054,1.95,1.12
2017.08.08 11:52:36.733,1.36034,1.36053,1.45,1.00
2017.08.08 11:52:50.523,1.36035,1.36053,1.12,1.50
2017.08.08 11:52:51.532,1.36035,1.36053,1.57,1.50
2017.08.08 11:52:53.400,1.36035,1.36053,1.20,1.50
2017.08.08 11:53:01.043,1.36034,1.36053,1.95,1.50
2017.08.08 11:53:01.568,1.36034,1.36053,1.45,1.50
2017.08.08 11:53:06.423,1.36034,1.36053,1.20,1.50
2017.08.08 11:53:07.024,1.36034,1.36053,1.20,1.50
2017.08.08 11:53:15.035,1.36034,1.36053,1.20,1.50
2017.08.08 11:53:16.393,1.36034,1.36053,1.20,1.50
2017.08.08 11:53:23.694,1.36034,1.36053,1.20,1.00
2017.08.08 11:53:24.551,1.36034,1.36053,1.95,1.00
2017.08.08 11:53:25.972,1.36035,1.36053,1.10,1.00
2017.08.08 11:53:26.282,1.36033,1.36053,1.95,1.75
2017.08.08 11:53:27.065,1.36033,1.36053,2.70,2.25
2017.08.08 11:53:27.116,1.36033,1.36053,1.95,2.25
2017.08.08 11:53:27.623,1.36033,1.36053,1.95,2.25
2017.08.08 11:53:30.723,1.36035,1.36053,1.07,1.50
2017.08.08 11:53:31.934,1.36035,1.36053,1.57,1.00
2017.08.08 11:53:32.442,1.36037,1.36053,1.00,1.00
2017.08.08 11:53:32.953,1.36037,1.36056,1.10,1.75
2017.08.08 11:53:33.157,1.36037,1.36056,1.57,1.12
2017.08.08 11:53:33.747,1.36037,1.36056,1.57,1.12
2017.08.08 11:53:34.786,1.36037,1.36056,1.12,1.57
2017.08.08 11:53:36.839,1.36037,1.36057,1.85,1.63
2017.08.08 11:53:37.347,1.36037,1.36056,1.75,1.10
2017.08.08 11:53:38.419,1.36037,1.36056,1.50,1.47
2017.08.08 11:53:40.345,1.36034,1.36055,2.70,1.50
2017.08.08 11:53:41.849,1.36035,1.36055,1.57,1.95
2017.08.08 11:53:42.435,1.36035,1.36053,1.57,1.00
2017.08.08 11:53:43.223,1.36035,1.36053,1.07,1.00
2017.08.08 11:53:46.109,1.36035,1.36053,1.10,1.00
2017.08.08 11:53:47.729,1.36033,1.36052,1.95,1.50
2017.08.08 11:53:48.392,1.36034,1.36052,1.07,1.50
2017.08.08 11:53:48.945,1.36036,1.36052,1.00,2.70
2017.08.08 11:54:04.006,1.36031,1.36049,2.25,1.12
2017.08.08 11:54:04.108,1.3603,1.36049,1.57,1.12
2017.08.08 11:54:05.023,1.3603,1.36048,2.32,1.00
2017.08.08 11:54:05.555,1.3603,1.36049,2.32,1.12
2017.08.08 11:54:06.558,1.3603,1.3605,1.12,2.70
2017.08.08 11:54:07.109,1.36029,1.3605,1.50,4.20
2017.08.08 11:54:17.354,1.36029,1.36048,1.12,1.20
2017.08.08 11:54:18.429,1.36028,1.36046,1.00,1.57
2017.08.08 11:54:19.045,1.36027,1.36046,1.20,2.32
2017.08.08 11:54:26.213,1.36027,1.36047,3.07,1.95
2017.08.08 11:54:27.341,1.36027,1.36047,3.07,1.95
2017.08.08 11:54:44.015,1.36027,1.36047,2.32,2.70
2017.08.08 11:54:49.048,1.36027,1.36047,4.20,1.57
2017.08.08 11:54:49.277,1.36029,1.36047,1.50,1.87
2017.08.08 11:54:50.318,1.36029,1.36046,1.50,1.00
2017.08.08 11:54:51.177,1.36029,1.36047,1.50,1.12
2017.08.08 11:54:52.130,1.36029,1.36046,1.50,1.00
2017.08.08 11:54:52.686,1.36029,1.36048,1.57,1.47
2017.08.08 11:54:57.169,1.36029,1.36049,2.25,1.10
2017.08.08 11:54:59.116,1.3603,1.3605,1.87,2.70
2017.08.08 11:54:59.811,1.3603,1.3605,2.62,1.95
2017.08.08 11:55:01.084,1.3603,1.36048,1.87,1.95
2017.08.08 11:55:01.728,1.36031,1.36049,1.00,2.32
2017.08.08 11:55:03.748,1.3603,1.36049,1.95,1.95
2017.08.08 11:55:05.300,1.3603,1.36049,2.70,1.87
2017.08.08 11:55:06.205,1.3603,1.36049,3.00,1.37
2017.08.08 11:55:06.576,1.36032,1.3605,1.75,1.00
2017.08.08 11:55:08.409,1.36033,1.3605,1.12,1.12
2017.08.08 11:55:09.030,1.36033,1.3605,1.00,2.25
2017.08.08 11:55:10.017,1.36033,1.36049,1.00,1.20
2017.08.08 11:55:46.722,1.36033,1.3605,1.00,1.47
2017.08.08 11:55:48.576,1.36033,1.36051,1.12,1.95
2017.08.08 11:55:49.900,1.36032,1.36051,1.00,1.12
2017.08.08 11:55:49.951,1.36032,1.36051,1.45,1.12
2017.08.08 11:55:52.318,1.36032,1.36052,1.95,1.75
2017.08.08 11:55:53.360,1.36033,1.36052,1.10,2.25
2017.08.08 11:55:57.819,1.36033,1.36051,1.07,1.50
2017.08.08 11:55:58.502,1.36033,1.36051,1.10,1.50
2017.08.08 11:56:06.916,1.36032,1.36051,2.70,1.50
2017.08.08 11:56:07.902,1.36032,1.36051,1.95,1.50
2017.08.08 11:56:12.150,1.36032,1.36051,3.45,1.50
2017.08.08 11:56:12.681,1.36034,1.36051,1.10,1.12
2017.08.08 11:56:16.126,1.36034,1.36054,1.10,1.50
2017.08.08 11:56:17.238,1.36033,1.36055,4.95,3.07
2017.08.08 11:56:17.835,1.36033,1.36055,4.20,3.07
2017.08.08 11:56:18.832,1.36034,1.36055,1.10,2.70
2017.08.08 11:56:19.804,1.36035,1.36055,1.00,2.70
2017.08.08 11:56:20.309,1.36035,1.36055,1.45,1.85
2017.08.08 11:56:20.996,1.36035,1.36055,1.10,1.75
2017.08.08 11:56:21.506,1.36036,1.36055,1.57,1.75
2017.08.08 11:56:22.012,1.36036,1.36055,2.32,1.50
2017.08.08 11:56:22.448,1.36037,1.36056,1.10,1.20
2017.08.08 11:56:22.551,1.36039,1.36057,1.00,1.45
2017.08.08 11:56:22.855,1.36039,1.36058,1.75,1.57
2017.08.08 11:56:23.007,1.36039,1.36058,1.00,1.95
2017.08.08 11:56:23.547,1.36038,1.36058,1.95,1.87
2017.08.08 11:56:24.069,1.36038,1.36057,1.95,1.75
2017.08.08 11:56:24.394,1.36037,1.36056,1.20,1.75
2017.08.08 11:56:24.901,1.36037,1.36056,1.20,1.87
2017.08.08 11:56:25.306,1.36034,1.36054,2.32,1.50
2017.08.08 11:56:25.820,1.36034,1.36054,1.95,3.45
2017.08.08 11:56:30.721,1.36033,1.36052,1.45,1.50
2017.08.08 11:56:31.309,1.36032,1.36052,2.32,1.50
2017.08.08 11:56:36.437,1.36032,1.36052,2.32,1.12
2017.08.08 11:56:40.017,1.36032,1.36052,2.32,1.12
2017.08.08 11:56:42.234,1.36032,1.36052,3.07,1.12
2017.08.08 11:56:43.245,1.36033,1.36053,1.95,1.50
2017.08.08 11:56:44.529,1.36033,1.36053,1.45,1.50
2017.08.08 11:56:48.654,1.36033,1.36053,1.95,1.50
2017.08.08 11:56:49.546,1.36033,1.36053,1.45,1.50
2017.08.08 11:56:52.026,1.36033,1.36053,1.20,1.50
2017.08.08 11:56:52.330,1.36032,1.36051,1.00,1.95
2017.08.08 11:56:52.851,1.36031,1.36051,1.00,2.70
2017.08.08 11:56:53.200,1.36031,1.3605,1.00,1.85
2017.08.08 11:56:53.718,1.36029,1.36048,1.07,1.50
2017.08.08 11:56:53.870,1.36028,1.36048,1.10,1.12
2017.08.08 11:56:54.028,1.36028,1.36048,1.10,2.25
2017.08.08 11:56:54.529,1.36026,1.36048,3.07,3.07
2017.08.08 11:56:55.139,1.36027,1.36048,1.20,4.20
2017.08.08 11:56:55.545,1.36029,1.36048,1.00,4.20
2017.08.08 11:56:56.709,1.36026,1.36046,2.32,1.12
2017.08.08 11:56:58.249,1.36027,1.36046,1.10,1.75
2017.08.08 11:56:59.657,1.36026,1.36046,1.95,1.75
2017.08.08 11:57:00.742,1.36027,1.36046,1.10,1.75
2017.08.08 11:57:01.480,1.36027,1.36046,1.07,1.75
2017.08.08 11:57:02.039,1.36027,1.36046,1.10,1.75
2017.08.08 11:57:05.212,1.36026,1.36046,1.95,1.75
2017.08.08 11:57:06.176,1.36026,1.36046,1.20,1.75
2017.08.08 11:57:10.373,1.36026,1.36046,1.95,2.25
2017.08.08 11:57:11.889,1.36027,1.36046,1.07,2.25
2017.08.08 11:57:15.096,1.36026,1.36046,1.95,2.25
2017.08.08 11:57:17.278,1.36027,1.36046,1.95,1.87
2017.08.08 11:57:17.329,1.36028,1.36048,1.50,2.70
2017.08.08 11:57:18.036,1.36028,1.36048,1.95,1.87
2017.08.08 11:57:25.165,1.3603,1.3605,1.95,1.12
2017.08.08 11:57:26.216,1.3603,1.36048,1.95,1.00
2017.08.08 11:57:43.579,1.3603,1.3605,3.50,1.12
2017.08.08 11:57:47.846,1.36032,1.36051,2.30,1.00
2017.08.08 11:57:48.194,1.36035,1.36053,1.07,1.00
2017.08.08 11:57:50.235,1.36034,1.36053,2.70,1.00
2017.08.08 11:57:50.837,1.36035,1.36053,1.07,1.00
2017.08.08 11:57:51.374,1.36034,1.36053,2.70,1.00
2017.08.08 11:57:55.218,1.36034,1.36054,2.70,1.12
2017.08.08 11:58:05.757,1.36035,1.36054,1.57,1.12
2017.08.08 11:58:05.841,1.36035,1.36054,1.57,1.12
2017.08.08 11:58:06.169,1.36035,1.36054,1.20,1.12
2017.08.08 11:58:06.271,1.36033,1.36053,2.25,1.45
2017.08.08 11:58:06.797,1.36033,1.36052,2.25,1.00
2017.08.08 11:58:07.972,1.36033,1.36052,1.87,1.12
2017.08.08 11:58:08.074,1.36033,1.36054,2.32,3.00
2017.08.08 11:58:08.176,1.36033,1.36054,1.57,3.00
2017.08.08 11:58:08.279,1.36033,1.36054,2.32,3.00
2017.08.08 11:58:11.809,1.36033,1.36052,1.57,1.12
2017.08.08 11:58:12.045,1.36033,1.36052,1.57,1.18
2017.08.08 11:58:12.627,1.36033,1.36052,1.57,1.18
2017.08.08 11:58:13.168,1.36032,1.36053,1.95,1.55
2017.08.08 11:58:13.220,1.36033,1.36053,1.12,2.00
2017.08.08 11:58:17.374,1.36032,1.36051,1.50,1.05
2017.08.08 11:58:19.814,1.36031,1.36051,2.62,1.15
2017.08.08 11:58:21.776,1.36031,1.36052,2.62,1.63
2017.08.08 11:58:23.530,1.36034,1.36052,1.00,1.63
2017.08.08 11:58:23.763,1.36031,1.36051,3.07,1.15
2017.08.08 11:58:25.198,1.36031,1.36053,2.70,1.25
2017.08.08 11:58:27.324,1.36033,1.36053,1.20,2.75
2017.08.08 11:58:30.258,1.36033,1.36053,1.95,3.07
2017.08.08 11:58:34.236,1.36033,1.36053,2.32,1.50
2017.08.08 11:58:34.876,1.36034,1.36053,1.95,1.50
2017.08.08 11:58:35.554,1.36034,1.36053,1.95,1.50
2017.08.08 11:58:36.087,1.36034,1.36053,2.70,1.50
2017.08.08 11:58:36.576,1.36035,1.36055,1.57,1.12
2017.08.08 11:58:37.471,1.36036,1.36055,1.47,1.10
2017.08.08 11:58:43.061,1.36036,1.36056,1.95,1.07
2017.08.08 11:58:43.598,1.36037,1.36057,1.20,1.47
2017.08.08 11:58:55.599,1.36038,1.36058,1.75,1.95
2017.08.08 11:58:57.093,1.36039,1.36059,2.25,1.95
2017.08.08 11:59:06.807,1.36039,1.36058,1.87,1.57
2017.08.08 11:59:13.687,1.36039,1.36058,1.12,1.57
2017.08.08 11:59:20.546,1.36039,1.36059,1.57,2.32
2017.08.08 11:59:24.768,1.36039,1.36058,1.57,1.12
2017.08.08 11:59:30.023,1.36039,1.36059,1.12,2.70
2017.08.08 11:59:37.878,1.36039,1.36059,1.75,1.45
2017.08.08 11:59:38.432,1.36039,1.36059,1.95,1.00
2017.08.08 11:59:43.230,1.36041,1.3606,1.07,1.12
2017.08.08 11:59:43.795,1.36041,1.3606,1.95,1.87
2017.08.08 11:59:51.411,1.36043,1.36059,1.10,1.00
2017.08.08 11:59:54.707,1.36041,1.3606,2.32,1.57
2017.08.08 11:59:57.705,1.36041,1.36059,1.75,1.00
2017.08.08 11:59:58.594,1.36041,1.3606,1.75,1.12
2017.08.08 11:59:59.166,1.36041,1.36059,1.75,1.00
2017.08.08 11:59:59.907,1.36041,1.3606,1.75,1.12
