2015.05.01 01:00:00.693,1.32364,1.32404,1.12,1.00
2015.05.01 01:00:01.270,1.32364,1.32404,1.37,1.00
2015.05.01 01:00:01.801,1.32364,1.32403,1.37,1.00
2015.05.01 01:00:01.953,1.32363,1.32408,1.37,1.00
2015.05.01 01:00:02.003,1.32363,1.32408,1.37,1.00
2015.05.01 01:00:02.054,1.32363,1.32424,1.37,1.37
2015.05.01 01:00:02.257,1.32363,1.32424,1.37,1.75
2015.05.01 01:00:03.198,1.32363,1.32424,1.37,2.25
2015.05.01 01:00:03.800,1.32363,1.32424,1.37,2.25
2015.05.01 01:00:04.402,1.32363,1.32424,1.37,2.25
2015.05.01 01:00:04.951,1.32363,1.32424,1.37,2.25
2015.05.01 01:00:05.707,1.32363,1.32424,1.37,2.25
2015.05.01 01:00:06.010,1.32367,1.32417,1.37,1.75
2015.05.01 01:00:06.562,1.32367,1.32417,1.37,1.75
2015.05.01 01:00:08.263,1.32367,1.32418,1.37,1.75
2015.05.01 01:00:09.234,1.32367,1.32418,1.37,1.75
2015.05.01 01:00:09.882,1.32367,1.32418,1.37,1.75
2015.05.01 01:00:10.622,1.32367,1.32418,1.37,1.75
2015.05.01 01:00:11.124,1.32367,1.32418,1.37,1.75
2015.05.01 01:00:11.626,1.32367,1.32418,1.37,1.75
2015.05.01 01:00:12.127,1.32367,1.32418,1.37,1.75
2015.05.01 01:00:12.475,1.32367,1.32418,1.37,1.75
2015.05.01 01:00:13.633,1.32367,1.32418,1.37,1.75
2015.05.01 01:00:14.165,1.32367,1.32418,1.87,1.75
2015.05.01 01:00:14.266,1.32367,1.32418,1.87,1.75
2015.05.01 01:00:15.238,1.32373,1.3242,1.45,2.25
2015.05.01 01:00:16.242,1.32373,1.3242,1.45,2.25
2015.05.01 01:00:18.247,1.32373,1.3242,1.45,1.75
2015.05.01 01:00:18.792,1.32373,1.3242,1.45,1.75
2015.05.01 01:00:19.653,1.32373,1.3242,1.45,1.75
2015.05.01 01:00:19.983,1.32368,1.32418,1.37,2.25
2015.05.01 01:00:20.759,1.32368,1.32418,1.37,2.25
2015.05.01 01:00:21.362,1.32368,1.32418,1.37,2.25
2015.05.01 01:00:22.365,1.32368,1.32418,1.37,2.25
2015.05.01 01:00:23.704,1.32352,1.32414,1.12,1.37
2015.05.01 01:00:23.905,1.32352,1.32414,1.00,1.37
2015.05.01 01:00:24.412,1.32348,1.32411,1.07,1.07
2015.05.01 01:00:25.127,1.32359,1.32415,1.00,1.37
2015.05.01 01:00:25.847,1.32359,1.32415,1.00,1.50
2015.05.01 01:00:26.222,1.32359,1.32415,1.37,1.50
2015.05.01 01:00:26.823,1.32359,1.32415,1.37,1.50
2015.05.01 01:00:27.682,1.32359,1.32415,1.37,1.50
2015.05.01 01:00:28.284,1.32359,1.32415,1.37,1.50
2015.05.01 01:00:28.690,1.32359,1.32411,1.37,1.07
2015.05.01 01:00:28.992,1.32366,1.32412,1.12,1.12
2015.05.01 01:00:30.432,1.32369,1.32412,1.45,1.12
2015.05.01 01:00:31.294,1.32369,1.32412,1.45,1.12
2015.05.01 01:00:31.696,1.32369,1.32412,1.20,1.12
2015.05.01 01:00:33.250,1.32369,1.32413,1.45,1.37
2015.05.01 01:00:33.637,1.32374,1.32413,1.12,1.37
2015.05.01 01:00:37.220,1.32378,1.32417,1.12,1.75
2015.05.01 01:00:38.466,1.32379,1.3242,1.87,2.25
2015.05.01 01:00:46.189,1.32385,1.3242,1.95,1.75
2015.05.01 01:00:46.240,1.32385,1.3242,2.25,1.75
2015.05.01 01:00:46.810,1.32385,1.3242,2.25,1.75
2015.05.01 01:00:47.332,1.32386,1.3242,1.50,1.75
2015.05.01 01:00:47.883,1.32387,1.3242,1.07,1.75
2015.05.01 01:00:48.986,1.32387,1.3242,1.37,1.75
2015.05.01 01:00:49.796,1.32362,1.3242,1.37,1.75
2015.05.01 01:00:49.998,1.32362,1.32416,1.37,1.75
2015.05.01 01:00:51.208,1.32361,1.32412,1.37,1.75
2015.05.01 01:00:51.259,1.32361,1.32412,1.00,1.75
2015.05.01 01:00:51.467,1.32353,1.32409,1.37,1.75
2015.05.01 01:00:52.218,1.32353,1.32409,1.37,1.75
2015.05.01 01:00:52.954,1.32353,1.32409,1.37,1.75
2015.05.01 01:00:53.614,1.32353,1.32409,1.37,1.75
2015.05.01 01:00:54.130,1.32353,1.32409,1.00,1.75
2015.05.01 01:00:56.306,1.32351,1.3241,1.00,1.75
2015.05.01 01:00:56.507,1.32351,1.32406,1.00,1.75
2015.05.01 01:00:56.915,1.32346,1.32403,1.00,1.75
2015.05.01 01:00:57.783,1.32344,1.32401,1.37,1.75
2015.05.01 01:00:58.086,1.32344,1.32395,1.37,1.75
2015.05.01 01:00:58.417,1.32344,1.32395,1.12,1.75
2015.05.01 01:00:59.309,1.32341,1.32395,1.37,1.75
2015.05.01 01:01:00.052,1.32341,1.32395,1.37,2.25
2015.05.01 01:01:01.094,1.32341,1.32395,1.37,2.25
2015.05.01 01:01:01.396,1.3234,1.32376,1.37,1.00
2015.05.01 01:01:01.740,1.3234,1.32376,1.37,1.50
2015.05.01 01:01:02.413,1.3234,1.32376,1.37,1.50
2015.05.01 01:01:02.952,1.3234,1.32376,1.87,2.25
2015.05.01 01:01:03.523,1.32341,1.32393,1.37,1.75
2015.05.01 01:01:03.724,1.32344,1.32396,1.12,1.75
2015.05.01 01:01:04.399,1.32344,1.32396,1.37,1.75
2015.05.01 01:01:04.933,1.32344,1.32395,1.12,1.75
2015.05.01 01:01:06.305,1.32344,1.32395,1.37,1.75
2015.05.01 01:01:06.807,1.32344,1.32395,1.12,1.75
2015.05.01 01:01:07.358,1.32344,1.32394,1.37,1.75
2015.05.01 01:01:08.211,1.32344,1.32394,1.12,1.75
2015.05.01 01:01:08.762,1.32344,1.32394,1.37,1.75
2015.05.01 01:01:12.568,1.32344,1.32394,1.12,1.75
2015.05.01 01:01:13.710,1.32345,1.32394,1.00,1.75
2015.05.01 01:01:21.902,1.32345,1.32396,1.37,1.75
2015.05.01 01:01:22.517,1.32345,1.32394,1.37,1.75
2015.05.01 01:01:23.024,1.32345,1.32394,1.37,1.75
2015.05.01 01:01:23.705,1.32345,1.32394,1.37,1.75
2015.05.01 01:01:24.267,1.32345,1.32391,1.12,1.75
2015.05.01 01:01:24.992,1.32344,1.3239,1.37,1.75
2015.05.01 01:01:25.586,1.32344,1.32395,1.12,1.75
2015.05.01 01:01:26.488,1.32344,1.32395,1.37,1.75
2015.05.01 01:01:27.591,1.32344,1.32395,1.12,1.75
2015.05.01 01:01:28.607,1.32344,1.32395,1.37,1.75
2015.05.01 01:01:29.598,1.32344,1.32395,1.12,1.75
2015.05.01 01:01:30.100,1.32344,1.32395,1.37,1.75
2015.05.01 01:01:30.605,1.32344,1.32392,1.12,1.75
2015.05.01 01:01:31.203,1.32344,1.32392,1.37,1.75
2015.05.01 01:01:31.805,1.32344,1.32392,1.12,1.75
2015.05.01 01:01:34.012,1.32344,1.32392,1.37,1.75
2015.05.01 01:01:35.937,1.32343,1.32392,1.37,1.75
2015.05.01 01:01:36.547,1.32343,1.32392,1.37,1.75
2015.05.01 01:01:37.918,1.32343,1.32392,1.37,1.75
2015.05.01 01:01:38.528,1.32343,1.32392,1.37,1.75
2015.05.01 01:01:39.629,1.32343,1.32392,1.37,1.75
2015.05.01 01:01:40.131,1.32343,1.32392,1.37,1.75
2015.05.01 01:01:41.549,1.32343,1.32392,1.37,1.75
2015.05.01 01:01:42.539,1.32343,1.32392,1.37,1.75
2015.05.01 01:01:43.240,1.32343,1.32392,1.37,1.75
2015.05.01 01:01:43.742,1.32343,1.32393,1.87,1.75
2015.05.01 01:01:43.944,1.32343,1.32393,1.87,2.25
2015.05.01 01:01:44.246,1.32349,1.3239,1.87,1.75
2015.05.01 01:01:45.001,1.32349,1.3239,1.37,1.75
2015.05.01 01:01:45.152,1.32347,1.32393,1.37,1.75
2015.05.01 01:01:45.789,1.32347,1.32389,1.37,1.75
2015.05.01 01:01:46.501,1.32344,1.32389,1.37,1.75
2015.05.01 01:01:47.110,1.32344,1.32389,1.37,1.75
2015.05.01 01:01:47.956,1.32344,1.32389,1.37,1.75
2015.05.01 01:01:48.959,1.32344,1.32389,1.37,1.75
2015.05.01 01:01:49.962,1.32345,1.32389,1.87,1.75
2015.05.01 01:01:50.271,1.32345,1.32389,1.37,1.37
2015.05.01 01:01:50.873,1.32345,1.32389,1.37,1.37
2015.05.01 01:01:51.388,1.32345,1.32386,1.37,1.07
2015.05.01 01:01:51.489,1.32344,1.32386,1.87,1.50
2015.05.01 01:01:52.237,1.32344,1.32383,2.62,1.37
2015.05.01 01:01:52.772,1.32344,1.32383,2.62,1.37
2015.05.01 01:01:52.991,1.32344,1.32383,1.87,1.37
2015.05.01 01:01:53.711,1.32344,1.32383,1.37,1.37
2015.05.01 01:01:54.300,1.32344,1.32383,1.12,1.37
2015.05.01 01:01:55.081,1.32341,1.32383,1.87,1.37
2015.05.01 01:01:56.006,1.32341,1.32383,1.87,1.37
2015.05.01 01:01:56.636,1.32341,1.32383,1.87,1.37
2015.05.01 01:01:57.392,1.32341,1.32383,1.87,1.37
2015.05.01 01:01:57.912,1.32341,1.32383,1.87,1.37
2015.05.01 01:01:58.614,1.32341,1.32383,1.87,1.37
2015.05.01 01:01:59.818,1.32341,1.32383,1.87,1.37
2015.05.01 01:02:00.363,1.32341,1.32383,1.87,1.37
2015.05.01 01:02:01.453,1.32341,1.32386,1.37,1.75
2015.05.01 01:02:01.504,1.32341,1.32386,1.37,1.75
2015.05.01 01:02:02.241,1.32341,1.32385,1.37,1.75
2015.05.01 01:02:02.780,1.32341,1.32385,1.37,1.75
2015.05.01 01:02:03.331,1.32341,1.32385,1.37,1.75
2015.05.01 01:02:03.994,1.32341,1.32385,1.37,1.75
2015.05.01 01:02:05.236,1.3234,1.32384,2.62,1.75
2015.05.01 01:02:06.139,1.3234,1.32384,2.62,1.75
2015.05.01 01:02:06.686,1.3234,1.32384,2.62,1.75
2015.05.01 01:02:07.678,1.3234,1.32384,2.62,1.75
2015.05.01 01:02:10.978,1.3234,1.32384,2.62,1.75
2015.05.01 01:02:12.571,1.3234,1.32384,2.62,1.75
2015.05.01 01:02:13.238,1.3234,1.32384,2.62,1.75
2015.05.01 01:02:13.901,1.3234,1.32384,2.62,1.75
2015.05.01 01:02:14.713,1.3234,1.32384,2.62,1.75
2015.05.01 01:02:15.240,1.3234,1.32384,1.87,1.75
2015.05.01 01:02:17.621,1.3234,1.32384,2.62,1.75
2015.05.01 01:02:19.778,1.3234,1.32384,2.62,1.75
2015.05.01 01:02:20.549,1.3234,1.32384,2.62,1.75
2015.05.01 01:02:21.785,1.3234,1.32384,2.62,1.75
2015.05.01 01:02:22.387,1.3234,1.32384,2.62,1.75
2015.05.01 01:02:23.032,1.32342,1.32384,1.37,1.75
2015.05.01 01:02:23.712,1.32342,1.32384,1.37,1.75
2015.05.01 01:02:24.802,1.32342,1.32384,1.37,1.75
2015.05.01 01:02:25.420,1.32342,1.32384,1.37,1.75
2015.05.01 01:02:25.805,1.32341,1.32384,1.87,1.75
2015.05.01 01:02:26.367,1.32341,1.32384,1.87,1.75
2015.05.01 01:02:26.650,1.32341,1.32384,1.87,1.75
2015.05.01 01:02:27.752,1.32341,1.32384,1.37,1.75
2015.05.01 01:02:28.763,1.32341,1.32384,1.37,1.75
2015.05.01 01:02:29.462,1.32341,1.32384,1.37,1.75
2015.05.01 01:02:30.020,1.32342,1.32384,1.37,1.75
2015.05.01 01:02:30.659,1.32341,1.32384,1.37,1.75
2015.05.01 01:02:32.529,1.32341,1.32384,1.37,1.75
2015.05.01 01:02:33.134,1.32341,1.32384,1.37,1.75
2015.05.01 01:02:33.843,1.32341,1.32384,1.37,1.75
2015.05.01 01:02:34.877,1.32341,1.32384,1.37,1.75
2015.05.01 01:02:35.436,1.32341,1.32384,1.87,1.75
2015.05.01 01:02:36.139,1.32341,1.32384,1.87,1.75
2015.05.01 01:02:36.842,1.32341,1.32384,1.87,1.75
2015.05.01 01:02:37.575,1.32341,1.32384,1.87,1.75
2015.05.01 01:02:38.236,1.32341,1.32384,1.87,1.75
2015.05.01 01:02:38.896,1.32341,1.32384,1.87,1.75
2015.05.01 01:02:41.155,1.32341,1.32384,1.87,1.75
2015.05.01 01:02:41.867,1.32341,1.32384,1.87,1.75
2015.05.01 01:02:42.502,1.32341,1.32384,1.87,1.75
2015.05.01 01:02:43.061,1.32341,1.32384,1.87,1.75
2015.05.01 01:02:43.964,1.32341,1.32384,1.87,1.75
2015.05.01 01:02:44.494,1.32341,1.32384,1.87,1.75
2015.05.01 01:02:45.068,1.32341,1.32384,1.87,1.75
2015.05.01 01:02:45.879,1.32341,1.32384,1.87,1.75
2015.05.01 01:02:46.090,1.32355,1.32385,1.00,1.75
2015.05.01 01:02:46.241,1.3236,1.32385,1.50,1.50
2015.05.01 01:02:46.443,1.32352,1.32385,1.12,1.50
2015.05.01 01:02:46.544,1.32346,1.32386,1.00,1.75
2015.05.01 01:02:46.594,1.32346,1.32386,1.00,1.75
2015.05.01 01:02:47.150,1.32343,1.32383,1.37,1.75
2015.05.01 01:02:47.690,1.32343,1.32383,1.37,1.75
2015.05.01 01:02:48.366,1.32343,1.32383,1.37,1.75
2015.05.01 01:02:48.896,1.32343,1.32383,1.37,1.75
2015.05.01 01:02:49.398,1.32343,1.32383,1.37,1.75
2015.05.01 01:02:50.201,1.32343,1.32383,1.37,1.75
2015.05.01 01:02:52.009,1.32343,1.32383,1.37,1.75
2015.05.01 01:02:52.610,1.32343,1.32383,1.37,1.75
2015.05.01 01:02:53.815,1.32343,1.32383,1.37,1.75
2015.05.01 01:02:54.618,1.32343,1.32383,1.37,1.75
2015.05.01 01:02:55.273,1.32343,1.32383,1.37,1.75
2015.05.01 01:02:56.642,1.32343,1.32383,1.37,1.75
2015.05.01 01:02:57.648,1.32343,1.32383,1.37,1.75
2015.05.01 01:02:58.658,1.32343,1.32383,1.37,1.75
2015.05.01 01:02:59.232,1.32343,1.32383,1.37,1.75
2015.05.01 01:02:59.802,1.32343,1.32383,1.37,1.75
2015.05.01 01:03:00.469,1.32343,1.32383,1.00,1.75
2015.05.01 01:03:03.824,1.32341,1.32376,1.50,1.07
2015.05.01 01:03:03.975,1.32341,1.32376,1.50,1.75
2015.05.01 01:03:04.277,1.32341,1.32366,1.37,1.12
2015.05.01 01:03:04.530,1.3234,1.32376,1.37,1.75
2015.05.01 01:03:05.534,1.3234,1.32376,1.87,1.75
2015.05.01 01:03:06.223,1.3234,1.32376,1.87,1.75
2015.05.01 01:03:07.999,1.3234,1.32376,1.87,1.75
2015.05.01 01:03:08.804,1.3234,1.32376,1.87,1.75
2015.05.01 01:03:09.260,1.3234,1.32382,1.37,1.75
2015.05.01 01:03:09.461,1.3234,1.32382,1.87,1.75
2015.05.01 01:03:09.669,1.3234,1.32382,1.87,1.75
2015.05.01 01:03:10.218,1.3234,1.32382,1.87,1.75
2015.05.01 01:03:10.482,1.32342,1.3239,1.37,1.37
2015.05.01 01:03:10.997,1.32344,1.32395,1.12,1.37
2015.05.01 01:03:11.936,1.32344,1.32395,1.37,1.37
2015.05.01 01:03:12.836,1.32344,1.32395,1.12,1.37
2015.05.01 01:03:13.435,1.32344,1.32395,1.37,1.37
2015.05.01 01:03:14.045,1.32344,1.32395,1.12,1.37
2015.05.01 01:03:14.553,1.32344,1.32395,1.37,1.37
2015.05.01 01:03:14.609,1.32343,1.32386,1.37,1.00
2015.05.01 01:03:14.955,1.32343,1.32386,1.37,1.75
2015.05.01 01:03:15.560,1.32343,1.32386,1.37,1.75
2015.05.01 01:03:16.166,1.32343,1.32386,1.37,1.75
2015.05.01 01:03:16.737,1.32343,1.32386,1.37,1.75
2015.05.01 01:03:17.561,1.32343,1.32386,1.37,1.75
2015.05.01 01:03:18.277,1.32343,1.32386,1.37,1.75
2015.05.01 01:03:19.098,1.32343,1.32375,1.37,1.00
2015.05.01 01:03:19.410,1.32341,1.32375,1.37,1.75
2015.05.01 01:03:20.182,1.32341,1.32375,1.37,1.75
2015.05.01 01:03:20.684,1.32341,1.32375,1.37,1.75
2015.05.01 01:03:21.286,1.32341,1.32375,1.37,1.75
2015.05.01 01:03:22.400,1.32341,1.32375,1.37,1.75
2015.05.01 01:03:22.990,1.32341,1.32375,1.37,1.75
2015.05.01 01:03:23.493,1.32341,1.32375,1.37,1.75
2015.05.01 01:03:24.000,1.32341,1.32375,1.37,1.75
2015.05.01 01:03:24.773,1.32341,1.3238,1.87,1.37
2015.05.01 01:03:24.959,1.32341,1.3238,1.87,1.75
2015.05.01 01:03:25.672,1.32341,1.3238,1.87,1.75
2015.05.01 01:03:26.333,1.32341,1.3238,1.87,1.75
2015.05.01 01:03:28.309,1.32341,1.3238,1.87,1.75
2015.05.01 01:03:28.816,1.32341,1.3238,1.87,1.75
2015.05.01 01:03:29.413,1.32341,1.3238,1.87,1.75
2015.05.01 01:03:29.961,1.32341,1.3238,1.87,1.75
2015.05.01 01:03:30.517,1.32341,1.3238,1.87,1.75
2015.05.01 01:03:31.021,1.32341,1.3238,1.87,1.75
2015.05.01 01:03:32.228,1.32341,1.3238,1.87,1.75
2015.05.01 01:03:33.536,1.32341,1.3238,1.37,1.75
2015.05.01 01:03:34.872,1.32341,1.3238,1.87,1.75
2015.05.01 01:03:36.664,1.32343,1.32386,1.37,1.87
2015.05.01 01:03:36.866,1.32343,1.32384,1.37,1.75
2015.05.01 01:03:36.967,1.32343,1.32384,1.37,1.37
2015.05.01 01:03:37.719,1.32344,1.32384,1.12,1.37
2015.05.01 01:03:39.527,1.32348,1.32382,1.75,1.07
2015.05.01 01:03:44.832,1.32357,1.32385,1.00,1.87
2015.05.01 01:03:44.984,1.32357,1.32385,1.12,1.07
2015.05.01 01:03:46.580,1.32361,1.32385,1.00,1.07
2015.05.01 01:03:48.217,1.32361,1.32385,1.00,1.50
2015.05.01 01:03:48.599,1.32354,1.32385,1.12,1.50
2015.05.01 01:03:48.750,1.32346,1.32385,1.10,1.50
2015.05.01 01:03:49.462,1.32343,1.32384,1.37,1.87
2015.05.01 01:03:49.740,1.32343,1.32382,1.37,1.75
2015.05.01 01:03:49.946,1.32343,1.32385,1.37,1.37
2015.05.01 01:03:50.298,1.32343,1.32385,1.37,1.75
2015.05.01 01:03:50.501,1.32343,1.32385,1.37,1.50
2015.05.01 01:03:51.520,1.32343,1.32385,1.37,1.50
2015.05.01 01:03:52.602,1.32343,1.32385,1.37,1.50
2015.05.01 01:03:53.479,1.32343,1.32385,1.37,1.50
2015.05.01 01:03:54.382,1.32343,1.32385,1.37,1.50
2015.05.01 01:03:55.588,1.32343,1.32385,1.37,1.50
2015.05.01 01:03:56.289,1.32343,1.32385,1.37,1.50
2015.05.01 01:03:57.292,1.32343,1.32385,1.37,1.50
2015.05.01 01:03:57.794,1.32343,1.32385,1.37,1.50
2015.05.01 01:03:58.211,1.32345,1.32396,1.12,1.50
2015.05.01 01:03:58.513,1.32345,1.32396,1.00,2.25
2015.05.01 01:04:02.518,1.32345,1.32394,1.00,1.75
2015.05.01 01:04:03.249,1.32345,1.32394,1.37,1.75
2015.05.01 01:04:04.217,1.32345,1.32394,1.37,1.75
2015.05.01 01:04:05.218,1.32345,1.32394,1.87,1.75
2015.05.01 01:04:05.474,1.32348,1.32396,1.37,1.50
2015.05.01 01:04:06.119,1.32348,1.32396,1.37,1.50
2015.05.01 01:04:06.780,1.32348,1.32396,1.37,1.50
2015.05.01 01:04:07.324,1.32348,1.32396,1.37,1.50
2015.05.01 01:04:08.430,1.32348,1.32396,1.37,1.50
2015.05.01 01:04:09.090,1.32348,1.32396,1.37,1.50
2015.05.01 01:04:09.559,1.32352,1.324,1.37,1.10
2015.05.01 01:04:09.662,1.32352,1.324,1.00,1.10
2015.05.01 01:04:09.768,1.32352,1.324,1.00,1.50
2015.05.01 01:04:10.084,1.32352,1.324,1.00,1.75
2015.05.01 01:04:16.015,1.32349,1.32397,1.12,1.75
2015.05.01 01:04:17.769,1.32349,1.32397,1.37,1.75
2015.05.01 01:04:18.335,1.32349,1.32397,1.12,1.75
2015.05.01 01:04:19.273,1.32349,1.32397,1.37,1.75
2015.05.01 01:04:19.774,1.32349,1.32397,1.12,1.75
2015.05.01 01:04:20.777,1.32349,1.32397,1.37,1.75
2015.05.01 01:04:21.720,1.32349,1.32397,1.12,1.75
2015.05.01 01:04:22.583,1.32349,1.32397,1.37,1.75
2015.05.01 01:04:23.119,1.32349,1.32397,1.12,1.75
2015.05.01 01:04:23.819,1.32349,1.32397,1.37,1.75
2015.05.01 01:04:24.890,1.32349,1.32397,1.12,1.75
2015.05.01 01:04:25.994,1.32349,1.32397,1.37,1.75
2015.05.01 01:04:26.800,1.32348,1.32398,1.37,1.75
2015.05.01 01:04:27.810,1.32348,1.32398,1.37,1.75
2015.05.01 01:04:29.148,1.32348,1.32398,1.00,1.75
2015.05.01 01:04:32.255,1.32348,1.32398,1.37,1.75
2015.05.01 01:04:32.990,1.32348,1.32398,1.37,1.75
2015.05.01 01:04:33.537,1.32348,1.32398,1.37,1.75
2015.05.01 01:04:34.310,1.32348,1.32398,1.37,1.75
2015.05.01 01:04:34.826,1.32348,1.32398,1.37,1.75
2015.05.01 01:04:35.351,1.32348,1.32398,1.37,1.75
2015.05.01 01:04:37.853,1.32349,1.32397,1.12,1.75
2015.05.01 01:04:38.354,1.32349,1.32397,1.37,1.75
2015.05.01 01:04:39.164,1.32349,1.32397,1.00,1.75
2015.05.01 01:04:45.584,1.32349,1.32397,1.37,1.75
2015.05.01 01:04:46.283,1.32349,1.32397,1.12,1.75
2015.05.01 01:04:47.297,1.32349,1.32397,1.37,1.75
2015.05.01 01:04:48.399,1.32349,1.32397,1.12,1.75
2015.05.01 01:04:49.149,1.32349,1.32397,1.37,1.75
2015.05.01 01:04:49.767,1.32349,1.32397,1.12,1.75
2015.05.01 01:04:50.301,1.32349,1.32397,1.37,1.75
2015.05.01 01:04:52.108,1.32349,1.32397,1.12,1.75
2015.05.01 01:04:52.713,1.32349,1.32397,1.37,1.75
2015.05.01 01:04:54.166,1.32349,1.32397,1.12,1.75
2015.05.01 01:04:55.160,1.32349,1.32397,1.37,1.75
2015.05.01 01:04:55.795,1.32349,1.32397,1.12,1.75
2015.05.01 01:04:56.585,1.32349,1.32397,1.37,1.75
2015.05.01 01:04:57.090,1.32348,1.32398,1.37,1.75
2015.05.01 01:04:57.595,1.32346,1.32397,1.37,1.75
2015.05.01 01:04:57.646,1.32346,1.32397,1.00,1.75
2015.05.01 01:04:59.779,1.32341,1.32399,1.37,2.25
2015.05.01 01:05:00.357,1.32346,1.32395,1.00,1.37
2015.05.01 01:05:10.700,1.32348,1.32392,1.00,1.07
2015.05.01 01:05:19.560,1.32344,1.32393,1.12,1.12
2015.05.01 01:05:19.942,1.32344,1.32392,1.37,1.75
2015.05.01 01:05:20.487,1.32344,1.32395,1.37,1.87
2015.05.01 01:05:21.238,1.32344,1.32395,1.12,1.87
2015.05.01 01:05:21.797,1.32344,1.32395,1.37,1.87
2015.05.01 01:05:23.103,1.32344,1.32395,1.12,1.87
2015.05.01 01:05:24.205,1.32344,1.32395,1.37,1.87
2015.05.01 01:05:27.088,1.32344,1.32395,1.12,1.37
2015.05.01 01:05:27.667,1.32344,1.32395,1.37,1.37
2015.05.01 01:05:28.633,1.32344,1.32395,1.12,1.37
2015.05.01 01:05:29.163,1.32344,1.32395,1.37,1.37
2015.05.01 01:05:31.638,1.32342,1.32395,1.37,1.37
2015.05.01 01:05:32.341,1.32342,1.32395,1.37,1.37
2015.05.01 01:05:32.845,1.32342,1.32395,1.37,1.37
2015.05.01 01:05:33.444,1.32342,1.32395,1.37,1.37
2015.05.01 01:05:33.945,1.32342,1.32395,1.37,1.37
2015.05.01 01:05:35.550,1.32342,1.32395,1.37,1.37
2015.05.01 01:05:36.136,1.32342,1.32395,1.37,1.37
2015.05.01 01:05:36.674,1.32342,1.32395,1.37,1.87
2015.05.01 01:05:37.458,1.32342,1.32395,1.37,1.87
2015.05.01 01:05:38.082,1.32342,1.32395,1.37,1.87
2015.05.01 01:05:38.683,1.32342,1.32395,1.37,1.87
2015.05.01 01:05:39.690,1.32342,1.32395,1.37,1.87
2015.05.01 01:05:40.904,1.32342,1.32395,1.37,1.87
2015.05.01 01:05:42.719,1.32342,1.32395,1.37,1.87
2015.05.01 01:05:43.490,1.32342,1.32395,1.37,1.87
2015.05.01 01:05:44.131,1.32342,1.32395,1.37,1.87
2015.05.01 01:05:44.633,1.32342,1.32395,1.37,1.37
2015.05.01 01:05:45.286,1.32347,1.32397,1.00,1.75
2015.05.01 01:05:46.670,1.32347,1.32398,1.37,1.75
2015.05.01 01:05:47.370,1.32347,1.32398,1.37,1.75
2015.05.01 01:05:47.894,1.32347,1.32398,1.37,1.75
2015.05.01 01:05:48.442,1.32347,1.32398,1.37,1.75
2015.05.01 01:05:49.101,1.32347,1.32398,1.37,1.75
2015.05.01 01:05:49.649,1.32347,1.32398,1.37,1.75
2015.05.01 01:05:50.651,1.32347,1.32398,1.37,1.75
2015.05.01 01:05:51.152,1.32347,1.32398,1.37,1.75
2015.05.01 01:05:52.657,1.32347,1.32398,1.37,1.75
2015.05.01 01:05:53.179,1.32347,1.32398,1.37,1.75
2015.05.01 01:05:53.680,1.32347,1.32398,1.37,1.75
2015.05.01 01:05:54.562,1.32347,1.32398,1.37,1.75
2015.05.01 01:05:55.494,1.32346,1.32398,1.37,1.75
2015.05.01 01:05:56.016,1.32346,1.32398,1.37,1.75
2015.05.01 01:05:56.567,1.32346,1.32398,1.37,1.75
2015.05.01 01:05:57.369,1.32346,1.32398,1.37,1.75
2015.05.01 01:05:58.063,1.32346,1.32398,1.37,1.75
2015.05.01 01:05:58.372,1.32346,1.32398,1.00,1.75
2015.05.01 01:05:58.674,1.32346,1.32395,1.00,1.75
2015.05.01 01:05:58.726,1.32343,1.32395,1.37,1.75
2015.05.01 01:05:59.384,1.32343,1.32395,1.37,1.75
2015.05.01 01:05:59.930,1.32343,1.32395,1.37,1.75
2015.05.01 01:06:00.430,1.32342,1.32386,1.37,1.75
2015.05.01 01:06:00.750,1.32341,1.32375,1.37,1.75
2015.05.01 01:06:01.364,1.32341,1.32375,1.37,1.75
2015.05.01 01:06:01.884,1.32341,1.32375,1.37,1.75
2015.05.01 01:06:02.587,1.32341,1.32375,1.37,1.75
2015.05.01 01:06:03.290,1.32341,1.32375,1.37,1.75
2015.05.01 01:06:03.991,1.32341,1.32375,1.37,1.75
2015.05.01 01:06:04.492,1.32341,1.32375,1.37,1.75
2015.05.01 01:06:05.595,1.32341,1.32375,1.37,1.75
2015.05.01 01:06:06.097,1.32341,1.32375,1.37,2.25
2015.05.01 01:06:06.644,1.32341,1.32375,1.37,2.25
2015.05.01 01:06:07.301,1.32341,1.32374,1.37,1.75
2015.05.01 01:06:08.104,1.32341,1.32374,1.37,1.75
2015.05.01 01:06:08.624,1.32341,1.32374,1.37,1.75
2015.05.01 01:06:10.158,1.32341,1.32374,1.37,1.75
2015.05.01 01:06:11.291,1.32341,1.32374,1.37,1.75
2015.05.01 01:06:11.925,1.32341,1.32374,1.37,1.75
2015.05.01 01:06:13.020,1.32341,1.32374,1.37,1.75
2015.05.01 01:06:13.574,1.32341,1.32374,1.37,1.75
2015.05.01 01:06:14.235,1.3234,1.32375,1.37,1.75
2015.05.01 01:06:15.325,1.3234,1.32375,1.87,1.75
2015.05.01 01:06:15.935,1.3234,1.32375,1.87,1.75
2015.05.01 01:06:16.479,1.3234,1.32375,1.87,1.75
2015.05.01 01:06:17.204,1.3234,1.32375,1.87,1.75
2015.05.01 01:06:17.915,1.3234,1.32375,1.87,1.75
2015.05.01 01:06:18.776,1.3234,1.32375,1.87,1.75
2015.05.01 01:06:19.337,1.3234,1.32375,1.87,1.75
2015.05.01 01:06:20.142,1.3234,1.32375,1.37,2.25
2015.05.01 01:06:20.647,1.3234,1.32375,1.37,2.25
2015.05.01 01:06:21.301,1.3234,1.32375,1.37,2.25
2015.05.01 01:06:21.823,1.3234,1.32375,1.37,2.25
2015.05.01 01:06:22.356,1.3234,1.32375,1.37,2.25
2015.05.01 01:06:23.143,1.3234,1.32375,1.37,2.25
2015.05.01 01:06:23.726,1.3234,1.32375,1.37,2.25
2015.05.01 01:06:24.515,1.3234,1.32375,1.37,2.25
2015.05.01 01:06:25.884,1.32341,1.32375,1.87,2.25
2015.05.01 01:06:26.447,1.32341,1.32375,1.87,2.25
2015.05.01 01:06:27.105,1.32341,1.32375,1.87,2.25
2015.05.01 01:06:29.606,1.32341,1.32375,1.87,2.25
2015.05.01 01:06:31.493,1.32341,1.32375,1.87,2.25
2015.05.01 01:06:32.445,1.32341,1.32375,1.37,1.75
2015.05.01 01:06:33.190,1.32341,1.32375,1.37,1.75
2015.05.01 01:06:33.727,1.32341,1.32375,1.37,1.75
2015.05.01 01:06:34.616,1.32341,1.32375,1.37,1.75
2015.05.01 01:06:35.625,1.32341,1.32375,1.37,1.75
2015.05.01 01:06:36.128,1.32341,1.32375,1.37,1.75
2015.05.01 01:06:38.140,1.32341,1.32375,1.37,1.75
2015.05.01 01:06:38.644,1.32341,1.32375,1.37,1.75
2015.05.01 01:06:39.555,1.32341,1.32375,1.37,1.75
2015.05.01 01:06:40.657,1.32341,1.32375,1.37,1.75
2015.05.01 01:06:41.206,1.32341,1.32375,1.37,1.75
2015.05.01 01:06:42.067,1.32341,1.32375,1.37,1.75
2015.05.01 01:06:42.778,1.32341,1.32375,1.37,1.75
2015.05.01 01:06:44.283,1.32341,1.32375,1.37,1.75
2015.05.01 01:06:44.860,1.32341,1.32375,1.37,1.75
2015.05.01 01:06:46.005,1.32341,1.32375,1.37,1.75
2015.05.01 01:06:46.511,1.32341,1.32375,1.37,1.75
2015.05.01 01:06:47.621,1.32341,1.32375,1.37,1.75
2015.05.01 01:06:48.779,1.32341,1.32375,1.37,1.75
2015.05.01 01:06:50.261,1.32341,1.32375,1.37,1.75
2015.05.01 01:06:50.803,1.32341,1.32375,1.37,1.75
2015.05.01 01:06:51.381,1.32341,1.32375,1.37,1.75
2015.05.01 01:06:52.257,1.32341,1.32375,1.37,1.75
2015.05.01 01:06:53.563,1.32341,1.32375,1.37,1.75
2015.05.01 01:06:55.474,1.32341,1.32375,1.37,1.75
2015.05.01 01:06:57.180,1.32341,1.32375,1.37,1.75
2015.05.01 01:06:57.736,1.32341,1.32375,1.37,1.75
2015.05.01 01:06:57.985,1.32341,1.32375,1.37,1.75
2015.05.01 01:06:58.956,1.32341,1.32375,1.37,1.75
2015.05.01 01:06:59.895,1.32341,1.32375,1.37,1.75
2015.05.01 01:07:01.746,1.32341,1.32377,1.37,1.75
2015.05.01 01:07:02.642,1.32341,1.32377,1.37,1.75
2015.05.01 01:07:03.347,1.32341,1.32377,1.37,1.75
2015.05.01 01:07:04.007,1.32341,1.32377,1.37,1.75
2015.05.01 01:07:05.729,1.32341,1.32377,1.37,1.75
2015.05.01 01:07:06.631,1.32341,1.32377,1.37,1.75
2015.05.01 01:07:08.681,1.32341,1.32377,1.37,1.75
2015.05.01 01:07:09.540,1.32341,1.32377,1.37,1.75
2015.05.01 01:07:10.242,1.32341,1.32377,1.37,1.75
2015.05.01 01:07:11.246,1.32341,1.32377,1.37,1.75
2015.05.01 01:07:14.354,1.32341,1.32377,1.37,1.75
2015.05.01 01:07:15.356,1.32341,1.32374,1.37,1.75
2015.05.01 01:07:17.273,1.32341,1.32374,1.37,1.75
2015.05.01 01:07:18.279,1.32341,1.32374,1.37,1.75
2015.05.01 01:07:18.865,1.32341,1.32374,1.37,1.75
2015.05.01 01:07:19.688,1.32341,1.32374,1.37,1.75
2015.05.01 01:07:20.336,1.32341,1.32374,1.37,1.75
2015.05.01 01:07:21.301,1.32341,1.32374,1.37,1.75
2015.05.01 01:07:22.910,1.32341,1.32374,1.37,1.75
2015.05.01 01:07:24.824,1.3234,1.3237,1.00,1.37
2015.05.01 01:07:26.233,1.32341,1.32374,1.37,2.25
2015.05.01 01:07:26.804,1.32341,1.32374,1.37,2.25
2015.05.01 01:07:27.846,1.32341,1.32374,1.37,2.25
2015.05.01 01:07:28.627,1.32341,1.32374,1.37,2.25
2015.05.01 01:07:29.167,1.32341,1.32374,1.37,2.25
2015.05.01 01:07:29.775,1.32341,1.32374,1.37,2.25
2015.05.01 01:07:30.290,1.32341,1.32374,1.37,2.25
2015.05.01 01:07:31.036,1.32341,1.32374,1.37,2.25
2015.05.01 01:07:31.637,1.3234,1.32374,1.87,1.75
2015.05.01 01:07:32.240,1.32341,1.32374,1.87,1.75
2015.05.01 01:07:32.803,1.32341,1.32374,1.87,1.75
2015.05.01 01:07:33.744,1.32341,1.32374,1.87,1.75
2015.05.01 01:07:35.751,1.32341,1.32374,1.37,1.75
2015.05.01 01:07:37.475,1.32341,1.32374,1.37,1.75
2015.05.01 01:07:40.264,1.32341,1.32374,1.37,1.75
2015.05.01 01:07:44.911,1.32341,1.32374,1.37,1.75
2015.05.01 01:07:46.281,1.32341,1.32374,1.37,1.75
2015.05.01 01:07:46.870,1.32341,1.32374,1.37,1.75
2015.05.01 01:07:47.484,1.32341,1.32374,1.37,1.75
2015.05.01 01:07:48.521,1.32341,1.32374,1.37,1.75
2015.05.01 01:07:49.181,1.32341,1.32374,1.37,1.75
2015.05.01 01:07:52.399,1.32341,1.32374,1.37,1.75
2015.05.01 01:07:53.141,1.32341,1.32374,1.37,1.75
2015.05.01 01:07:53.729,1.32341,1.32374,1.37,1.75
2015.05.01 01:07:54.428,1.32341,1.32374,1.37,1.75
2015.05.01 01:07:55.608,1.32341,1.32374,1.37,1.75
2015.05.01 01:07:56.610,1.32341,1.32374,1.37,1.75
2015.05.01 01:07:57.214,1.32341,1.32374,1.37,1.75
2015.05.01 01:07:57.763,1.32341,1.32374,1.37,1.75
2015.05.01 01:07:58.882,1.32341,1.32364,1.37,1.37
2015.05.01 01:07:59.923,1.3234,1.32364,1.37,1.37
2015.05.01 01:08:00.454,1.3234,1.32364,1.37,1.37
2015.05.01 01:08:00.942,1.3234,1.32364,1.00,1.37
2015.05.01 01:08:01.043,1.32326,1.32364,1.00,1.37
2015.05.01 01:08:01.722,1.32322,1.32364,1.12,1.37
2015.05.01 01:08:03.143,1.32326,1.32371,1.00,1.87
2015.05.01 01:08:03.194,1.32326,1.32371,1.10,1.20
2015.05.01 01:08:03.396,1.32325,1.32375,1.10,2.25
2015.05.01 01:08:03.946,1.32326,1.32374,1.00,1.75
2015.05.01 01:08:04.748,1.32326,1.32379,1.00,1.75
2015.05.01 01:08:15.032,1.32327,1.32379,1.00,1.75
2015.05.01 01:08:16.860,1.32329,1.32378,1.00,1.75
2015.05.01 01:08:17.162,1.32331,1.32378,1.75,1.75
2015.05.01 01:08:24.734,1.32337,1.32381,1.75,1.75
2015.05.01 01:08:26.717,1.32332,1.3238,1.00,1.75
2015.05.01 01:08:27.170,1.32327,1.32378,1.00,1.75
2015.05.01 01:08:27.719,1.32326,1.32379,1.00,1.75
2015.05.01 01:08:28.277,1.32322,1.32378,1.12,1.75
2015.05.01 01:08:31.697,1.32322,1.32373,2.62,1.75
2015.05.01 01:08:32.008,1.32322,1.32373,1.87,1.75
2015.05.01 01:08:36.305,1.32321,1.32364,1.50,1.75
2015.05.01 01:08:36.982,1.32319,1.32364,1.75,1.75
2015.05.01 01:08:37.161,1.32319,1.32364,1.75,1.75
2015.05.01 01:08:39.727,1.32318,1.32367,2.25,1.12
2015.05.01 01:08:39.950,1.32318,1.32367,2.25,1.75
2015.05.01 01:09:11.190,1.32319,1.3237,1.07,2.25
2015.05.01 01:09:40.957,1.32316,1.32362,1.50,1.75
2015.05.01 01:09:41.259,1.32316,1.32362,1.37,1.75
2015.05.01 01:09:44.072,1.32315,1.32355,1.50,1.75
2015.05.01 01:10:03.394,1.32315,1.32354,2.25,1.75
2015.05.01 01:10:06.474,1.32316,1.32354,2.92,1.37
2015.05.01 01:10:52.127,1.32321,1.32354,1.75,1.12
2015.05.01 01:11:02.724,1.32326,1.32355,1.12,1.07
2015.05.01 01:11:03.037,1.32322,1.32354,1.37,1.37
2015.05.01 01:11:18.787,1.32322,1.32355,1.12,1.50
2015.05.01 01:11:39.868,1.32322,1.32355,1.37,1.37
2015.05.01 01:11:50.214,1.32322,1.32354,1.50,1.12
2015.05.01 01:12:16.737,1.32317,1.32354,2.17,1.37
2015.05.01 01:12:50.183,1.32317,1.32359,1.75,1.75
2015.05.01 01:12:50.483,1.32317,1.3236,1.75,2.17
2015.05.01 01:13:07.420,1.32318,1.32359,1.75,1.75
2015.05.01 01:13:34.718,1.32326,1.32355,1.75,1.07
2015.05.01 01:13:34.969,1.32321,1.32355,2.25,1.37
2015.05.01 01:14:30.039,1.32321,1.32355,2.25,1.50
2015.05.01 01:14:42.504,1.32319,1.32355,1.75,1.50
2015.05.01 01:14:42.908,1.32319,1.32355,1.75,1.75
2015.05.01 01:14:53.310,1.32327,1.32355,1.50,1.75
2015.05.01 01:14:53.511,1.3233,1.32355,1.57,1.07
2015.05.01 01:14:53.934,1.32333,1.32355,1.00,1.07
2015.05.01 01:14:54.463,1.32334,1.32355,1.00,1.07
2015.05.01 01:14:54.813,1.32336,1.32355,1.00,1.07
2015.05.01 01:14:55.493,1.32336,1.32355,1.00,1.10
2015.05.01 01:14:55.916,1.32335,1.3236,2.25,1.00
2015.05.01 01:14:56.219,1.32336,1.32365,1.75,1.07
2015.05.01 01:14:58.054,1.32342,1.32364,1.00,1.07
2015.05.01 01:14:58.155,1.32345,1.32364,1.00,1.07
2015.05.01 01:14:58.407,1.32346,1.32366,1.00,1.07
2015.05.01 01:14:59.075,1.32346,1.32366,1.07,1.00
2015.05.01 01:15:00.229,1.32349,1.32366,1.00,1.00
2015.05.01 01:15:00.580,1.32341,1.32369,1.75,1.00
2015.05.01 01:15:00.681,1.3234,1.32373,1.75,1.00
2015.05.01 01:15:00.732,1.3234,1.32375,1.75,1.07
2015.05.01 01:15:00.883,1.3235,1.3238,1.00,1.87
2015.05.01 01:15:01.185,1.32352,1.32375,1.75,1.00
2015.05.01 01:15:01.238,1.32354,1.32384,1.50,1.50
2015.05.01 01:15:01.389,1.32355,1.32384,1.75,1.10
2015.05.01 01:15:01.984,1.32355,1.32391,1.75,1.50
2015.05.01 01:15:02.976,1.32356,1.32394,1.75,1.37
2015.05.01 01:15:03.178,1.32355,1.32396,1.75,1.87
2015.05.01 01:15:03.689,1.32356,1.32398,1.75,1.75
2015.05.01 01:15:19.804,1.32362,1.32399,1.75,2.25
2015.05.01 01:16:04.134,1.32362,1.32393,1.50,1.07
2015.05.01 01:16:04.235,1.32362,1.32393,1.37,1.37
2015.05.01 01:16:29.652,1.32355,1.32388,1.75,1.00
2015.05.01 01:16:34.845,1.32355,1.32385,1.75,1.00
2015.05.01 01:16:34.896,1.32353,1.32385,1.75,1.00
2015.05.01 01:16:35.248,1.32357,1.32385,1.07,1.10
2015.05.01 01:16:35.450,1.32349,1.32386,1.00,1.50
2015.05.01 01:16:35.702,1.32345,1.32383,1.75,1.75
2015.05.01 01:16:36.004,1.3234,1.32386,1.50,1.07
2015.05.01 01:16:36.207,1.3234,1.32386,1.75,1.75
2015.05.01 01:16:36.674,1.32336,1.32386,1.87,1.50
2015.05.01 01:16:37.004,1.32336,1.32387,1.10,1.75
2015.05.01 01:16:37.465,1.32332,1.32387,1.75,1.75
2015.05.01 01:17:30.224,1.3234,1.32387,1.50,1.75
2015.05.01 01:17:30.543,1.3234,1.32387,1.75,1.75
2015.05.01 01:17:31.206,1.3234,1.32387,1.75,1.75
2015.05.01 01:18:08.430,1.32348,1.32389,1.75,1.75
2015.05.01 01:18:08.531,1.32348,1.32389,1.75,1.75
2015.05.01 01:18:08.733,1.32348,1.32389,1.75,1.37
2015.05.01 01:18:09.490,1.32347,1.32389,1.37,1.37
2015.05.01 01:18:10.742,1.32347,1.32392,1.12,1.07
2015.05.01 01:18:10.944,1.32346,1.32397,1.37,1.45
2015.05.01 01:18:11.145,1.32346,1.32397,1.37,1.75
2015.05.01 01:18:11.465,1.32346,1.32397,1.50,1.12
2015.05.01 01:18:11.719,1.32346,1.32397,1.50,1.75
2015.05.01 01:19:05.034,1.32347,1.32396,1.12,1.50
2015.05.01 01:19:19.985,1.32344,1.32387,1.75,1.00
2015.05.01 01:19:20.241,1.32344,1.32387,1.07,1.87
2015.05.01 01:19:20.442,1.32344,1.32386,1.07,1.50
2015.05.01 01:19:22.009,1.32336,1.32388,1.37,2.25
2015.05.01 01:20:06.318,1.32341,1.32388,1.00,1.75
2015.05.01 01:20:06.419,1.32341,1.32388,1.37,1.75
2015.05.01 01:20:06.722,1.32341,1.32388,2.25,1.75
2015.05.01 01:20:15.544,1.32345,1.32392,1.75,1.75
2015.05.01 01:21:00.325,1.32346,1.32387,1.75,1.75
2015.05.01 01:21:00.426,1.32341,1.32391,2.25,2.25
2015.05.01 01:21:00.683,1.32341,1.32391,2.25,2.25
2015.05.01 01:21:03.441,1.32347,1.32386,1.75,1.50
2015.05.01 01:21:05.723,1.32343,1.32385,1.12,1.50
2015.05.01 01:21:05.934,1.32343,1.32385,1.75,1.50
2015.05.01 01:21:10.543,1.32343,1.32385,1.75,1.37
2015.05.01 01:21:39.479,1.32341,1.32382,2.25,1.12
2015.05.01 01:21:59.933,1.32335,1.32383,1.75,1.37
2015.05.01 01:22:05.542,1.32335,1.32382,1.50,1.07
2015.05.01 01:23:00.566,1.32336,1.32387,1.50,2.25
2015.05.01 01:23:40.912,1.32332,1.32381,1.75,1.50
2015.05.01 01:23:41.241,1.32332,1.32381,1.75,1.75
2015.05.01 01:24:12.940,1.32332,1.32372,1.75,1.75
2015.05.01 01:24:45.044,1.32332,1.32373,2.25,1.75
2015.05.01 01:25:08.009,1.32332,1.32373,2.25,1.75
2015.05.01 01:25:17.484,1.32332,1.32371,1.75,1.75
2015.05.01 01:25:17.689,1.32332,1.32371,1.75,1.75
2015.05.01 01:25:20.892,1.32327,1.32366,1.75,1.75
2015.05.01 01:25:20.993,1.32327,1.32365,1.75,1.75
2015.05.01 01:25:26.940,1.32331,1.32364,1.00,2.25
2015.05.01 01:25:27.282,1.3232,1.32363,1.10,1.75
2015.05.01 01:25:27.484,1.3232,1.32361,1.75,1.75
2015.05.01 01:25:27.705,1.3232,1.32361,1.50,1.75
2015.05.01 01:25:28.362,1.32316,1.3236,1.50,1.75
2015.05.01 01:25:31.041,1.32312,1.32353,1.75,1.75
2015.05.01 01:26:11.278,1.3231,1.32346,1.75,1.37
2015.05.01 01:26:11.610,1.3231,1.32346,1.75,1.75
2015.05.01 01:26:15.010,1.32311,1.32346,1.12,1.75
2015.05.01 01:26:17.339,1.32308,1.32335,1.75,1.00
2015.05.01 01:26:17.440,1.32307,1.32335,1.75,1.00
2015.05.01 01:26:17.572,1.32307,1.32335,1.50,1.07
2015.05.01 01:26:50.969,1.32311,1.32335,1.00,1.50
2015.05.01 01:27:19.082,1.32302,1.3234,1.75,1.75
2015.05.01 01:27:46.076,1.32302,1.3234,1.75,1.75
2015.05.01 01:29:34.754,1.32305,1.32334,1.07,1.75
2015.05.01 01:29:34.864,1.32305,1.32334,1.00,1.75
2015.05.01 01:29:35.116,1.32299,1.32333,1.50,2.25
2015.05.01 01:29:35.217,1.32297,1.3233,1.00,1.75
2015.05.01 01:29:35.744,1.32284,1.32329,1.75,1.75
2015.05.01 01:29:39.283,1.32281,1.32322,2.25,1.75
2015.05.01 01:29:56.569,1.32282,1.32314,1.75,1.00
2015.05.01 01:29:56.871,1.3228,1.32314,1.75,1.37
2015.05.01 01:29:56.974,1.32279,1.32314,1.75,1.37
2015.05.01 01:30:07.652,1.32282,1.32314,1.50,1.37
2015.05.01 01:30:14.244,1.32282,1.32314,2.25,1.07
2015.05.01 01:30:16.056,1.32292,1.32315,1.00,1.07
2015.05.01 01:30:16.568,1.32292,1.32315,1.00,1.07
2015.05.01 01:31:11.710,1.32292,1.32315,1.00,1.07
2015.05.01 01:31:16.056,1.32283,1.3232,2.25,1.75
2015.05.01 01:31:44.377,1.32288,1.3232,1.75,1.07
2015.05.01 01:31:54.588,1.32291,1.32314,1.50,1.00
2015.05.01 01:31:54.789,1.32291,1.32314,1.07,1.00
2015.05.01 01:31:55.294,1.32286,1.32314,1.75,1.00
2015.05.01 01:31:56.329,1.32286,1.32306,1.75,1.00
2015.05.01 01:31:56.581,1.32281,1.32305,2.25,1.00
2015.05.01 01:31:56.682,1.32281,1.32305,2.25,1.00
2015.05.01 01:31:56.783,1.32281,1.32305,3.00,1.00
2015.05.01 01:31:57.136,1.32279,1.32304,1.75,1.00
2015.05.01 01:31:57.952,1.32279,1.32304,2.25,1.00
2015.05.01 01:32:03.497,1.32282,1.32304,1.00,1.07
2015.05.01 01:32:07.542,1.32282,1.32296,1.00,1.00
2015.05.01 01:32:07.593,1.32276,1.32296,1.12,1.00
2015.05.01 01:32:08.107,1.32275,1.32295,1.75,1.00
2015.05.01 01:32:12.176,1.32281,1.32302,1.00,1.10
2015.05.01 01:32:12.226,1.32281,1.32303,1.75,1.00
2015.05.01 01:32:14.869,1.3229,1.32305,1.00,1.00
2015.05.01 01:32:17.625,1.32282,1.32305,1.75,1.00
2015.05.01 01:32:17.727,1.32282,1.32305,1.00,1.10
2015.05.01 01:32:17.827,1.3229,1.32305,1.00,1.10
2015.05.01 01:33:17.832,1.32283,1.32305,1.12,1.00
2015.05.01 01:33:18.121,1.32282,1.32309,1.37,1.07
2015.05.01 01:33:26.862,1.32281,1.32305,2.25,1.00
2015.05.01 01:33:27.390,1.32281,1.32305,2.25,1.00
2015.05.01 01:33:27.441,1.32281,1.32305,1.87,1.00
2015.05.01 01:33:32.051,1.32281,1.32305,1.87,1.10
2015.05.01 01:33:50.280,1.32281,1.32304,1.87,1.00
2015.05.01 01:33:50.431,1.3228,1.32305,1.00,1.07
2015.05.01 01:33:50.959,1.32277,1.32305,1.50,1.07
2015.05.01 01:33:52.995,1.32281,1.32305,1.07,1.00
2015.05.01 01:34:21.627,1.32281,1.32305,1.00,1.07
2015.05.01 01:34:51.940,1.32281,1.32309,1.00,1.75
2015.05.01 01:34:52.352,1.32273,1.3231,1.75,3.00
2015.05.01 01:35:01.370,1.32273,1.3231,1.75,3.00
2015.05.01 01:35:07.363,1.32285,1.3231,1.00,3.00
2015.05.01 01:35:08.065,1.32285,1.32305,1.00,1.07
2015.05.01 01:35:08.391,1.32287,1.32305,1.00,1.07
2015.05.01 01:35:09.073,1.3229,1.32305,1.00,1.07
2015.05.01 01:35:10.731,1.3229,1.32305,1.00,1.75
2015.05.01 01:35:10.833,1.32281,1.32305,1.00,1.75
2015.05.01 01:35:10.984,1.32278,1.32305,1.10,1.12
2015.05.01 01:35:11.186,1.32278,1.32305,1.07,1.12
2015.05.01 01:35:12.484,1.32281,1.32305,1.00,1.12
2015.05.01 01:35:14.890,1.32281,1.32298,1.00,1.00
2015.05.01 01:35:14.941,1.32274,1.32298,1.87,1.00
2015.05.01 01:35:14.992,1.32274,1.32295,1.87,1.00
2015.05.01 01:35:15.143,1.32281,1.32303,1.00,1.12
2015.05.01 01:35:15.675,1.32281,1.32305,1.00,1.50
2015.05.01 01:35:17.896,1.32281,1.32305,1.00,1.07
2015.05.01 01:35:18.532,1.32285,1.32305,1.00,1.07
2015.05.01 01:35:18.684,1.32285,1.32305,1.00,1.10
2015.05.01 01:35:19.192,1.32286,1.32305,1.00,1.10
2015.05.01 01:35:19.852,1.32287,1.32305,1.00,1.10
2015.05.01 01:35:20.427,1.3229,1.32305,1.00,1.10
2015.05.01 01:35:21.169,1.3229,1.32305,1.00,1.12
2015.05.01 01:35:21.417,1.3229,1.32305,1.00,1.10
2015.05.01 01:35:27.691,1.3229,1.32305,1.00,1.12
2015.05.01 01:35:27.886,1.3229,1.32305,1.00,1.07
2015.05.01 01:35:29.325,1.32281,1.32305,1.37,1.07
2015.05.01 01:35:29.425,1.3228,1.32305,1.07,1.07
2015.05.01 01:35:29.577,1.32278,1.32305,1.07,1.12
2015.05.01 01:35:31.074,1.32281,1.32305,1.00,1.12
2015.05.01 01:35:39.633,1.32282,1.32304,1.00,1.07
2015.05.01 01:35:40.092,1.32286,1.32304,1.00,1.00
2015.05.01 01:35:40.973,1.32288,1.32304,1.00,1.00
2015.05.01 01:35:41.444,1.3229,1.32304,1.00,1.00
2015.05.01 01:35:57.825,1.3229,1.32309,1.00,1.50
2015.05.01 01:35:57.926,1.3229,1.3231,1.00,1.57
2015.05.01 01:35:58.027,1.32287,1.32314,1.07,1.12
2015.05.01 01:35:58.474,1.32289,1.32314,1.10,1.07
2015.05.01 01:35:58.675,1.32292,1.32325,1.00,2.00
2015.05.01 01:35:58.930,1.32292,1.32324,1.75,1.50
2015.05.01 01:35:59.132,1.32295,1.32329,1.50,2.25
2015.05.01 01:35:59.233,1.32295,1.32329,1.50,1.37
2015.05.01 01:35:59.489,1.32298,1.32334,1.07,1.50
2015.05.01 01:36:00.224,1.32296,1.32335,2.17,1.37
2015.05.01 01:36:00.533,1.32304,1.32335,1.75,1.07
2015.05.01 01:36:00.970,1.32302,1.32335,1.50,1.50
2015.05.01 01:36:33.920,1.32302,1.32334,1.37,1.50
2015.05.01 01:37:09.988,1.32301,1.3234,1.75,1.00
2015.05.01 01:37:10.441,1.32307,1.32346,1.75,1.07
2015.05.01 01:37:10.781,1.32307,1.32346,2.25,1.07
2015.05.01 01:37:11.084,1.32318,1.32355,1.75,1.75
2015.05.01 01:37:11.185,1.32318,1.32355,1.75,1.07
2015.05.01 01:37:11.693,1.3232,1.32359,1.75,1.37
2015.05.01 01:37:12.714,1.32322,1.3236,1.75,1.07
2015.05.01 01:37:13.165,1.32324,1.32364,1.75,1.10
2015.05.01 01:37:13.369,1.32325,1.32365,1.75,1.10
2015.05.01 01:37:13.731,1.32326,1.32367,2.25,1.50
2015.05.01 01:37:14.033,1.32334,1.32372,1.75,1.75
2015.05.01 01:37:14.185,1.32335,1.32375,1.87,1.50
2015.05.01 01:37:14.248,1.32335,1.32375,1.87,1.50
2015.05.01 01:37:15.684,1.32338,1.32377,1.75,1.12
2015.05.01 01:37:46.528,1.32345,1.32379,1.75,1.37
2015.05.01 01:37:46.730,1.32354,1.32388,1.75,1.37
2015.05.01 01:37:46.932,1.32354,1.32393,1.75,1.57
2015.05.01 01:37:47.234,1.32355,1.32398,1.87,1.75
2015.05.01 01:37:54.441,1.32366,1.324,1.37,1.50
2015.05.01 01:37:54.647,1.32366,1.324,1.75,1.37
2015.05.01 01:38:05.623,1.32364,1.32401,1.75,1.75
2015.05.01 01:38:05.774,1.32357,1.32398,2.25,1.12
2015.05.01 01:38:06.207,1.32351,1.32397,1.50,2.25
2015.05.01 01:38:06.718,1.32349,1.3239,1.07,1.75
2015.05.01 01:38:07.160,1.32344,1.32389,1.00,1.75
2015.05.01 01:38:07.482,1.32337,1.32388,1.37,1.75
2015.05.01 01:38:07.752,1.32337,1.32388,1.00,1.75
2015.05.01 01:38:07.803,1.32329,1.32388,1.07,1.75
2015.05.01 01:38:07.954,1.32329,1.32384,1.75,1.37
2015.05.01 01:38:08.263,1.3234,1.32385,1.75,1.37
2015.05.01 01:38:08.415,1.32333,1.32388,1.00,2.62
2015.05.01 01:38:08.721,1.32333,1.32386,1.07,1.50
2015.05.01 01:38:08.922,1.32326,1.32388,1.00,1.75
2015.05.01 01:38:09.493,1.32326,1.32387,1.10,1.75
2015.05.01 01:38:09.726,1.32326,1.32387,1.37,1.75
2015.05.01 01:38:19.774,1.32332,1.32386,1.00,1.50
2015.05.01 01:38:20.096,1.32332,1.32386,1.37,2.25
2015.05.01 01:38:20.398,1.32332,1.32386,1.75,2.25
2015.05.01 01:38:20.466,1.32332,1.32386,1.00,2.25
2015.05.01 01:38:20.996,1.32328,1.32386,1.87,1.75
2015.05.01 01:38:21.657,1.32332,1.32386,1.00,1.75
2015.05.01 01:38:27.787,1.32334,1.32386,1.00,1.75
2015.05.01 01:38:28.090,1.32336,1.32385,1.75,1.37
2015.05.01 01:38:32.677,1.32334,1.32387,1.00,1.87
2015.05.01 01:38:32.778,1.3233,1.32387,1.00,1.75
2015.05.01 01:38:33.030,1.3233,1.32387,1.10,1.07
2015.05.01 01:38:33.081,1.32332,1.32387,1.00,1.07
2015.05.01 01:38:33.399,1.32332,1.32386,1.37,1.07
2015.05.01 01:38:33.450,1.32332,1.32386,1.00,1.07
2015.05.01 01:38:33.711,1.32322,1.32389,1.37,1.50
2015.05.01 01:38:34.003,1.32321,1.32389,1.75,1.37
2015.05.01 01:38:34.255,1.32321,1.32389,1.50,1.50
2015.05.01 01:38:55.996,1.32322,1.32391,3.00,1.12
2015.05.01 01:39:07.453,1.32329,1.3239,1.75,1.50
2015.05.01 01:39:19.214,1.32335,1.32391,1.50,3.00
2015.05.01 01:39:28.149,1.32335,1.3239,1.87,1.37
2015.05.01 01:39:35.489,1.3234,1.3239,1.50,1.37
2015.05.01 01:39:35.791,1.32345,1.32388,2.25,1.37
2015.05.01 01:40:06.224,1.32344,1.32392,1.75,1.75
2015.05.01 01:40:48.973,1.32345,1.32395,1.50,3.00
2015.05.01 01:41:51.269,1.32345,1.32384,1.75,1.75
2015.05.01 01:41:54.202,1.32344,1.32384,2.25,1.75
2015.05.01 01:41:54.523,1.32342,1.32374,1.37,1.50
2015.05.01 01:41:55.118,1.32339,1.32374,1.50,1.50
2015.05.01 01:41:58.594,1.32342,1.32374,1.07,1.75
2015.05.01 01:42:02.553,1.32342,1.32364,1.07,1.00
2015.05.01 01:42:02.704,1.32337,1.32364,1.07,1.07
2015.05.01 01:42:03.070,1.32337,1.32364,1.07,1.50
2015.05.01 01:42:03.816,1.32339,1.32364,1.00,1.50
2015.05.01 01:42:04.424,1.32338,1.32374,1.07,1.75
2015.05.01 01:42:05.589,1.32342,1.32374,1.00,1.75
2015.05.01 01:42:07.512,1.32342,1.32375,1.00,2.25
2015.05.01 01:42:31.165,1.32342,1.32374,1.12,1.37
2015.05.01 01:42:46.006,1.32342,1.32374,1.07,1.50
2015.05.01 01:42:46.476,1.32342,1.32375,1.00,1.75
2015.05.01 01:43:05.604,1.32337,1.32375,1.37,1.75
2015.05.01 01:43:12.028,1.32346,1.32375,1.00,1.75
2015.05.01 01:43:12.179,1.32346,1.32374,1.07,1.50
2015.05.01 01:43:12.818,1.32349,1.32374,1.00,1.50
2015.05.01 01:43:13.917,1.32352,1.32374,1.00,1.50
2015.05.01 01:43:24.570,1.32345,1.32374,1.12,1.50
2015.05.01 01:43:24.722,1.32338,1.32374,1.75,1.75
2015.05.01 01:43:25.161,1.32338,1.32374,1.07,1.75
2015.05.01 01:43:26.328,1.32342,1.32374,1.00,1.75
2015.05.01 01:44:20.274,1.32342,1.32375,1.00,1.75
2015.05.01 01:44:26.478,1.32337,1.32375,1.37,1.75
2015.05.01 01:44:52.717,1.32335,1.32376,2.25,1.50
2015.05.01 01:44:54.932,1.32335,1.32374,2.25,1.75
2015.05.01 01:44:57.015,1.32335,1.32374,2.25,1.37
2015.05.01 01:45:03.949,1.32335,1.32374,1.50,1.75
2015.05.01 01:45:08.286,1.32335,1.32374,1.75,1.37
2015.05.01 01:45:12.203,1.32335,1.32374,1.50,1.75
2015.05.01 01:45:15.240,1.32335,1.32374,1.87,1.75
2015.05.01 01:45:15.460,1.32335,1.32374,1.87,1.37
2015.05.01 01:45:20.630,1.32335,1.32376,3.00,1.75
2015.05.01 01:45:25.690,1.32335,1.32376,3.00,1.75
2015.05.01 01:45:29.981,1.32335,1.32376,2.25,1.75
2015.05.01 01:45:32.990,1.32335,1.32376,2.25,1.75
2015.05.01 01:45:37.129,1.32335,1.32376,2.25,1.75
2015.05.01 01:45:43.417,1.32335,1.32376,2.62,1.75
2015.05.01 01:45:43.776,1.32337,1.32378,2.25,1.75
2015.05.01 01:45:50.465,1.32337,1.32378,2.25,1.75
2015.05.01 01:45:53.673,1.32337,1.32378,2.25,1.75
2015.05.01 01:45:55.739,1.32337,1.32378,2.25,1.75
2015.05.01 01:46:01.879,1.32337,1.32378,2.25,1.75
2015.05.01 01:46:04.004,1.32337,1.32378,2.25,1.75
2015.05.01 01:46:53.935,1.32336,1.32375,2.25,1.75
2015.05.01 01:47:07.589,1.32344,1.32375,1.00,1.75
2015.05.01 01:47:07.914,1.32346,1.32375,1.07,1.75
2015.05.01 01:47:08.215,1.32349,1.32375,1.00,1.75
2015.05.01 01:47:09.419,1.32352,1.32375,1.00,1.75
2015.05.01 01:47:33.858,1.32348,1.32377,1.00,1.75
2015.05.01 01:47:33.959,1.32348,1.3238,1.12,1.37
2015.05.01 01:47:34.399,1.32348,1.32383,1.50,1.50
2015.05.01 01:47:39.862,1.32357,1.32383,1.00,1.50
2015.05.01 01:47:39.912,1.3236,1.32383,1.10,1.07
2015.05.01 01:47:40.114,1.32361,1.32385,1.07,1.12
2015.05.01 01:47:40.467,1.32353,1.32385,1.07,1.50
2015.05.01 01:47:40.992,1.32349,1.32385,2.25,1.75
2015.05.01 01:47:47.178,1.32352,1.32386,1.12,1.50
2015.05.01 01:47:47.394,1.32352,1.32386,1.07,1.75
2015.05.01 01:47:47.711,1.32352,1.32385,1.07,1.75
2015.05.01 01:48:04.240,1.32346,1.32375,1.57,1.12
2015.05.01 01:48:04.771,1.32348,1.32375,1.00,1.50
2015.05.01 01:48:05.433,1.3235,1.32375,1.00,1.50
2015.05.01 01:48:05.875,1.32352,1.32375,1.00,1.50
2015.05.01 01:48:06.814,1.32352,1.32366,1.00,1.00
2015.05.01 01:48:06.865,1.32344,1.32366,1.12,1.00
2015.05.01 01:48:06.966,1.32344,1.32366,1.07,1.07
2015.05.01 01:48:07.067,1.32351,1.32365,1.00,1.10
2015.05.01 01:48:07.172,1.32351,1.32376,1.10,1.95
2015.05.01 01:48:07.323,1.32351,1.32376,1.07,1.87
2015.05.01 01:48:07.626,1.32351,1.32375,1.00,1.12
2015.05.01 01:48:08.391,1.3234,1.32375,1.37,1.12
2015.05.01 01:48:08.942,1.32338,1.32376,1.37,2.62
2015.05.01 01:48:18.980,1.32341,1.32375,1.37,1.12
2015.05.01 01:48:19.712,1.32341,1.32376,1.12,2.62
2015.05.01 01:48:34.490,1.32341,1.32376,1.37,2.62
2015.05.01 01:48:56.266,1.32341,1.32365,1.37,1.00
2015.05.01 01:48:56.568,1.32336,1.32365,1.50,1.75
2015.05.01 01:48:56.669,1.32337,1.32371,1.75,1.57
2015.05.01 01:48:56.921,1.32341,1.32378,1.50,1.75
2015.05.01 01:48:57.022,1.32341,1.32375,1.07,1.12
2015.05.01 01:49:52.215,1.32341,1.32376,1.12,1.75
2015.05.01 01:50:06.956,1.32336,1.32375,1.75,1.75
2015.05.01 01:50:49.855,1.32335,1.32376,2.62,2.17
2015.05.01 01:51:29.284,1.32335,1.32374,2.25,1.75
2015.05.01 01:52:08.094,1.32334,1.3237,1.37,1.75
2015.05.01 01:52:23.684,1.32334,1.3237,1.75,1.50
2015.05.01 01:53:08.166,1.32336,1.32372,1.50,1.75
2015.05.01 01:53:24.997,1.32336,1.32365,1.87,1.50
2015.05.01 01:53:25.199,1.32336,1.32365,1.57,1.50
2015.05.01 01:53:25.433,1.32338,1.32365,1.00,1.75
2015.05.01 01:53:26.172,1.3234,1.32365,1.00,1.75
2015.05.01 01:53:26.612,1.32342,1.32365,1.00,1.75
2015.05.01 01:53:26.853,1.32336,1.32365,1.07,2.25
2015.05.01 01:53:26.904,1.32335,1.32356,1.07,1.00
2015.05.01 01:53:26.954,1.32335,1.32356,1.00,1.10
2015.05.01 01:53:27.518,1.32334,1.32355,1.12,1.00
2015.05.01 01:53:28.056,1.32337,1.32355,1.00,1.00
2015.05.01 01:53:28.935,1.3234,1.32355,1.00,1.00
2015.05.01 01:54:27.002,1.3234,1.32359,1.00,1.07
2015.05.01 01:54:28.981,1.32331,1.32359,1.50,1.07
2015.05.01 01:54:32.215,1.32333,1.32355,1.12,1.00
2015.05.01 01:54:32.366,1.32335,1.32362,1.10,1.75
2015.05.01 01:54:32.417,1.32337,1.32362,1.10,1.07
2015.05.01 01:54:32.954,1.32334,1.32368,2.62,1.00
2015.05.01 01:54:33.055,1.32338,1.32377,1.75,1.12
2015.05.01 01:54:33.206,1.32342,1.32377,1.37,1.00
2015.05.01 01:54:33.408,1.32345,1.32381,1.50,1.15
2015.05.01 01:54:33.946,1.32345,1.32381,1.75,1.15
2015.05.01 01:54:34.726,1.32346,1.32381,1.75,1.15
2015.05.01 01:54:35.180,1.32345,1.32381,1.57,1.15
2015.05.01 01:54:35.483,1.32345,1.32381,1.75,1.15
2015.05.01 01:54:36.055,1.32345,1.32384,1.75,1.15
2015.05.01 01:54:36.376,1.32347,1.32384,1.75,1.15
2015.05.01 01:54:36.724,1.32345,1.32384,1.75,1.15
2015.05.01 01:54:37.329,1.32345,1.32384,1.75,1.15
2015.05.01 01:54:37.975,1.32343,1.32382,1.75,1.15
2015.05.01 01:55:07.483,1.32347,1.32381,1.75,1.15
2015.05.01 01:55:09.946,1.3235,1.32383,1.75,1.15
2015.05.01 01:55:14.662,1.32346,1.32383,1.50,1.15
2015.05.01 01:55:19.691,1.32344,1.3238,1.75,1.15
2015.05.01 01:55:19.925,1.32344,1.3238,2.25,1.65
2015.05.01 01:55:29.416,1.32343,1.32379,1.75,1.15
2015.05.01 01:55:30.088,1.32339,1.32379,2.25,1.25
2015.05.01 01:55:34.617,1.3237,1.32388,1.00,1.30
2015.05.01 01:55:34.718,1.3237,1.32394,1.00,1.50
2015.05.01 01:55:34.920,1.32356,1.3239,1.10,1.12
2015.05.01 01:55:35.021,1.32348,1.32387,1.75,1.12
2015.05.01 01:55:35.525,1.32351,1.32388,1.50,1.12
2015.05.01 01:55:36.008,1.32346,1.32386,1.37,1.37
2015.05.01 01:55:41.479,1.32343,1.32383,1.75,1.12
2015.05.01 01:55:42.903,1.32343,1.32385,1.75,1.12
2015.05.01 01:57:33.229,1.32345,1.32385,1.37,1.37
2015.05.01 01:57:37.318,1.3236,1.32385,1.00,1.37
2015.05.01 01:57:37.620,1.32363,1.32391,1.12,1.37
2015.05.01 01:57:37.670,1.3236,1.32391,1.00,1.12
2015.05.01 01:57:37.721,1.32356,1.32391,1.10,1.12
2015.05.01 01:57:37.974,1.32355,1.32392,1.12,1.42
2015.05.01 01:57:38.226,1.32352,1.32392,1.37,1.12
2015.05.01 01:57:38.648,1.32347,1.32392,1.12,1.12
2015.05.01 01:57:42.696,1.32349,1.32389,1.75,1.75
2015.05.01 01:57:52.961,1.32347,1.32384,1.37,1.75
2015.05.01 01:57:53.163,1.32351,1.32386,1.12,1.50
2015.05.01 01:57:53.819,1.32351,1.3239,1.37,1.12
2015.05.01 01:58:01.172,1.32351,1.3239,1.12,1.87
2015.05.01 01:59:32.138,1.32349,1.32391,1.75,1.75
2015.05.01 01:59:43.041,1.32352,1.32393,1.37,1.75
2015.05.01 01:59:43.692,1.32352,1.32393,1.50,1.75
