2014.06.23 18:00:08.341,1.24878,1.24897,1.25,1.00
2014.06.23 18:00:09.548,1.24878,1.24897,1.19,1.00
2014.06.23 18:00:20.426,1.2488,1.24897,1.25,1.00
2014.06.23 18:00:39.680,1.24878,1.24897,1.25,1.00
2014.06.23 18:00:42.072,1.2488,1.24897,1.25,1.00
2014.06.23 18:00:44.158,1.24878,1.24897,1.25,1.00
2014.06.23 18:00:48.804,1.24873,1.24897,1.19,1.00
2014.06.23 18:00:48.928,1.24875,1.24897,1.19,1.69
2014.06.23 18:00:49.985,1.24875,1.24897,1.19,1.69
2014.06.23 18:00:51.090,1.24874,1.24896,1.19,1.19
2014.06.23 18:01:20.513,1.24874,1.24897,1.19,1.25
2014.06.23 18:01:26.857,1.24874,1.24895,1.19,1.00
2014.06.23 18:01:34.082,1.24873,1.24896,2.07,1.00
2014.06.23 18:01:34.233,1.24876,1.24904,1.00,1.25
2014.06.23 18:01:34.385,1.24878,1.24905,1.00,1.69
2014.06.23 18:01:35.058,1.24878,1.24903,1.00,1.00
2014.06.23 18:01:37.075,1.24878,1.24903,1.25,1.69
2014.06.23 18:01:37.863,1.24878,1.249,1.25,1.00
2014.06.23 18:01:38.166,1.24873,1.24893,1.19,1.19
2014.06.23 18:01:39.092,1.24876,1.24893,1.00,1.19
2014.06.23 18:01:53.638,1.24871,1.24892,1.63,1.25
2014.06.23 18:01:54.916,1.24872,1.24889,1.32,1.25
2014.06.23 18:01:55.447,1.24872,1.24888,2.07,1.00
2014.06.23 18:02:55.386,1.24871,1.24891,1.63,1.69
2014.06.23 18:03:17.610,1.24871,1.24891,1.63,1.69
2014.06.23 18:03:41.620,1.24869,1.24891,1.57,1.00
2014.06.23 18:03:41.721,1.24872,1.24901,1.38,1.25
2014.06.23 18:03:41.872,1.24875,1.24902,1.00,1.69
2014.06.23 18:03:42.401,1.24875,1.249,1.69,1.25
2014.06.23 18:03:42.930,1.24875,1.249,1.69,1.69
2014.06.23 18:03:44.853,1.24878,1.249,1.00,1.19
2014.06.23 18:03:48.110,1.24878,1.249,1.00,1.19
2014.06.23 18:03:48.312,1.24875,1.24898,1.69,1.25
2014.06.23 18:03:49.241,1.24874,1.24897,1.25,1.19
2014.06.23 18:03:50.241,1.24874,1.24896,1.19,1.19
2014.06.23 18:03:59.154,1.24873,1.24896,1.32,1.19
2014.06.23 18:04:27.547,1.24873,1.24894,2.07,1.19
2014.06.23 18:04:33.965,1.24879,1.24898,1.25,1.00
2014.06.23 18:04:34.939,1.2488,1.24898,1.25,1.00
2014.06.23 18:04:40.909,1.24879,1.24898,1.25,1.00
2014.06.23 18:05:00.393,1.24879,1.24898,1.19,1.00
2014.06.23 18:05:02.264,1.24879,1.24898,1.25,1.00
2014.06.23 18:05:06.369,1.24879,1.24897,1.25,1.00
2014.06.23 18:05:15.804,1.2488,1.24897,1.25,1.00
2014.06.23 18:05:53.548,1.24878,1.24897,1.19,1.00
2014.06.23 18:05:59.380,1.2488,1.24897,1.25,1.00
2014.06.23 18:06:14.421,1.24876,1.24897,1.19,1.25
2014.06.23 18:06:20.239,1.24876,1.24897,1.25,1.25
2014.06.23 18:06:22.248,1.24874,1.24897,1.69,1.25
2014.06.23 18:06:59.584,1.24875,1.24898,1.25,1.69
2014.06.23 18:07:02.108,1.24873,1.24898,2.07,1.69
2014.06.23 18:07:03.612,1.24873,1.24896,2.07,1.19
2014.06.23 18:07:55.075,1.24873,1.24898,2.07,1.69
2014.06.23 18:08:04.307,1.24873,1.24896,1.13,1.25
2014.06.23 18:08:09.022,1.24873,1.24896,2.07,1.69
2014.06.23 18:08:53.257,1.24873,1.24895,1.25,1.19
2014.06.23 18:09:05.800,1.24873,1.24896,1.19,1.19
2014.06.23 18:09:11.147,1.24873,1.24897,1.25,1.19
2014.06.23 18:09:19.949,1.24874,1.24897,1.25,1.25
2014.06.23 18:09:35.847,1.24876,1.24897,1.25,1.25
2014.06.23 18:09:43.273,1.24875,1.24897,1.25,1.19
2014.06.23 18:09:43.876,1.24874,1.24895,1.00,1.19
2014.06.23 18:09:44.438,1.24873,1.24895,1.25,1.19
2014.06.23 18:10:47.188,1.24873,1.24896,1.00,1.00
2014.06.23 18:11:02.210,1.24873,1.24895,1.00,1.25
2014.06.23 18:11:12.188,1.24873,1.24895,1.00,1.19
2014.06.23 18:11:22.230,1.24873,1.24895,1.00,1.19
2014.06.23 18:11:34.489,1.24872,1.24895,1.32,1.19
2014.06.23 18:11:52.019,1.24872,1.24896,1.13,1.19
2014.06.23 18:12:09.311,1.24872,1.24895,2.07,1.25
2014.06.23 18:12:53.678,1.24872,1.24895,2.07,1.19
2014.06.23 18:12:59.662,1.24872,1.24896,2.07,1.19
2014.06.23 18:13:01.221,1.24872,1.24895,1.32,1.19
2014.06.23 18:13:12.221,1.24872,1.24897,1.13,1.69
2014.06.23 18:13:17.357,1.24872,1.24897,2.07,1.25
2014.06.23 18:13:24.497,1.24873,1.24896,1.25,1.00
2014.06.23 18:13:26.096,1.24874,1.24896,1.25,1.25
2014.06.23 18:13:35.931,1.24873,1.24896,1.25,1.00
2014.06.23 18:14:15.922,1.24873,1.24896,1.69,1.25
2014.06.23 18:14:19.737,1.24873,1.24897,1.19,1.00
2014.06.23 18:14:27.678,1.24875,1.24897,1.25,1.19
2014.06.23 18:14:41.969,1.24874,1.24897,1.19,1.00
2014.06.23 18:14:43.166,1.24873,1.24897,1.19,1.00
2014.06.23 18:14:48.670,1.24877,1.24897,1.19,1.00
2014.06.23 18:14:49.184,1.24877,1.24898,1.19,1.00
2014.06.23 18:14:51.214,1.24877,1.24898,1.25,1.00
2014.06.23 18:15:06.566,1.24879,1.24898,1.25,1.00
2014.06.23 18:15:07.658,1.24879,1.24898,1.19,1.00
2014.06.23 18:16:19.551,1.24878,1.24898,1.19,1.00
2014.06.23 18:16:57.466,1.24878,1.24897,1.19,1.00
2014.06.23 18:17:03.736,1.24878,1.24894,1.19,1.00
2014.06.23 18:17:07.576,1.24881,1.24894,1.19,1.00
2014.06.23 18:17:08.135,1.24881,1.24893,1.19,1.00
2014.06.23 18:17:08.658,1.24881,1.24893,1.25,1.00
2014.06.23 18:17:11.216,1.24881,1.24894,1.25,1.00
2014.06.23 18:17:11.774,1.24883,1.24894,1.25,1.00
2014.06.23 18:17:12.518,1.2488,1.24894,1.25,1.00
2014.06.23 18:17:13.764,1.2488,1.24893,1.25,1.00
2014.06.23 18:17:14.982,1.24882,1.24893,1.25,1.00
2014.06.23 18:17:19.838,1.24884,1.24893,1.25,1.00
2014.06.23 18:17:20.210,1.2488,1.24894,1.25,1.00
2014.06.23 18:17:20.513,1.24884,1.24894,1.25,1.00
2014.06.23 18:17:21.021,1.24884,1.24893,1.25,1.00
2014.06.23 18:17:21.422,1.24886,1.24894,1.19,1.00
2014.06.23 18:17:21.727,1.24883,1.24894,1.25,1.00
2014.06.23 18:17:21.929,1.24885,1.24894,1.19,1.00
2014.06.23 18:17:22.420,1.24884,1.24894,1.25,1.00
2014.06.23 18:17:22.628,1.2488,1.24894,1.19,1.00
2014.06.23 18:17:23.135,1.2488,1.24893,1.19,1.00
2014.06.23 18:17:24.140,1.24882,1.24893,1.25,1.00
2014.06.23 18:17:24.855,1.24882,1.24894,1.25,1.00
2014.06.23 18:17:25.346,1.2488,1.24894,1.25,1.00
2014.06.23 18:17:25.934,1.2488,1.24893,1.25,1.00
2014.06.23 18:17:26.626,1.24883,1.24893,1.25,1.00
2014.06.23 18:17:27.130,1.2488,1.24893,1.25,1.00
2014.06.23 18:17:27.657,1.2488,1.24894,1.25,1.00
2014.06.23 18:17:28.169,1.24879,1.24894,1.25,1.00
2014.06.23 18:17:28.874,1.24879,1.24893,1.25,1.00
2014.06.23 18:17:31.142,1.24879,1.24893,1.19,1.00
2014.06.23 18:17:32.148,1.24878,1.24893,1.25,1.00
2014.06.23 18:17:44.212,1.24879,1.24893,1.25,1.00
2014.06.23 18:17:59.673,1.24877,1.24893,1.25,1.00
2014.06.23 18:18:28.400,1.24877,1.24896,1.25,1.00
2014.06.23 18:18:30.761,1.24877,1.24896,1.19,1.00
2014.06.23 18:18:34.539,1.24881,1.24896,1.19,1.00
2014.06.23 18:18:34.943,1.24881,1.24893,1.19,1.00
2014.06.23 18:18:35.466,1.24881,1.24894,1.19,1.00
2014.06.23 18:18:35.566,1.24876,1.24889,1.25,1.00
2014.06.23 18:18:36.552,1.24876,1.24889,1.69,1.00
2014.06.23 18:18:50.245,1.24876,1.24889,1.25,1.00
2014.06.23 18:18:50.475,1.24875,1.24893,1.19,1.38
2014.06.23 18:18:50.981,1.24875,1.24893,1.69,1.38
2014.06.23 18:18:51.486,1.24875,1.24893,1.00,1.50
2014.06.23 18:18:52.099,1.24873,1.24894,1.19,2.25
2014.06.23 18:18:52.455,1.24875,1.24893,1.19,1.38
2014.06.23 18:18:53.212,1.24875,1.24894,1.19,2.25
2014.06.23 18:18:53.818,1.24875,1.24893,1.19,1.38
2014.06.23 18:18:54.335,1.24874,1.24894,1.69,1.75
2014.06.23 18:18:54.843,1.24874,1.24894,1.69,1.75
2014.06.23 18:18:55.164,1.24875,1.24893,1.69,1.50
2014.06.23 18:18:55.437,1.24875,1.24894,1.00,1.50
2014.06.23 18:18:56.036,1.24874,1.24893,1.25,1.38
2014.06.23 18:18:56.545,1.24877,1.24893,1.19,1.38
2014.06.23 18:18:56.646,1.24875,1.24893,1.00,1.38
2014.06.23 18:18:57.169,1.24873,1.24894,1.19,1.75
2014.06.23 18:18:57.380,1.24877,1.24894,1.19,1.75
2014.06.23 18:18:57.633,1.24875,1.24894,1.00,1.75
2014.06.23 18:18:58.138,1.24875,1.24893,1.69,1.38
2014.06.23 18:18:58.647,1.24875,1.24893,1.19,1.38
2014.06.23 18:18:59.151,1.24874,1.24893,1.19,1.50
2014.06.23 18:18:59.718,1.24875,1.24894,1.25,1.50
2014.06.23 18:19:00.222,1.24876,1.24893,1.00,1.38
2014.06.23 18:19:00.759,1.24874,1.24894,1.19,2.25
2014.06.23 18:19:01.445,1.24874,1.24894,1.19,2.25
2014.06.23 18:19:01.949,1.24874,1.24892,1.19,1.38
2014.06.23 18:19:02.483,1.24875,1.24893,1.25,1.38
2014.06.23 18:19:03.365,1.24875,1.24893,1.19,1.38
2014.06.23 18:19:04.415,1.24872,1.24894,1.19,2.25
2014.06.23 18:19:04.516,1.24875,1.24894,1.69,1.75
2014.06.23 18:19:05.373,1.24875,1.24893,1.19,1.50
2014.06.23 18:19:05.675,1.24876,1.24893,1.69,1.75
2014.06.23 18:19:06.456,1.24875,1.24894,1.00,1.75
2014.06.23 18:19:07.029,1.24873,1.24892,1.19,1.38
2014.06.23 18:19:07.589,1.24874,1.24891,1.19,1.38
2014.06.23 18:19:07.793,1.24876,1.24894,1.19,1.75
2014.06.23 18:19:08.310,1.24873,1.24893,1.69,1.75
2014.06.23 18:19:08.512,1.24876,1.24894,1.19,1.75
2014.06.23 18:19:09.219,1.24876,1.24894,1.19,1.75
2014.06.23 18:19:09.421,1.24874,1.24894,1.69,1.75
2014.06.23 18:19:10.394,1.24874,1.24894,1.19,1.75
2014.06.23 18:19:10.895,1.24874,1.24894,1.19,1.75
2014.06.23 18:19:11.544,1.24876,1.24893,1.19,1.75
2014.06.23 18:19:12.280,1.24875,1.24893,1.69,1.75
2014.06.23 18:19:12.533,1.24873,1.24893,1.19,1.75
2014.06.23 18:19:13.148,1.24873,1.24893,1.19,1.75
2014.06.23 18:19:13.249,1.24877,1.24893,1.19,1.50
2014.06.23 18:19:13.652,1.24875,1.24893,1.19,1.50
2014.06.23 18:19:14.166,1.24875,1.24894,1.19,1.75
2014.06.23 18:19:14.721,1.24875,1.24894,1.19,1.75
2014.06.23 18:19:15.233,1.24875,1.24894,1.19,1.75
2014.06.23 18:19:16.350,1.24874,1.24893,1.19,1.75
2014.06.23 18:19:16.552,1.24877,1.24893,1.19,1.50
2014.06.23 18:19:16.956,1.24875,1.24893,1.00,1.75
2014.06.23 18:19:17.260,1.24876,1.24894,1.19,1.75
2014.06.23 18:19:17.921,1.24877,1.24894,1.25,1.75
2014.06.23 18:19:18.178,1.24874,1.24894,1.19,1.75
2014.06.23 18:19:18.686,1.24876,1.24894,1.19,1.75
2014.06.23 18:19:18.989,1.24874,1.24894,1.19,2.25
2014.06.23 18:19:19.295,1.24876,1.24894,1.19,1.75
2014.06.23 18:19:19.806,1.24877,1.24894,1.25,1.75
2014.06.23 18:19:20.311,1.24877,1.24893,1.19,1.50
2014.06.23 18:19:20.764,1.24877,1.24894,1.19,1.38
2014.06.23 18:19:20.815,1.24877,1.24894,1.69,1.00
2014.06.23 18:19:21.326,1.24877,1.24893,1.19,1.00
2014.06.23 18:19:22.392,1.24875,1.24893,1.19,1.00
2014.06.23 18:19:22.895,1.24875,1.24894,1.19,1.00
2014.06.23 18:19:23.492,1.24877,1.24894,1.19,1.00
2014.06.23 18:19:24.197,1.24877,1.24893,1.19,1.00
2014.06.23 18:19:24.743,1.24877,1.24894,1.19,1.00
2014.06.23 18:19:25.398,1.24877,1.24893,1.19,1.00
2014.06.23 18:19:25.905,1.24877,1.24894,1.19,1.00
2014.06.23 18:19:26.620,1.24877,1.24893,1.19,1.00
2014.06.23 18:19:27.373,1.24877,1.24894,1.19,1.00
2014.06.23 18:19:27.877,1.24877,1.24893,1.19,1.00
2014.06.23 18:19:28.388,1.24877,1.24894,1.19,1.00
2014.06.23 18:19:29.148,1.24877,1.24893,1.19,1.00
2014.06.23 18:19:29.940,1.24877,1.24894,1.19,1.00
2014.06.23 18:19:30.622,1.24876,1.24894,1.19,1.00
2014.06.23 18:19:31.304,1.24876,1.24893,1.19,1.00
2014.06.23 18:19:32.525,1.24876,1.24893,1.19,1.00
2014.06.23 18:19:58.267,1.24879,1.24893,1.19,1.00
2014.06.23 18:20:21.613,1.2488,1.24893,1.19,1.00
2014.06.23 18:20:31.941,1.2488,1.249,1.19,1.00
2014.06.23 18:20:34.193,1.24877,1.249,1.19,1.00
2014.06.23 18:20:35.380,1.24878,1.249,1.19,1.00
2014.06.23 18:20:59.079,1.24879,1.249,1.19,1.00
2014.06.23 18:21:22.461,1.24879,1.24899,1.19,1.00
2014.06.23 18:21:30.790,1.24882,1.24899,1.19,1.00
2014.06.23 18:21:31.099,1.24882,1.24893,1.19,1.00
2014.06.23 18:21:31.796,1.24881,1.24894,1.69,1.00
2014.06.23 18:21:32.999,1.24882,1.24894,1.19,1.00
2014.06.23 18:21:35.828,1.24881,1.24894,1.25,1.00
2014.06.23 18:21:36.253,1.24876,1.24894,1.19,1.00
2014.06.23 18:21:36.758,1.24876,1.24893,1.19,1.00
2014.06.23 18:21:37.418,1.24876,1.24894,1.19,1.00
2014.06.23 18:21:38.939,1.24879,1.24894,1.19,1.00
2014.06.23 18:21:39.479,1.24881,1.24894,1.00,1.00
2014.06.23 18:21:39.946,1.24878,1.24894,1.25,1.00
2014.06.23 18:21:40.464,1.24877,1.24893,1.19,1.00
2014.06.23 18:21:40.968,1.24877,1.24893,1.19,1.00
2014.06.23 18:21:41.595,1.24877,1.24894,1.19,1.00
2014.06.23 18:21:42.116,1.24877,1.24893,1.19,1.00
2014.06.23 18:21:42.663,1.24877,1.24894,1.19,1.00
2014.06.23 18:21:45.101,1.24877,1.24893,1.19,1.00
2014.06.23 18:21:45.602,1.24878,1.24894,1.19,1.00
2014.06.23 18:21:46.453,1.24876,1.24894,1.19,1.00
2014.06.23 18:21:47.109,1.24876,1.24893,1.69,1.00
2014.06.23 18:21:47.311,1.24881,1.24894,1.00,1.00
2014.06.23 18:21:47.843,1.24882,1.24893,1.00,1.00
2014.06.23 18:21:48.637,1.2488,1.24893,1.19,1.00
2014.06.23 18:21:49.415,1.24882,1.24893,1.00,1.00
2014.06.23 18:21:49.987,1.2488,1.24893,1.69,1.00
2014.06.23 18:21:50.514,1.2488,1.24894,1.19,1.00
2014.06.23 18:21:50.816,1.24883,1.24893,1.19,1.00
2014.06.23 18:21:50.968,1.24881,1.24893,1.19,1.00
2014.06.23 18:21:51.375,1.24877,1.24894,1.19,1.00
2014.06.23 18:21:52.131,1.24877,1.24893,1.19,1.00
2014.06.23 18:21:52.713,1.24876,1.24893,1.19,1.00
2014.06.23 18:21:54.902,1.24877,1.24894,1.69,1.00
2014.06.23 18:21:55.110,1.24879,1.24893,1.19,1.00
2014.06.23 18:21:55.643,1.24879,1.24894,1.69,1.00
2014.06.23 18:21:56.182,1.24881,1.24894,1.00,1.00
2014.06.23 18:22:01.856,1.24878,1.24893,1.19,1.00
2014.06.23 18:22:02.380,1.24878,1.24894,1.19,1.00
2014.06.23 18:22:02.734,1.24876,1.24893,1.19,1.00
2014.06.23 18:22:03.036,1.24878,1.24893,1.69,1.00
2014.06.23 18:22:03.340,1.24882,1.24894,1.19,1.00
2014.06.23 18:22:03.844,1.24882,1.24893,1.19,1.00
2014.06.23 18:22:04.348,1.24882,1.24894,1.19,1.00
2014.06.23 18:22:05.111,1.24882,1.24893,1.19,1.00
2014.06.23 18:22:07.854,1.24882,1.24893,1.00,1.00
2014.06.23 18:22:07.905,1.2488,1.24894,1.25,1.00
2014.06.23 18:22:08.564,1.24876,1.24894,1.19,1.00
2014.06.23 18:22:09.068,1.24876,1.24893,1.19,1.00
2014.06.23 18:22:09.371,1.24877,1.24894,1.19,1.00
2014.06.23 18:22:09.472,1.24875,1.24894,1.19,1.00
2014.06.23 18:22:09.884,1.24879,1.24894,1.19,1.00
2014.06.23 18:22:09.985,1.24875,1.24894,1.19,1.00
2014.06.23 18:22:10.849,1.24875,1.24893,1.19,1.00
2014.06.23 18:22:11.053,1.24879,1.24894,1.00,1.00
2014.06.23 18:22:11.822,1.24882,1.24893,1.00,1.00
2014.06.23 18:22:14.791,1.24878,1.24893,1.25,1.00
2014.06.23 18:22:14.893,1.24875,1.24893,2.44,1.00
2014.06.23 18:22:15.474,1.24875,1.24894,1.19,1.00
2014.06.23 18:22:16.266,1.24874,1.24894,1.19,1.00
2014.06.23 18:22:16.837,1.24875,1.24893,1.25,1.00
2014.06.23 18:22:19.784,1.24875,1.24893,1.69,1.00
2014.06.23 18:22:20.424,1.24878,1.24893,1.25,1.00
2014.06.23 18:22:20.931,1.24879,1.24894,1.00,1.00
2014.06.23 18:22:21.314,1.24881,1.24894,1.25,1.00
2014.06.23 18:22:22.089,1.2488,1.24893,1.19,1.00
2014.06.23 18:22:22.609,1.24879,1.24893,1.25,1.00
2014.06.23 18:22:22.911,1.24876,1.24894,1.25,1.00
2014.06.23 18:22:23.445,1.24877,1.24894,1.00,1.00
2014.06.23 18:22:23.546,1.24872,1.24894,1.25,1.50
2014.06.23 18:22:23.608,1.24872,1.24892,1.25,1.00
2014.06.23 18:22:25.571,1.24873,1.24891,1.00,1.00
2014.06.23 18:22:26.112,1.24873,1.24891,1.00,1.69
2014.06.23 18:22:26.830,1.24874,1.24889,1.00,1.00
2014.06.23 18:22:47.782,1.24874,1.24889,1.00,1.69
2014.06.23 18:22:49.101,1.24874,1.24889,1.00,1.69
2014.06.23 18:22:49.152,1.24866,1.24889,2.82,1.25
2014.06.23 18:22:49.354,1.24875,1.24888,1.00,1.00
2014.06.23 18:22:52.398,1.24875,1.24887,1.00,1.19
2014.06.23 18:23:16.083,1.24875,1.24888,1.00,1.69
2014.06.23 18:23:26.121,1.24875,1.24888,1.00,1.69
2014.06.23 18:23:29.662,1.24875,1.24888,1.00,1.69
2014.06.23 18:23:40.161,1.2487,1.2489,1.00,1.00
2014.06.23 18:23:40.212,1.24871,1.24893,1.00,1.00
2014.06.23 18:23:40.313,1.24874,1.24893,1.00,1.00
2014.06.23 18:23:40.515,1.24872,1.24894,1.69,1.00
2014.06.23 18:23:40.616,1.2487,1.24893,1.25,1.00
2014.06.23 18:23:40.825,1.24873,1.24893,1.00,1.00
2014.06.23 18:23:41.037,1.2487,1.24894,1.69,1.00
2014.06.23 18:23:41.188,1.24873,1.24894,1.00,1.00
2014.06.23 18:23:42.256,1.24874,1.24894,1.00,1.00
2014.06.23 18:23:42.603,1.24872,1.24894,1.69,1.00
2014.06.23 18:23:42.811,1.24874,1.24894,1.00,1.00
2014.06.23 18:23:43.890,1.24875,1.24893,1.00,1.00
2014.06.23 18:23:45.337,1.24874,1.24893,1.00,1.00
2014.06.23 18:23:45.488,1.24869,1.24892,1.69,2.25
2014.06.23 18:23:45.589,1.24872,1.24892,1.00,1.50
2014.06.23 18:23:45.741,1.24872,1.24894,1.50,1.00
2014.06.23 18:23:45.792,1.24873,1.24894,1.69,1.00
2014.06.23 18:23:46.097,1.24872,1.24894,1.00,1.00
2014.06.23 18:23:46.722,1.24873,1.24894,1.00,1.00
2014.06.23 18:23:47.224,1.24874,1.24894,1.00,1.00
2014.06.23 18:23:50.763,1.24875,1.24894,1.00,1.00
2014.06.23 18:23:56.690,1.24875,1.24892,1.25,1.00
2014.06.23 18:23:56.741,1.2487,1.24892,1.19,1.00
2014.06.23 18:23:56.893,1.24874,1.24892,1.00,1.00
2014.06.23 18:23:57.529,1.24876,1.24891,1.00,1.25
2014.06.23 18:23:58.189,1.24877,1.24892,1.00,1.19
2014.06.23 18:24:00.962,1.24877,1.24892,1.00,1.25
2014.06.23 18:24:02.147,1.24877,1.24893,1.00,1.69
2014.06.23 18:24:20.814,1.24877,1.24891,1.00,1.25
2014.06.23 18:24:41.089,1.24875,1.24892,1.25,1.19
2014.06.23 18:24:41.190,1.24875,1.24894,1.69,1.00
2014.06.23 18:24:41.587,1.24878,1.24893,1.00,1.00
2014.06.23 18:24:42.113,1.24878,1.24894,1.00,1.00
2014.06.23 18:24:42.420,1.24879,1.24894,1.19,1.00
2014.06.23 18:24:43.426,1.24878,1.24894,2.44,1.00
2014.06.23 18:24:43.958,1.24881,1.24894,1.00,1.00
2014.06.23 18:24:46.048,1.24878,1.24893,1.69,1.00
2014.06.23 18:24:46.747,1.24878,1.24894,1.69,1.00
2014.06.23 18:24:47.799,1.24881,1.24894,1.00,1.00
2014.06.23 18:25:47.898,1.24879,1.24899,1.19,1.00
2014.06.23 18:25:50.949,1.2488,1.24899,1.25,1.19
2014.06.23 18:25:51.953,1.24878,1.24899,1.25,1.19
2014.06.23 18:26:04.539,1.24879,1.24899,1.25,1.25
2014.06.23 18:26:05.620,1.24879,1.24898,1.19,1.25
2014.06.23 18:26:07.629,1.24879,1.24899,1.25,1.25
2014.06.23 18:26:09.638,1.24877,1.24897,1.25,1.19
2014.06.23 18:26:12.451,1.24877,1.24897,1.19,1.25
2014.06.23 18:26:28.708,1.24881,1.24897,1.00,1.25
2014.06.23 18:26:29.504,1.24881,1.24899,1.00,1.69
2014.06.23 18:26:40.391,1.24881,1.24897,1.00,1.19
2014.06.23 18:26:46.083,1.24881,1.24898,1.00,1.19
2014.06.23 18:27:28.947,1.24878,1.24898,1.19,1.19
2014.06.23 18:27:46.108,1.24875,1.249,1.00,1.00
2014.06.23 18:28:19.497,1.24876,1.24899,1.00,1.00
2014.06.23 18:28:28.879,1.24876,1.24896,1.69,1.25
2014.06.23 18:28:30.449,1.24876,1.24896,1.69,1.19
2014.06.23 18:28:34.594,1.24876,1.24898,1.69,1.19
2014.06.23 18:28:43.931,1.24877,1.24899,1.19,1.69
2014.06.23 18:28:44.922,1.24878,1.24898,1.19,1.19
2014.06.23 18:28:53.463,1.24877,1.24896,1.25,1.19
2014.06.23 18:28:58.574,1.24877,1.24898,1.19,1.25
2014.06.23 18:29:18.092,1.24877,1.24896,1.19,1.25
2014.06.23 18:29:26.290,1.24877,1.24898,1.19,1.25
2014.06.23 18:30:06.246,1.2488,1.24897,1.19,1.25
2014.06.23 18:30:22.197,1.2488,1.24899,1.25,1.19
2014.06.23 18:30:45.613,1.24874,1.24894,1.50,1.00
2014.06.23 18:30:45.714,1.24869,1.24894,1.38,1.00
2014.06.23 18:30:45.866,1.24866,1.24891,1.38,1.00
2014.06.23 18:30:46.168,1.24874,1.24893,1.00,1.00
2014.06.23 18:30:46.505,1.2488,1.24895,1.00,1.69
2014.06.23 18:30:46.656,1.24876,1.24895,1.00,1.19
2014.06.23 18:30:47.339,1.24876,1.24893,1.00,1.00
2014.06.23 18:30:47.999,1.24877,1.24893,1.00,1.00
2014.06.23 18:30:51.867,1.24877,1.24895,1.00,1.25
2014.06.23 18:31:00.935,1.24877,1.24896,1.00,1.00
2014.06.23 18:31:09.834,1.24877,1.24898,1.00,2.44
2014.06.23 18:31:13.846,1.24875,1.24892,1.00,1.00
2014.06.23 18:31:13.997,1.24858,1.24879,2.44,1.00
2014.06.23 18:31:14.098,1.24858,1.24877,1.25,1.25
2014.06.23 18:31:14.200,1.2486,1.2488,1.25,1.50
2014.06.23 18:31:14.352,1.24862,1.24879,1.00,1.00
2014.06.23 18:31:14.453,1.24866,1.24887,1.00,1.19
2014.06.23 18:31:14.554,1.24867,1.24891,1.00,1.19
2014.06.23 18:31:14.655,1.24869,1.24891,1.00,1.19
2014.06.23 18:31:14.806,1.24867,1.24889,1.00,1.00
2014.06.23 18:31:15.117,1.24867,1.24896,1.69,1.19
2014.06.23 18:31:15.527,1.24869,1.24896,1.00,1.69
2014.06.23 18:31:16.232,1.24867,1.24896,1.25,1.19
2014.06.23 18:31:16.334,1.24868,1.24894,1.19,1.19
2014.06.23 18:31:17.311,1.24866,1.24895,1.19,1.19
2014.06.23 18:31:17.362,1.24869,1.24895,1.00,1.19
2014.06.23 18:31:17.959,1.24866,1.24895,1.19,1.19
2014.06.23 18:31:18.089,1.24866,1.24891,1.69,1.00
2014.06.23 18:31:19.128,1.24866,1.24891,1.00,2.25
2014.06.23 18:31:19.431,1.24856,1.24874,1.25,1.00
2014.06.23 18:31:20.403,1.24857,1.24874,1.25,1.00
2014.06.23 18:31:22.048,1.24857,1.24874,1.19,1.69
2014.06.23 18:31:25.116,1.24857,1.24874,1.25,1.00
2014.06.23 18:31:29.137,1.24857,1.24874,1.19,1.00
2014.06.23 18:31:48.823,1.24854,1.24874,1.00,1.00
2014.06.23 18:31:49.040,1.24855,1.24872,1.25,1.19
2014.06.23 18:32:21.041,1.24852,1.24874,1.19,1.19
2014.06.23 18:32:33.391,1.24854,1.24875,1.19,1.25
2014.06.23 18:32:54.087,1.24853,1.24875,1.25,1.69
2014.06.23 18:32:54.188,1.24853,1.24872,1.25,1.00
2014.06.23 18:32:54.791,1.24853,1.24871,1.25,1.00
2014.06.23 18:32:55.359,1.24852,1.24869,1.25,1.19
2014.06.23 18:33:07.189,1.24851,1.24869,1.25,1.00
2014.06.23 18:33:15.165,1.24851,1.24869,1.69,1.69
2014.06.23 18:33:16.327,1.24851,1.24869,1.69,1.25
2014.06.23 18:33:22.561,1.24852,1.24869,1.19,1.69
2014.06.23 18:34:24.303,1.24854,1.2487,1.00,1.69
2014.06.23 18:34:24.914,1.24853,1.2487,1.25,1.19
2014.06.23 18:34:26.125,1.24851,1.24871,1.69,1.19
2014.06.23 18:34:26.975,1.24853,1.24871,1.00,1.19
2014.06.23 18:34:27.076,1.24851,1.24871,1.25,1.19
2014.06.23 18:34:28.363,1.24851,1.2487,1.19,1.25
2014.06.23 18:34:39.175,1.2485,1.24871,1.19,1.19
2014.06.23 18:34:59.055,1.24851,1.24872,1.19,1.69
2014.06.23 18:35:59.328,1.24847,1.24872,1.00,1.00
2014.06.23 18:36:14.490,1.24848,1.24871,1.00,1.00
2014.06.23 18:36:17.585,1.24851,1.24871,1.25,1.00
2014.06.23 18:36:51.115,1.2485,1.24871,1.19,1.69
2014.06.23 18:36:56.375,1.24851,1.24871,1.19,1.25
2014.06.23 18:36:58.242,1.24852,1.24871,1.19,1.00
2014.06.23 18:37:22.742,1.24851,1.24871,1.19,1.25
2014.06.23 18:37:25.170,1.24852,1.24871,1.19,1.00
2014.06.23 18:37:59.876,1.24851,1.24871,1.19,1.25
2014.06.23 18:38:02.205,1.24852,1.24871,1.19,1.00
2014.06.23 18:38:04.498,1.24852,1.24872,1.19,1.25
2014.06.23 18:38:06.693,1.24849,1.24872,1.25,1.25
2014.06.23 18:38:07.900,1.24849,1.24872,1.69,1.69
2014.06.23 18:38:12.753,1.2485,1.24872,1.69,1.25
2014.06.23 18:38:22.683,1.24851,1.24872,1.19,1.00
2014.06.23 18:38:44.682,1.24849,1.24872,1.69,1.25
2014.06.23 18:38:45.847,1.2485,1.24872,1.00,1.25
2014.06.23 18:38:47.722,1.24849,1.24872,1.69,1.25
2014.06.23 18:38:48.657,1.2485,1.24871,1.19,1.19
2014.06.23 18:38:50.020,1.24849,1.24869,1.69,1.25
2014.06.23 18:38:51.676,1.2485,1.24871,1.25,1.25
2014.06.23 18:38:58.710,1.24851,1.24872,1.19,1.69
2014.06.23 18:39:09.743,1.2485,1.24872,1.19,1.25
2014.06.23 18:39:34.550,1.24851,1.24871,1.19,1.25
2014.06.23 18:39:36.459,1.24853,1.2487,1.19,1.25
2014.06.23 18:39:42.691,1.24854,1.24871,1.19,1.25
2014.06.23 18:39:59.276,1.24852,1.24872,1.19,1.25
2014.06.23 18:40:08.092,1.24852,1.24872,1.25,1.69
2014.06.23 18:40:09.096,1.24853,1.2487,1.25,1.19
2014.06.23 18:40:58.383,1.24853,1.2487,1.19,1.25
2014.06.23 18:41:57.514,1.24849,1.24869,1.25,1.25
2014.06.23 18:41:59.002,1.24849,1.24869,1.25,1.19
2014.06.23 18:41:59.947,1.2485,1.24869,1.00,1.19
2014.06.23 18:42:00.938,1.24849,1.2487,1.69,1.19
2014.06.23 18:42:34.737,1.2485,1.24872,1.69,1.00
2014.06.23 18:42:36.143,1.24852,1.24872,1.19,1.25
2014.06.23 18:42:40.563,1.24852,1.24871,1.19,1.00
2014.06.23 18:42:54.509,1.2485,1.24871,1.19,1.00
2014.06.23 18:42:55.614,1.24852,1.24871,1.19,1.00
2014.06.23 18:42:58.880,1.24851,1.24871,1.19,1.00
2014.06.23 18:44:00.728,1.24849,1.24871,1.00,1.00
2014.06.23 18:44:01.467,1.2485,1.24871,1.00,1.00
2014.06.23 18:44:03.365,1.24849,1.24871,1.00,1.00
2014.06.23 18:44:04.174,1.2485,1.24871,1.00,1.00
2014.06.23 18:44:04.789,1.2485,1.24871,1.69,1.00
2014.06.23 18:44:15.008,1.2485,1.24871,1.69,1.69
2014.06.23 18:44:23.036,1.24851,1.24871,1.19,1.00
2014.06.23 18:45:23.182,1.2485,1.24871,1.00,1.00
2014.06.23 18:45:27.025,1.24849,1.24871,1.00,1.00
2014.06.23 18:45:30.803,1.2485,1.24871,1.00,1.00
2014.06.23 18:45:34.542,1.24849,1.24871,1.00,1.00
2014.06.23 18:45:36.575,1.2485,1.24871,1.00,1.00
2014.06.23 18:45:38.393,1.24849,1.24871,1.00,1.00
2014.06.23 18:45:42.262,1.2485,1.24871,1.00,1.00
2014.06.23 18:45:47.869,1.24849,1.24871,1.00,1.00
2014.06.23 18:45:49.812,1.2485,1.24871,1.00,1.00
2014.06.23 18:45:53.609,1.24849,1.24871,1.00,1.00
2014.06.23 18:45:55.544,1.2485,1.24871,1.00,1.00
2014.06.23 18:45:57.368,1.24849,1.24871,1.00,1.00
2014.06.23 18:46:01.178,1.2485,1.24871,1.00,1.00
2014.06.23 18:46:03.098,1.24849,1.24871,1.00,1.00
2014.06.23 18:46:05.018,1.2485,1.24871,1.00,1.00
2014.06.23 18:46:08.870,1.24849,1.24871,1.00,1.00
2014.06.23 18:46:12.672,1.2485,1.24871,1.00,1.00
2014.06.23 18:46:19.037,1.24849,1.24871,1.00,1.00
2014.06.23 18:46:20.214,1.2485,1.24871,1.00,1.00
2014.06.23 18:46:21.586,1.2485,1.24871,1.69,1.69
2014.06.23 18:46:22.894,1.24851,1.24871,1.19,1.25
2014.06.23 18:46:29.817,1.24852,1.24871,1.19,1.00
2014.06.23 18:47:30.033,1.24849,1.24871,1.00,1.00
2014.06.23 18:47:30.664,1.2485,1.24871,1.00,1.00
2014.06.23 18:47:31.351,1.24849,1.24871,1.00,1.00
2014.06.23 18:47:34.261,1.2485,1.24871,1.00,1.00
2014.06.23 18:47:36.278,1.24849,1.24871,1.00,1.00
2014.06.23 18:47:38.208,1.2485,1.24871,1.00,1.00
2014.06.23 18:47:38.523,1.24854,1.24871,1.00,1.00
2014.06.23 18:47:39.033,1.2485,1.24871,1.00,1.00
2014.06.23 18:47:39.229,1.24854,1.24871,1.00,1.00
2014.06.23 18:47:40.047,1.24849,1.24871,1.00,1.00
2014.06.23 18:47:40.761,1.24855,1.24871,1.00,1.00
2014.06.23 18:47:41.068,1.24849,1.24871,1.00,1.00
2014.06.23 18:47:41.171,1.24855,1.24871,1.00,1.00
2014.06.23 18:47:43.947,1.24854,1.24871,1.00,1.00
2014.06.23 18:47:45.114,1.24855,1.24871,1.00,1.00
2014.06.23 18:47:45.803,1.24854,1.24871,1.00,1.00
2014.06.23 18:47:47.695,1.24855,1.24871,1.00,1.00
2014.06.23 18:47:51.432,1.24854,1.24871,1.00,1.00
2014.06.23 18:47:52.150,1.24855,1.24871,1.00,1.00
2014.06.23 18:47:53.247,1.24854,1.24871,1.00,1.00
2014.06.23 18:47:55.268,1.24855,1.24871,1.00,1.00
2014.06.23 18:47:56.282,1.24854,1.24871,1.00,1.00
2014.06.23 18:47:56.940,1.24855,1.24871,1.00,1.00
2014.06.23 18:47:57.761,1.24854,1.24871,1.00,1.00
2014.06.23 18:48:00.897,1.24855,1.24871,1.00,1.00
2014.06.23 18:48:01.722,1.24854,1.24871,1.00,1.00
2014.06.23 18:48:02.313,1.24855,1.24871,1.00,1.00
2014.06.23 18:48:06.658,1.24854,1.24871,1.25,1.00
2014.06.23 18:48:07.339,1.24855,1.24871,1.00,1.00
2014.06.23 18:48:07.851,1.24853,1.24871,1.25,1.25
2014.06.23 18:48:08.563,1.24854,1.24871,1.00,1.25
2014.06.23 18:48:09.177,1.24855,1.24871,1.00,1.25
2014.06.23 18:48:09.702,1.24854,1.24871,1.00,1.25
2014.06.23 18:48:11.906,1.24855,1.24872,1.00,1.69
2014.06.23 18:48:12.408,1.24854,1.24872,1.00,1.69
2014.06.23 18:48:12.940,1.24855,1.24872,1.19,1.69
2014.06.23 18:48:31.429,1.24855,1.24872,1.25,1.00
2014.06.23 18:48:34.791,1.24854,1.24872,1.25,1.00
2014.06.23 18:48:35.797,1.24855,1.24872,1.00,1.00
2014.06.23 18:48:39.023,1.24854,1.24872,1.25,1.00
2014.06.23 18:48:40.116,1.24855,1.24872,1.00,1.00
2014.06.23 18:48:43.460,1.24854,1.24872,1.25,1.00
2014.06.23 18:48:44.696,1.24855,1.24872,1.00,1.00
2014.06.23 18:48:46.603,1.24854,1.24872,1.25,1.00
2014.06.23 18:48:50.313,1.24855,1.24872,1.00,1.00
2014.06.23 18:48:50.923,1.24854,1.24872,1.25,1.00
2014.06.23 18:48:54.933,1.24855,1.24872,1.00,1.00
2014.06.23 18:48:59.884,1.24854,1.24872,1.25,1.00
2014.06.23 18:49:00.493,1.24855,1.24872,1.00,1.00
2014.06.23 18:49:11.361,1.24854,1.24872,1.25,1.00
2014.06.23 18:49:13.906,1.24855,1.24872,1.00,1.00
2014.06.23 18:49:14.934,1.24854,1.24872,1.00,1.00
2014.06.23 18:49:15.678,1.24855,1.24872,1.00,1.00
2014.06.23 18:49:18.891,1.24854,1.24872,1.00,1.00
2014.06.23 18:49:20.818,1.24855,1.24872,1.00,1.00
2014.06.23 18:49:24.641,1.24854,1.24872,1.00,1.00
2014.06.23 18:49:26.062,1.24855,1.24872,1.00,1.00
2014.06.23 18:49:26.162,1.24851,1.24872,1.19,1.00
2014.06.23 18:49:36.670,1.2485,1.24872,1.19,1.25
2014.06.23 18:49:42.894,1.24851,1.24872,1.19,1.00
2014.06.23 18:49:55.827,1.24855,1.24872,1.00,1.00
2014.06.23 18:49:59.599,1.24851,1.24872,1.19,1.00
2014.06.23 18:49:59.658,1.24849,1.24872,1.69,1.69
2014.06.23 18:50:02.706,1.24849,1.24871,1.25,1.25
2014.06.23 18:50:02.977,1.24851,1.24871,1.19,1.25
2014.06.23 18:50:10.521,1.24849,1.24871,1.69,1.69
2014.06.23 18:50:12.143,1.2485,1.24871,1.00,1.69
2014.06.23 18:50:13.300,1.24849,1.24871,1.00,1.69
2014.06.23 18:50:15.212,1.2485,1.24871,1.19,1.69
2014.06.23 18:50:48.156,1.24852,1.24871,1.19,1.00
2014.06.23 18:50:53.493,1.24854,1.24871,1.00,1.00
2014.06.23 18:50:54.048,1.24855,1.24871,1.00,1.00
2014.06.23 18:50:54.578,1.24854,1.24871,1.00,1.00
2014.06.23 18:50:55.586,1.24854,1.24872,1.00,1.25
2014.06.23 18:50:56.749,1.24855,1.24872,1.00,1.25
2014.06.23 18:51:05.444,1.24854,1.24872,1.00,1.25
2014.06.23 18:51:07.300,1.24855,1.24872,1.00,1.25
2014.06.23 18:51:09.208,1.24854,1.24872,1.00,1.25
2014.06.23 18:51:12.997,1.24855,1.24872,1.00,1.25
2014.06.23 18:51:16.874,1.24854,1.24872,1.00,1.25
2014.06.23 18:51:18.650,1.24855,1.24872,1.00,1.25
2014.06.23 18:51:19.485,1.24854,1.24872,1.00,1.25
2014.06.23 18:51:20.124,1.24855,1.24872,1.00,1.25
2014.06.23 18:51:20.679,1.24854,1.24872,1.00,1.25
2014.06.23 18:51:21.738,1.24855,1.24872,1.00,1.25
2014.06.23 18:51:22.653,1.24854,1.24872,1.00,1.25
2014.06.23 18:51:26.278,1.24855,1.24872,1.00,1.25
2014.06.23 18:51:28.197,1.24854,1.24872,1.00,1.25
2014.06.23 18:51:30.121,1.24855,1.24872,1.00,1.25
2014.06.23 18:51:34.283,1.24854,1.24872,1.00,1.25
2014.06.23 18:51:35.700,1.24855,1.24872,1.00,1.25
2014.06.23 18:51:36.299,1.24854,1.24872,1.00,1.25
2014.06.23 18:51:37.713,1.24855,1.24872,1.00,1.25
2014.06.23 18:51:41.451,1.24854,1.24872,1.00,1.25
2014.06.23 18:51:43.472,1.24855,1.24872,1.00,1.25
2014.06.23 18:51:47.183,1.24854,1.24872,1.00,1.25
2014.06.23 18:51:49.104,1.24855,1.24872,1.00,1.00
2014.06.23 18:51:51.035,1.24854,1.24872,1.00,1.00
2014.06.23 18:51:52.862,1.24855,1.24872,1.00,1.00
2014.06.23 18:51:53.470,1.24854,1.24872,1.00,1.00
2014.06.23 18:51:56.727,1.24855,1.24872,1.00,1.00
2014.06.23 18:51:58.644,1.24854,1.24872,1.00,1.00
2014.06.23 18:52:08.108,1.24855,1.24872,1.00,1.00
2014.06.23 18:52:10.031,1.24854,1.24872,1.00,1.00
2014.06.23 18:52:11.950,1.24855,1.24872,1.00,1.00
2014.06.23 18:52:13.765,1.24854,1.24872,1.00,1.00
2014.06.23 18:52:17.659,1.24855,1.24872,1.00,1.00
2014.06.23 18:52:21.412,1.24854,1.24872,1.00,1.00
2014.06.23 18:52:23.339,1.24855,1.24872,1.00,1.00
2014.06.23 18:52:25.212,1.24854,1.24872,1.00,1.00
2014.06.23 18:52:27.118,1.24855,1.24872,1.00,1.00
2014.06.23 18:52:32.806,1.24854,1.24872,1.00,1.00
2014.06.23 18:52:33.419,1.24855,1.24872,1.00,1.00
2014.06.23 18:52:34.504,1.24854,1.24872,1.00,1.00
2014.06.23 18:52:35.069,1.24855,1.24872,1.00,1.00
2014.06.23 18:52:36.388,1.24854,1.24872,1.00,1.00
2014.06.23 18:52:37.052,1.24855,1.24872,1.00,1.00
2014.06.23 18:52:38.521,1.24854,1.24872,1.00,1.00
2014.06.23 18:52:40.455,1.24855,1.24872,1.00,1.00
2014.06.23 18:52:42.385,1.24854,1.24872,1.00,1.00
2014.06.23 18:52:44.185,1.24855,1.24872,1.00,1.00
2014.06.23 18:52:44.976,1.24854,1.24872,1.00,1.00
2014.06.23 18:52:45.687,1.24854,1.24871,1.00,1.00
2014.06.23 18:52:46.297,1.24855,1.24871,1.00,1.00
2014.06.23 18:52:48.078,1.24854,1.24871,1.00,1.00
2014.06.23 18:52:53.741,1.24855,1.24871,1.00,1.00
2014.06.23 18:52:54.598,1.24854,1.24871,1.25,1.00
2014.06.23 18:52:55.183,1.24855,1.24871,1.00,1.00
2014.06.23 18:52:55.919,1.24854,1.24871,1.00,1.00
2014.06.23 18:52:56.528,1.24855,1.24871,1.00,1.00
2014.06.23 18:52:57.242,1.24854,1.24871,1.00,1.00
2014.06.23 18:52:57.848,1.24855,1.24871,1.00,1.00
2014.06.23 18:52:58.508,1.24854,1.24871,1.00,1.00
2014.06.23 18:53:00.540,1.24855,1.24871,1.00,1.00
2014.06.23 18:53:00.733,1.24852,1.24871,1.25,1.00
2014.06.23 18:53:01.233,1.24855,1.24871,1.00,1.00
2014.06.23 18:53:01.811,1.24854,1.24871,1.00,1.00
2014.06.23 18:53:02.853,1.24855,1.24871,1.00,1.00
2014.06.23 18:53:03.463,1.24854,1.24871,1.00,1.00
2014.06.23 18:53:05.177,1.24855,1.24871,1.00,1.00
2014.06.23 18:53:05.726,1.24852,1.24871,1.25,1.00
2014.06.23 18:53:05.986,1.24854,1.24871,1.00,1.00
2014.06.23 18:53:08.077,1.24855,1.24871,1.00,1.00
2014.06.23 18:53:09.289,1.24854,1.24871,1.00,1.00
2014.06.23 18:53:10.463,1.24852,1.24871,1.25,1.00
2014.06.23 18:53:10.773,1.24855,1.24871,1.00,1.00
2014.06.23 18:53:12.755,1.24854,1.24871,1.00,1.00
2014.06.23 18:53:14.406,1.24855,1.24871,1.00,1.00
2014.06.23 18:53:15.016,1.24854,1.24871,1.00,1.00
2014.06.23 18:53:17.568,1.24855,1.24871,1.00,1.00
2014.06.23 18:53:18.481,1.24854,1.24871,1.00,1.00
2014.06.23 18:53:19.308,1.24855,1.24871,1.00,1.00
2014.06.23 18:53:20.410,1.24854,1.24871,1.00,1.00
2014.06.23 18:53:22.849,1.24855,1.24871,1.00,1.00
2014.06.23 18:53:24.083,1.24854,1.24871,1.00,1.00
2014.06.23 18:53:24.590,1.24855,1.24871,1.00,1.00
2014.06.23 18:53:27.941,1.24854,1.24871,1.25,1.00
2014.06.23 18:53:29.873,1.24855,1.24871,1.00,1.00
2014.06.23 18:53:33.660,1.24854,1.24871,1.25,1.00
2014.06.23 18:53:37.516,1.24855,1.24871,1.00,1.00
2014.06.23 18:53:40.653,1.24855,1.24872,1.00,1.00
2014.06.23 18:53:45.011,1.24854,1.24872,1.25,1.00
2014.06.23 18:53:48.866,1.24855,1.24872,1.00,1.00
2014.06.23 18:53:49.588,1.24854,1.24872,1.25,1.00
2014.06.23 18:53:52.701,1.24855,1.24872,1.00,1.00
2014.06.23 18:53:53.311,1.24854,1.24872,1.25,1.00
2014.06.23 18:54:05.247,1.24855,1.24872,1.00,1.00
2014.06.23 18:54:06.485,1.24853,1.24872,1.19,1.00
2014.06.23 18:54:07.887,1.24855,1.24872,1.00,1.00
2014.06.23 18:54:10.527,1.24854,1.24872,1.25,1.00
2014.06.23 18:54:11.750,1.24855,1.24872,1.00,1.00
2014.06.23 18:54:13.431,1.24854,1.24872,1.25,1.00
2014.06.23 18:54:14.111,1.24855,1.24872,1.00,1.25
2014.06.23 18:54:15.358,1.24854,1.24872,1.25,1.00
2014.06.23 18:54:17.383,1.24855,1.24872,1.00,1.00
2014.06.23 18:54:18.204,1.24854,1.24872,1.00,1.00
2014.06.23 18:54:19.309,1.24855,1.24872,1.00,1.00
2014.06.23 18:54:19.999,1.24854,1.24872,1.00,1.00
2014.06.23 18:54:20.516,1.24855,1.24872,1.00,1.00
2014.06.23 18:54:21.234,1.24854,1.24872,1.00,1.00
2014.06.23 18:54:23.097,1.24855,1.24872,1.00,1.00
2014.06.23 18:54:24.396,1.24854,1.24872,1.25,1.00
2014.06.23 18:54:25.055,1.24855,1.24872,1.00,1.00
2014.06.23 18:54:26.888,1.24854,1.24872,1.25,1.00
2014.06.23 18:54:28.805,1.24855,1.24872,1.00,1.00
2014.06.23 18:54:32.562,1.24854,1.24872,1.25,1.00
2014.06.23 18:54:34.638,1.24855,1.24872,1.00,1.00
2014.06.23 18:54:36.468,1.24854,1.24872,1.25,1.00
2014.06.23 18:54:37.220,1.24855,1.24872,1.00,1.00
2014.06.23 18:54:38.305,1.24854,1.24872,1.25,1.00
2014.06.23 18:54:40.240,1.24855,1.24872,1.00,1.00
2014.06.23 18:54:44.031,1.24854,1.24872,1.25,1.00
2014.06.23 18:54:45.849,1.24855,1.24872,1.00,1.00
2014.06.23 18:54:49.707,1.24854,1.24872,1.25,1.00
2014.06.23 18:54:55.368,1.24855,1.24872,1.00,1.00
2014.06.23 18:55:01.131,1.24854,1.24872,1.25,1.00
2014.06.23 18:55:01.731,1.24855,1.24872,1.00,1.00
2014.06.23 18:55:02.688,1.24854,1.24872,1.00,1.25
2014.06.23 18:55:04.933,1.24855,1.24872,1.00,1.25
2014.06.23 18:55:06.326,1.24854,1.24872,1.00,1.25
2014.06.23 18:55:06.832,1.24855,1.24872,1.00,1.25
2014.06.23 18:55:08.005,1.24854,1.24872,1.00,1.25
2014.06.23 18:55:08.712,1.24855,1.24872,1.00,1.25
2014.06.23 18:55:11.930,1.24855,1.24872,1.00,1.69
2014.06.23 18:55:12.590,1.24854,1.24872,1.00,1.69
2014.06.23 18:55:13.200,1.24854,1.24872,1.00,1.00
2014.06.23 18:55:14.474,1.24855,1.24872,1.00,1.00
2014.06.23 18:55:16.285,1.24854,1.24872,1.00,1.00
2014.06.23 18:55:18.201,1.24855,1.24872,1.00,1.00
2014.06.23 18:55:22.021,1.24854,1.24872,1.00,1.00
2014.06.23 18:55:25.806,1.24855,1.24872,1.00,1.00
2014.06.23 18:55:27.772,1.24854,1.24872,1.00,1.00
2014.06.23 18:55:29.674,1.24855,1.24872,1.00,1.00
2014.06.23 18:55:33.429,1.24854,1.24872,1.00,1.00
2014.06.23 18:55:35.364,1.24855,1.24872,1.00,1.00
2014.06.23 18:55:38.334,1.24854,1.24872,1.00,1.69
2014.06.23 18:55:39.125,1.24855,1.24872,1.00,1.69
2014.06.23 18:55:39.726,1.24855,1.24872,1.00,1.69
2014.06.23 18:55:40.542,1.24854,1.24872,1.00,1.69
2014.06.23 18:55:41.047,1.24854,1.24872,1.00,1.25
2014.06.23 18:55:44.699,1.24855,1.24872,1.00,1.00
2014.06.23 18:55:46.259,1.24854,1.24872,1.00,1.00
2014.06.23 18:55:46.764,1.24855,1.24872,1.00,1.00
2014.06.23 18:55:48.634,1.24854,1.24872,1.00,1.00
2014.06.23 18:55:51.364,1.24855,1.24872,1.00,1.00
2014.06.23 18:55:52.477,1.24854,1.24872,1.00,1.00
2014.06.23 18:55:54.292,1.24855,1.24872,1.00,1.00
2014.06.23 18:55:56.620,1.24854,1.24872,1.00,1.00
2014.06.23 18:55:58.141,1.24855,1.24872,1.00,1.00
2014.06.23 18:56:00.026,1.24854,1.24872,1.00,1.00
2014.06.23 18:56:01.959,1.24855,1.24872,1.00,1.00
2014.06.23 18:56:03.842,1.24854,1.24872,1.00,1.00
2014.06.23 18:56:05.768,1.24855,1.24872,1.00,1.00
2014.06.23 18:56:07.615,1.24854,1.24872,1.00,1.00
2014.06.23 18:56:09.515,1.24855,1.24872,1.00,1.00
2014.06.23 18:56:13.409,1.24854,1.24872,1.00,1.00
2014.06.23 18:56:15.313,1.24855,1.24872,1.00,1.00
2014.06.23 18:56:17.116,1.24854,1.24872,1.00,1.00
2014.06.23 18:56:19.098,1.24855,1.24872,1.00,1.00
2014.06.23 18:56:25.641,1.24855,1.24871,1.00,1.00
2014.06.23 18:56:26.606,1.24854,1.24871,1.00,1.00
2014.06.23 18:56:28.848,1.24855,1.24871,1.00,1.00
2014.06.23 18:56:30.187,1.24854,1.24871,1.00,1.00
2014.06.23 18:56:30.777,1.24855,1.24871,1.00,1.00
2014.06.23 18:56:32.294,1.24854,1.24871,1.00,1.00
2014.06.23 18:56:34.284,1.24855,1.24871,1.00,1.00
2014.06.23 18:56:35.119,1.24854,1.2487,1.00,1.25
2014.06.23 18:56:38.034,1.24855,1.2487,1.00,1.25
2014.06.23 18:56:41.939,1.24854,1.2487,1.00,1.25
2014.06.23 18:56:49.536,1.24855,1.2487,1.00,1.25
2014.06.23 18:56:50.307,1.24855,1.24871,1.00,1.00
2014.06.23 18:56:51.420,1.24854,1.24871,1.00,1.00
2014.06.23 18:56:53.339,1.24855,1.24871,1.00,1.00
2014.06.23 18:56:55.159,1.24854,1.24871,1.00,1.00
2014.06.23 18:56:56.793,1.24855,1.24871,1.00,1.00
2014.06.23 18:56:57.516,1.24854,1.24871,1.00,1.00
2014.06.23 18:57:00.900,1.24855,1.24871,1.00,1.00
2014.06.23 18:57:02.849,1.24854,1.24871,1.00,1.00
2014.06.23 18:57:04.741,1.24855,1.24871,1.00,1.00
2014.06.23 18:57:06.572,1.24854,1.24871,1.00,1.00
2014.06.23 18:57:09.147,1.24854,1.2487,1.00,1.19
2014.06.23 18:57:10.357,1.24855,1.2487,1.00,1.19
2014.06.23 18:57:20.042,1.24854,1.2487,1.00,1.19
2014.06.23 18:57:21.821,1.24855,1.2487,1.00,1.19
2014.06.23 18:57:23.108,1.24855,1.24871,1.00,1.00
2014.06.23 18:57:23.733,1.24854,1.24871,1.00,1.00
2014.06.23 18:57:25.488,1.24855,1.24871,1.00,1.69
2014.06.23 18:57:29.543,1.24854,1.24871,1.00,1.25
2014.06.23 18:57:33.223,1.24855,1.24871,1.00,1.00
2014.06.23 18:57:35.135,1.24854,1.24871,1.00,1.00
2014.06.23 18:57:41.356,1.24855,1.24871,1.00,1.00
2014.06.23 18:57:42.066,1.24854,1.24871,1.00,1.00
2014.06.23 18:57:43.713,1.24855,1.24871,1.00,1.00
2014.06.23 18:57:48.451,1.24854,1.24871,1.00,1.00
2014.06.23 18:57:52.192,1.24855,1.24871,1.00,1.00
2014.06.23 18:57:57.884,1.24854,1.24871,1.00,1.00
2014.06.23 18:58:00.747,1.24855,1.24871,1.00,1.00
2014.06.23 18:58:01.454,1.24854,1.24871,1.00,1.00
2014.06.23 18:58:05.043,1.24855,1.24871,1.00,1.00
2014.06.23 18:58:07.446,1.24854,1.24871,1.00,1.00
2014.06.23 18:58:11.198,1.24855,1.24871,1.00,1.00
2014.06.23 18:58:13.086,1.24854,1.24871,1.00,1.00
2014.06.23 18:58:16.938,1.24855,1.24871,1.00,1.00
2014.06.23 18:58:18.855,1.24854,1.24871,1.00,1.00
2014.06.23 18:58:20.775,1.24855,1.24871,1.00,1.00
2014.06.23 18:58:22.640,1.24854,1.24871,1.00,1.00
2014.06.23 18:58:25.178,1.24851,1.24871,1.19,1.00
2014.06.23 18:58:31.865,1.24854,1.24871,1.00,1.00
2014.06.23 18:58:34.114,1.24855,1.24871,1.00,1.00
2014.06.23 18:58:36.220,1.24854,1.24871,1.00,1.00
2014.06.23 18:58:45.482,1.24855,1.24871,1.00,1.00
2014.06.23 18:58:53.131,1.24854,1.24871,1.00,1.00
2014.06.23 18:58:55.026,1.24855,1.24871,1.00,1.00
2014.06.23 18:58:56.887,1.24854,1.24871,1.00,1.00
2014.06.23 18:59:02.537,1.24855,1.24871,1.00,1.00
2014.06.23 18:59:07.372,1.24854,1.24871,1.00,1.00
2014.06.23 18:59:10.150,1.24855,1.24871,1.00,1.00
2014.06.23 18:59:10.905,1.24855,1.24872,1.00,1.00
2014.06.23 18:59:12.135,1.24855,1.24871,1.00,1.25
2014.06.23 18:59:14.017,1.24854,1.24871,1.00,1.25
2014.06.23 18:59:15.946,1.24855,1.24871,1.00,1.25
2014.06.23 18:59:17.744,1.24854,1.24872,1.00,1.69
2014.06.23 18:59:19.382,1.24855,1.24872,1.00,1.69
2014.06.23 18:59:20.148,1.24854,1.24872,1.00,1.69
2014.06.23 18:59:21.599,1.24855,1.24872,1.00,1.69
2014.06.23 18:59:23.520,1.24854,1.24872,1.00,1.69
2014.06.23 18:59:25.493,1.24855,1.24872,1.00,1.69
2014.06.23 18:59:29.254,1.24854,1.24872,1.00,1.69
2014.06.23 18:59:30.335,1.24854,1.2487,1.00,1.19
2014.06.23 18:59:31.100,1.24855,1.2487,1.00,1.19
2014.06.23 18:59:33.105,1.24855,1.24871,1.00,1.25
2014.06.23 18:59:34.187,1.24851,1.24871,1.19,1.25
2014.06.23 18:59:39.684,1.24854,1.24871,1.00,1.25
2014.06.23 18:59:40.580,1.24855,1.24871,1.00,1.25
2014.06.23 18:59:43.140,1.24855,1.24872,1.00,1.25
2014.06.23 18:59:49.835,1.24854,1.24872,1.00,1.25
2014.06.23 18:59:50.523,1.24854,1.24872,1.00,1.69
2014.06.23 18:59:50.616,1.2485,1.24872,1.19,1.69
2014.06.23 18:59:51.296,1.24849,1.24868,1.25,1.25
2014.06.23 18:59:53.997,1.2485,1.24868,1.00,1.25
2014.06.23 18:59:55.859,1.24849,1.24868,1.25,1.25
2014.06.23 18:59:59.581,1.2485,1.24868,1.00,1.25
