2018.06.12 10:00:00.838,1.33359,1.33374,1.20,1.00
2018.06.12 10:00:01.418,1.33359,1.33374,1.57,1.00
2018.06.12 10:00:02.145,1.33359,1.33375,2.51,1.00
2018.06.12 10:00:04.756,1.3336,1.33375,1.45,1.00
2018.06.12 10:00:06.883,1.33361,1.33375,1.20,1.00
2018.06.12 10:00:10.430,1.33361,1.33375,1.45,1.00
2018.06.12 10:00:10.482,1.33363,1.33378,1.20,1.00
2018.06.12 10:00:10.533,1.33362,1.33376,1.82,1.50
2018.06.12 10:00:10.738,1.33361,1.33376,1.57,1.50
2018.06.12 10:00:10.842,1.33362,1.33376,1.82,1.00
2018.06.12 10:00:10.894,1.33363,1.33379,1.57,1.00
2018.06.12 10:00:13.967,1.33363,1.33379,2.32,1.00
2018.06.12 10:00:14.525,1.33363,1.33379,2.32,1.00
2018.06.12 10:00:16.249,1.33363,1.3338,1.57,1.10
2018.06.12 10:00:16.687,1.33365,1.3338,1.45,1.00
2018.06.12 10:00:17.035,1.33364,1.3338,1.20,1.00
2018.06.12 10:00:17.137,1.33364,1.3338,1.95,1.00
2018.06.12 10:00:19.244,1.33365,1.33381,1.45,2.62
2018.06.12 10:00:19.359,1.33365,1.33381,1.20,2.62
2018.06.12 10:00:19.462,1.33364,1.33379,1.45,1.00
2018.06.12 10:00:19.731,1.33364,1.33379,1.20,1.00
2018.06.12 10:00:19.800,1.33364,1.33379,1.95,1.00
2018.06.12 10:00:20.447,1.33364,1.33379,1.95,1.00
2018.06.12 10:00:21.497,1.33364,1.33379,1.45,1.00
2018.06.12 10:00:22.112,1.33364,1.33379,1.45,1.00
2018.06.12 10:00:23.658,1.33364,1.33379,1.45,1.00
2018.06.12 10:00:24.169,1.33364,1.33378,1.00,1.00
2018.06.12 10:00:25.318,1.33363,1.33378,1.20,1.00
2018.06.12 10:00:25.421,1.33363,1.33378,1.57,1.00
2018.06.12 10:00:30.804,1.33362,1.33378,2.32,1.00
2018.06.12 10:00:40.769,1.33362,1.33379,3.07,1.00
2018.06.12 10:00:42.415,1.33362,1.33379,3.26,1.00
2018.06.12 10:00:42.466,1.33363,1.33381,2.32,3.00
2018.06.12 10:00:42.516,1.33363,1.33381,2.32,1.95
2018.06.12 10:00:42.834,1.33363,1.33381,2.32,1.50
2018.06.12 10:00:43.414,1.33364,1.33382,2.51,1.50
2018.06.12 10:00:43.756,1.33364,1.33382,3.82,1.00
2018.06.12 10:00:44.283,1.33365,1.33382,1.01,1.00
2018.06.12 10:00:44.866,1.33365,1.33382,1.76,1.00
2018.06.12 10:00:49.567,1.33366,1.33382,1.45,1.00
2018.06.12 10:00:49.810,1.33368,1.33384,1.45,1.10
2018.06.12 10:00:49.914,1.33369,1.33386,2.70,1.20
2018.06.12 10:00:49.986,1.33371,1.33386,1.07,1.00
2018.06.12 10:00:50.489,1.33371,1.33387,1.07,1.00
2018.06.12 10:00:51.036,1.33371,1.33387,1.10,1.00
2018.06.12 10:00:56.475,1.33371,1.33387,1.10,1.20
2018.06.12 10:00:57.032,1.33371,1.33387,1.10,1.12
2018.06.12 10:01:01.905,1.33371,1.33387,1.20,1.57
2018.06.12 10:01:04.427,1.33371,1.33386,1.20,1.00
2018.06.12 10:01:14.399,1.33371,1.33387,2.70,1.10
2018.06.12 10:01:14.503,1.33373,1.33389,1.57,1.00
2018.06.12 10:01:14.554,1.33375,1.33389,1.07,1.00
2018.06.12 10:01:14.966,1.33374,1.3339,1.20,1.00
2018.06.12 10:01:16.012,1.33374,1.3339,1.57,1.07
2018.06.12 10:01:17.913,1.33374,1.3339,1.10,1.12
2018.06.12 10:01:18.015,1.33374,1.3339,3.07,1.00
2018.06.12 10:01:19.203,1.33375,1.3339,2.32,1.00
2018.06.12 10:01:19.727,1.33375,1.33391,3.07,1.00
2018.06.12 10:01:22.069,1.33376,1.33391,1.57,1.00
2018.06.12 10:01:23.652,1.33376,1.33391,1.57,1.00
2018.06.12 10:01:23.956,1.33376,1.33391,2.32,1.00
2018.06.12 10:01:31.732,1.33376,1.33391,2.32,1.00
2018.06.12 10:01:31.858,1.33376,1.33391,3.07,1.00
2018.06.12 10:01:34.474,1.33376,1.33393,3.07,1.00
2018.06.12 10:01:40.305,1.33376,1.33394,3.07,1.87
2018.06.12 10:01:59.248,1.33378,1.33395,1.00,2.70
2018.06.12 10:01:59.761,1.33378,1.33394,1.10,1.00
2018.06.12 10:02:00.776,1.33378,1.33394,1.00,1.07
2018.06.12 10:02:01.309,1.33378,1.33394,1.00,1.07
2018.06.12 10:02:01.410,1.33378,1.33395,1.20,2.25
2018.06.12 10:02:13.070,1.33378,1.33395,1.45,1.95
2018.06.12 10:02:15.371,1.3338,1.33398,1.10,1.20
2018.06.12 10:02:15.423,1.33383,1.334,1.20,1.50
2018.06.12 10:02:15.475,1.33383,1.334,1.20,1.00
2018.06.12 10:02:16.039,1.33383,1.33401,1.10,1.57
2018.06.12 10:02:19.308,1.33383,1.33401,1.20,2.32
2018.06.12 10:02:20.388,1.33382,1.33399,1.45,1.00
2018.06.12 10:02:26.199,1.33383,1.33399,1.95,1.00
2018.06.12 10:02:26.301,1.33383,1.33399,1.20,1.10
2018.06.12 10:02:28.492,1.33383,1.33399,1.45,1.00
2018.06.12 10:02:30.466,1.33383,1.33399,1.95,1.00
2018.06.12 10:02:30.984,1.33383,1.33399,1.95,1.00
2018.06.12 10:02:40.751,1.33383,1.33399,1.45,1.00
2018.06.12 10:02:43.794,1.33383,1.33399,1.00,1.10
2018.06.12 10:02:43.897,1.33383,1.33399,1.95,1.00
2018.06.12 10:02:44.086,1.33383,1.33399,1.00,1.10
2018.06.12 10:02:49.475,1.33383,1.33398,1.00,1.00
2018.06.12 10:02:49.994,1.33381,1.33397,2.32,1.00
2018.06.12 10:02:50.241,1.33381,1.33397,3.07,1.50
2018.06.12 10:02:50.292,1.33381,1.33397,1.57,1.87
2018.06.12 10:02:50.344,1.33377,1.33393,2.32,1.00
2018.06.12 10:02:50.396,1.33376,1.33392,1.82,1.00
2018.06.12 10:02:51.181,1.33376,1.33392,1.57,1.00
2018.06.12 10:02:51.377,1.33376,1.33392,1.20,1.00
2018.06.12 10:02:54.880,1.33376,1.33392,1.95,1.00
2018.06.12 10:02:55.740,1.33378,1.33393,1.10,1.00
2018.06.12 10:02:55.792,1.33378,1.33393,1.45,1.00
2018.06.12 10:02:55.844,1.33379,1.33395,1.07,1.00
2018.06.12 10:02:56.101,1.33382,1.33397,1.00,1.45
2018.06.12 10:02:56.152,1.33382,1.33397,1.00,1.10
2018.06.12 10:02:56.255,1.33384,1.33399,1.00,1.10
2018.06.12 10:02:57.498,1.33384,1.33399,1.45,1.00
2018.06.12 10:03:04.039,1.33384,1.33399,1.20,1.00
2018.06.12 10:03:04.577,1.33385,1.334,1.10,1.00
2018.06.12 10:03:10.973,1.33381,1.33398,3.07,1.00
2018.06.12 10:03:11.077,1.33381,1.33397,1.87,1.07
2018.06.12 10:03:12.192,1.33381,1.33398,1.87,3.45
2018.06.12 10:03:12.613,1.33381,1.33397,1.57,1.07
2018.06.12 10:03:22.465,1.33381,1.33397,1.95,1.20
2018.06.12 10:03:22.837,1.33381,1.33397,1.50,1.57
2018.06.12 10:03:22.938,1.33381,1.33397,1.50,1.20
2018.06.12 10:03:23.468,1.33381,1.33397,1.95,1.20
2018.06.12 10:03:25.184,1.33381,1.33397,1.50,1.57
2018.06.12 10:03:28.413,1.33381,1.33396,2.32,1.00
2018.06.12 10:03:28.515,1.33382,1.33399,1.20,1.57
2018.06.12 10:03:28.721,1.33382,1.33399,1.57,1.00
2018.06.12 10:03:30.742,1.33383,1.33399,1.07,1.00
2018.06.12 10:03:31.094,1.33382,1.33399,3.07,1.00
2018.06.12 10:03:31.783,1.33382,1.33399,1.57,1.20
2018.06.12 10:03:32.414,1.33383,1.33399,1.07,1.00
2018.06.12 10:03:34.313,1.33382,1.33398,1.20,1.07
2018.06.12 10:03:35.052,1.33381,1.33399,1.95,2.70
2018.06.12 10:03:35.575,1.33381,1.33399,1.50,2.32
2018.06.12 10:03:35.947,1.33381,1.33399,1.95,1.12
2018.06.12 10:03:36.542,1.33381,1.33399,1.95,2.06
2018.06.12 10:03:36.849,1.33377,1.33392,1.95,1.00
2018.06.12 10:03:38.784,1.33376,1.33392,1.57,1.00
2018.06.12 10:03:38.886,1.33378,1.33395,1.82,1.50
2018.06.12 10:03:39.142,1.33379,1.33397,2.70,1.10
2018.06.12 10:03:39.500,1.33383,1.33398,1.00,1.20
2018.06.12 10:03:39.948,1.33385,1.334,1.00,1.10
2018.06.12 10:03:40.471,1.33383,1.334,1.20,1.00
2018.06.12 10:03:40.522,1.33383,1.334,1.45,1.00
2018.06.12 10:03:47.267,1.33383,1.334,1.45,1.37
2018.06.12 10:03:47.789,1.33383,1.334,1.45,1.12
2018.06.12 10:03:47.840,1.33383,1.334,1.00,1.57
2018.06.12 10:03:48.655,1.33383,1.334,1.20,1.12
2018.06.12 10:03:49.018,1.33383,1.334,1.45,1.12
2018.06.12 10:03:49.527,1.33383,1.334,1.45,1.37
2018.06.12 10:03:50.191,1.33383,1.334,1.10,1.57
2018.06.12 10:03:50.293,1.33383,1.334,1.20,1.12
2018.06.12 10:03:50.933,1.33383,1.334,1.20,1.37
2018.06.12 10:03:51.496,1.33383,1.334,1.20,1.00
2018.06.12 10:03:54.154,1.33383,1.334,1.45,1.00
2018.06.12 10:03:55.846,1.33383,1.334,1.50,1.57
2018.06.12 10:03:56.574,1.33383,1.334,1.10,1.20
2018.06.12 10:04:01.881,1.33383,1.334,1.00,1.45
2018.06.12 10:04:02.397,1.33383,1.334,1.20,1.20
2018.06.12 10:04:03.461,1.33383,1.334,1.00,1.45
2018.06.12 10:04:03.513,1.33383,1.334,1.10,1.10
2018.06.12 10:04:04.200,1.33383,1.334,1.07,1.45
2018.06.12 10:04:04.860,1.33383,1.33398,1.07,1.00
2018.06.12 10:04:10.299,1.33382,1.334,1.57,1.45
2018.06.12 10:04:16.252,1.33382,1.334,1.57,1.10
2018.06.12 10:04:16.760,1.33382,1.334,1.57,1.45
2018.06.12 10:04:18.696,1.33382,1.334,1.00,1.95
2018.06.12 10:04:18.798,1.33382,1.334,1.10,1.95
2018.06.12 10:04:23.086,1.33382,1.33399,1.00,1.45
2018.06.12 10:04:23.690,1.33382,1.33399,1.07,1.45
2018.06.12 10:04:28.008,1.33382,1.33399,1.10,1.57
2018.06.12 10:04:28.313,1.33375,1.33392,1.50,1.20
2018.06.12 10:04:28.702,1.33375,1.33392,1.50,1.95
2018.06.12 10:04:30.327,1.33376,1.33392,1.00,1.95
2018.06.12 10:04:34.875,1.33376,1.33391,1.00,1.10
2018.06.12 10:04:35.028,1.33376,1.33391,1.00,1.95
2018.06.12 10:04:35.079,1.33376,1.33391,1.00,1.20
2018.06.12 10:04:35.435,1.33376,1.33391,1.00,1.95
2018.06.12 10:04:36.926,1.33376,1.33391,1.00,1.00
2018.06.12 10:04:39.074,1.33376,1.33391,1.00,1.20
2018.06.12 10:04:39.644,1.33376,1.33391,1.00,1.00
2018.06.12 10:04:39.818,1.33376,1.33391,1.00,1.45
2018.06.12 10:04:39.920,1.33376,1.33391,1.00,1.00
2018.06.12 10:04:42.265,1.33376,1.33391,1.00,1.45
2018.06.12 10:04:42.316,1.33376,1.33391,1.10,1.20
2018.06.12 10:04:42.754,1.33376,1.33391,1.00,1.45
2018.06.12 10:04:43.284,1.33376,1.33391,1.00,1.20
2018.06.12 10:04:44.322,1.33376,1.33391,1.10,1.20
2018.06.12 10:04:45.786,1.33376,1.33391,1.00,1.20
2018.06.12 10:04:46.937,1.33376,1.33391,1.10,1.20
2018.06.12 10:04:49.426,1.33376,1.3339,1.00,1.00
2018.06.12 10:04:54.772,1.33376,1.33392,1.95,1.20
2018.06.12 10:04:55.697,1.33376,1.33392,1.95,1.00
2018.06.12 10:05:05.540,1.33376,1.33392,1.57,1.10
2018.06.12 10:05:13.121,1.33376,1.33393,1.20,1.20
2018.06.12 10:05:33.447,1.33376,1.33393,1.20,1.45
2018.06.12 10:05:33.498,1.33375,1.3339,1.07,1.00
2018.06.12 10:05:33.550,1.33374,1.3339,1.57,1.10
2018.06.12 10:05:34.073,1.33374,1.3339,1.00,1.10
2018.06.12 10:05:34.582,1.33372,1.3339,1.57,1.10
2018.06.12 10:05:35.436,1.33371,1.33387,1.20,1.00
2018.06.12 10:05:38.479,1.33371,1.33387,1.00,1.20
2018.06.12 10:05:39.012,1.33371,1.33387,1.20,1.00
2018.06.12 10:05:39.996,1.33371,1.33387,1.20,1.00
2018.06.12 10:05:40.616,1.33372,1.33389,1.07,1.57
2018.06.12 10:05:40.668,1.33372,1.33388,1.00,1.45
2018.06.12 10:05:40.844,1.33372,1.33389,1.20,1.57
2018.06.12 10:05:44.465,1.33373,1.33389,1.57,1.00
2018.06.12 10:05:44.978,1.33373,1.33389,1.57,1.00
2018.06.12 10:06:04.425,1.33373,1.3339,1.07,1.00
2018.06.12 10:06:10.339,1.33373,1.33388,1.57,1.00
2018.06.12 10:06:19.425,1.33373,1.33389,1.57,1.00
2018.06.12 10:06:25.339,1.33373,1.33388,1.57,1.00
2018.06.12 10:06:27.699,1.33373,1.33388,1.20,1.10
2018.06.12 10:06:28.005,1.33375,1.33388,1.07,1.00
2018.06.12 10:06:28.126,1.33374,1.33392,1.82,1.10
2018.06.12 10:06:28.331,1.33377,1.33394,1.10,1.10
2018.06.12 10:06:29.329,1.33377,1.33394,1.45,1.10
2018.06.12 10:06:40.235,1.33377,1.33394,1.07,1.00
2018.06.12 10:06:40.863,1.33377,1.33394,1.10,1.10
2018.06.12 10:07:04.382,1.33377,1.33394,1.00,1.95
2018.06.12 10:07:04.990,1.33376,1.33394,1.57,1.95
2018.06.12 10:07:06.008,1.33376,1.3339,1.20,1.00
2018.06.12 10:07:06.317,1.33376,1.33388,1.00,1.00
2018.06.12 10:07:07.392,1.33373,1.33388,1.57,1.00
2018.06.12 10:07:10.052,1.33373,1.33388,1.20,1.00
2018.06.12 10:07:25.301,1.33373,1.3339,1.20,1.10
2018.06.12 10:07:27.037,1.33373,1.33389,1.10,1.00
2018.06.12 10:07:27.795,1.33373,1.33389,1.10,1.20
2018.06.12 10:07:30.979,1.33371,1.33389,1.57,1.57
2018.06.12 10:07:32.169,1.33371,1.33389,1.57,1.95
2018.06.12 10:07:32.271,1.33371,1.33388,1.20,1.20
2018.06.12 10:07:33.571,1.33371,1.33384,1.12,1.45
2018.06.12 10:07:33.741,1.33367,1.33383,1.57,1.00
2018.06.12 10:07:33.797,1.33365,1.33381,1.57,1.00
2018.06.12 10:07:33.849,1.33365,1.33381,1.10,1.20
2018.06.12 10:07:35.980,1.33365,1.33379,1.10,1.00
2018.06.12 10:07:37.504,1.33363,1.33379,1.37,1.20
2018.06.12 10:07:38.140,1.33363,1.33379,1.12,1.95
2018.06.12 10:07:38.765,1.33362,1.33378,1.57,1.00
2018.06.12 10:07:40.340,1.33364,1.33379,1.00,1.95
2018.06.12 10:07:42.845,1.33364,1.33378,1.00,1.45
2018.06.12 10:07:42.947,1.33363,1.33381,1.45,2.32
2018.06.12 10:07:42.998,1.33363,1.33381,1.62,1.57
2018.06.12 10:07:43.332,1.33362,1.33378,1.12,1.57
2018.06.12 10:07:47.870,1.33362,1.33378,1.12,1.45
2018.06.12 10:07:47.972,1.33362,1.33378,1.20,1.00
2018.06.12 10:07:48.846,1.33362,1.33378,1.20,1.10
2018.06.12 10:07:49.355,1.33363,1.3338,1.00,2.32
2018.06.12 10:07:49.406,1.33363,1.3338,1.00,3.07
2018.06.12 10:07:50.149,1.33361,1.33379,2.32,1.45
2018.06.12 10:07:51.187,1.33361,1.33379,2.32,1.20
2018.06.12 10:07:51.290,1.33363,1.33379,1.07,1.10
2018.06.12 10:07:51.444,1.33365,1.33381,1.00,1.10
2018.06.12 10:07:52.500,1.33365,1.33381,1.50,1.20
2018.06.12 10:07:53.106,1.33365,1.33381,1.50,1.10
2018.06.12 10:07:53.725,1.33366,1.33381,1.00,1.10
2018.06.12 10:07:59.205,1.33366,1.33381,1.50,1.45
2018.06.12 10:07:59.716,1.33366,1.33381,1.50,1.20
2018.06.12 10:08:03.187,1.33366,1.33381,1.50,1.10
2018.06.12 10:08:12.506,1.33366,1.33381,1.50,1.45
2018.06.12 10:08:13.045,1.33366,1.33381,1.50,1.00
2018.06.12 10:08:15.144,1.33366,1.33381,2.32,1.00
2018.06.12 10:08:19.540,1.33368,1.33383,1.00,1.20
2018.06.12 10:08:20.649,1.33368,1.33383,1.10,1.20
2018.06.12 10:08:21.855,1.33368,1.33383,1.07,1.00
2018.06.12 10:08:25.350,1.33368,1.33385,1.07,1.45
2018.06.12 10:08:28.981,1.33368,1.33385,1.00,1.95
2018.06.12 10:08:29.033,1.33368,1.33385,1.20,1.20
2018.06.12 10:08:29.135,1.33368,1.33385,1.00,1.45
2018.06.12 10:08:39.186,1.33368,1.33385,1.20,1.20
2018.06.12 10:08:40.519,1.33369,1.33385,1.00,1.45
2018.06.12 10:08:40.622,1.33369,1.33385,1.10,1.00
2018.06.12 10:08:44.106,1.33371,1.33385,1.00,1.00
2018.06.12 10:08:49.543,1.33371,1.33386,1.00,1.50
2018.06.12 10:09:10.381,1.33371,1.33385,1.50,1.00
2018.06.12 10:09:14.206,1.33371,1.33386,1.50,1.57
2018.06.12 10:09:14.553,1.33373,1.33388,1.45,1.00
2018.06.12 10:09:14.658,1.33373,1.33388,1.20,1.00
2018.06.12 10:09:15.187,1.33374,1.33391,1.10,1.45
2018.06.12 10:09:15.598,1.33374,1.33391,1.20,1.00
2018.06.12 10:09:16.166,1.33374,1.33391,1.10,1.45
2018.06.12 10:09:16.726,1.33374,1.33391,1.20,1.00
2018.06.12 10:09:17.667,1.33374,1.33391,1.57,1.45
2018.06.12 10:09:18.059,1.33374,1.33391,1.95,1.10
2018.06.12 10:09:18.612,1.33374,1.33391,1.95,1.00
2018.06.12 10:09:25.087,1.33374,1.33391,1.50,1.20
2018.06.12 10:09:25.188,1.33374,1.33391,1.95,1.10
2018.06.12 10:09:30.018,1.33374,1.33392,1.95,1.57
2018.06.12 10:09:52.217,1.33375,1.33392,1.10,1.20
2018.06.12 10:09:55.634,1.33374,1.33392,1.57,2.32
2018.06.12 10:09:55.984,1.33374,1.33392,1.95,1.57
2018.06.12 10:09:57.804,1.33374,1.33392,1.50,1.57
2018.06.12 10:09:57.855,1.33374,1.33392,1.95,1.20
2018.06.12 10:10:04.427,1.33376,1.33392,1.00,1.20
2018.06.12 10:10:09.584,1.33376,1.33392,1.00,1.47
2018.06.12 10:10:10.032,1.33373,1.3339,1.20,1.20
2018.06.12 10:10:10.546,1.33373,1.33391,1.00,1.57
2018.06.12 10:10:11.597,1.33373,1.33391,1.20,1.45
2018.06.12 10:10:15.232,1.33373,1.33391,1.20,1.95
2018.06.12 10:10:15.561,1.33376,1.33392,1.20,1.00
2018.06.12 10:10:19.426,1.33376,1.33394,1.20,1.57
2018.06.12 10:10:25.724,1.33376,1.33394,1.57,1.10
2018.06.12 10:10:26.875,1.33376,1.33394,1.57,1.10
2018.06.12 10:10:29.216,1.33376,1.33394,2.32,1.45
2018.06.12 10:10:29.319,1.33379,1.33395,1.20,1.00
2018.06.12 10:10:29.523,1.33381,1.33398,1.57,1.10
2018.06.12 10:10:37.835,1.33383,1.33398,1.00,1.45
2018.06.12 10:10:37.938,1.3338,1.33398,1.87,2.32
2018.06.12 10:10:38.040,1.3338,1.33398,1.95,2.32
2018.06.12 10:10:38.762,1.3338,1.33398,1.87,2.32
2018.06.12 10:10:41.229,1.3338,1.33397,1.95,1.45
2018.06.12 10:10:43.609,1.3338,1.33397,1.87,1.20
2018.06.12 10:10:46.220,1.3338,1.33396,1.87,1.45
2018.06.12 10:10:46.329,1.3338,1.33397,1.87,1.45
2018.06.12 10:10:46.431,1.3338,1.33394,1.87,1.45
2018.06.12 10:10:46.538,1.3338,1.33397,1.87,1.20
2018.06.12 10:10:49.435,1.3338,1.33397,1.87,1.45
2018.06.12 10:10:49.956,1.3338,1.33398,1.95,3.45
2018.06.12 10:10:54.158,1.3338,1.33396,1.87,1.45
2018.06.12 10:10:55.254,1.3338,1.33395,1.87,1.45
2018.06.12 10:10:55.794,1.3338,1.33396,1.12,1.45
2018.06.12 10:11:09.315,1.33379,1.33395,1.37,1.45
2018.06.12 10:11:09.856,1.33381,1.33396,1.00,1.45
2018.06.12 10:11:11.710,1.33378,1.33395,1.12,1.45
2018.06.12 10:11:11.763,1.3338,1.33395,1.00,1.45
2018.06.12 10:11:11.815,1.3338,1.33396,1.00,1.45
2018.06.12 10:11:14.528,1.33378,1.33394,1.12,1.45
2018.06.12 10:11:19.232,1.33378,1.33395,1.20,1.45
2018.06.12 10:11:19.841,1.33379,1.33394,1.00,1.45
2018.06.12 10:11:32.700,1.33379,1.33394,1.00,1.45
2018.06.12 10:11:32.751,1.33379,1.33394,1.00,1.20
2018.06.12 10:11:38.220,1.33379,1.33394,1.00,1.45
2018.06.12 10:11:38.321,1.33379,1.33394,1.00,1.20
2018.06.12 10:11:38.372,1.33379,1.33394,1.00,1.95
2018.06.12 10:11:38.474,1.33379,1.33394,1.00,1.45
2018.06.12 10:11:47.584,1.33379,1.33394,1.00,1.20
2018.06.12 10:11:47.737,1.33379,1.33394,1.00,1.95
2018.06.12 10:11:47.839,1.33379,1.33394,1.00,1.45
2018.06.12 10:11:48.479,1.33379,1.33394,1.00,1.95
2018.06.12 10:11:50.665,1.33379,1.33395,1.00,2.32
2018.06.12 10:11:50.828,1.33376,1.3339,1.00,1.95
2018.06.12 10:11:51.352,1.33376,1.3339,1.00,1.20
2018.06.12 10:11:52.047,1.33376,1.3339,1.00,1.10
2018.06.12 10:11:58.461,1.33373,1.33388,1.95,1.50
2018.06.12 10:11:58.513,1.33369,1.33386,1.57,1.00
2018.06.12 10:11:59.107,1.33369,1.33386,1.20,1.10
2018.06.12 10:11:59.731,1.33369,1.33386,1.20,1.45
2018.06.12 10:12:00.274,1.33366,1.33382,1.07,1.00
2018.06.12 10:12:00.811,1.33365,1.33382,1.57,1.20
2018.06.12 10:12:01.520,1.33365,1.33382,1.57,1.20
2018.06.12 10:12:02.695,1.33366,1.33382,1.12,1.95
2018.06.12 10:12:02.797,1.33366,1.33382,1.12,1.10
2018.06.12 10:12:04.426,1.33366,1.33381,1.12,1.00
2018.06.12 10:12:07.897,1.33366,1.33381,1.12,1.20
2018.06.12 10:12:08.405,1.33366,1.33381,1.20,1.10
2018.06.12 10:12:09.953,1.33366,1.33381,1.20,1.00
2018.06.12 10:12:10.493,1.33366,1.3338,1.20,1.00
2018.06.12 10:12:22.815,1.33366,1.3338,1.10,1.00
2018.06.12 10:12:23.589,1.33366,1.3338,1.20,1.00
2018.06.12 10:12:24.674,1.33367,1.33382,1.10,1.00
2018.06.12 10:12:40.824,1.33367,1.33382,1.07,1.00
2018.06.12 10:12:49.476,1.33367,1.33383,1.07,1.20
2018.06.12 10:13:03.214,1.33368,1.33383,1.00,1.45
2018.06.12 10:13:03.726,1.33368,1.33383,1.00,1.10
2018.06.12 10:13:10.350,1.33367,1.33385,1.00,1.45
2018.06.12 10:13:19.476,1.33369,1.33384,1.00,1.20
2018.06.12 10:13:25.860,1.33369,1.33384,1.00,1.45
2018.06.12 10:13:26.632,1.33369,1.33384,1.00,1.45
2018.06.12 10:13:30.168,1.33369,1.33384,1.00,1.10
2018.06.12 10:13:33.197,1.33369,1.33384,1.00,1.20
2018.06.12 10:13:35.908,1.33369,1.33385,1.00,1.45
2018.06.12 10:13:36.594,1.33369,1.33385,1.12,1.45
2018.06.12 10:13:37.108,1.33369,1.33385,1.12,1.20
2018.06.12 10:13:37.721,1.33371,1.33385,1.00,1.20
2018.06.12 10:13:42.214,1.33365,1.33382,1.95,1.00
2018.06.12 10:13:42.368,1.33364,1.33382,2.70,1.45
2018.06.12 10:13:47.849,1.33366,1.33382,1.00,1.57
2018.06.12 10:13:50.241,1.33366,1.3338,1.00,1.10
2018.06.12 10:13:50.780,1.33366,1.3338,1.00,1.20
2018.06.12 10:13:57.824,1.33363,1.3338,1.45,1.00
2018.06.12 10:13:58.325,1.33365,1.3338,1.00,1.00
2018.06.12 10:14:00.847,1.33366,1.33383,1.00,1.57
2018.06.12 10:14:04.477,1.33366,1.33384,1.10,1.95
2018.06.12 10:14:05.066,1.33366,1.33384,1.20,1.95
2018.06.12 10:14:10.981,1.33367,1.33384,1.00,1.20
2018.06.12 10:14:18.364,1.33367,1.33384,1.20,1.89
2018.06.12 10:14:18.416,1.33365,1.3338,1.20,1.00
2018.06.12 10:14:19.039,1.33365,1.3338,1.12,1.20
2018.06.12 10:14:21.629,1.33365,1.33379,1.20,1.00
2018.06.12 10:14:25.356,1.33365,1.3338,1.20,1.00
2018.06.12 10:14:27.899,1.33363,1.3338,1.07,1.00
2018.06.12 10:14:34.290,1.33363,1.3338,1.57,1.00
2018.06.12 10:14:34.393,1.33365,1.33382,1.57,1.00
2018.06.12 10:14:34.647,1.33365,1.33382,1.57,1.00
2018.06.12 10:14:40.300,1.33366,1.33383,1.95,1.57
2018.06.12 10:14:44.488,1.33366,1.33383,1.57,1.20
2018.06.12 10:14:44.669,1.33366,1.33381,1.07,1.00
2018.06.12 10:14:44.772,1.33363,1.33381,1.20,1.45
2018.06.12 10:14:45.282,1.33363,1.33381,1.57,1.45
2018.06.12 10:14:49.426,1.33363,1.33378,1.57,1.00
2018.06.12 10:15:00.158,1.33363,1.33378,1.20,1.20
2018.06.12 10:15:00.361,1.33364,1.33381,1.10,1.10
2018.06.12 10:15:01.844,1.33365,1.33381,1.00,1.10
2018.06.12 10:15:02.605,1.33366,1.33381,1.00,1.10
2018.06.12 10:15:04.447,1.33366,1.3338,1.00,1.00
2018.06.12 10:15:04.720,1.33364,1.3338,1.10,1.00
2018.06.12 10:15:05.282,1.33365,1.3338,1.00,1.00
2018.06.12 10:15:06.371,1.33364,1.3338,1.00,1.20
2018.06.12 10:15:06.473,1.33366,1.3338,1.00,1.20
2018.06.12 10:15:10.333,1.33364,1.33379,1.07,1.00
2018.06.12 10:15:11.587,1.33364,1.33378,1.50,1.00
2018.06.12 10:15:11.689,1.3336,1.33376,1.57,1.00
2018.06.12 10:15:13.589,1.33358,1.33376,1.57,1.20
2018.06.12 10:15:14.268,1.33358,1.33376,1.57,2.32
2018.06.12 10:15:23.009,1.33357,1.33374,1.45,1.20
2018.06.12 10:15:34.139,1.33356,1.33374,3.45,1.45
2018.06.12 10:15:35.350,1.33357,1.33374,1.95,1.20
2018.06.12 10:15:36.068,1.33357,1.33374,1.95,1.20
2018.06.12 10:15:36.736,1.33357,1.33374,1.95,1.20
2018.06.12 10:15:40.350,1.33358,1.33374,1.20,1.00
2018.06.12 10:15:45.759,1.33358,1.33374,1.57,1.10
2018.06.12 10:16:07.332,1.33358,1.33374,1.20,1.20
2018.06.12 10:16:08.652,1.33358,1.33374,1.47,1.20
2018.06.12 10:16:35.362,1.33357,1.33375,3.45,1.95
2018.06.12 10:16:41.318,1.33358,1.33375,2.32,1.45
2018.06.12 10:16:41.370,1.3336,1.33378,1.12,2.14
2018.06.12 10:16:42.569,1.33361,1.33378,1.00,1.45
2018.06.12 10:16:47.185,1.33361,1.33378,1.50,2.14
2018.06.12 10:16:48.002,1.33361,1.33378,1.50,2.14
2018.06.12 10:16:51.871,1.33363,1.33377,1.12,1.20
2018.06.12 10:16:51.974,1.33366,1.3338,1.00,1.69
2018.06.12 10:16:52.163,1.33366,1.33378,1.12,1.00
2018.06.12 10:16:52.470,1.33373,1.33385,1.37,1.37
2018.06.12 10:16:52.846,1.33373,1.33388,1.50,1.20
2018.06.12 10:16:54.682,1.33373,1.3339,1.95,1.20
2018.06.12 10:16:54.794,1.33373,1.3339,1.95,1.35
2018.06.12 10:16:55.838,1.33373,1.33388,1.50,1.35
2018.06.12 10:16:57.254,1.33373,1.33388,1.57,1.30
2018.06.12 10:16:58.841,1.33374,1.33388,1.10,1.20
2018.06.12 10:16:59.148,1.33379,1.33395,1.50,2.70
2018.06.12 10:16:59.200,1.33379,1.33395,1.87,1.47
2018.06.12 10:16:59.352,1.33381,1.33397,1.20,1.37
2018.06.12 10:16:59.526,1.33381,1.33397,1.45,1.50
2018.06.12 10:16:59.577,1.33381,1.33397,1.45,1.37
2018.06.12 10:17:00.025,1.33381,1.33396,1.20,1.12
2018.06.12 10:17:00.567,1.33381,1.33397,1.57,1.20
2018.06.12 10:17:00.875,1.33383,1.33398,1.00,1.20
2018.06.12 10:17:01.187,1.33383,1.33399,1.95,1.50
2018.06.12 10:17:02.272,1.33383,1.33399,1.57,1.95
2018.06.12 10:17:07.142,1.33383,1.33399,1.00,1.10
2018.06.12 10:17:12.038,1.33382,1.33399,1.57,1.20
2018.06.12 10:17:12.139,1.33381,1.33397,1.10,1.12
2018.06.12 10:17:12.588,1.3338,1.33396,1.45,1.00
2018.06.12 10:17:12.844,1.3338,1.33394,1.00,1.10
2018.06.12 10:17:13.410,1.33379,1.33394,1.50,1.20
2018.06.12 10:17:13.916,1.33379,1.33394,1.95,1.12
2018.06.12 10:17:14.019,1.33379,1.33391,1.00,1.00
2018.06.12 10:17:14.071,1.33377,1.33391,1.00,1.00
2018.06.12 10:17:15.761,1.33377,1.33391,1.00,1.57
2018.06.12 10:17:31.862,1.33376,1.3339,1.00,1.10
2018.06.12 10:17:35.106,1.33376,1.33391,1.00,1.20
2018.06.12 10:17:36.792,1.33376,1.33391,1.00,1.57
2018.06.12 10:17:37.349,1.33376,1.33391,1.00,1.20
2018.06.12 10:17:39.323,1.33376,1.33391,1.00,1.20
2018.06.12 10:17:40.418,1.33376,1.33391,1.00,1.57
2018.06.12 10:17:43.826,1.33375,1.33389,1.00,1.00
2018.06.12 10:17:44.455,1.33374,1.3339,1.57,1.57
2018.06.12 10:17:45.032,1.33374,1.3339,1.95,1.12
2018.06.12 10:17:45.776,1.33374,1.3339,1.50,1.20
2018.06.12 10:17:49.476,1.33374,1.33388,1.00,1.00
2018.06.12 10:17:58.786,1.33374,1.33388,1.20,1.00
2018.06.12 10:18:04.476,1.33375,1.33391,1.20,1.12
2018.06.12 10:18:05.006,1.33375,1.33391,1.00,1.57
2018.06.12 10:18:13.140,1.33375,1.33391,1.45,1.12
2018.06.12 10:18:14.231,1.33376,1.33391,1.10,1.00
2018.06.12 10:18:14.732,1.33377,1.33391,1.00,1.00
2018.06.12 10:18:15.641,1.33379,1.33392,1.07,1.00
2018.06.12 10:18:15.693,1.3338,1.33396,1.10,1.50
2018.06.12 10:18:15.745,1.33381,1.33396,1.20,1.87
2018.06.12 10:18:16.055,1.33382,1.33397,1.45,1.00
2018.06.12 10:18:16.600,1.33382,1.33397,1.20,1.00
2018.06.12 10:18:19.456,1.33382,1.33399,1.20,1.00
2018.06.12 10:18:21.373,1.33382,1.33399,1.45,1.10
2018.06.12 10:18:22.568,1.33382,1.33399,1.20,1.95
2018.06.12 10:18:23.048,1.33385,1.33399,1.00,1.57
2018.06.12 10:18:25.837,1.33383,1.33399,1.57,1.20
2018.06.12 10:18:30.069,1.33383,1.33399,1.57,1.00
2018.06.12 10:18:32.785,1.33383,1.33399,1.50,1.47
2018.06.12 10:18:32.836,1.33383,1.33399,1.95,1.12
2018.06.12 10:18:32.938,1.33383,1.33399,1.57,1.57
2018.06.12 10:18:38.888,1.33383,1.33398,1.10,1.47
2018.06.12 10:18:39.456,1.33382,1.33398,1.20,1.12
2018.06.12 10:18:46.021,1.33384,1.33399,1.50,1.10
2018.06.12 10:18:52.584,1.33386,1.33401,1.00,1.45
2018.06.12 10:18:52.686,1.33386,1.33401,1.00,1.00
2018.06.12 10:19:05.466,1.33386,1.33401,1.00,1.07
2018.06.12 10:19:07.147,1.33386,1.33401,1.10,1.10
2018.06.12 10:19:10.523,1.33387,1.33401,1.20,1.00
2018.06.12 10:19:11.057,1.33387,1.33401,1.00,1.00
2018.06.12 10:19:12.079,1.33387,1.33401,1.20,1.00
2018.06.12 10:19:13.110,1.33387,1.33401,1.00,1.00
2018.06.12 10:19:15.147,1.33389,1.33401,1.00,1.00
2018.06.12 10:19:15.720,1.33389,1.33401,1.20,1.00
2018.06.12 10:19:17.275,1.33389,1.33401,1.00,1.00
2018.06.12 10:19:19.441,1.33389,1.33402,1.00,1.00
2018.06.12 10:19:30.757,1.33388,1.33402,1.10,1.00
2018.06.12 10:19:37.321,1.33386,1.33402,1.82,1.00
2018.06.12 10:19:40.301,1.33386,1.334,1.82,1.00
2018.06.12 10:19:55.301,1.33387,1.33402,1.57,1.00
2018.06.12 10:19:55.875,1.33389,1.33403,1.20,1.00
2018.06.12 10:19:57.016,1.33389,1.33405,1.95,1.00
2018.06.12 10:19:57.067,1.33389,1.33405,2.32,1.50
2018.06.12 10:19:58.515,1.33389,1.33405,2.32,1.10
2018.06.12 10:20:00.404,1.33389,1.33405,2.32,1.00
2018.06.12 10:20:01.015,1.3339,1.33406,1.95,1.10
2018.06.12 10:20:01.768,1.3339,1.33403,1.20,1.00
2018.06.12 10:20:04.299,1.3339,1.33403,1.00,1.00
2018.06.12 10:20:04.606,1.33389,1.33401,1.20,1.00
2018.06.12 10:20:04.660,1.33389,1.33403,1.00,1.00
2018.06.12 10:20:05.173,1.33389,1.33403,1.20,1.00
2018.06.12 10:20:05.957,1.33389,1.33403,1.10,1.00
2018.06.12 10:20:06.971,1.3339,1.33405,1.10,1.00
2018.06.12 10:20:12.361,1.33389,1.33405,1.20,1.00
2018.06.12 10:20:25.351,1.33389,1.33404,1.20,1.00
2018.06.12 10:20:34.477,1.33388,1.33402,1.57,1.00
2018.06.12 10:20:40.308,1.33389,1.33403,1.07,1.00
2018.06.12 10:20:54.523,1.3339,1.33406,1.10,1.20
2018.06.12 10:20:55.057,1.3339,1.33406,1.20,1.10
2018.06.12 10:21:04.545,1.3339,1.33404,1.20,1.00
2018.06.12 10:21:05.496,1.33392,1.33404,1.00,1.00
2018.06.12 10:21:10.351,1.33392,1.33406,1.00,1.10
2018.06.12 10:21:11.398,1.33391,1.33406,1.00,1.00
2018.06.12 10:21:11.602,1.33389,1.33405,1.10,1.00
2018.06.12 10:21:11.653,1.33389,1.33401,1.10,1.00
2018.06.12 10:21:19.447,1.33389,1.33402,1.10,1.00
2018.06.12 10:21:25.351,1.33389,1.33401,1.10,1.00
2018.06.12 10:21:26.671,1.3339,1.33401,1.00,1.00
2018.06.12 10:21:27.084,1.3339,1.33405,1.10,1.10
2018.06.12 10:21:30.117,1.33392,1.33405,1.00,1.00
2018.06.12 10:21:40.325,1.33392,1.33404,1.00,1.00
2018.06.12 10:21:42.134,1.33392,1.33404,1.20,1.00
2018.06.12 10:21:49.433,1.33393,1.33406,1.10,1.00
2018.06.12 10:21:55.340,1.33393,1.33407,1.10,1.00
2018.06.12 10:21:59.520,1.33396,1.33409,1.45,1.00
2018.06.12 10:21:59.827,1.33399,1.33412,1.10,1.37
2018.06.12 10:22:00.362,1.33399,1.33413,1.10,1.12
2018.06.12 10:22:00.516,1.33401,1.33414,1.00,1.00
2018.06.12 10:22:00.842,1.33403,1.33416,1.10,1.12
2018.06.12 10:22:01.645,1.33406,1.33416,1.00,1.00
2018.06.12 10:22:01.848,1.33402,1.33416,1.50,1.45
2018.06.12 10:22:01.954,1.33402,1.33416,1.50,1.00
2018.06.12 10:22:04.476,1.33402,1.33417,1.50,1.20
2018.06.12 10:22:14.841,1.33401,1.33417,2.32,1.45
2018.06.12 10:22:14.893,1.33403,1.33417,1.00,1.45
2018.06.12 10:22:29.122,1.33401,1.33417,2.32,1.45
2018.06.12 10:22:35.542,1.33398,1.33415,1.50,1.45
2018.06.12 10:22:35.745,1.33396,1.33411,1.00,1.20
2018.06.12 10:22:37.147,1.33395,1.33411,1.10,1.20
2018.06.12 10:22:37.756,1.33395,1.33411,1.50,1.20
2018.06.12 10:22:40.330,1.33395,1.3341,1.50,1.00
2018.06.12 10:22:50.096,1.33395,1.3341,1.50,1.45
2018.06.12 10:22:54.128,1.33395,1.3341,1.50,1.00
2018.06.12 10:22:55.350,1.33395,1.33409,1.50,1.00
2018.06.12 10:22:59.145,1.33395,1.33409,1.00,1.45
2018.06.12 10:22:59.531,1.33392,1.33408,1.07,1.57
2018.06.12 10:22:59.944,1.33392,1.33408,1.00,2.32
2018.06.12 10:23:00.250,1.3339,1.33405,1.00,1.57
2018.06.12 10:23:00.888,1.33389,1.33403,1.00,1.20
2018.06.12 10:23:10.320,1.33389,1.33404,1.00,1.20
2018.06.12 10:23:13.755,1.3339,1.33404,1.00,1.20
2018.06.12 10:23:13.913,1.33392,1.33407,1.00,2.70
2018.06.12 10:23:14.018,1.33393,1.33409,1.00,2.70
2018.06.12 10:23:14.396,1.33393,1.33408,1.00,1.10
2018.06.12 10:23:15.358,1.33393,1.33407,1.00,1.00
2018.06.12 10:23:17.591,1.33393,1.3341,1.00,1.82
2018.06.12 10:23:20.649,1.33393,1.33408,1.00,1.95
2018.06.12 10:23:20.751,1.33393,1.33408,1.00,1.20
2018.06.12 10:23:24.248,1.33395,1.33408,1.00,1.00
2018.06.12 10:23:24.351,1.33396,1.33411,1.07,1.00
2018.06.12 10:23:25.318,1.33397,1.33412,2.32,1.00
2018.06.12 10:23:25.615,1.33398,1.33414,1.20,1.10
2018.06.12 10:23:26.198,1.33398,1.33414,1.10,1.00
2018.06.12 10:23:26.376,1.334,1.33414,1.00,1.00
2018.06.12 10:23:26.603,1.334,1.33416,1.20,1.00
2018.06.12 10:23:26.809,1.33403,1.33417,1.00,1.10
2018.06.12 10:23:27.115,1.33405,1.33417,1.00,1.00
2018.06.12 10:23:29.417,1.33405,1.33421,1.00,2.32
2018.06.12 10:23:29.469,1.33407,1.33421,1.00,1.95
2018.06.12 10:23:29.521,1.33405,1.33421,1.57,1.20
2018.06.12 10:23:29.572,1.33408,1.33421,1.00,1.20
2018.06.12 10:23:30.063,1.33409,1.33423,1.10,1.00
2018.06.12 10:23:33.815,1.33408,1.33423,1.10,1.00
2018.06.12 10:23:36.293,1.33408,1.33423,1.95,1.00
2018.06.12 10:23:39.574,1.33409,1.33423,1.07,1.00
2018.06.12 10:23:40.301,1.33409,1.33424,1.57,1.00
2018.06.12 10:23:40.887,1.33409,1.33424,1.10,1.00
2018.06.12 10:23:40.938,1.33409,1.33424,1.57,1.00
2018.06.12 10:23:40.989,1.33411,1.33426,1.37,1.10
2018.06.12 10:23:41.648,1.33413,1.33426,1.00,1.00
2018.06.12 10:23:42.206,1.33412,1.33426,1.20,1.00
2018.06.12 10:23:45.098,1.33412,1.33426,1.00,1.47
2018.06.12 10:23:45.835,1.33412,1.33426,1.00,1.10
2018.06.12 10:23:48.642,1.33412,1.33426,1.00,1.47
2018.06.12 10:23:49.173,1.3341,1.33426,1.07,1.20
2018.06.12 10:23:49.686,1.33411,1.33426,1.10,1.47
2018.06.12 10:23:51.904,1.33411,1.33426,1.10,1.10
2018.06.12 10:23:54.331,1.3341,1.33426,1.20,1.00
2018.06.12 10:23:56.272,1.33408,1.33426,2.32,4.01
2018.06.12 10:23:56.416,1.33409,1.33423,1.00,1.00
2018.06.12 10:23:56.468,1.33406,1.33421,1.00,1.20
2018.06.12 10:23:56.675,1.33406,1.33421,1.00,1.45
2018.06.12 10:23:57.209,1.33405,1.33421,1.50,1.45
2018.06.12 10:23:58.300,1.33405,1.33421,1.50,1.45
2018.06.12 10:23:58.853,1.33405,1.33421,1.00,1.45
2018.06.12 10:24:00.367,1.33403,1.33419,1.87,1.20
2018.06.12 10:24:01.980,1.33403,1.33419,1.95,1.45
2018.06.12 10:24:02.539,1.33405,1.33419,1.00,1.00
2018.06.12 10:24:03.916,1.33407,1.33419,1.00,1.00
2018.06.12 10:24:04.477,1.33407,1.3342,1.10,1.00
2018.06.12 10:24:05.211,1.33409,1.33424,1.00,1.45
2018.06.12 10:24:05.365,1.33409,1.33424,1.20,1.00
2018.06.12 10:24:06.603,1.33409,1.33426,1.57,1.00
2018.06.12 10:24:07.160,1.3341,1.33426,1.07,1.10
2018.06.12 10:24:20.505,1.33413,1.33427,1.00,1.00
2018.06.12 10:24:27.138,1.33414,1.33427,1.00,1.00
2018.06.12 10:24:29.244,1.33413,1.33427,1.00,1.00
2018.06.12 10:24:32.460,1.33413,1.33427,1.45,1.00
2018.06.12 10:24:32.512,1.33416,1.33429,1.00,1.50
2018.06.12 10:24:32.614,1.33418,1.33429,1.00,1.00
2018.06.12 10:24:33.174,1.33418,1.3343,1.00,1.00
2018.06.12 10:24:33.755,1.3342,1.33434,1.00,1.76
2018.06.12 10:24:33.807,1.3342,1.33434,1.00,2.51
2018.06.12 10:24:34.324,1.33419,1.33434,1.00,3.45
2018.06.12 10:24:34.974,1.33419,1.33431,1.00,1.20
2018.06.12 10:24:35.642,1.33419,1.33431,1.00,1.00
2018.06.12 10:24:36.686,1.33419,1.33431,1.00,1.20
2018.06.12 10:24:37.299,1.33419,1.33431,1.00,1.25
2018.06.12 10:24:40.353,1.33419,1.3343,1.00,1.00
2018.06.12 10:24:40.404,1.33417,1.3343,1.00,1.00
2018.06.12 10:24:49.455,1.33417,1.33431,1.00,1.10
2018.06.12 10:24:50.690,1.33416,1.33431,1.10,1.87
2018.06.12 10:24:50.784,1.33414,1.33429,1.10,1.00
2018.06.12 10:24:50.836,1.33413,1.33429,1.00,1.57
2018.06.12 10:24:51.585,1.33413,1.33427,1.00,1.20
2018.06.12 10:24:53.215,1.33414,1.33427,1.00,1.20
2018.06.12 10:24:53.897,1.33414,1.33427,1.00,1.00
2018.06.12 10:24:54.481,1.33414,1.33429,1.00,1.95
2018.06.12 10:24:54.584,1.33414,1.33429,1.00,2.32
2018.06.12 10:24:54.686,1.33414,1.33429,1.00,2.32
2018.06.12 10:24:55.220,1.33414,1.33429,1.00,2.32
2018.06.12 10:24:55.934,1.33416,1.33429,1.00,1.50
2018.06.12 10:25:02.603,1.33417,1.33429,1.00,1.00
2018.06.12 10:25:08.303,1.33415,1.33429,1.10,1.00
2018.06.12 10:25:09.415,1.33415,1.33429,1.20,1.00
2018.06.12 10:25:10.304,1.33416,1.3343,1.10,1.50
2018.06.12 10:25:17.927,1.33415,1.3343,1.00,1.50
2018.06.12 10:25:19.118,1.33415,1.3343,1.00,1.20
2018.06.12 10:25:25.231,1.33415,1.3343,1.00,1.00
2018.06.12 10:25:25.435,1.33415,1.3343,1.00,1.45
2018.06.12 10:25:25.537,1.33415,1.3343,1.00,1.10
2018.06.12 10:25:25.838,1.33415,1.3343,1.00,1.45
2018.06.12 10:25:27.015,1.33415,1.3343,1.00,1.10
2018.06.12 10:25:27.117,1.33415,1.3343,1.00,1.45
2018.06.12 10:25:30.384,1.33415,1.3343,1.10,1.10
2018.06.12 10:25:31.750,1.33415,1.3343,1.00,1.45
2018.06.12 10:25:31.801,1.33415,1.3343,1.00,1.00
2018.06.12 10:25:33.221,1.33415,1.3343,1.00,1.45
2018.06.12 10:25:33.974,1.33415,1.3343,1.00,1.00
2018.06.12 10:25:35.020,1.33415,1.3343,1.00,1.45
2018.06.12 10:25:35.662,1.33414,1.3343,1.20,1.10
2018.06.12 10:25:36.225,1.33414,1.3343,1.10,1.00
2018.06.12 10:25:38.636,1.33414,1.3343,1.00,1.45
2018.06.12 10:25:38.737,1.33414,1.3343,1.20,1.10
2018.06.12 10:25:39.825,1.33414,1.3343,1.00,1.10
2018.06.12 10:25:41.715,1.33415,1.3343,1.00,1.10
2018.06.12 10:25:49.477,1.33415,1.33429,1.00,1.00
2018.06.12 10:25:52.696,1.33413,1.33429,1.10,1.00
2018.06.12 10:25:54.674,1.33414,1.33429,1.00,1.00
2018.06.12 10:25:54.879,1.33415,1.33431,1.07,1.00
2018.06.12 10:25:55.383,1.33415,1.33431,1.45,1.00
2018.06.12 10:26:04.477,1.33417,1.33432,1.00,1.57
2018.06.12 10:26:10.354,1.33416,1.33432,1.00,1.57
2018.06.12 10:26:11.130,1.33416,1.33432,1.20,1.20
2018.06.12 10:26:12.511,1.33417,1.33432,1.00,1.57
2018.06.12 10:26:12.613,1.33417,1.33432,1.00,1.12
2018.06.12 10:26:13.597,1.33416,1.33432,1.57,1.12
2018.06.12 10:26:15.826,1.33417,1.33432,1.00,2.32
2018.06.12 10:26:16.898,1.33416,1.33432,1.57,2.32
2018.06.12 10:26:17.575,1.33416,1.33432,1.57,1.12
2018.06.12 10:26:18.408,1.33416,1.33432,1.50,1.57
2018.06.12 10:26:18.510,1.33416,1.33432,1.57,1.57
2018.06.12 10:26:19.630,1.33416,1.33433,2.25,2.32
2018.06.12 10:26:20.986,1.33416,1.33433,2.25,2.32
2018.06.12 10:26:21.088,1.33416,1.33433,2.32,2.32
2018.06.12 10:26:22.507,1.33416,1.33433,2.25,2.32
2018.06.12 10:26:22.609,1.33416,1.33433,2.25,2.32
2018.06.12 10:26:23.279,1.33417,1.33433,1.00,1.95
2018.06.12 10:26:23.330,1.33415,1.33432,1.10,1.45
2018.06.12 10:26:24.004,1.33415,1.33432,1.00,1.58
2018.06.12 10:26:24.116,1.33415,1.33432,1.57,1.10
2018.06.12 10:26:24.673,1.33416,1.33432,1.10,1.20
2018.06.12 10:26:34.459,1.33416,1.3343,1.10,1.00
2018.06.12 10:26:36.809,1.33417,1.3343,1.10,1.00
2018.06.12 10:26:37.169,1.33417,1.33434,1.95,1.07
2018.06.12 10:26:40.354,1.33419,1.33434,1.00,1.07
2018.06.12 10:26:44.229,1.33419,1.33435,1.00,1.20
2018.06.12 10:26:44.826,1.33419,1.33435,1.10,1.20
2018.06.12 10:26:46.322,1.33419,1.33436,1.07,1.45
2018.06.12 10:26:49.478,1.33419,1.33437,1.57,1.95
2018.06.12 10:26:50.009,1.33419,1.33437,1.50,1.45
2018.06.12 10:26:50.547,1.33419,1.33437,1.95,1.57
2018.06.12 10:26:55.549,1.3342,1.33437,1.57,1.20
2018.06.12 10:26:56.091,1.3342,1.33437,1.12,1.20
2018.06.12 10:26:58.541,1.33421,1.33438,1.00,1.57
2018.06.12 10:27:04.789,1.33421,1.33439,1.57,1.82
2018.06.12 10:27:05.843,1.33421,1.3344,2.70,1.95
2018.06.12 10:27:07.025,1.33421,1.3344,3.82,1.95
2018.06.12 10:27:09.491,1.33423,1.3344,1.00,2.70
2018.06.12 10:27:09.604,1.33423,1.3344,1.20,1.95
2018.06.12 10:27:24.316,1.33423,1.33439,1.00,1.10
2018.06.12 10:27:25.705,1.33424,1.33439,1.00,1.10
2018.06.12 10:27:31.364,1.33423,1.33439,1.50,1.10
2018.06.12 10:27:33.796,1.33424,1.33439,1.00,1.00
2018.06.12 10:27:34.556,1.33424,1.33438,1.00,1.00
2018.06.12 10:27:40.321,1.33424,1.3344,1.00,1.95
2018.06.12 10:27:48.831,1.33425,1.3344,1.00,1.45
2018.06.12 10:27:48.933,1.33425,1.3344,1.00,1.00
2018.06.12 10:27:53.365,1.33426,1.3344,1.00,1.00
2018.06.12 10:27:55.301,1.33426,1.33441,1.50,1.10
2018.06.12 10:27:55.990,1.33427,1.33441,1.00,1.20
2018.06.12 10:28:04.778,1.33427,1.33442,1.00,1.57
2018.06.12 10:28:11.272,1.33427,1.33442,1.50,1.57
2018.06.12 10:28:12.098,1.33427,1.33442,1.50,1.45
2018.06.12 10:28:12.788,1.33428,1.33442,1.00,1.20
2018.06.12 10:28:13.736,1.33428,1.33442,1.00,1.20
2018.06.12 10:28:17.763,1.33428,1.33444,1.50,1.45
2018.06.12 10:28:27.105,1.33428,1.33444,1.50,1.45
2018.06.12 10:28:39.164,1.33429,1.33445,1.00,1.45
2018.06.12 10:28:39.472,1.33427,1.3344,1.00,2.32
2018.06.12 10:28:39.523,1.33424,1.3344,1.00,2.32
2018.06.12 10:28:40.484,1.33423,1.33439,1.50,1.57
2018.06.12 10:28:41.112,1.33423,1.33439,1.50,2.32
2018.06.12 10:28:41.721,1.33423,1.33439,1.87,1.45
2018.06.12 10:28:42.299,1.33423,1.33439,1.87,1.95
2018.06.12 10:28:42.462,1.33424,1.33439,1.00,1.20
2018.06.12 10:28:43.479,1.33424,1.33439,1.00,1.10
2018.06.12 10:28:43.661,1.33426,1.33443,1.00,1.95
2018.06.12 10:28:44.648,1.33428,1.33443,1.00,1.45
2018.06.12 10:28:45.188,1.33428,1.33443,1.00,1.20
2018.06.12 10:28:45.698,1.33428,1.33443,1.00,1.20
2018.06.12 10:28:50.817,1.33428,1.33444,1.12,1.45
2018.06.12 10:28:58.385,1.33429,1.33444,1.00,1.20
2018.06.12 10:28:58.984,1.33429,1.33444,1.00,1.20
2018.06.12 10:29:00.541,1.33429,1.33444,1.00,1.20
2018.06.12 10:29:03.555,1.33429,1.33444,1.00,1.45
2018.06.12 10:29:03.861,1.33428,1.33443,1.00,1.45
2018.06.12 10:29:04.379,1.33428,1.33444,1.00,3.64
2018.06.12 10:29:04.482,1.33428,1.33443,1.50,1.20
2018.06.12 10:29:04.988,1.33428,1.33444,1.50,1.45
2018.06.12 10:29:06.803,1.33427,1.33444,2.62,1.45
2018.06.12 10:29:07.576,1.33427,1.33444,2.62,1.45
2018.06.12 10:29:07.949,1.33429,1.33444,1.00,1.45
2018.06.12 10:29:19.869,1.33429,1.33446,1.00,2.32
2018.06.12 10:29:22.445,1.33427,1.33445,2.70,1.07
2018.06.12 10:29:23.007,1.33428,1.33445,1.00,1.07
2018.06.12 10:29:29.291,1.33428,1.33444,1.10,1.20
2018.06.12 10:29:31.609,1.33427,1.33444,1.57,1.45
2018.06.12 10:29:32.161,1.33427,1.33443,1.07,1.20
2018.06.12 10:29:37.888,1.33428,1.33444,1.00,1.10
2018.06.12 10:29:38.439,1.33428,1.33444,1.57,1.20
2018.06.12 10:29:40.332,1.33429,1.33446,1.00,3.07
2018.06.12 10:29:41.421,1.33429,1.33446,1.10,2.32
2018.06.12 10:29:56.108,1.33429,1.33445,2.25,1.95
2018.06.12 10:29:56.261,1.33429,1.33445,2.32,1.20
2018.06.12 10:29:58.389,1.33431,1.33448,1.37,2.14
2018.06.12 10:29:58.441,1.33432,1.33449,1.12,1.45
2018.06.12 10:29:58.543,1.33434,1.33451,1.00,1.20
2018.06.12 10:29:58.696,1.33434,1.33449,1.00,1.45
2018.06.12 10:29:58.748,1.33434,1.33451,1.10,1.20
2018.06.12 10:29:58.953,1.33436,1.33452,1.00,1.95
2018.06.12 10:29:59.258,1.33437,1.33453,1.00,1.57
2018.06.12 10:29:59.360,1.33437,1.33454,1.00,1.82
2018.06.12 10:30:00.216,1.33438,1.33454,1.00,1.82
2018.06.12 10:30:00.570,1.33438,1.33453,1.10,1.10
2018.06.12 10:30:01.561,1.33438,1.33455,1.00,3.82
2018.06.12 10:30:07.050,1.33438,1.33453,1.10,1.10
2018.06.12 10:30:08.612,1.33438,1.33454,1.00,2.32
2018.06.12 10:30:08.714,1.33438,1.33454,1.00,1.57
2018.06.12 10:30:09.242,1.33438,1.33453,1.00,1.07
2018.06.12 10:30:11.956,1.33438,1.33453,1.10,1.10
2018.06.12 10:30:20.246,1.33438,1.33453,1.00,1.57
2018.06.12 10:30:20.517,1.33429,1.33444,1.00,1.45
2018.06.12 10:30:20.619,1.33432,1.33441,1.25,1.00
2018.06.12 10:30:20.721,1.33429,1.33444,1.00,1.45
2018.06.12 10:30:20.772,1.33431,1.33445,1.00,1.45
2018.06.12 10:30:20.823,1.33431,1.33446,1.00,1.45
2018.06.12 10:30:20.925,1.33433,1.33446,1.00,1.45
2018.06.12 10:30:21.320,1.33433,1.33448,1.00,1.20
2018.06.12 10:30:21.764,1.33434,1.33446,1.00,1.45
2018.06.12 10:30:21.866,1.33434,1.33448,1.00,1.45
2018.06.12 10:30:22.068,1.33435,1.33451,1.00,1.10
2018.06.12 10:30:22.631,1.33436,1.33451,1.10,1.10
2018.06.12 10:30:23.448,1.33436,1.33448,1.00,1.00
2018.06.12 10:30:23.652,1.33433,1.33448,1.07,1.00
2018.06.12 10:30:23.754,1.33435,1.3345,1.10,1.00
2018.06.12 10:30:24.068,1.33436,1.33453,1.10,1.47
2018.06.12 10:30:24.817,1.33436,1.33453,2.32,1.10
2018.06.12 10:30:25.458,1.33437,1.33453,1.00,1.10
2018.06.12 10:30:26.032,1.33438,1.33453,1.00,1.10
2018.06.12 10:30:26.552,1.33436,1.33451,1.20,1.12
2018.06.12 10:30:26.897,1.33436,1.33454,2.70,2.32
2018.06.12 10:30:27.162,1.33436,1.33454,2.70,2.32
2018.06.12 10:30:27.516,1.33436,1.33454,3.45,1.57
2018.06.12 10:30:28.121,1.33437,1.33454,1.20,1.50
2018.06.12 10:30:28.957,1.33438,1.33454,1.00,1.45
2018.06.12 10:30:29.059,1.33438,1.33454,1.20,1.00
2018.06.12 10:30:30.054,1.33438,1.33454,1.20,1.00
2018.06.12 10:30:30.105,1.33441,1.33458,1.50,2.89
2018.06.12 10:30:30.156,1.33441,1.33458,1.95,1.50
2018.06.12 10:30:30.258,1.33441,1.33456,1.07,1.00
2018.06.12 10:30:30.887,1.3344,1.33456,1.47,1.25
2018.06.12 10:30:33.247,1.3344,1.33456,1.10,1.69
2018.06.12 10:30:33.823,1.3344,1.33455,1.10,1.00
2018.06.12 10:30:38.604,1.33439,1.33454,2.32,1.00
2018.06.12 10:30:42.266,1.33441,1.33458,2.06,1.20
2018.06.12 10:30:42.317,1.33446,1.33459,1.00,1.57
2018.06.12 10:30:42.369,1.33446,1.33459,1.00,1.12
2018.06.12 10:30:42.472,1.33446,1.33461,1.00,1.20
2018.06.12 10:30:44.010,1.33446,1.33461,1.95,1.00
2018.06.12 10:30:44.750,1.33446,1.33461,1.50,1.00
2018.06.12 10:30:47.881,1.33446,1.33461,2.70,1.00
2018.06.12 10:30:49.304,1.33448,1.33463,1.10,1.10
2018.06.12 10:30:49.408,1.3345,1.33465,1.07,1.00
2018.06.12 10:30:49.614,1.33455,1.3347,1.00,1.57
2018.06.12 10:30:51.601,1.33455,1.3347,1.20,1.00
2018.06.12 10:30:55.302,1.33456,1.33472,1.10,1.12
2018.06.12 10:30:58.327,1.33455,1.33472,1.20,2.89
2018.06.12 10:30:58.378,1.33455,1.33469,1.20,1.00
2018.06.12 10:30:58.430,1.33455,1.33468,1.00,1.00
2018.06.12 10:30:58.791,1.33452,1.33468,2.32,1.00
2018.06.12 10:30:59.987,1.33453,1.33468,1.20,1.00
2018.06.12 10:31:00.039,1.33456,1.33472,1.00,1.45
2018.06.12 10:31:00.142,1.33456,1.33472,1.20,1.00
2018.06.12 10:31:03.695,1.33457,1.33472,1.07,1.00
2018.06.12 10:31:10.083,1.33457,1.33472,1.00,1.00
2018.06.12 10:31:12.835,1.33457,1.3347,1.00,2.25
2018.06.12 10:31:12.887,1.33453,1.3347,1.95,2.32
2018.06.12 10:31:14.148,1.33456,1.33473,1.00,2.32
2018.06.12 10:31:14.252,1.33457,1.33473,1.10,1.00
2018.06.12 10:31:14.663,1.33458,1.33471,1.10,1.00
2018.06.12 10:31:14.817,1.33455,1.33471,1.00,1.70
2018.06.12 10:31:15.484,1.33455,1.33471,1.00,1.45
2018.06.12 10:31:15.878,1.33453,1.33471,1.95,1.45
2018.06.12 10:31:16.461,1.33454,1.33471,1.10,1.45
2018.06.12 10:31:16.563,1.33454,1.33471,1.45,1.00
2018.06.12 10:31:17.114,1.33455,1.33473,2.70,1.10
2018.06.12 10:31:18.310,1.33456,1.33473,1.45,1.10
2018.06.12 10:31:30.004,1.33456,1.33473,2.32,1.45
2018.06.12 10:31:30.410,1.33456,1.33473,2.70,1.00
2018.06.12 10:31:30.908,1.33456,1.33473,3.07,1.12
2018.06.12 10:31:32.638,1.33458,1.33473,1.20,1.00
2018.06.12 10:31:34.779,1.33459,1.33474,1.10,1.00
2018.06.12 10:31:35.979,1.3346,1.33474,1.10,1.00
2018.06.12 10:31:39.147,1.33459,1.33474,1.45,1.00
2018.06.12 10:31:40.405,1.33458,1.33474,1.95,1.00
2018.06.12 10:31:45.462,1.33458,1.33474,1.95,1.00
2018.06.12 10:31:46.008,1.33458,1.33474,1.20,1.00
2018.06.12 10:31:49.428,1.33457,1.33472,2.32,1.00
2018.06.12 10:31:50.001,1.33457,1.33472,1.45,1.00
2018.06.12 10:31:52.060,1.33457,1.33472,1.45,1.00
2018.06.12 10:32:03.080,1.33455,1.33472,2.32,1.00
2018.06.12 10:32:03.780,1.33455,1.33471,2.32,1.00
2018.06.12 10:32:08.052,1.33455,1.3347,1.95,1.00
2018.06.12 10:32:08.104,1.33455,1.3347,1.57,1.00
2018.06.12 10:32:08.207,1.33454,1.33468,1.10,1.00
2018.06.12 10:32:08.608,1.33451,1.33468,1.20,1.57
2018.06.12 10:32:08.710,1.33451,1.33468,1.57,1.50
2018.06.12 10:32:09.206,1.33451,1.33466,1.57,1.00
2018.06.12 10:32:09.848,1.33451,1.33466,1.07,1.00
2018.06.12 10:32:11.507,1.33451,1.33466,1.10,1.20
2018.06.12 10:32:12.177,1.33451,1.33466,1.20,1.00
2018.06.12 10:32:16.190,1.33453,1.33468,1.00,1.57
2018.06.12 10:32:19.850,1.33453,1.33468,1.00,1.20
2018.06.12 10:32:20.710,1.33453,1.33468,1.00,1.57
2018.06.12 10:32:21.220,1.33453,1.33468,1.00,1.20
2018.06.12 10:32:22.452,1.33451,1.33468,1.57,1.20
2018.06.12 10:32:29.812,1.33452,1.33468,1.00,1.20
2018.06.12 10:32:32.319,1.33452,1.33468,1.00,1.57
2018.06.12 10:32:33.797,1.33451,1.33468,1.00,1.76
2018.06.12 10:32:36.270,1.33452,1.33467,1.00,1.20
2018.06.12 10:32:40.302,1.33452,1.33466,1.00,1.00
2018.06.12 10:32:46.858,1.33452,1.33466,1.00,1.20
2018.06.12 10:32:53.290,1.33451,1.33466,1.50,1.20
2018.06.12 10:33:10.390,1.3345,1.33466,1.00,1.07
2018.06.12 10:33:31.296,1.33452,1.33466,1.00,1.57
2018.06.12 10:33:31.668,1.3345,1.33466,1.00,1.57
2018.06.12 10:33:33.166,1.3345,1.33466,1.00,2.32
2018.06.12 10:33:37.161,1.3345,1.33466,1.50,2.32
2018.06.12 10:33:37.799,1.3345,1.33466,1.50,2.32
2018.06.12 10:33:38.208,1.3345,1.33466,1.50,2.32
2018.06.12 10:33:53.762,1.33448,1.33465,1.10,2.70
2018.06.12 10:33:54.280,1.33447,1.33464,1.50,1.07
2018.06.12 10:33:54.802,1.33448,1.33465,1.00,2.32
2018.06.12 10:33:55.844,1.33449,1.33464,1.00,1.20
2018.06.12 10:34:18.196,1.33448,1.33464,1.00,1.20
2018.06.12 10:34:19.852,1.33447,1.33464,1.00,1.20
2018.06.12 10:34:26.628,1.33447,1.33464,1.10,1.45
2018.06.12 10:34:38.273,1.33445,1.33462,1.20,1.57
2018.06.12 10:34:38.325,1.33445,1.33459,1.00,1.95
2018.06.12 10:34:38.480,1.33441,1.33453,1.00,1.25
2018.06.12 10:34:38.854,1.33435,1.33451,1.95,1.07
2018.06.12 10:34:39.185,1.33435,1.33452,1.37,2.14
2018.06.12 10:34:39.287,1.33435,1.33452,1.59,2.14
2018.06.12 10:34:39.833,1.33435,1.33452,1.00,1.82
2018.06.12 10:34:40.418,1.33434,1.33449,1.00,1.20
2018.06.12 10:34:41.004,1.33434,1.33449,1.10,1.10
2018.06.12 10:34:41.505,1.33434,1.33449,1.00,1.20
2018.06.12 10:34:41.784,1.33431,1.33447,1.95,1.47
2018.06.12 10:34:42.309,1.33432,1.33447,1.00,1.10
2018.06.12 10:34:42.986,1.33432,1.33448,1.50,1.10
2018.06.12 10:34:43.663,1.33432,1.33449,1.50,1.20
2018.06.12 10:34:44.248,1.33432,1.33449,1.50,1.20
2018.06.12 10:34:47.664,1.33431,1.33447,1.10,1.57
2018.06.12 10:34:47.996,1.33431,1.33447,1.00,2.70
2018.06.12 10:34:48.716,1.33431,1.33447,1.00,2.32
2018.06.12 10:34:49.293,1.33431,1.33443,1.00,1.00
2018.06.12 10:34:49.448,1.33429,1.33443,1.00,1.10
2018.06.12 10:34:55.332,1.3343,1.33443,1.00,1.20
2018.06.12 10:35:04.429,1.33428,1.33443,1.00,1.20
2018.06.12 10:35:19.527,1.33427,1.33441,1.00,1.10
2018.06.12 10:35:21.040,1.33423,1.33438,1.20,1.00
2018.06.12 10:35:21.598,1.33423,1.33438,1.12,1.00
2018.06.12 10:35:23.750,1.33423,1.33438,1.00,1.95
2018.06.12 10:35:25.305,1.33421,1.33438,1.57,1.95
2018.06.12 10:35:30.161,1.33421,1.33438,1.10,1.45
2018.06.12 10:35:37.453,1.3342,1.33436,1.57,1.20
2018.06.12 10:35:38.149,1.3342,1.33436,1.50,1.10
2018.06.12 10:35:47.322,1.33422,1.33436,1.12,1.00
2018.06.12 10:35:47.847,1.33422,1.33437,1.12,1.10
2018.06.12 10:35:51.996,1.33422,1.33437,1.12,1.95
2018.06.12 10:36:00.110,1.33421,1.33437,1.95,1.20
2018.06.12 10:36:00.726,1.33421,1.33437,1.87,1.20
2018.06.12 10:36:05.214,1.33422,1.33437,1.12,1.45
2018.06.12 10:36:05.788,1.33422,1.33437,1.12,1.10
2018.06.12 10:36:08.094,1.33424,1.3344,1.31,1.95
2018.06.12 10:36:09.272,1.33424,1.3344,1.69,1.20
2018.06.12 10:36:10.337,1.33424,1.3344,1.12,1.20
2018.06.12 10:36:12.433,1.33423,1.3344,2.25,1.95
2018.06.12 10:36:13.434,1.33426,1.3344,1.00,1.20
2018.06.12 10:36:13.952,1.33426,1.3344,1.00,1.10
2018.06.12 10:36:16.249,1.33423,1.3344,1.57,1.10
2018.06.12 10:36:17.361,1.33424,1.3344,1.00,1.20
2018.06.12 10:36:17.863,1.33425,1.3344,1.31,1.20
2018.06.12 10:36:18.169,1.33427,1.3344,1.00,1.20
2018.06.12 10:36:18.680,1.33427,1.3344,1.00,1.00
2018.06.12 10:36:25.304,1.33427,1.33441,1.00,1.10
2018.06.12 10:36:32.075,1.33425,1.33441,1.12,2.70
2018.06.12 10:36:34.460,1.33424,1.3344,1.50,1.10
2018.06.12 10:36:39.796,1.33424,1.33439,1.50,1.00
2018.06.12 10:36:41.021,1.33424,1.3344,1.50,1.57
2018.06.12 10:36:43.756,1.33426,1.3344,1.00,1.57
2018.06.12 10:36:44.367,1.33424,1.3344,1.50,1.57
2018.06.12 10:36:48.387,1.33426,1.3344,1.00,1.57
2018.06.12 10:36:51.802,1.33424,1.3344,1.95,1.10
2018.06.12 10:37:04.479,1.33423,1.33441,1.20,2.70
2018.06.12 10:37:07.106,1.33423,1.33438,1.20,1.00
2018.06.12 10:37:07.663,1.33423,1.33438,1.00,1.00
2018.06.12 10:37:09.003,1.33423,1.33438,1.00,2.32
2018.06.12 10:37:10.304,1.33422,1.33438,1.10,2.32
2018.06.12 10:37:18.937,1.33435,1.33442,2.14,1.00
2018.06.12 10:37:19.092,1.33443,1.33458,1.76,1.00
2018.06.12 10:37:19.144,1.33445,1.3346,2.44,1.45
2018.06.12 10:37:19.451,1.33447,1.33462,1.57,1.00
2018.06.12 10:37:20.327,1.33448,1.33462,1.07,1.00
2018.06.12 10:37:22.639,1.33447,1.33462,1.82,1.00
2018.06.12 10:37:23.253,1.33448,1.33461,1.07,1.00
2018.06.12 10:37:34.115,1.33449,1.33463,1.00,1.57
2018.06.12 10:37:34.630,1.33447,1.33463,1.57,1.57
2018.06.12 10:37:39.194,1.33447,1.33461,1.57,1.00
2018.06.12 10:37:40.405,1.33446,1.33461,1.57,1.00
2018.06.12 10:37:41.043,1.33445,1.33461,1.57,1.10
2018.06.12 10:37:41.561,1.33445,1.3346,1.57,1.00
2018.06.12 10:38:03.486,1.33446,1.3346,1.20,1.00
2018.06.12 10:38:04.756,1.33445,1.33461,2.32,1.00
2018.06.12 10:38:06.809,1.33445,1.33463,3.07,1.95
2018.06.12 10:38:25.153,1.33445,1.33463,2.32,2.70
2018.06.12 10:38:34.430,1.33445,1.3346,1.57,1.00
2018.06.12 10:38:40.186,1.33447,1.3346,1.00,1.00
2018.06.12 10:38:40.493,1.33451,1.33467,1.00,2.70
2018.06.12 10:38:40.597,1.33451,1.33467,1.00,1.57
2018.06.12 10:38:41.901,1.33451,1.33467,1.10,1.57
2018.06.12 10:38:43.015,1.33452,1.33467,1.25,1.12
2018.06.12 10:38:43.714,1.33453,1.33469,1.50,1.57
2018.06.12 10:38:45.205,1.33453,1.33469,1.00,1.10
2018.06.12 10:38:49.464,1.33452,1.33467,1.57,1.00
2018.06.12 10:38:50.598,1.33453,1.33467,1.00,1.00
2018.06.12 10:38:53.610,1.33452,1.33467,1.10,1.00
2018.06.12 10:38:55.304,1.33451,1.33466,2.32,1.00
2018.06.12 10:38:58.194,1.33451,1.33466,1.95,1.00
2018.06.12 10:39:01.404,1.33451,1.33466,1.20,1.00
2018.06.12 10:39:01.917,1.33451,1.33466,1.10,1.00
2018.06.12 10:39:07.894,1.33451,1.33466,1.00,1.20
2018.06.12 10:39:12.046,1.33451,1.33466,1.57,1.10
2018.06.12 10:39:12.352,1.33455,1.33468,1.50,1.10
2018.06.12 10:39:21.979,1.33455,1.3347,1.00,1.95
2018.06.12 10:39:22.538,1.33455,1.3347,1.00,1.45
2018.06.12 10:39:24.526,1.33455,1.3347,1.20,1.10
2018.06.12 10:39:24.578,1.33458,1.3347,1.00,1.10
2018.06.12 10:39:24.680,1.3346,1.33473,1.12,1.00
2018.06.12 10:39:24.905,1.3346,1.33473,1.57,1.00
2018.06.12 10:39:25.008,1.33463,1.33477,1.00,1.10
2018.06.12 10:39:25.536,1.33464,1.33477,1.00,1.00
2018.06.12 10:39:26.260,1.33465,1.33477,1.00,1.00
2018.06.12 10:39:26.979,1.33466,1.33477,1.00,1.00
2018.06.12 10:39:29.812,1.33466,1.33478,1.00,1.00
2018.06.12 10:39:30.505,1.33466,1.3348,1.00,1.00
2018.06.12 10:39:31.213,1.33466,1.3348,1.00,1.20
2018.06.12 10:39:31.812,1.33467,1.3348,1.00,1.20
2018.06.12 10:39:32.998,1.33465,1.3348,1.00,1.20
2018.06.12 10:39:33.942,1.33465,1.3348,1.50,1.95
2018.06.12 10:39:34.046,1.33464,1.3348,1.00,1.45
2018.06.12 10:39:46.178,1.33464,1.33479,1.00,1.00
2018.06.12 10:39:46.280,1.33464,1.33479,1.00,1.45
2018.06.12 10:39:47.419,1.33464,1.33479,1.10,1.10
2018.06.12 10:39:47.941,1.33465,1.33479,1.00,1.57
2018.06.12 10:39:50.975,1.33465,1.33479,1.00,1.45
2018.06.12 10:39:51.488,1.33465,1.33479,1.00,1.45
2018.06.12 10:39:56.898,1.33466,1.33481,1.00,1.10
2018.06.12 10:39:57.000,1.33466,1.33481,1.00,1.45
2018.06.12 10:40:05.002,1.33464,1.3348,2.70,1.20
2018.06.12 10:40:10.304,1.33464,1.33479,2.62,1.20
2018.06.12 10:40:11.093,1.33466,1.33479,1.10,1.00
2018.06.12 10:40:19.479,1.33466,1.3348,1.50,1.00
2018.06.12 10:40:34.454,1.33466,1.33479,1.00,1.00
2018.06.12 10:40:45.893,1.33466,1.33479,1.00,1.45
2018.06.12 10:40:46.410,1.33466,1.33479,1.00,1.20
2018.06.12 10:40:47.329,1.33464,1.33479,1.00,1.95
2018.06.12 10:40:47.853,1.33464,1.33479,1.00,1.95
2018.06.12 10:40:48.593,1.33463,1.33477,1.00,1.10
2018.06.12 10:40:48.746,1.33463,1.33477,1.00,1.45
2018.06.12 10:40:50.499,1.33461,1.33479,2.32,1.87
2018.06.12 10:40:50.601,1.33461,1.33479,1.87,3.07
2018.06.12 10:40:51.156,1.33461,1.33478,1.95,1.45
2018.06.12 10:40:55.353,1.33463,1.33478,1.00,1.45
2018.06.12 10:41:03.913,1.33463,1.33479,1.00,1.95
2018.06.12 10:41:05.986,1.33463,1.33479,1.00,1.95
2018.06.12 10:41:09.306,1.33463,1.33479,1.20,1.57
2018.06.12 10:41:09.409,1.33463,1.33479,1.00,1.95
2018.06.12 10:41:13.648,1.33463,1.33478,1.50,1.20
2018.06.12 10:41:13.965,1.33465,1.33481,1.37,1.45
2018.06.12 10:41:14.487,1.33465,1.33481,1.37,1.20
2018.06.12 10:41:15.254,1.33465,1.33481,1.57,1.00
2018.06.12 10:41:16.045,1.33466,1.33481,1.12,1.20
2018.06.12 10:41:17.224,1.33466,1.33481,1.12,1.00
2018.06.12 10:41:17.796,1.33466,1.33481,1.12,1.20
2018.06.12 10:41:20.987,1.33464,1.3348,1.37,1.10
2018.06.12 10:41:24.994,1.33464,1.3348,1.37,1.45
2018.06.12 10:41:26.549,1.33464,1.3348,1.12,1.95
2018.06.12 10:41:27.256,1.33464,1.3348,1.12,1.95
2018.06.12 10:41:27.715,1.33464,1.3348,1.12,1.95
2018.06.12 10:41:28.245,1.33464,1.33478,1.12,1.10
2018.06.12 10:41:48.414,1.33463,1.33478,1.37,1.95
2018.06.12 10:41:51.848,1.33463,1.33478,1.00,1.45
2018.06.12 10:41:52.370,1.33463,1.33478,1.00,1.20
2018.06.12 10:41:55.329,1.33461,1.33477,1.12,1.10
2018.06.12 10:42:02.159,1.33461,1.33477,1.12,1.45
2018.06.12 10:42:03.423,1.33461,1.33476,1.20,1.00
2018.06.12 10:42:03.956,1.33461,1.33476,1.00,1.10
2018.06.12 10:42:04.470,1.33461,1.33476,1.00,1.20
2018.06.12 10:42:05.227,1.33461,1.33476,1.45,1.50
2018.06.12 10:42:05.528,1.33461,1.33476,1.00,1.95
2018.06.12 10:42:08.125,1.33461,1.33475,1.00,1.00
2018.06.12 10:42:08.176,1.33459,1.33474,1.10,1.50
2018.06.12 10:42:08.331,1.33458,1.33473,1.00,1.45
2018.06.12 10:42:08.869,1.33458,1.3347,1.00,1.00
2018.06.12 10:42:08.972,1.33455,1.3347,1.10,1.00
2018.06.12 10:42:10.224,1.33454,1.33467,1.00,1.00
2018.06.12 10:42:10.275,1.33452,1.33467,1.10,1.00
2018.06.12 10:42:17.112,1.33453,1.33469,1.00,1.45
2018.06.12 10:42:21.724,1.33453,1.33469,1.20,1.10
2018.06.12 10:42:22.312,1.33454,1.33469,1.00,1.20
2018.06.12 10:42:25.512,1.33454,1.3347,1.00,1.45
2018.06.12 10:42:25.716,1.33454,1.3347,1.20,1.10
2018.06.12 10:42:25.818,1.33454,1.3347,1.00,1.45
2018.06.12 10:42:28.218,1.33454,1.3347,1.00,1.95
2018.06.12 10:42:28.320,1.33454,1.3347,1.00,1.20
2018.06.12 10:42:29.126,1.33454,1.3347,1.00,1.45
2018.06.12 10:42:30.525,1.33456,1.3347,1.00,1.45
2018.06.12 10:42:30.628,1.33457,1.33471,1.50,1.10
2018.06.12 10:42:31.720,1.33457,1.33472,2.32,1.00
2018.06.12 10:42:31.822,1.33457,1.33472,1.87,1.20
2018.06.12 10:42:32.495,1.33458,1.33472,1.00,1.20
2018.06.12 10:42:40.935,1.33458,1.33474,1.00,1.10
2018.06.12 10:42:41.037,1.33458,1.33474,1.00,1.45
2018.06.12 10:42:49.958,1.33458,1.33472,1.00,1.57
2018.06.12 10:42:54.656,1.33458,1.33474,1.00,1.45
2018.06.12 10:42:55.203,1.33458,1.33474,1.00,1.45
2018.06.12 10:42:55.680,1.33458,1.33475,1.12,1.45
2018.06.12 10:42:56.225,1.33458,1.33475,1.00,1.82
2018.06.12 10:42:56.276,1.33461,1.33475,1.00,1.45
2018.06.12 10:42:56.428,1.33461,1.33475,1.00,1.10
2018.06.12 10:42:58.344,1.33462,1.33475,1.00,1.10
2018.06.12 10:43:06.117,1.33462,1.33479,1.00,1.95
2018.06.12 10:43:30.996,1.33461,1.33479,2.32,1.95
2018.06.12 10:43:38.071,1.33461,1.33478,1.00,1.20
2018.06.12 10:43:38.123,1.3346,1.33475,1.10,1.00
2018.06.12 10:43:38.642,1.33459,1.33475,1.00,1.20
2018.06.12 10:43:40.353,1.33458,1.33474,1.95,1.00
2018.06.12 10:43:53.389,1.3346,1.33476,1.00,1.57
2018.06.12 10:43:53.492,1.33461,1.33476,1.10,1.10
2018.06.12 10:43:55.090,1.33464,1.33476,1.00,1.10
2018.06.12 10:43:55.141,1.33464,1.33479,1.39,1.00
2018.06.12 10:43:55.244,1.33465,1.33481,1.25,1.20
2018.06.12 10:43:56.261,1.33464,1.33481,1.57,1.20
2018.06.12 10:43:56.313,1.33462,1.33478,1.95,1.00
2018.06.12 10:43:56.416,1.33462,1.33478,1.57,1.00
2018.06.12 10:43:58.864,1.33462,1.33478,1.50,1.45
2018.06.12 10:43:58.915,1.33462,1.33478,1.50,1.10
2018.06.12 10:44:00.930,1.33462,1.33478,1.95,1.10
2018.06.12 10:44:01.540,1.33464,1.33478,1.00,1.10
2018.06.12 10:44:05.464,1.33465,1.33478,1.00,1.10
2018.06.12 10:44:05.567,1.33466,1.3348,1.00,1.10
2018.06.12 10:44:06.179,1.33468,1.3348,1.00,1.00
2018.06.12 10:44:06.282,1.33469,1.33484,1.37,1.20
2018.06.12 10:44:06.541,1.3347,1.33486,1.10,1.00
2018.06.12 10:44:07.087,1.3347,1.33486,1.10,1.20
2018.06.12 10:44:07.776,1.3347,1.33486,1.00,1.10
2018.06.12 10:44:08.299,1.3347,1.33486,1.10,1.20
2018.06.12 10:44:08.893,1.33471,1.33486,1.00,1.20
2018.06.12 10:44:08.995,1.33472,1.33488,1.10,1.95
2018.06.12 10:44:09.097,1.33475,1.3349,1.00,1.95
2018.06.12 10:44:09.198,1.33473,1.3349,1.20,1.57
2018.06.12 10:44:13.310,1.33473,1.33488,1.95,1.00
2018.06.12 10:44:15.146,1.33473,1.33488,1.00,1.20
2018.06.12 10:44:15.558,1.33473,1.33488,1.00,1.45
2018.06.12 10:44:15.661,1.33473,1.33488,1.00,1.10
2018.06.12 10:44:19.463,1.33472,1.33489,1.10,1.20
2018.06.12 10:44:27.077,1.33472,1.3349,1.00,2.70
2018.06.12 10:44:30.061,1.33471,1.3349,1.12,1.95
2018.06.12 10:44:39.272,1.33472,1.3349,1.00,2.70
2018.06.12 10:44:42.782,1.33472,1.3349,1.10,1.45
2018.06.12 10:44:42.884,1.33472,1.33489,1.00,1.57
2018.06.12 10:44:47.493,1.33473,1.33489,1.00,1.45
2018.06.12 10:44:49.481,1.33473,1.33489,1.00,1.45
2018.06.12 10:44:57.157,1.33474,1.3349,1.00,1.57
2018.06.12 10:44:57.726,1.33475,1.33491,1.00,1.45
2018.06.12 10:44:58.246,1.33474,1.33492,3.07,1.95
2018.06.12 10:44:58.753,1.33475,1.33492,1.20,1.45
2018.06.12 10:44:59.958,1.33475,1.33492,1.87,1.20
2018.06.12 10:45:00.491,1.33475,1.33492,2.32,1.20
2018.06.12 10:45:01.139,1.33477,1.33493,1.00,1.20
2018.06.12 10:45:01.753,1.33478,1.33494,1.00,1.20
2018.06.12 10:45:02.438,1.33478,1.33494,1.50,1.45
2018.06.12 10:45:30.295,1.33478,1.33493,1.50,1.00
2018.06.12 10:45:33.370,1.3348,1.33493,1.00,1.00
2018.06.12 10:45:39.554,1.33478,1.33493,1.00,1.00
2018.06.12 10:46:14.798,1.33477,1.33493,1.57,1.00
2018.06.12 10:46:19.479,1.33477,1.33491,1.57,1.00
2018.06.12 10:46:31.732,1.33477,1.33491,1.07,1.00
2018.06.12 10:46:31.937,1.33475,1.33491,2.32,1.10
2018.06.12 10:46:32.485,1.33475,1.33491,1.20,1.20
2018.06.12 10:46:38.554,1.33473,1.3349,1.57,1.20
2018.06.12 10:46:39.069,1.33473,1.3349,1.95,1.57
2018.06.12 10:46:44.899,1.33473,1.33489,1.95,1.00
2018.06.12 10:46:45.469,1.33473,1.33489,1.95,1.10
2018.06.12 10:46:46.020,1.33473,1.33489,1.50,1.10
2018.06.12 10:47:04.841,1.33473,1.3349,1.95,1.12
2018.06.12 10:47:05.351,1.33473,1.3349,1.57,1.20
2018.06.12 10:47:05.943,1.33473,1.3349,1.95,1.57
2018.06.12 10:47:06.472,1.33473,1.3349,1.57,1.20
2018.06.12 10:47:10.333,1.33473,1.33488,1.57,1.00
2018.06.12 10:47:15.245,1.33473,1.33488,3.07,1.00
2018.06.12 10:47:19.528,1.33474,1.3349,1.57,1.20
2018.06.12 10:47:24.629,1.33475,1.3349,1.00,1.20
2018.06.12 10:47:33.996,1.33476,1.3349,1.00,1.20
2018.06.12 10:47:38.487,1.33476,1.3349,1.00,1.10
2018.06.12 10:47:44.991,1.33475,1.3349,1.45,1.00
2018.06.12 10:47:45.092,1.33475,1.3349,1.00,1.00
2018.06.12 10:47:46.140,1.33476,1.3349,1.00,1.00
2018.06.12 10:47:50.559,1.33476,1.3349,1.20,1.00
2018.06.12 10:47:51.106,1.33476,1.3349,1.00,1.00
2018.06.12 10:47:55.355,1.33476,1.33492,1.00,1.57
2018.06.12 10:47:58.151,1.33476,1.33492,1.20,1.57
2018.06.12 10:47:58.900,1.33476,1.33492,1.00,1.57
2018.06.12 10:48:03.405,1.33476,1.33492,1.10,1.95
2018.06.12 10:48:03.765,1.33477,1.33492,1.32,1.00
2018.06.12 10:48:04.461,1.33476,1.33493,2.07,1.00
2018.06.12 10:48:04.569,1.33476,1.33493,1.76,1.00
2018.06.12 10:48:05.183,1.33477,1.33493,1.07,1.00
2018.06.12 10:48:08.595,1.33477,1.33493,1.20,1.50
2018.06.12 10:48:15.037,1.33477,1.33491,1.20,1.00
2018.06.12 10:48:28.838,1.33476,1.33491,3.07,1.00
2018.06.12 10:48:28.889,1.33476,1.33491,3.07,1.00
2018.06.12 10:48:40.637,1.33476,1.33494,1.57,2.32
2018.06.12 10:48:51.079,1.33476,1.33494,1.76,1.20
2018.06.12 10:48:51.625,1.33476,1.33494,2.32,1.00
2018.06.12 10:48:52.252,1.33476,1.33494,2.32,1.20
2018.06.12 10:49:26.930,1.33478,1.33493,1.00,1.20
2018.06.12 10:49:29.588,1.33479,1.33493,1.00,1.10
2018.06.12 10:49:29.910,1.33482,1.33498,1.00,1.57
2018.06.12 10:49:40.304,1.33483,1.33498,1.00,1.57
2018.06.12 10:49:40.843,1.33483,1.33498,1.00,1.95
2018.06.12 10:49:44.188,1.33483,1.33498,1.00,1.10
2018.06.12 10:49:44.291,1.33484,1.33501,1.69,1.95
2018.06.12 10:49:49.359,1.33484,1.33501,2.14,1.07
2018.06.12 10:49:55.304,1.33486,1.33501,1.00,1.57
2018.06.12 10:50:06.702,1.33486,1.33501,1.00,1.57
2018.06.12 10:50:09.835,1.33486,1.33501,1.00,1.20
2018.06.12 10:50:22.400,1.33486,1.33501,1.95,1.00
2018.06.12 10:50:23.592,1.33486,1.33501,1.95,1.00
2018.06.12 10:50:25.401,1.33486,1.33502,1.45,1.00
2018.06.12 10:50:28.450,1.33486,1.33502,1.00,1.45
2018.06.12 10:50:32.047,1.33486,1.33502,1.20,1.50
2018.06.12 10:50:32.560,1.33486,1.33502,1.57,1.50
2018.06.12 10:50:44.596,1.33486,1.33504,2.32,2.32
2018.06.12 10:51:00.679,1.33486,1.33503,2.14,1.10
2018.06.12 10:51:00.782,1.33486,1.33503,2.51,1.10
2018.06.12 10:51:10.582,1.33486,1.33503,1.95,1.10
2018.06.12 10:51:23.511,1.33486,1.33503,1.07,1.45
2018.06.12 10:51:24.121,1.33486,1.33503,1.00,1.20
2018.06.12 10:51:55.950,1.33486,1.33502,1.00,1.45
2018.06.12 10:51:56.506,1.33486,1.33502,1.10,1.20
2018.06.12 10:52:18.468,1.33486,1.33502,1.00,1.95
2018.06.12 10:52:24.756,1.33486,1.33502,1.00,1.95
2018.06.12 10:52:24.858,1.33486,1.33502,1.10,1.50
2018.06.12 10:52:29.099,1.33486,1.33502,1.10,1.20
2018.06.12 10:52:29.652,1.33486,1.33502,1.07,1.00
2018.06.12 10:52:39.973,1.33486,1.33502,1.57,1.00
2018.06.12 10:52:40.620,1.33486,1.33503,1.10,1.20
2018.06.12 10:52:58.957,1.33487,1.33503,1.10,1.87
2018.06.12 10:52:59.156,1.33492,1.33508,1.85,1.62
2018.06.12 10:52:59.468,1.33495,1.33511,2.32,1.37
2018.06.12 10:52:59.571,1.33495,1.33511,1.12,1.47
2018.06.12 10:52:59.696,1.33495,1.33511,1.20,1.45
2018.06.12 10:53:00.220,1.33495,1.33511,1.57,1.45
2018.06.12 10:53:00.271,1.33495,1.33508,1.57,1.12
2018.06.12 10:53:00.810,1.33495,1.33508,1.57,1.12
2018.06.12 10:53:00.861,1.33495,1.33511,1.57,1.45
2018.06.12 10:53:01.394,1.33495,1.33511,1.57,1.00
2018.06.12 10:53:02.373,1.33496,1.33511,1.07,1.00
2018.06.12 10:53:02.893,1.33495,1.33511,1.95,1.00
2018.06.12 10:53:03.440,1.33495,1.33511,2.70,1.00
2018.06.12 10:53:10.304,1.33496,1.33512,1.20,1.57
2018.06.12 10:53:11.666,1.33496,1.33512,1.76,1.00
2018.06.12 10:53:11.769,1.33496,1.33512,1.10,1.50
2018.06.12 10:53:11.872,1.33497,1.33512,1.07,1.00
2018.06.12 10:53:12.129,1.33495,1.33511,2.51,1.00
2018.06.12 10:53:12.459,1.33495,1.3351,1.00,1.20
2018.06.12 10:53:16.581,1.33495,1.3351,2.14,1.00
2018.06.12 10:53:25.347,1.33495,1.33512,2.70,1.50
2018.06.12 10:53:39.541,1.33494,1.33509,1.45,1.00
2018.06.12 10:53:39.649,1.33493,1.33507,1.00,1.20
2018.06.12 10:53:40.294,1.33489,1.33506,1.95,1.00
2018.06.12 10:53:40.832,1.33491,1.33506,1.07,1.00
2018.06.12 10:53:51.738,1.33491,1.33507,1.57,1.00
2018.06.12 10:53:56.642,1.33491,1.33508,1.87,1.95
2018.06.12 10:53:57.264,1.33491,1.33508,2.32,1.50
2018.06.12 10:53:57.594,1.33491,1.33508,3.07,1.50
2018.06.12 10:53:58.927,1.33491,1.33507,3.07,1.00
2018.06.12 10:54:03.325,1.33491,1.33507,1.00,1.95
2018.06.12 10:54:03.735,1.33491,1.33504,1.10,1.00
2018.06.12 10:54:04.124,1.33489,1.33504,1.00,1.20
2018.06.12 10:54:04.227,1.33485,1.33501,1.20,1.00
2018.06.12 10:54:04.333,1.33484,1.335,1.12,1.95
2018.06.12 10:54:04.510,1.33481,1.33498,1.57,1.20
2018.06.12 10:54:04.561,1.33481,1.33498,1.57,1.00
2018.06.12 10:54:05.636,1.33479,1.33498,2.70,1.95
2018.06.12 10:54:05.739,1.3348,1.33498,1.82,1.50
2018.06.12 10:54:07.316,1.33481,1.33498,1.12,1.50
2018.06.12 10:54:08.845,1.33481,1.33498,1.57,1.50
2018.06.12 10:54:10.260,1.33481,1.33498,1.20,1.95
2018.06.12 10:54:10.362,1.33481,1.33497,2.32,1.00
2018.06.12 10:54:11.767,1.33481,1.33497,1.95,1.00
2018.06.12 10:54:11.872,1.33481,1.33497,3.07,1.00
2018.06.12 10:54:16.996,1.33481,1.33497,1.20,1.95
2018.06.12 10:54:17.098,1.33481,1.33497,2.32,1.50
2018.06.12 10:54:18.530,1.33481,1.33497,1.20,1.95
2018.06.12 10:54:18.632,1.33481,1.33497,2.32,1.50
2018.06.12 10:54:20.988,1.33481,1.33499,3.07,1.50
2018.06.12 10:54:25.305,1.33481,1.33498,3.07,1.00
2018.06.12 10:54:32.896,1.33481,1.33498,3.07,1.00
2018.06.12 10:54:40.354,1.33481,1.33497,2.32,1.00
2018.06.12 10:54:46.317,1.33481,1.33497,1.57,1.00
2018.06.12 10:54:46.368,1.33481,1.33495,1.45,1.00
2018.06.12 10:54:46.420,1.33481,1.33497,1.45,1.00
2018.06.12 10:55:22.295,1.3348,1.33497,1.07,1.95
2018.06.12 10:55:22.397,1.3348,1.33497,1.45,1.00
2018.06.12 10:55:23.758,1.3348,1.33497,1.95,1.00
2018.06.12 10:55:24.503,1.3348,1.33497,1.45,1.00
2018.06.12 10:55:40.430,1.33479,1.33499,2.32,1.57
2018.06.12 10:55:47.407,1.33481,1.33498,1.07,1.12
2018.06.12 10:55:47.771,1.3348,1.33498,2.14,1.12
2018.06.12 10:55:48.863,1.3348,1.33498,1.45,1.12
2018.06.12 10:55:49.453,1.3348,1.33498,1.45,1.12
2018.06.12 10:56:00.904,1.3348,1.33498,1.20,1.12
2018.06.12 10:56:01.484,1.33481,1.33498,1.07,1.12
2018.06.12 10:56:02.575,1.33481,1.33498,1.01,1.00
2018.06.12 10:56:02.887,1.33476,1.33491,1.00,1.00
2018.06.12 10:56:03.424,1.33475,1.33491,1.07,1.00
2018.06.12 10:56:04.227,1.33475,1.33489,1.07,1.00
2018.06.12 10:56:04.331,1.33472,1.33489,1.57,1.00
2018.06.12 10:56:05.730,1.33472,1.33489,2.32,1.00
2018.06.12 10:56:20.456,1.33471,1.33489,3.07,1.45
2018.06.12 10:56:20.967,1.33472,1.33489,1.95,1.00
2018.06.12 10:56:25.355,1.33472,1.33489,1.45,1.00
2018.06.12 10:56:37.294,1.33471,1.33489,2.32,1.20
2018.06.12 10:56:37.396,1.33471,1.33489,2.70,1.00
2018.06.12 10:57:00.950,1.33472,1.33489,1.07,1.20
2018.06.12 10:57:01.514,1.33471,1.33489,1.95,1.00
2018.06.12 10:57:01.908,1.3347,1.33487,1.95,1.45
2018.06.12 10:57:02.318,1.3347,1.33487,2.32,1.00
2018.06.12 10:57:04.750,1.3347,1.33487,1.20,1.95
2018.06.12 10:57:08.056,1.3347,1.33487,1.07,1.00
2018.06.12 10:57:11.389,1.3347,1.33487,1.57,1.00
2018.06.12 10:57:13.176,1.33471,1.33487,1.45,1.00
2018.06.12 10:57:19.264,1.33471,1.33487,1.45,1.00
2018.06.12 10:57:19.817,1.33471,1.33487,1.45,1.00
2018.06.12 10:57:24.343,1.33471,1.33488,2.32,1.00
2018.06.12 10:57:25.356,1.33471,1.33487,1.45,1.00
2018.06.12 10:57:40.355,1.33471,1.33488,1.95,1.00
2018.06.12 10:57:52.418,1.33472,1.33488,1.20,1.20
2018.06.12 10:57:53.792,1.33472,1.33488,1.57,1.00
2018.06.12 10:57:55.392,1.33472,1.33489,1.57,1.00
2018.06.12 10:57:58.979,1.33472,1.33488,1.57,1.00
2018.06.12 10:58:05.444,1.33472,1.33488,1.20,1.00
2018.06.12 10:58:05.547,1.33472,1.33488,2.32,1.00
2018.06.12 10:58:36.525,1.33472,1.33488,2.32,1.00
2018.06.12 10:58:40.344,1.33474,1.33489,1.45,1.00
2018.06.12 10:58:41.743,1.33474,1.33489,1.57,1.00
2018.06.12 10:58:42.274,1.33474,1.33489,1.57,1.00
2018.06.12 10:58:47.830,1.33475,1.33489,1.00,1.00
2018.06.12 10:58:48.361,1.33475,1.33489,1.45,1.00
2018.06.12 10:59:10.305,1.33475,1.3349,1.95,1.00
2018.06.12 10:59:15.836,1.33475,1.3349,1.00,1.00
2018.06.12 10:59:15.938,1.33475,1.3349,1.45,1.00
2018.06.12 10:59:27.125,1.33475,1.3349,1.20,1.00
2018.06.12 10:59:27.795,1.33475,1.3349,1.45,1.00
2018.06.12 10:59:36.718,1.33475,1.3349,1.57,1.00
2018.06.12 10:59:52.096,1.33476,1.3349,1.07,1.00
2018.06.12 10:59:55.355,1.33476,1.33491,1.07,1.00
2018.06.12 10:59:56.939,1.33476,1.33491,1.20,1.00
2018.06.12 10:59:57.622,1.33476,1.33491,1.20,1.00
2018.06.12 10:59:58.964,1.33476,1.33492,1.45,1.00
