2016.09.06 04:00:10.821,1.35726,1.35746,1.50,1.50
2016.09.06 04:00:14.398,1.35726,1.35746,1.57,1.12
2016.09.06 04:00:15.833,1.35726,1.35746,1.57,1.12
2016.09.06 04:00:20.277,1.35726,1.35746,1.57,1.00
2016.09.06 04:00:20.726,1.35726,1.35746,2.32,1.00
2016.09.06 04:00:21.049,1.35726,1.35746,1.57,1.00
2016.09.06 04:00:21.128,1.35726,1.35746,1.10,1.50
2016.09.06 04:00:21.295,1.35726,1.35745,1.00,1.00
2016.09.06 04:00:23.052,1.35726,1.35746,1.00,1.57
2016.09.06 04:00:23.153,1.35726,1.35746,1.00,1.57
2016.09.06 04:00:23.254,1.35726,1.35746,1.00,1.57
2016.09.06 04:00:23.305,1.35726,1.35746,1.00,1.87
2016.09.06 04:00:25.921,1.35724,1.35744,2.32,1.00
2016.09.06 04:00:26.231,1.35724,1.35744,2.32,1.00
2016.09.06 04:00:34.143,1.35725,1.35744,1.00,1.00
2016.09.06 04:00:34.931,1.35727,1.35744,1.00,1.00
2016.09.06 04:00:34.982,1.35727,1.35747,1.00,2.25
2016.09.06 04:00:35.033,1.35727,1.35747,1.00,1.50
2016.09.06 04:00:35.433,1.35729,1.35747,1.00,1.50
2016.09.06 04:00:35.504,1.35729,1.35747,1.00,1.10
2016.09.06 04:00:37.334,1.35726,1.35747,1.10,1.10
2016.09.06 04:00:46.551,1.35726,1.35747,1.10,1.57
2016.09.06 04:00:51.556,1.35726,1.35747,1.10,1.10
2016.09.06 04:01:05.604,1.35725,1.35747,1.87,1.57
2016.09.06 04:01:05.683,1.35725,1.35747,1.87,2.25
2016.09.06 04:01:07.522,1.35725,1.35747,1.12,3.00
2016.09.06 04:01:07.573,1.35725,1.35745,1.12,1.10
2016.09.06 04:01:07.625,1.35722,1.35742,1.75,1.00
2016.09.06 04:01:07.677,1.35722,1.35736,1.00,1.00
2016.09.06 04:01:07.779,1.35715,1.35734,1.50,1.00
2016.09.06 04:01:07.830,1.35715,1.35734,1.50,1.00
2016.09.06 04:01:07.884,1.35714,1.35734,1.75,1.50
2016.09.06 04:01:07.936,1.35714,1.35734,1.10,1.87
2016.09.06 04:01:07.988,1.35714,1.35734,1.10,2.25
2016.09.06 04:01:08.039,1.35714,1.35732,1.00,1.00
2016.09.06 04:01:08.101,1.35714,1.35734,1.00,2.25
2016.09.06 04:01:08.151,1.35714,1.35733,1.00,1.75
2016.09.06 04:01:08.304,1.35714,1.35731,1.00,1.12
2016.09.06 04:01:08.695,1.35715,1.35731,1.00,1.00
2016.09.06 04:01:09.771,1.35715,1.35731,1.50,1.00
2016.09.06 04:01:09.822,1.35716,1.35731,1.00,1.00
2016.09.06 04:01:09.923,1.35717,1.35733,1.00,1.10
2016.09.06 04:01:10.075,1.35717,1.35736,1.00,2.25
2016.09.06 04:01:10.777,1.3572,1.35736,1.00,2.25
2016.09.06 04:01:10.828,1.3572,1.35736,1.00,1.50
2016.09.06 04:01:10.879,1.3572,1.35732,1.00,1.00
2016.09.06 04:01:10.981,1.35718,1.35732,1.00,1.00
2016.09.06 04:01:11.082,1.35718,1.35737,1.10,1.10
2016.09.06 04:01:11.133,1.35718,1.35737,1.10,1.10
2016.09.06 04:01:12.126,1.3572,1.35737,1.00,1.10
2016.09.06 04:01:13.046,1.3572,1.35737,1.00,1.10
2016.09.06 04:01:14.008,1.35723,1.35738,1.00,1.12
2016.09.06 04:01:14.059,1.35723,1.35738,1.00,1.12
2016.09.06 04:01:14.109,1.35723,1.35734,1.00,1.00
2016.09.06 04:01:14.315,1.35724,1.3574,1.00,1.10
2016.09.06 04:01:14.719,1.35724,1.35741,1.00,1.12
2016.09.06 04:01:14.821,1.35724,1.35742,1.00,1.10
2016.09.06 04:01:17.723,1.35726,1.35742,1.00,1.10
2016.09.06 04:01:17.774,1.35726,1.35742,1.00,1.10
2016.09.06 04:01:17.824,1.35726,1.35742,1.00,1.00
2016.09.06 04:01:18.027,1.35726,1.35742,1.00,1.00
2016.09.06 04:01:18.527,1.35726,1.35745,1.00,2.25
2016.09.06 04:01:26.003,1.35726,1.35745,1.50,1.50
2016.09.06 04:01:26.053,1.35726,1.35745,1.50,1.10
2016.09.06 04:01:28.640,1.35726,1.35745,1.50,1.10
2016.09.06 04:01:29.964,1.35726,1.35745,1.50,1.10
2016.09.06 04:01:31.115,1.35726,1.35746,1.50,1.87
2016.09.06 04:01:31.527,1.35726,1.35745,1.00,1.10
2016.09.06 04:01:31.578,1.35726,1.35745,1.00,1.10
2016.09.06 04:01:31.628,1.35726,1.35744,1.00,1.00
2016.09.06 04:01:31.679,1.35726,1.35744,1.00,1.10
2016.09.06 04:01:31.753,1.35726,1.35744,1.00,1.12
2016.09.06 04:01:31.854,1.35724,1.35743,1.20,1.10
2016.09.06 04:01:33.102,1.35724,1.35742,1.20,1.00
2016.09.06 04:01:33.153,1.35724,1.35742,1.20,1.00
2016.09.06 04:01:33.517,1.35724,1.35742,1.20,1.50
2016.09.06 04:01:33.671,1.35723,1.35742,2.25,1.50
2016.09.06 04:01:33.722,1.35725,1.35742,1.00,1.00
2016.09.06 04:01:33.773,1.35725,1.35742,1.12,1.00
2016.09.06 04:01:33.823,1.35725,1.35745,1.12,2.25
2016.09.06 04:01:36.426,1.35726,1.35745,1.00,1.50
2016.09.06 04:01:38.930,1.35727,1.35747,1.00,2.25
2016.09.06 04:01:41.096,1.35727,1.35747,1.00,3.00
2016.09.06 04:01:45.223,1.35727,1.35747,1.00,2.62
2016.09.06 04:01:45.447,1.35727,1.35747,1.00,1.87
2016.09.06 04:01:45.498,1.35727,1.35747,1.00,1.87
2016.09.06 04:01:45.548,1.35727,1.35747,1.50,1.87
2016.09.06 04:01:45.599,1.35727,1.35747,1.50,1.87
2016.09.06 04:01:45.650,1.35734,1.35749,1.00,1.00
2016.09.06 04:01:45.700,1.35734,1.35749,1.00,1.00
2016.09.06 04:01:45.751,1.35735,1.35751,1.50,1.00
2016.09.06 04:01:45.802,1.35735,1.35753,1.50,1.57
2016.09.06 04:01:45.853,1.3574,1.35753,1.00,1.50
2016.09.06 04:01:45.904,1.3574,1.35753,1.00,1.00
2016.09.06 04:01:45.955,1.3574,1.35755,1.00,1.00
2016.09.06 04:01:46.035,1.35738,1.35755,1.10,1.00
2016.09.06 04:01:46.187,1.35738,1.35755,1.00,1.00
2016.09.06 04:01:46.492,1.35738,1.35755,1.00,1.00
2016.09.06 04:01:46.672,1.35738,1.35756,1.00,1.10
2016.09.06 04:01:46.723,1.35737,1.35756,1.57,1.10
2016.09.06 04:01:47.083,1.35737,1.35757,1.57,1.12
2016.09.06 04:01:47.714,1.35737,1.35757,1.57,1.12
2016.09.06 04:01:47.765,1.3574,1.35755,1.00,1.00
2016.09.06 04:01:47.816,1.3574,1.35755,1.00,1.00
2016.09.06 04:01:47.867,1.35736,1.35755,1.50,1.00
2016.09.06 04:01:47.917,1.35736,1.35755,1.50,1.00
2016.09.06 04:01:47.968,1.35735,1.35756,1.57,1.10
2016.09.06 04:01:48.124,1.35735,1.35756,1.10,1.10
2016.09.06 04:01:48.174,1.35735,1.35756,1.10,1.50
2016.09.06 04:01:48.225,1.35735,1.35756,1.10,1.50
2016.09.06 04:01:48.276,1.35734,1.35756,1.87,1.50
2016.09.06 04:01:48.417,1.35734,1.35756,1.87,1.50
2016.09.06 04:01:48.522,1.35735,1.35756,1.10,1.50
2016.09.06 04:01:48.582,1.35735,1.35756,1.10,1.50
2016.09.06 04:01:48.683,1.35735,1.35756,1.10,1.50
2016.09.06 04:01:55.002,1.35735,1.35756,1.10,1.50
2016.09.06 04:01:58.743,1.35737,1.35756,1.00,1.50
2016.09.06 04:01:59.345,1.35738,1.35756,1.00,1.50
2016.09.06 04:01:59.396,1.35738,1.35756,1.00,1.10
2016.09.06 04:01:59.925,1.35739,1.35756,1.00,1.10
2016.09.06 04:02:00.438,1.35739,1.35756,1.00,1.10
2016.09.06 04:02:00.644,1.35739,1.35756,1.00,1.10
2016.09.06 04:02:01.640,1.35739,1.35756,1.00,1.10
2016.09.06 04:02:03.540,1.35738,1.35756,1.00,1.10
2016.09.06 04:02:04.346,1.35739,1.35756,1.00,1.10
2016.09.06 04:02:04.498,1.35739,1.35756,1.00,1.10
2016.09.06 04:02:04.650,1.35739,1.35756,1.00,1.10
2016.09.06 04:02:05.157,1.3574,1.35756,1.00,1.10
2016.09.06 04:02:05.640,1.35739,1.35756,1.00,1.10
2016.09.06 04:02:06.160,1.35738,1.35756,1.00,1.10
2016.09.06 04:02:06.305,1.35738,1.35756,1.00,1.10
2016.09.06 04:02:06.516,1.35738,1.35756,1.10,1.00
2016.09.06 04:02:06.618,1.35738,1.35756,1.10,1.00
2016.09.06 04:02:08.586,1.35741,1.35756,1.00,1.00
2016.09.06 04:02:08.637,1.35741,1.35756,1.00,1.00
2016.09.06 04:02:08.688,1.35741,1.35759,1.00,1.57
2016.09.06 04:02:08.789,1.35741,1.35759,1.00,1.10
2016.09.06 04:02:09.399,1.35741,1.35759,1.00,1.10
2016.09.06 04:02:09.500,1.35741,1.3576,1.00,1.12
2016.09.06 04:02:09.551,1.35741,1.3576,1.50,1.12
2016.09.06 04:02:09.602,1.35741,1.35761,1.87,1.57
2016.09.06 04:02:09.653,1.35744,1.35761,1.00,1.10
2016.09.06 04:02:09.704,1.35744,1.35761,1.00,1.10
2016.09.06 04:02:09.805,1.35743,1.35762,1.00,1.12
2016.09.06 04:02:09.856,1.35747,1.35762,1.00,1.10
2016.09.06 04:02:09.957,1.35747,1.35762,1.00,1.00
2016.09.06 04:02:10.106,1.35747,1.35762,1.00,1.00
2016.09.06 04:02:10.156,1.35747,1.35762,1.00,1.00
2016.09.06 04:02:10.207,1.35747,1.35765,1.00,1.87
2016.09.06 04:02:10.861,1.35748,1.35765,1.00,1.87
2016.09.06 04:02:11.013,1.35748,1.35765,1.00,1.12
2016.09.06 04:02:11.064,1.35748,1.35765,1.00,1.00
2016.09.06 04:02:11.572,1.35748,1.35764,1.00,1.00
2016.09.06 04:02:12.168,1.35747,1.35764,1.10,1.00
2016.09.06 04:02:12.270,1.35747,1.35767,1.10,1.87
2016.09.06 04:02:12.371,1.35749,1.35767,1.00,1.57
2016.09.06 04:02:13.352,1.35748,1.35767,1.10,1.57
2016.09.06 04:02:13.402,1.35748,1.35767,1.10,1.10
2016.09.06 04:02:13.571,1.35747,1.35767,1.12,1.10
2016.09.06 04:02:15.680,1.35746,1.35767,1.50,1.10
2016.09.06 04:02:16.633,1.35746,1.35767,1.50,1.10
2016.09.06 04:02:17.273,1.35748,1.35767,1.10,1.10
2016.09.06 04:02:19.393,1.35747,1.35767,1.12,1.10
2016.09.06 04:02:20.697,1.35748,1.35767,1.10,1.10
2016.09.06 04:02:23.468,1.35749,1.35767,1.00,1.10
2016.09.06 04:02:24.595,1.35747,1.35767,1.12,1.10
2016.09.06 04:02:24.696,1.35748,1.35767,1.10,1.00
2016.09.06 04:02:26.090,1.35748,1.35768,1.10,1.50
2016.09.06 04:02:26.674,1.35747,1.35768,1.12,1.00
2016.09.06 04:02:30.434,1.35747,1.35768,1.12,1.50
2016.09.06 04:02:31.591,1.35747,1.35768,1.12,1.00
2016.09.06 04:02:34.645,1.35747,1.35768,1.12,1.00
2016.09.06 04:02:34.696,1.35746,1.35768,2.25,1.50
2016.09.06 04:02:42.227,1.35748,1.35768,1.10,1.00
2016.09.06 04:02:43.419,1.35747,1.35768,1.12,1.50
2016.09.06 04:02:48.822,1.35746,1.35768,2.25,1.50
2016.09.06 04:02:50.871,1.35748,1.35768,1.10,1.00
2016.09.06 04:02:52.009,1.35748,1.35768,1.10,1.50
2016.09.06 04:02:52.060,1.35748,1.35768,1.10,2.25
2016.09.06 04:02:52.110,1.35746,1.35768,2.25,1.50
2016.09.06 04:02:52.524,1.35748,1.35768,1.10,2.25
2016.09.06 04:02:53.213,1.35747,1.35767,1.12,1.00
2016.09.06 04:03:03.254,1.35746,1.35768,1.50,2.25
2016.09.06 04:03:03.304,1.35746,1.35768,1.50,2.62
2016.09.06 04:03:06.151,1.35746,1.35766,1.50,1.00
2016.09.06 04:03:07.714,1.35746,1.35766,2.25,1.00
2016.09.06 04:03:11.245,1.35746,1.35766,2.25,1.50
2016.09.06 04:03:22.140,1.35749,1.35766,1.00,1.50
2016.09.06 04:03:23.005,1.35749,1.35766,1.00,1.50
2016.09.06 04:03:23.056,1.3575,1.35766,1.00,1.00
2016.09.06 04:03:23.107,1.3575,1.35768,1.00,1.10
2016.09.06 04:03:23.970,1.3575,1.35768,1.00,1.00
2016.09.06 04:03:24.173,1.3575,1.35768,1.00,1.00
2016.09.06 04:03:26.263,1.3575,1.3577,1.00,1.10
2016.09.06 04:03:27.836,1.3575,1.3577,1.00,1.57
2016.09.06 04:03:28.049,1.3575,1.3577,1.00,2.32
2016.09.06 04:03:30.284,1.35748,1.3577,1.87,2.32
2016.09.06 04:03:30.343,1.35748,1.3577,1.87,1.57
2016.09.06 04:03:33.565,1.3575,1.3577,1.00,2.32
2016.09.06 04:03:35.892,1.35748,1.3577,1.87,2.32
2016.09.06 04:03:35.994,1.35748,1.35769,1.87,1.50
2016.09.06 04:03:38.264,1.35748,1.35768,1.12,1.00
2016.09.06 04:03:38.426,1.35748,1.35768,1.12,1.10
2016.09.06 04:03:41.332,1.35747,1.35767,1.50,1.00
2016.09.06 04:03:45.360,1.35747,1.35767,1.50,1.50
2016.09.06 04:03:45.461,1.35747,1.35767,1.50,2.25
2016.09.06 04:03:45.625,1.35746,1.35766,1.75,1.00
2016.09.06 04:03:45.676,1.35744,1.35764,1.75,1.50
2016.09.06 04:03:45.726,1.35742,1.35764,1.75,2.25
2016.09.06 04:03:45.777,1.35742,1.35762,1.12,1.00
2016.09.06 04:03:45.879,1.35742,1.35762,1.12,1.10
2016.09.06 04:03:45.980,1.35742,1.35762,1.00,1.12
2016.09.06 04:03:46.031,1.3574,1.35762,1.57,1.87
2016.09.06 04:03:46.193,1.3574,1.35762,1.10,1.87
2016.09.06 04:03:47.065,1.3574,1.35761,1.10,1.10
2016.09.06 04:03:47.273,1.3574,1.3576,1.10,1.00
2016.09.06 04:03:47.324,1.3574,1.3576,1.10,1.50
2016.09.06 04:03:47.423,1.35739,1.35759,1.50,1.12
2016.09.06 04:03:47.474,1.35739,1.35757,1.00,1.00
2016.09.06 04:03:47.525,1.35737,1.35757,1.10,1.87
2016.09.06 04:03:47.576,1.35737,1.35754,1.10,1.00
2016.09.06 04:03:47.627,1.35734,1.35754,1.50,1.10
2016.09.06 04:03:47.678,1.35734,1.35754,1.00,1.10
2016.09.06 04:03:48.376,1.35735,1.35754,1.00,1.10
2016.09.06 04:03:50.676,1.35736,1.35754,1.00,1.10
2016.09.06 04:03:51.510,1.35736,1.35754,1.10,1.00
2016.09.06 04:03:52.883,1.35736,1.35755,1.10,1.10
2016.09.06 04:03:54.106,1.35735,1.35755,1.12,1.10
2016.09.06 04:03:54.913,1.35735,1.35755,1.12,1.10
2016.09.06 04:03:55.015,1.35738,1.35755,1.00,1.10
2016.09.06 04:03:56.311,1.35738,1.35753,1.00,1.00
2016.09.06 04:03:59.821,1.35737,1.35753,1.00,1.00
2016.09.06 04:03:59.925,1.35735,1.35753,1.12,1.00
2016.09.06 04:04:00.989,1.35734,1.35753,1.50,1.00
2016.09.06 04:04:01.040,1.35734,1.35753,1.10,1.00
2016.09.06 04:04:04.828,1.35735,1.35753,1.00,1.00
2016.09.06 04:04:06.909,1.35735,1.35753,1.00,1.00
2016.09.06 04:04:10.905,1.35735,1.35753,1.00,1.00
2016.09.06 04:04:17.402,1.35734,1.35753,1.10,1.00
2016.09.06 04:04:17.504,1.35735,1.35753,1.00,1.00
2016.09.06 04:04:18.753,1.35735,1.35753,1.00,1.00
2016.09.06 04:04:20.004,1.35734,1.35753,1.10,1.00
2016.09.06 04:04:25.281,1.35734,1.35753,1.10,1.00
2016.09.06 04:04:25.332,1.35733,1.35753,1.12,1.00
2016.09.06 04:04:25.383,1.35733,1.35753,1.12,1.00
2016.09.06 04:04:25.434,1.35734,1.35753,1.10,1.00
2016.09.06 04:04:30.120,1.35735,1.35753,1.00,1.00
2016.09.06 04:04:30.222,1.35735,1.35753,1.00,1.12
2016.09.06 04:04:34.427,1.35733,1.35753,1.57,1.12
2016.09.06 04:04:34.528,1.35734,1.35753,1.00,1.12
2016.09.06 04:04:43.240,1.35734,1.35752,1.00,1.10
2016.09.06 04:04:44.154,1.35731,1.35752,2.25,1.57
2016.09.06 04:04:44.205,1.35731,1.35752,2.25,1.95
2016.09.06 04:04:44.256,1.35732,1.35752,1.12,1.47
2016.09.06 04:04:44.306,1.35732,1.35752,1.00,1.12
2016.09.06 04:04:47.989,1.35731,1.35752,1.50,1.87
2016.09.06 04:04:49.240,1.35731,1.35751,1.50,1.10
2016.09.06 04:04:54.054,1.35731,1.35751,1.00,1.57
2016.09.06 04:04:54.105,1.35729,1.35751,1.12,2.32
2016.09.06 04:04:54.231,1.35729,1.3575,1.12,1.12
2016.09.06 04:04:54.282,1.35729,1.3575,1.00,1.12
2016.09.06 04:04:55.163,1.35729,1.35751,1.00,3.37
2016.09.06 04:04:55.362,1.35729,1.35749,1.50,1.10
2016.09.06 04:04:55.463,1.35729,1.3575,1.00,1.12
2016.09.06 04:04:56.482,1.35729,1.35749,1.50,1.10
2016.09.06 04:04:56.589,1.35729,1.35749,1.50,1.75
2016.09.06 04:04:57.411,1.35729,1.3575,1.00,3.00
2016.09.06 04:04:57.762,1.35729,1.35749,1.00,1.75
2016.09.06 04:05:03.672,1.35729,1.3575,1.00,2.25
2016.09.06 04:05:04.826,1.35729,1.35749,1.00,1.75
2016.09.06 04:05:04.876,1.35729,1.35749,1.00,2.25
2016.09.06 04:05:04.927,1.35729,1.35749,1.50,2.25
2016.09.06 04:05:04.978,1.35729,1.35749,2.25,2.25
2016.09.06 04:05:06.819,1.35729,1.35749,1.50,2.25
2016.09.06 04:05:06.921,1.35729,1.35749,1.50,1.75
2016.09.06 04:05:11.532,1.35729,1.35747,1.50,1.12
2016.09.06 04:05:14.952,1.35729,1.35747,1.00,1.12
2016.09.06 04:05:16.250,1.35729,1.35747,1.50,1.12
2016.09.06 04:05:17.764,1.35729,1.35749,1.50,1.75
2016.09.06 04:05:17.815,1.3573,1.3575,1.00,2.62
2016.09.06 04:05:17.866,1.3573,1.3575,1.00,2.25
2016.09.06 04:05:17.967,1.3573,1.3575,1.00,1.87
2016.09.06 04:05:18.018,1.35731,1.3575,1.00,1.12
2016.09.06 04:05:18.068,1.35731,1.35751,1.00,1.87
2016.09.06 04:05:22.835,1.3573,1.35751,1.00,1.87
2016.09.06 04:05:23.340,1.35731,1.35751,1.00,1.87
2016.09.06 04:05:26.422,1.35731,1.35751,1.50,1.87
2016.09.06 04:05:26.844,1.35732,1.35751,1.00,1.87
2016.09.06 04:05:39.535,1.35731,1.35751,1.00,1.87
2016.09.06 04:05:45.455,1.35731,1.35751,1.00,1.87
2016.09.06 04:05:45.630,1.35731,1.35751,1.00,2.62
2016.09.06 04:05:45.680,1.35729,1.35749,1.10,1.37
2016.09.06 04:05:45.731,1.35729,1.35746,1.10,1.00
2016.09.06 04:05:45.782,1.35726,1.35746,1.50,1.00
2016.09.06 04:05:45.833,1.35726,1.35743,1.50,1.00
2016.09.06 04:05:45.883,1.35725,1.35743,1.10,1.00
2016.09.06 04:05:45.999,1.35725,1.35743,1.00,1.10
2016.09.06 04:05:46.050,1.35725,1.35742,1.00,1.00
2016.09.06 04:05:46.151,1.35721,1.3574,1.87,1.00
2016.09.06 04:05:46.202,1.35721,1.3574,1.87,1.00
2016.09.06 04:05:46.252,1.35721,1.35743,1.87,2.25
2016.09.06 04:05:50.638,1.35721,1.35743,1.87,1.50
2016.09.06 04:05:50.740,1.35721,1.35742,1.87,1.12
2016.09.06 04:05:50.841,1.35721,1.35741,1.87,1.10
2016.09.06 04:05:52.734,1.35722,1.35743,1.10,2.25
2016.09.06 04:05:52.835,1.35721,1.35743,1.87,2.25
2016.09.06 04:05:55.323,1.35721,1.35743,1.87,1.50
2016.09.06 04:05:55.425,1.35721,1.35743,1.87,1.50
2016.09.06 04:05:55.475,1.35721,1.35743,1.87,1.50
2016.09.06 04:05:55.526,1.35721,1.35741,1.12,1.57
2016.09.06 04:05:55.577,1.35721,1.35741,1.00,2.25
2016.09.06 04:05:55.628,1.35721,1.35739,1.00,1.10
2016.09.06 04:05:55.678,1.3572,1.35739,1.00,1.12
2016.09.06 04:05:55.931,1.3572,1.35739,1.00,1.50
2016.09.06 04:05:56.558,1.35719,1.35739,1.00,2.25
2016.09.06 04:05:56.825,1.35719,1.35739,1.00,1.50
2016.09.06 04:05:58.876,1.35719,1.35739,1.00,2.25
2016.09.06 04:05:58.926,1.35719,1.35738,1.00,1.37
2016.09.06 04:05:58.977,1.35717,1.35736,1.10,1.10
2016.09.06 04:05:59.028,1.35716,1.35736,1.12,1.10
2016.09.06 04:05:59.571,1.35716,1.35736,1.87,1.10
2016.09.06 04:06:03.032,1.35716,1.35736,1.12,1.10
2016.09.06 04:06:04.575,1.35716,1.35736,1.12,1.10
2016.09.06 04:06:04.725,1.35716,1.35736,1.00,1.50
2016.09.06 04:06:05.720,1.35716,1.35736,1.00,1.50
2016.09.06 04:06:05.771,1.35716,1.35735,1.00,1.12
2016.09.06 04:06:05.821,1.35716,1.35735,1.00,1.12
2016.09.06 04:06:05.872,1.35714,1.35734,1.12,1.10
2016.09.06 04:06:05.973,1.35714,1.35733,1.12,1.00
2016.09.06 04:06:06.024,1.35714,1.35733,1.10,1.10
2016.09.06 04:06:09.169,1.35714,1.35733,1.10,1.10
2016.09.06 04:06:09.270,1.35714,1.35734,1.10,1.87
2016.09.06 04:06:09.321,1.35714,1.35734,1.00,2.25
2016.09.06 04:06:10.292,1.35714,1.35732,1.00,1.10
2016.09.06 04:06:10.394,1.35712,1.35732,1.12,1.57
2016.09.06 04:06:10.495,1.35712,1.35732,1.12,1.57
2016.09.06 04:06:10.546,1.35712,1.35732,1.00,1.57
2016.09.06 04:06:11.484,1.35712,1.35732,1.00,2.32
2016.09.06 04:06:11.586,1.35711,1.35732,1.10,2.32
2016.09.06 04:06:14.744,1.3571,1.35731,1.87,1.00
2016.09.06 04:06:14.796,1.3571,1.35731,1.87,1.00
2016.09.06 04:06:15.487,1.3571,1.35731,1.87,1.50
2016.09.06 04:06:22.688,1.3571,1.35731,1.87,1.50
2016.09.06 04:06:22.739,1.3571,1.3573,1.87,1.00
2016.09.06 04:06:22.790,1.3571,1.3573,1.12,1.00
2016.09.06 04:06:22.840,1.3571,1.3573,1.00,1.10
2016.09.06 04:06:22.931,1.3571,1.35726,1.00,1.00
2016.09.06 04:06:22.983,1.35708,1.35727,1.10,1.10
2016.09.06 04:06:23.084,1.35708,1.35727,1.00,1.50
2016.09.06 04:06:23.237,1.35706,1.35726,1.10,1.87
2016.09.06 04:06:23.287,1.35706,1.35725,1.00,1.12
2016.09.06 04:06:23.338,1.35706,1.35725,1.00,1.12
2016.09.06 04:06:23.389,1.35706,1.35725,1.00,1.50
2016.09.06 04:06:23.541,1.35705,1.35723,1.00,1.10
2016.09.06 04:06:23.592,1.35704,1.35723,1.57,1.10
2016.09.06 04:06:23.693,1.35704,1.35723,1.10,1.57
2016.09.06 04:06:23.794,1.35702,1.35722,1.50,1.00
2016.09.06 04:06:23.845,1.35702,1.35722,1.00,1.12
2016.09.06 04:06:23.896,1.35702,1.35722,1.00,1.87
2016.09.06 04:06:24.792,1.35702,1.35722,1.00,1.87
2016.09.06 04:06:26.233,1.35702,1.35721,1.00,1.10
2016.09.06 04:06:26.594,1.35702,1.35721,1.00,1.50
2016.09.06 04:06:26.645,1.35699,1.35721,1.50,2.25
2016.09.06 04:06:27.498,1.35699,1.35721,1.50,2.25
2016.09.06 04:06:28.643,1.35699,1.35719,1.50,1.10
2016.09.06 04:06:28.795,1.35699,1.35719,1.50,1.12
2016.09.06 04:06:29.800,1.35699,1.3572,1.50,1.50
2016.09.06 04:06:35.007,1.35699,1.35719,1.50,1.12
2016.09.06 04:06:35.108,1.35699,1.3572,1.50,1.50
2016.09.06 04:06:35.231,1.357,1.3572,1.00,1.50
2016.09.06 04:06:41.923,1.35699,1.3572,1.00,1.50
2016.09.06 04:06:42.436,1.35698,1.3572,1.50,2.25
2016.09.06 04:06:42.517,1.35698,1.3572,1.50,2.25
2016.09.06 04:06:42.926,1.35698,1.3572,1.50,2.25
2016.09.06 04:06:43.027,1.357,1.3572,1.00,3.00
2016.09.06 04:06:43.706,1.35699,1.3572,1.00,2.25
2016.09.06 04:06:44.829,1.357,1.3572,1.00,1.50
2016.09.06 04:06:45.521,1.357,1.3572,1.00,1.50
2016.09.06 04:06:46.326,1.357,1.3572,1.00,1.50
2016.09.06 04:06:46.427,1.35702,1.3572,1.00,1.50
2016.09.06 04:06:55.792,1.35699,1.3572,1.50,1.50
2016.09.06 04:06:55.994,1.35699,1.3572,1.00,1.50
2016.09.06 04:06:56.678,1.357,1.3572,1.00,1.50
2016.09.06 04:07:01.330,1.357,1.3572,1.50,1.50
2016.09.06 04:07:01.432,1.35701,1.3572,1.00,1.50
2016.09.06 04:07:02.225,1.35702,1.3572,1.00,1.12
2016.09.06 04:07:02.276,1.35702,1.3572,1.00,1.87
2016.09.06 04:07:02.377,1.35702,1.3572,1.00,1.87
2016.09.06 04:07:02.428,1.35701,1.3572,1.50,1.87
2016.09.06 04:07:02.888,1.35701,1.3572,1.00,1.87
2016.09.06 04:07:02.963,1.35701,1.3572,1.00,1.12
2016.09.06 04:07:03.115,1.35702,1.3572,1.50,1.12
2016.09.06 04:07:03.940,1.35702,1.3572,1.00,1.12
2016.09.06 04:07:04.123,1.35702,1.3572,1.00,1.00
2016.09.06 04:07:04.532,1.35702,1.3572,1.87,1.00
2016.09.06 04:07:04.735,1.35701,1.3572,1.87,1.00
2016.09.06 04:07:04.785,1.35701,1.3572,1.87,1.00
2016.09.06 04:07:04.897,1.35701,1.3572,2.62,1.00
2016.09.06 04:07:04.948,1.35701,1.3572,1.87,1.00
2016.09.06 04:07:06.954,1.35701,1.3572,1.87,1.00
2016.09.06 04:07:07.571,1.35701,1.3572,1.87,1.00
2016.09.06 04:07:07.660,1.35701,1.3572,1.37,1.00
2016.09.06 04:07:08.944,1.357,1.3572,3.00,1.00
2016.09.06 04:07:09.045,1.35702,1.3572,1.12,1.00
2016.09.06 04:07:09.123,1.35701,1.3572,1.50,1.00
2016.09.06 04:07:11.411,1.35702,1.3572,1.12,1.00
2016.09.06 04:07:11.653,1.35702,1.35722,1.12,1.10
2016.09.06 04:07:12.924,1.35702,1.35722,1.12,1.10
2016.09.06 04:07:13.104,1.35702,1.35722,1.12,1.10
2016.09.06 04:07:13.206,1.35702,1.35722,1.12,1.10
2016.09.06 04:07:14.163,1.35703,1.35724,1.10,2.25
2016.09.06 04:07:14.214,1.35703,1.35724,1.10,2.25
2016.09.06 04:07:14.265,1.35702,1.35724,1.12,3.00
2016.09.06 04:07:15.364,1.35703,1.35723,1.10,1.12
2016.09.06 04:07:16.321,1.35702,1.35723,1.87,1.12
2016.09.06 04:07:16.422,1.35703,1.35723,1.10,1.12
2016.09.06 04:07:17.397,1.35703,1.35723,1.10,1.12
2016.09.06 04:07:17.448,1.35703,1.35724,1.10,3.00
2016.09.06 04:07:17.498,1.35703,1.35724,1.10,3.00
2016.09.06 04:07:17.625,1.35703,1.35724,1.12,2.62
2016.09.06 04:07:18.620,1.35703,1.35724,1.12,2.62
2016.09.06 04:07:18.671,1.35702,1.35722,2.25,1.00
2016.09.06 04:07:18.722,1.35702,1.35722,1.50,1.00
2016.09.06 04:07:18.772,1.35702,1.35722,1.50,1.00
2016.09.06 04:07:23.134,1.35702,1.35724,1.50,2.62
2016.09.06 04:07:23.697,1.35702,1.35724,1.50,2.62
2016.09.06 04:07:23.827,1.35702,1.35724,2.25,2.62
2016.09.06 04:07:24.030,1.35702,1.35721,1.12,1.00
2016.09.06 04:07:24.080,1.35701,1.35721,2.25,1.00
2016.09.06 04:07:24.131,1.35701,1.35722,1.50,1.57
2016.09.06 04:07:24.182,1.357,1.35722,2.25,1.57
2016.09.06 04:07:24.349,1.357,1.35722,1.75,1.57
2016.09.06 04:07:26.093,1.357,1.35722,1.50,1.87
2016.09.06 04:07:26.143,1.357,1.3572,2.25,1.00
2016.09.06 04:07:26.194,1.35701,1.3572,1.12,1.00
2016.09.06 04:07:26.295,1.35701,1.3572,1.12,1.00
2016.09.06 04:07:26.713,1.35701,1.3572,1.87,1.00
2016.09.06 04:07:26.975,1.35701,1.35721,1.87,1.10
2016.09.06 04:07:27.872,1.35701,1.35721,2.62,1.10
2016.09.06 04:07:30.020,1.35701,1.35721,2.62,1.10
2016.09.06 04:07:39.200,1.35701,1.35721,2.62,1.10
2016.09.06 04:07:42.393,1.35701,1.35721,1.87,1.10
2016.09.06 04:07:42.444,1.35701,1.35721,1.87,1.10
2016.09.06 04:07:42.495,1.35701,1.35721,1.12,1.10
2016.09.06 04:07:42.699,1.35701,1.35721,1.87,1.10
2016.09.06 04:07:43.892,1.35701,1.3572,1.87,1.00
2016.09.06 04:07:46.467,1.35701,1.35721,1.87,1.10
2016.09.06 04:07:46.750,1.35702,1.35722,1.10,1.12
2016.09.06 04:07:49.168,1.35701,1.35722,1.87,1.12
2016.09.06 04:07:49.219,1.35701,1.35722,1.87,1.12
2016.09.06 04:07:50.755,1.35701,1.35722,1.87,1.87
2016.09.06 04:07:51.502,1.35701,1.35722,1.87,1.12
2016.09.06 04:07:51.553,1.35703,1.35723,1.00,1.50
2016.09.06 04:07:51.753,1.35703,1.35723,1.00,1.10
2016.09.06 04:07:51.804,1.35703,1.35723,1.50,1.10
2016.09.06 04:07:51.956,1.35703,1.35723,1.50,1.10
2016.09.06 04:07:52.059,1.35703,1.35723,1.57,1.00
2016.09.06 04:07:53.628,1.35703,1.35723,1.57,1.00
2016.09.06 04:07:55.236,1.35703,1.35723,1.57,1.00
2016.09.06 04:07:58.731,1.35703,1.35723,1.57,1.00
2016.09.06 04:07:58.833,1.35703,1.35723,1.57,1.00
2016.09.06 04:07:58.884,1.35705,1.35723,1.00,1.00
2016.09.06 04:08:00.134,1.35705,1.35723,1.00,1.00
2016.09.06 04:08:06.656,1.35705,1.35723,1.00,1.00
2016.09.06 04:08:06.808,1.35705,1.35723,1.10,1.00
2016.09.06 04:08:07.107,1.35703,1.35723,2.25,1.00
2016.09.06 04:08:07.327,1.35703,1.35723,2.25,1.50
2016.09.06 04:08:08.410,1.35704,1.35723,1.12,1.00
2016.09.06 04:08:10.490,1.35704,1.35723,1.12,1.00
2016.09.06 04:08:10.592,1.35703,1.35723,1.50,1.00
2016.09.06 04:08:10.693,1.35703,1.35723,1.50,1.00
2016.09.06 04:08:10.947,1.35703,1.35723,1.50,1.00
2016.09.06 04:08:10.998,1.35703,1.35723,1.50,1.00
2016.09.06 04:08:11.132,1.35703,1.35723,1.50,1.00
2016.09.06 04:08:11.819,1.35703,1.35723,2.25,2.25
2016.09.06 04:08:11.870,1.35703,1.35723,1.87,2.32
2016.09.06 04:08:14.796,1.35703,1.35723,1.87,2.32
2016.09.06 04:08:14.897,1.35703,1.35723,1.87,2.32
2016.09.06 04:08:17.352,1.35703,1.35723,1.87,2.32
2016.09.06 04:08:17.629,1.35703,1.35722,1.12,1.00
2016.09.06 04:08:17.680,1.35703,1.35722,1.00,1.00
2016.09.06 04:08:18.491,1.357,1.35722,3.00,1.50
2016.09.06 04:08:18.592,1.357,1.35721,3.00,1.00
2016.09.06 04:08:18.694,1.357,1.35721,3.00,1.10
2016.09.06 04:08:19.534,1.357,1.35721,2.25,1.10
2016.09.06 04:08:19.636,1.357,1.35719,1.50,1.00
2016.09.06 04:08:20.204,1.357,1.35719,1.10,1.00
2016.09.06 04:08:22.816,1.357,1.35721,1.57,1.57
2016.09.06 04:08:25.008,1.357,1.35721,1.10,1.57
2016.09.06 04:08:26.868,1.357,1.3572,1.10,1.00
2016.09.06 04:08:27.716,1.357,1.3572,1.10,1.00
2016.09.06 04:08:35.429,1.357,1.3572,1.10,1.50
2016.09.06 04:08:36.632,1.357,1.3572,1.10,1.00
2016.09.06 04:08:39.344,1.357,1.3572,1.10,1.50
2016.09.06 04:08:39.464,1.357,1.3572,1.00,1.57
2016.09.06 04:08:41.881,1.35698,1.3572,1.87,1.57
2016.09.06 04:08:43.921,1.35699,1.3572,1.10,1.57
2016.09.06 04:08:44.600,1.35699,1.3572,1.10,1.57
2016.09.06 04:08:45.052,1.35699,1.3572,1.10,1.10
2016.09.06 04:08:47.459,1.35699,1.3572,1.10,1.57
2016.09.06 04:08:48.205,1.35699,1.3572,1.10,1.57
2016.09.06 04:08:49.412,1.35699,1.3572,1.10,1.57
2016.09.06 04:08:49.464,1.35698,1.3572,1.12,1.57
2016.09.06 04:08:50.529,1.35698,1.3572,1.12,2.32
2016.09.06 04:08:56.162,1.35698,1.35719,1.12,1.00
2016.09.06 04:08:56.215,1.35698,1.35719,1.12,1.00
2016.09.06 04:08:59.390,1.35698,1.35719,1.87,1.00
2016.09.06 04:09:05.781,1.35698,1.35718,1.87,1.00
2016.09.06 04:09:05.882,1.35698,1.35718,1.57,1.00
2016.09.06 04:09:06.162,1.35698,1.35717,1.10,1.00
2016.09.06 04:09:07.326,1.35697,1.35717,1.87,1.50
2016.09.06 04:09:07.980,1.35697,1.35717,1.57,1.50
2016.09.06 04:09:08.386,1.35697,1.35716,1.10,1.00
2016.09.06 04:09:11.052,1.35697,1.35717,1.10,2.25
2016.09.06 04:09:12.136,1.35697,1.35717,1.00,2.32
2016.09.06 04:09:12.494,1.35697,1.35717,1.50,2.32
2016.09.06 04:09:26.970,1.35697,1.35717,1.00,2.32
2016.09.06 04:09:27.071,1.35697,1.35716,1.00,1.00
2016.09.06 04:09:27.986,1.35697,1.35716,1.00,1.00
2016.09.06 04:09:38.450,1.35697,1.35716,1.00,1.00
2016.09.06 04:09:44.350,1.35697,1.35716,1.00,1.50
2016.09.06 04:09:44.502,1.35695,1.35715,2.62,1.50
2016.09.06 04:09:44.603,1.35695,1.35714,1.57,1.10
2016.09.06 04:09:45.315,1.35695,1.35714,1.57,1.57
2016.09.06 04:09:46.516,1.35695,1.35714,1.57,1.10
2016.09.06 04:09:47.110,1.35697,1.35714,1.00,1.10
2016.09.06 04:09:47.718,1.35697,1.35716,1.00,2.25
2016.09.06 04:09:48.427,1.35697,1.35716,1.00,1.50
2016.09.06 04:09:48.579,1.35697,1.35716,1.00,1.00
2016.09.06 04:09:49.019,1.35697,1.35716,1.50,1.00
2016.09.06 04:09:49.171,1.35697,1.35716,1.00,1.00
2016.09.06 04:09:49.221,1.35697,1.35716,1.00,1.10
2016.09.06 04:09:50.637,1.35697,1.35716,1.00,1.57
2016.09.06 04:09:51.101,1.35697,1.35716,1.00,1.57
2016.09.06 04:09:51.450,1.35697,1.35715,1.00,1.00
2016.09.06 04:09:55.637,1.35697,1.35714,1.00,1.00
2016.09.06 04:09:55.816,1.35697,1.35714,1.00,1.00
2016.09.06 04:09:57.918,1.35697,1.35716,1.00,1.87
2016.09.06 04:09:58.070,1.35697,1.35716,1.00,1.12
2016.09.06 04:09:58.935,1.35697,1.35717,1.00,2.62
2016.09.06 04:10:04.422,1.35697,1.35716,1.00,1.12
2016.09.06 04:10:04.524,1.35697,1.35717,1.00,2.25
2016.09.06 04:10:04.584,1.35697,1.35716,1.00,1.12
2016.09.06 04:10:04.700,1.35697,1.35716,1.00,1.10
2016.09.06 04:10:05.065,1.35697,1.35716,1.50,1.10
2016.09.06 04:10:05.636,1.35697,1.35717,1.50,1.12
2016.09.06 04:10:07.327,1.35698,1.35717,1.00,1.12
2016.09.06 04:10:07.377,1.35698,1.35717,1.00,1.12
2016.09.06 04:10:07.428,1.35697,1.35717,1.00,1.87
2016.09.06 04:10:07.479,1.35697,1.35717,1.10,1.87
2016.09.06 04:10:07.529,1.35697,1.35716,1.10,1.10
2016.09.06 04:10:07.580,1.35697,1.35716,1.00,1.12
2016.09.06 04:10:07.732,1.35697,1.35715,1.00,1.10
2016.09.06 04:10:07.838,1.35697,1.35715,1.00,1.12
2016.09.06 04:10:08.549,1.35694,1.35714,1.87,1.10
2016.09.06 04:10:08.867,1.35694,1.35713,1.87,1.00
2016.09.06 04:10:09.684,1.35694,1.35713,1.57,1.10
2016.09.06 04:10:12.243,1.35694,1.35714,1.57,1.87
2016.09.06 04:10:13.093,1.35694,1.35714,1.57,1.87
2016.09.06 04:10:13.145,1.35694,1.35714,2.32,1.87
2016.09.06 04:10:13.195,1.35694,1.35714,2.32,1.87
2016.09.06 04:10:13.398,1.35694,1.35714,2.32,1.87
2016.09.06 04:10:13.449,1.35694,1.35714,2.32,1.12
2016.09.06 04:10:18.058,1.35696,1.35714,1.00,1.12
2016.09.06 04:10:18.207,1.35696,1.35714,1.00,1.00
2016.09.06 04:10:22.666,1.35694,1.35714,1.57,1.50
2016.09.06 04:10:22.717,1.35694,1.35714,1.57,1.50
2016.09.06 04:10:22.768,1.35694,1.35714,2.25,1.50
2016.09.06 04:10:22.869,1.35694,1.35712,1.50,1.00
2016.09.06 04:10:22.981,1.35694,1.35712,1.12,1.00
2016.09.06 04:10:23.550,1.35694,1.35712,1.00,1.00
2016.09.06 04:10:24.051,1.35694,1.35713,1.00,1.10
2016.09.06 04:10:27.037,1.35693,1.35713,1.50,1.10
2016.09.06 04:10:33.056,1.35694,1.35713,1.00,1.10
2016.09.06 04:10:35.969,1.35692,1.35709,1.57,1.00
2016.09.06 04:10:36.020,1.35692,1.35709,1.10,1.50
2016.09.06 04:10:36.071,1.35688,1.35707,1.75,1.00
2016.09.06 04:10:36.172,1.35687,1.35704,1.75,1.00
2016.09.06 04:10:36.223,1.35687,1.35704,1.50,1.00
2016.09.06 04:10:36.274,1.35686,1.35704,1.75,1.00
2016.09.06 04:10:36.325,1.35686,1.35704,1.12,1.00
2016.09.06 04:10:36.742,1.35686,1.35704,1.10,1.00
2016.09.06 04:10:38.281,1.35686,1.35704,1.10,1.50
2016.09.06 04:10:42.058,1.35685,1.35704,1.12,1.50
2016.09.06 04:10:43.072,1.35684,1.35704,2.25,1.50
2016.09.06 04:10:43.301,1.35685,1.35704,1.12,1.00
2016.09.06 04:10:43.716,1.35685,1.35704,1.12,1.00
2016.09.06 04:10:44.203,1.35685,1.35704,1.10,1.00
2016.09.06 04:10:44.377,1.35686,1.35704,1.00,1.00
2016.09.06 04:10:44.428,1.35686,1.35704,1.50,1.00
2016.09.06 04:10:44.478,1.35688,1.35704,1.00,1.00
2016.09.06 04:10:44.990,1.35688,1.35706,1.50,1.10
2016.09.06 04:10:46.811,1.35689,1.35708,1.00,2.25
2016.09.06 04:10:46.862,1.35689,1.35708,1.00,1.10
2016.09.06 04:10:47.207,1.35689,1.35708,1.00,1.10
2016.09.06 04:10:48.173,1.35689,1.35708,1.00,1.10
2016.09.06 04:10:48.224,1.35689,1.35708,1.50,1.10
2016.09.06 04:10:51.395,1.35689,1.35708,1.50,1.00
2016.09.06 04:10:52.185,1.35689,1.35708,1.00,1.00
2016.09.06 04:10:57.390,1.35689,1.3571,1.00,1.87
2016.09.06 04:10:57.710,1.35689,1.35708,1.00,1.00
2016.09.06 04:10:57.992,1.35689,1.3571,1.00,1.87
2016.09.06 04:11:05.242,1.35689,1.35708,1.00,1.00
2016.09.06 04:11:07.939,1.35689,1.3571,1.00,1.12
2016.09.06 04:11:08.041,1.35689,1.3571,1.00,1.87
2016.09.06 04:11:08.142,1.35689,1.35709,1.00,1.10
2016.09.06 04:11:08.246,1.35689,1.35709,1.50,1.10
2016.09.06 04:11:08.397,1.35689,1.35709,1.00,1.10
2016.09.06 04:11:08.498,1.35689,1.35709,1.50,1.10
2016.09.06 04:11:10.103,1.35689,1.35708,1.00,1.00
2016.09.06 04:11:12.114,1.35688,1.35708,2.32,1.00
2016.09.06 04:11:12.908,1.35688,1.35709,2.32,1.10
2016.09.06 04:11:12.959,1.35688,1.35709,2.32,1.10
2016.09.06 04:11:13.506,1.35688,1.3571,2.32,2.62
2016.09.06 04:11:16.699,1.35688,1.3571,2.32,2.62
2016.09.06 04:11:16.768,1.35688,1.35709,1.57,1.10
2016.09.06 04:11:16.818,1.35688,1.35709,2.32,1.10
2016.09.06 04:11:17.410,1.35688,1.35708,2.32,1.00
2016.09.06 04:11:19.819,1.3569,1.35709,1.00,1.10
2016.09.06 04:11:20.022,1.35689,1.35709,1.00,1.10
2016.09.06 04:11:20.224,1.35688,1.35709,2.32,1.10
2016.09.06 04:11:27.259,1.35688,1.3571,2.32,2.62
2016.09.06 04:11:27.310,1.35688,1.3571,2.32,2.62
2016.09.06 04:11:27.589,1.35688,1.3571,2.32,2.62
2016.09.06 04:11:28.458,1.35688,1.35708,1.57,1.00
2016.09.06 04:11:30.834,1.35688,1.35708,2.32,1.00
2016.09.06 04:11:31.222,1.35688,1.3571,2.32,2.62
2016.09.06 04:11:31.273,1.35688,1.3571,2.32,1.87
2016.09.06 04:11:44.974,1.35689,1.3571,1.00,1.87
2016.09.06 04:11:45.803,1.35689,1.3571,1.00,1.87
2016.09.06 04:11:45.905,1.35689,1.3571,1.00,1.87
2016.09.06 04:11:46.007,1.35691,1.3571,1.00,1.87
2016.09.06 04:11:46.058,1.35693,1.3571,1.00,1.00
2016.09.06 04:11:46.108,1.35693,1.35711,1.00,1.10
2016.09.06 04:11:46.159,1.35694,1.35711,1.00,1.00
2016.09.06 04:11:46.368,1.35695,1.35714,1.00,1.10
2016.09.06 04:11:47.176,1.35695,1.35715,1.57,1.12
2016.09.06 04:11:47.227,1.35695,1.35715,1.57,1.12
2016.09.06 04:11:47.278,1.35695,1.35715,1.10,1.12
2016.09.06 04:11:47.379,1.35695,1.35716,1.10,1.50
2016.09.06 04:11:47.605,1.35695,1.35716,1.10,1.50
2016.09.06 04:11:48.468,1.35695,1.35716,1.57,1.50
2016.09.06 04:11:55.419,1.35695,1.35716,1.57,1.50
2016.09.06 04:11:55.470,1.35695,1.3571,1.10,1.00
2016.09.06 04:11:55.520,1.3569,1.3571,3.00,1.00
2016.09.06 04:11:55.571,1.3569,1.35707,2.25,1.00
2016.09.06 04:11:55.622,1.3569,1.35707,1.00,1.00
2016.09.06 04:11:55.673,1.3569,1.35705,1.00,1.00
2016.09.06 04:11:55.774,1.35686,1.35705,1.50,1.00
2016.09.06 04:11:56.052,1.35686,1.35705,1.12,1.00
2016.09.06 04:11:56.659,1.35686,1.35705,1.12,1.00
2016.09.06 04:11:56.761,1.35686,1.35705,1.12,1.00
2016.09.06 04:11:57.293,1.35685,1.35705,1.50,2.25
2016.09.06 04:12:01.225,1.35685,1.35705,1.50,2.25
2016.09.06 04:12:01.327,1.35685,1.35705,1.50,2.25
2016.09.06 04:12:06.748,1.35685,1.35705,2.25,2.25
2016.09.06 04:12:06.875,1.35685,1.35705,2.25,2.25
2016.09.06 04:12:06.976,1.35685,1.35705,2.25,2.25
2016.09.06 04:12:13.187,1.35685,1.35705,3.00,1.00
2016.09.06 04:12:13.288,1.35685,1.35705,2.25,1.50
2016.09.06 04:12:13.339,1.35685,1.35704,1.50,1.00
2016.09.06 04:12:13.390,1.35685,1.35704,2.25,1.00
2016.09.06 04:12:13.491,1.35685,1.35704,1.50,1.00
2016.09.06 04:12:13.542,1.35685,1.35704,1.12,1.00
2016.09.06 04:12:24.469,1.35685,1.35704,1.12,1.00
2016.09.06 04:12:25.669,1.35685,1.35704,1.12,1.00
2016.09.06 04:12:32.708,1.35684,1.35704,1.50,1.00
2016.09.06 04:12:32.759,1.35683,1.35702,1.12,1.00
2016.09.06 04:12:32.810,1.35682,1.35702,2.25,1.50
2016.09.06 04:12:32.911,1.35682,1.35701,1.50,1.00
2016.09.06 04:12:33.012,1.35682,1.35701,1.00,1.00
2016.09.06 04:12:34.178,1.35682,1.35701,1.00,1.00
2016.09.06 04:12:34.229,1.35686,1.35702,1.00,1.57
2016.09.06 04:12:34.431,1.35684,1.35702,1.00,1.57
2016.09.06 04:12:34.693,1.35684,1.35702,1.00,1.57
2016.09.06 04:12:34.744,1.35684,1.35702,1.50,1.10
2016.09.06 04:12:35.311,1.35684,1.35703,1.50,1.12
2016.09.06 04:12:37.313,1.35685,1.35704,1.00,1.50
2016.09.06 04:12:37.415,1.35686,1.35704,1.00,1.50
2016.09.06 04:12:43.327,1.35684,1.35704,1.00,1.50
2016.09.06 04:12:46.981,1.35684,1.35704,1.10,1.12
2016.09.06 04:13:01.563,1.35684,1.35703,1.10,1.10
2016.09.06 04:13:04.209,1.35684,1.35703,1.10,1.10
2016.09.06 04:13:04.260,1.35685,1.35704,1.00,1.12
2016.09.06 04:13:05.130,1.35685,1.35705,1.50,2.25
2016.09.06 04:13:12.339,1.35685,1.35704,1.00,1.12
2016.09.06 04:13:12.390,1.35684,1.35704,1.10,1.12
2016.09.06 04:13:12.592,1.35684,1.35704,1.10,1.12
2016.09.06 04:13:14.395,1.35684,1.35704,1.57,1.12
2016.09.06 04:13:15.085,1.35684,1.35704,1.57,1.12
2016.09.06 04:13:15.136,1.35684,1.35704,1.57,1.12
2016.09.06 04:13:23.055,1.35684,1.35704,1.57,1.12
2016.09.06 04:13:23.106,1.35685,1.35704,1.00,1.12
2016.09.06 04:13:23.308,1.35688,1.35704,1.00,1.00
2016.09.06 04:13:24.370,1.35686,1.35704,1.00,1.00
2016.09.06 04:13:25.350,1.35686,1.35706,1.50,1.12
2016.09.06 04:13:25.400,1.35686,1.35706,1.57,1.00
2016.09.06 04:13:25.901,1.35688,1.35706,1.00,1.00
2016.09.06 04:13:26.329,1.35688,1.35706,1.00,1.00
2016.09.06 04:13:26.431,1.35689,1.35708,1.50,1.10
2016.09.06 04:13:26.482,1.35691,1.35708,1.00,1.00
2016.09.06 04:13:26.735,1.35691,1.35709,1.00,1.10
2016.09.06 04:13:26.786,1.35691,1.35709,1.00,1.10
2016.09.06 04:13:27.368,1.3569,1.35709,1.00,1.10
2016.09.06 04:13:27.418,1.3569,1.3571,1.50,1.87
2016.09.06 04:13:27.751,1.3569,1.3571,1.50,2.62
2016.09.06 04:13:28.477,1.3569,1.3571,1.50,1.87
2016.09.06 04:13:28.578,1.3569,1.3571,1.00,1.87
2016.09.06 04:13:35.903,1.3569,1.3571,1.50,1.87
2016.09.06 04:13:35.954,1.3569,1.3571,1.50,1.12
2016.09.06 04:13:36.005,1.3569,1.3571,1.50,1.12
2016.09.06 04:13:36.106,1.35691,1.3571,1.00,1.12
2016.09.06 04:13:36.317,1.35691,1.3571,1.00,1.12
2016.09.06 04:13:36.489,1.35691,1.3571,1.00,1.12
2016.09.06 04:13:37.028,1.35691,1.3571,1.00,1.12
2016.09.06 04:13:37.278,1.3569,1.3571,1.50,1.12
2016.09.06 04:13:37.380,1.3569,1.3571,1.50,1.12
2016.09.06 04:13:37.431,1.3569,1.3571,1.50,1.12
2016.09.06 04:13:38.334,1.3569,1.3571,1.50,1.87
2016.09.06 04:13:40.422,1.35692,1.3571,1.00,1.87
2016.09.06 04:13:40.473,1.35692,1.3571,1.00,1.12
2016.09.06 04:13:40.823,1.35692,1.3571,1.00,1.12
2016.09.06 04:13:40.974,1.35692,1.3571,1.00,1.12
2016.09.06 04:13:41.572,1.35691,1.3571,1.00,1.12
2016.09.06 04:13:44.397,1.35692,1.3571,1.00,1.12
2016.09.06 04:13:44.448,1.35692,1.3571,1.00,1.10
2016.09.06 04:13:44.549,1.35692,1.35712,1.00,1.10
2016.09.06 04:13:44.600,1.35695,1.35712,1.00,1.10
2016.09.06 04:13:44.651,1.35695,1.35712,1.00,1.00
2016.09.06 04:13:44.701,1.35696,1.35712,1.00,1.00
2016.09.06 04:13:44.752,1.35696,1.35713,1.00,1.10
2016.09.06 04:13:44.803,1.35697,1.35713,1.00,1.10
2016.09.06 04:13:44.854,1.35697,1.35714,1.00,1.10
2016.09.06 04:13:44.904,1.35699,1.35714,1.00,1.10
2016.09.06 04:13:44.964,1.35699,1.35714,1.00,1.00
2016.09.06 04:13:45.015,1.35697,1.35718,1.00,1.75
2016.09.06 04:13:45.299,1.35697,1.35718,1.00,1.75
2016.09.06 04:13:45.350,1.35697,1.35715,1.00,1.10
2016.09.06 04:13:45.401,1.35695,1.35715,1.87,1.10
2016.09.06 04:13:45.502,1.35695,1.35714,1.12,1.00
2016.09.06 04:13:45.654,1.35695,1.35714,1.00,1.00
2016.09.06 04:13:49.719,1.35695,1.35715,1.00,1.10
2016.09.06 04:13:49.918,1.35696,1.35715,1.00,1.10
2016.09.06 04:13:50.070,1.35698,1.35718,1.00,2.25
2016.09.06 04:13:50.121,1.35698,1.35718,2.25,1.75
2016.09.06 04:13:50.172,1.35698,1.3572,2.32,1.87
2016.09.06 04:13:50.223,1.35701,1.3572,1.00,1.87
2016.09.06 04:13:50.570,1.35701,1.3572,1.00,1.87
2016.09.06 04:13:50.938,1.35699,1.3572,1.12,1.87
2016.09.06 04:13:51.039,1.357,1.3572,1.10,1.87
2016.09.06 04:13:51.375,1.357,1.3572,1.10,1.12
2016.09.06 04:13:52.131,1.357,1.3572,1.10,1.87
2016.09.06 04:13:56.918,1.35699,1.3572,1.12,1.87
2016.09.06 04:13:57.120,1.357,1.3572,1.10,1.87
2016.09.06 04:14:00.299,1.357,1.3572,1.10,1.87
2016.09.06 04:14:00.451,1.357,1.3572,1.10,1.12
2016.09.06 04:14:00.502,1.357,1.3572,1.50,1.00
2016.09.06 04:14:06.812,1.35701,1.3572,1.12,1.00
2016.09.06 04:14:12.483,1.35701,1.35721,1.87,1.57
2016.09.06 04:14:19.939,1.35701,1.35721,1.12,1.10
2016.09.06 04:14:27.503,1.357,1.3572,1.50,1.00
2016.09.06 04:14:31.052,1.357,1.3572,1.50,1.00
2016.09.06 04:14:36.264,1.357,1.3572,2.25,1.00
2016.09.06 04:14:38.266,1.357,1.3572,2.25,1.50
2016.09.06 04:14:39.477,1.357,1.3572,1.50,1.50
2016.09.06 04:14:40.992,1.357,1.3572,1.50,1.00
2016.09.06 04:14:44.191,1.35701,1.3572,1.12,1.00
2016.09.06 04:14:44.293,1.35702,1.3572,1.10,1.00
2016.09.06 04:14:46.802,1.35701,1.3572,1.12,1.00
2016.09.06 04:14:49.513,1.35702,1.3572,1.10,1.00
2016.09.06 04:14:57.281,1.35701,1.3572,1.12,1.00
2016.09.06 04:14:58.490,1.35702,1.3572,1.10,1.00
2016.09.06 04:15:04.247,1.35705,1.3572,1.00,1.00
2016.09.06 04:15:04.298,1.35705,1.3572,1.00,1.00
2016.09.06 04:15:04.349,1.35704,1.3572,1.00,1.00
2016.09.06 04:15:05.604,1.35704,1.3572,1.10,1.00
2016.09.06 04:15:05.655,1.35704,1.35723,1.10,1.10
2016.09.06 04:15:05.756,1.35704,1.35723,1.10,1.10
2016.09.06 04:15:05.969,1.35705,1.35723,1.00,1.10
2016.09.06 04:15:06.070,1.35706,1.35723,1.00,1.10
2016.09.06 04:15:06.522,1.35706,1.35723,1.00,1.00
2016.09.06 04:15:08.356,1.35707,1.35723,1.00,1.00
2016.09.06 04:15:08.770,1.35707,1.35725,1.00,1.10
2016.09.06 04:15:08.821,1.35707,1.35725,1.10,1.00
2016.09.06 04:15:09.930,1.35707,1.35725,1.10,1.00
2016.09.06 04:15:10.031,1.35708,1.35725,1.00,1.00
2016.09.06 04:15:10.082,1.35708,1.35727,1.00,1.12
2016.09.06 04:15:10.446,1.3571,1.35727,1.00,1.12
2016.09.06 04:15:10.601,1.3571,1.35727,1.00,1.10
2016.09.06 04:15:11.506,1.35709,1.35727,1.00,1.10
2016.09.06 04:15:14.771,1.35709,1.35727,1.00,1.00
2016.09.06 04:15:14.915,1.35713,1.35727,1.00,1.00
2016.09.06 04:15:14.966,1.35713,1.35727,1.00,1.00
2016.09.06 04:15:15.018,1.35713,1.3573,1.00,1.00
2016.09.06 04:15:15.070,1.35714,1.3573,1.00,1.00
2016.09.06 04:15:15.121,1.35714,1.35733,1.00,1.12
2016.09.06 04:15:16.265,1.35715,1.35733,1.00,1.12
2016.09.06 04:15:16.316,1.35715,1.35733,1.00,1.10
2016.09.06 04:15:16.366,1.35716,1.35733,1.00,1.10
2016.09.06 04:15:17.381,1.35717,1.35733,1.00,1.10
2016.09.06 04:15:18.580,1.35715,1.35733,1.00,1.10
2016.09.06 04:15:26.970,1.35714,1.35733,1.10,1.10
2016.09.06 04:15:27.173,1.35714,1.35733,1.10,1.10
2016.09.06 04:15:27.674,1.35711,1.35733,2.62,1.10
2016.09.06 04:15:27.725,1.35713,1.35733,1.12,1.00
2016.09.06 04:15:27.827,1.35713,1.35733,1.12,1.10
2016.09.06 04:15:27.877,1.35713,1.3573,1.12,1.00
2016.09.06 04:15:27.931,1.3571,1.3573,2.25,1.00
2016.09.06 04:15:27.982,1.35711,1.35732,1.12,1.00
2016.09.06 04:15:28.033,1.35711,1.35732,1.12,1.00
2016.09.06 04:15:28.084,1.3571,1.35732,1.12,1.50
2016.09.06 04:15:28.134,1.3571,1.35732,1.12,2.25
2016.09.06 04:15:28.228,1.35707,1.35725,1.50,1.00
2016.09.06 04:15:28.279,1.35705,1.35725,1.57,1.00
2016.09.06 04:15:28.330,1.35705,1.35725,1.57,1.00
2016.09.06 04:15:28.381,1.35705,1.35725,1.10,1.12
2016.09.06 04:15:28.432,1.35705,1.35725,1.10,1.12
2016.09.06 04:15:28.533,1.35705,1.35725,1.10,1.12
2016.09.06 04:15:28.584,1.35706,1.35725,1.00,1.12
2016.09.06 04:15:28.685,1.35707,1.35725,1.00,1.12
2016.09.06 04:15:29.195,1.35707,1.35724,1.00,1.10
2016.09.06 04:15:29.454,1.35705,1.35724,1.10,1.10
2016.09.06 04:15:29.555,1.35707,1.35724,1.00,1.10
2016.09.06 04:15:34.278,1.35706,1.35724,1.00,1.10
2016.09.06 04:15:35.269,1.35704,1.35724,1.87,1.10
2016.09.06 04:15:37.131,1.35704,1.35724,1.87,1.10
2016.09.06 04:15:37.181,1.35704,1.35724,1.12,1.10
2016.09.06 04:15:37.283,1.35704,1.35724,1.57,1.12
2016.09.06 04:15:37.406,1.35704,1.35723,1.10,1.10
2016.09.06 04:15:47.760,1.35704,1.35723,1.10,1.10
2016.09.06 04:15:50.621,1.35704,1.35723,1.10,1.10
2016.09.06 04:15:50.722,1.35703,1.35723,1.12,1.10
2016.09.06 04:15:51.722,1.35703,1.35723,1.12,1.10
2016.09.06 04:15:53.877,1.35703,1.35723,1.12,1.10
2016.09.06 04:15:53.927,1.35703,1.35723,1.00,1.50
2016.09.06 04:16:07.117,1.35701,1.35723,1.12,1.50
2016.09.06 04:16:07.168,1.35699,1.35719,2.25,1.00
2016.09.06 04:16:07.218,1.35699,1.35719,1.50,1.00
2016.09.06 04:16:07.528,1.35699,1.35719,2.25,1.00
2016.09.06 04:16:07.579,1.35699,1.35719,1.57,1.12
2016.09.06 04:16:07.715,1.357,1.35719,1.00,1.12
2016.09.06 04:16:07.867,1.357,1.35719,1.00,1.12
2016.09.06 04:16:08.361,1.357,1.35719,1.00,1.12
2016.09.06 04:16:08.741,1.35699,1.35719,1.50,1.00
2016.09.06 04:16:08.842,1.35699,1.35719,2.25,1.00
2016.09.06 04:16:08.893,1.35699,1.35719,1.57,1.00
2016.09.06 04:16:08.944,1.35699,1.35719,1.10,1.00
2016.09.06 04:16:09.635,1.35699,1.35719,1.57,1.00
2016.09.06 04:16:10.628,1.35699,1.35719,1.10,1.00
2016.09.06 04:16:12.782,1.35698,1.35719,1.12,1.00
2016.09.06 04:16:19.140,1.35699,1.35719,1.10,1.00
2016.09.06 04:16:19.241,1.35698,1.35719,1.12,1.00
2016.09.06 04:16:21.647,1.357,1.35719,1.00,1.00
2016.09.06 04:16:21.714,1.35701,1.35719,1.00,1.00
2016.09.06 04:16:22.744,1.35701,1.35719,1.00,1.00
2016.09.06 04:16:22.942,1.35699,1.35719,1.10,1.00
2016.09.06 04:16:23.045,1.35698,1.35719,1.12,1.00
2016.09.06 04:16:28.723,1.35697,1.35719,1.87,1.00
2016.09.06 04:16:28.824,1.35697,1.35719,2.62,1.00
2016.09.06 04:16:29.924,1.35698,1.35719,1.12,1.00
2016.09.06 04:16:30.026,1.35697,1.35719,2.62,1.00
2016.09.06 04:16:30.127,1.35698,1.35719,1.12,1.00
2016.09.06 04:16:30.626,1.35699,1.35719,1.10,1.00
2016.09.06 04:16:30.840,1.35698,1.35719,1.12,1.00
2016.09.06 04:16:30.942,1.35699,1.35719,1.10,1.00
2016.09.06 04:16:30.992,1.35699,1.35719,1.10,1.00
2016.09.06 04:16:31.627,1.35701,1.35719,1.00,1.00
2016.09.06 04:16:31.728,1.357,1.35719,1.00,1.00
2016.09.06 04:16:31.779,1.357,1.35719,1.12,1.00
2016.09.06 04:16:31.830,1.35701,1.35719,1.10,1.00
2016.09.06 04:16:37.036,1.357,1.35719,1.12,1.00
2016.09.06 04:16:37.086,1.357,1.35719,1.12,1.00
2016.09.06 04:16:37.137,1.35698,1.35719,1.75,1.00
2016.09.06 04:16:37.835,1.35699,1.35719,1.50,1.00
2016.09.06 04:16:37.886,1.35699,1.35719,1.50,1.00
2016.09.06 04:16:40.623,1.35699,1.35719,1.50,1.00
2016.09.06 04:16:42.852,1.35699,1.3572,1.50,1.10
2016.09.06 04:16:43.805,1.35699,1.3572,1.50,1.10
2016.09.06 04:16:43.886,1.35699,1.3572,1.50,1.10
2016.09.06 04:16:44.584,1.35699,1.3572,1.50,1.10
2016.09.06 04:16:44.685,1.35699,1.3572,1.50,1.10
2016.09.06 04:16:48.246,1.357,1.3572,1.12,1.10
2016.09.06 04:16:52.495,1.35699,1.3572,1.50,1.10
2016.09.06 04:16:57.854,1.35699,1.3572,1.50,1.10
2016.09.06 04:17:08.356,1.35699,1.3572,1.50,1.10
2016.09.06 04:17:08.573,1.35701,1.3572,1.10,1.10
2016.09.06 04:17:11.220,1.35703,1.3572,1.00,1.10
2016.09.06 04:17:12.131,1.35703,1.3572,1.00,1.00
2016.09.06 04:17:12.384,1.35701,1.3572,1.12,1.00
2016.09.06 04:17:12.485,1.35699,1.3572,1.75,1.00
2016.09.06 04:17:12.586,1.35701,1.3572,1.12,1.00
2016.09.06 04:17:14.320,1.357,1.3572,1.50,1.00
2016.09.06 04:17:14.370,1.357,1.3572,1.10,1.00
2016.09.06 04:17:34.503,1.35701,1.3572,1.00,1.00
2016.09.06 04:17:34.604,1.357,1.3572,1.10,1.00
2016.09.06 04:17:34.921,1.357,1.3572,1.57,1.12
2016.09.06 04:17:34.972,1.357,1.3572,1.57,1.12
2016.09.06 04:17:35.023,1.35702,1.3572,1.00,1.12
2016.09.06 04:17:35.777,1.35702,1.3572,1.00,1.87
2016.09.06 04:17:35.929,1.35704,1.3572,1.50,1.12
2016.09.06 04:17:35.980,1.35704,1.35722,1.50,2.25
2016.09.06 04:17:36.031,1.35705,1.35722,1.50,1.57
2016.09.06 04:17:36.115,1.35709,1.35722,1.00,1.00
2016.09.06 04:17:36.268,1.35709,1.35725,1.00,1.10
2016.09.06 04:17:36.420,1.35709,1.35727,1.00,1.50
2016.09.06 04:17:36.471,1.35709,1.35727,1.00,1.12
2016.09.06 04:17:41.123,1.35709,1.35727,1.00,1.12
2016.09.06 04:17:41.224,1.3571,1.35727,1.00,1.12
2016.09.06 04:17:41.491,1.3571,1.35727,1.00,1.87
2016.09.06 04:17:41.817,1.35712,1.35727,1.00,1.87
2016.09.06 04:17:41.918,1.35713,1.35727,1.00,1.12
2016.09.06 04:17:41.969,1.35713,1.35725,1.00,1.00
2016.09.06 04:17:42.020,1.3571,1.35725,1.00,1.00
2016.09.06 04:17:42.070,1.3571,1.35725,1.00,1.00
2016.09.06 04:17:42.121,1.35707,1.35725,1.10,1.50
2016.09.06 04:17:42.172,1.35707,1.35725,1.00,1.00
2016.09.06 04:17:42.223,1.35706,1.35725,1.10,1.00
2016.09.06 04:17:42.273,1.35706,1.35725,1.10,1.10
2016.09.06 04:17:42.324,1.35705,1.35725,1.12,1.10
2016.09.06 04:17:42.813,1.35707,1.35725,1.00,1.10
2016.09.06 04:17:42.915,1.35706,1.35725,1.10,1.10
2016.09.06 04:17:43.246,1.35706,1.35724,1.10,1.00
2016.09.06 04:17:57.921,1.35706,1.35726,1.10,1.12
2016.09.06 04:17:59.336,1.35707,1.35726,1.00,1.12
2016.09.06 04:18:08.859,1.35708,1.35726,1.00,1.12
2016.09.06 04:18:11.880,1.35709,1.35726,1.00,1.12
2016.09.06 04:18:11.981,1.35709,1.35726,1.00,1.00
2016.09.06 04:18:13.048,1.35709,1.35727,1.00,1.10
2016.09.06 04:18:13.400,1.35707,1.35727,1.00,1.10
2016.09.06 04:18:14.528,1.35709,1.35727,1.00,1.10
2016.09.06 04:18:15.308,1.35709,1.35727,1.00,1.10
2016.09.06 04:18:19.889,1.3571,1.35727,1.00,1.10
2016.09.06 04:18:20.041,1.3571,1.35727,1.00,1.10
2016.09.06 04:18:20.092,1.35711,1.35727,1.00,1.10
2016.09.06 04:18:20.143,1.35711,1.35727,1.00,1.00
2016.09.06 04:18:21.994,1.35712,1.35728,1.00,1.00
2016.09.06 04:18:24.537,1.35712,1.35728,1.00,1.00
2016.09.06 04:18:24.688,1.35712,1.3573,1.00,1.12
2016.09.06 04:18:24.739,1.35712,1.3573,1.00,1.10
2016.09.06 04:18:26.671,1.35712,1.35731,1.00,1.12
2016.09.06 04:18:29.045,1.35712,1.35731,1.00,1.12
2016.09.06 04:18:29.096,1.3571,1.35731,1.12,1.12
2016.09.06 04:18:29.146,1.35713,1.35731,1.00,1.00
2016.09.06 04:18:29.248,1.35713,1.35731,1.00,1.12
2016.09.06 04:18:29.349,1.35713,1.35731,1.00,1.10
2016.09.06 04:18:29.400,1.35712,1.35731,1.10,1.10
2016.09.06 04:18:29.985,1.35711,1.35731,1.87,1.10
2016.09.06 04:18:31.189,1.35711,1.35731,1.12,1.10
2016.09.06 04:18:43.084,1.35711,1.35731,1.87,1.10
2016.09.06 04:18:56.147,1.35713,1.35731,1.00,1.10
2016.09.06 04:18:58.109,1.35713,1.35733,1.00,1.50
2016.09.06 04:19:00.161,1.35714,1.35733,1.00,1.50
2016.09.06 04:19:14.864,1.35713,1.35733,1.00,1.50
2016.09.06 04:19:25.045,1.35713,1.35733,1.00,1.12
2016.09.06 04:19:31.725,1.35713,1.35733,1.50,1.12
2016.09.06 04:19:31.776,1.35715,1.35733,1.00,1.12
2016.09.06 04:19:31.877,1.35716,1.35733,1.00,1.00
2016.09.06 04:19:32.130,1.35716,1.35734,1.12,1.00
2016.09.06 04:19:32.762,1.35716,1.35734,1.12,1.00
2016.09.06 04:19:32.813,1.35718,1.35734,1.00,1.00
2016.09.06 04:19:33.171,1.35718,1.35736,1.00,1.00
2016.09.06 04:19:33.222,1.35718,1.35736,1.12,1.00
2016.09.06 04:19:43.185,1.35718,1.35737,1.12,1.50
2016.09.06 04:19:52.699,1.35717,1.35737,1.50,1.50
2016.09.06 04:19:53.022,1.35717,1.35737,2.25,1.50
2016.09.06 04:19:56.340,1.35717,1.35737,1.50,1.50
2016.09.06 04:19:56.442,1.35717,1.35737,2.25,1.50
2016.09.06 04:20:00.125,1.35718,1.35737,1.12,1.50
2016.09.06 04:20:04.562,1.35717,1.35737,2.25,1.50
2016.09.06 04:20:08.673,1.35718,1.35737,1.12,1.50
2016.09.06 04:20:08.724,1.35718,1.35737,1.10,1.50
2016.09.06 04:20:08.826,1.35718,1.35737,1.10,1.00
2016.09.06 04:20:08.876,1.35718,1.35737,1.50,1.00
2016.09.06 04:20:08.943,1.3572,1.35737,1.10,1.00
2016.09.06 04:20:09.276,1.3572,1.35737,1.12,1.00
2016.09.06 04:20:09.327,1.3572,1.3574,1.12,1.10
2016.09.06 04:20:09.378,1.3572,1.3574,1.50,1.00
2016.09.06 04:20:09.428,1.3572,1.3574,1.50,1.00
2016.09.06 04:20:09.479,1.35721,1.3574,1.12,1.00
2016.09.06 04:20:09.631,1.35721,1.3574,1.12,1.00
2016.09.06 04:20:09.732,1.35721,1.3574,1.50,1.00
2016.09.06 04:20:09.939,1.35721,1.3574,1.87,1.00
2016.09.06 04:20:09.995,1.35721,1.3574,1.50,1.00
2016.09.06 04:20:10.045,1.35722,1.3574,1.12,1.00
2016.09.06 04:20:10.096,1.35722,1.3574,1.12,1.00
2016.09.06 04:20:10.147,1.35722,1.35742,1.75,1.00
2016.09.06 04:20:10.198,1.35722,1.35742,1.75,1.00
2016.09.06 04:20:10.321,1.35722,1.35742,1.12,1.00
2016.09.06 04:20:10.381,1.35724,1.35742,1.10,1.00
2016.09.06 04:20:10.482,1.35724,1.35742,1.75,1.00
2016.09.06 04:20:10.810,1.35724,1.35742,1.10,1.00
2016.09.06 04:20:10.861,1.35724,1.35742,1.10,1.50
2016.09.06 04:20:10.962,1.35726,1.35742,1.00,1.50
2016.09.06 04:20:11.064,1.35726,1.35742,1.10,1.50
2016.09.06 04:20:11.165,1.35725,1.35742,1.75,1.50
2016.09.06 04:20:11.266,1.35725,1.35742,1.12,1.50
2016.09.06 04:20:11.317,1.35725,1.35742,1.12,1.00
2016.09.06 04:20:11.469,1.35727,1.35742,1.00,1.00
2016.09.06 04:20:11.570,1.35725,1.35744,1.87,1.00
2016.09.06 04:20:11.621,1.35725,1.35744,1.12,1.00
2016.09.06 04:20:11.672,1.35729,1.35744,1.00,1.00
2016.09.06 04:20:11.874,1.35729,1.35744,1.00,1.00
2016.09.06 04:20:12.719,1.35729,1.35744,1.00,1.00
2016.09.06 04:20:12.769,1.35728,1.35744,1.10,1.00
2016.09.06 04:20:12.871,1.35727,1.35744,1.12,1.00
2016.09.06 04:20:13.201,1.35727,1.35745,1.12,1.00
2016.09.06 04:20:13.947,1.35726,1.35745,1.50,1.00
2016.09.06 04:20:14.752,1.35728,1.35745,1.10,1.00
2016.09.06 04:20:15.554,1.35729,1.35745,1.00,1.00
2016.09.06 04:20:15.605,1.35729,1.35746,1.00,1.00
2016.09.06 04:20:15.656,1.3573,1.35746,1.00,1.10
2016.09.06 04:20:15.757,1.35728,1.35746,1.00,1.10
2016.09.06 04:20:15.913,1.35729,1.35746,1.00,1.10
2016.09.06 04:20:16.434,1.3573,1.35746,1.00,1.10
2016.09.06 04:20:16.597,1.35727,1.35746,1.10,1.10
2016.09.06 04:20:16.648,1.35731,1.35748,1.00,1.87
2016.09.06 04:20:16.699,1.35731,1.35748,1.00,1.87
2016.09.06 04:20:16.750,1.35727,1.35747,1.50,1.12
2016.09.06 04:20:16.801,1.35728,1.35747,1.12,1.00
2016.09.06 04:20:16.902,1.35726,1.35747,1.75,1.00
2016.09.06 04:20:17.003,1.35726,1.35747,1.10,1.10
2016.09.06 04:20:17.144,1.35726,1.35747,1.10,1.57
2016.09.06 04:20:17.707,1.35726,1.35745,1.10,1.00
2016.09.06 04:20:17.946,1.35726,1.35745,1.10,1.00
2016.09.06 04:20:23.688,1.35728,1.35745,1.00,1.00
2016.09.06 04:20:23.840,1.35728,1.35745,1.00,1.00
2016.09.06 04:20:23.941,1.35728,1.35745,1.00,1.00
2016.09.06 04:20:24.338,1.35728,1.35745,1.00,1.00
2016.09.06 04:20:24.439,1.35728,1.35745,1.00,1.00
2016.09.06 04:20:24.889,1.35726,1.35745,1.12,1.00
2016.09.06 04:20:25.213,1.35726,1.35745,1.12,1.00
2016.09.06 04:20:38.827,1.35726,1.35745,1.12,1.00
2016.09.06 04:20:43.632,1.35726,1.35745,1.87,1.00
2016.09.06 04:20:44.834,1.35726,1.35745,1.87,1.00
2016.09.06 04:20:46.321,1.35726,1.35745,1.12,1.00
2016.09.06 04:20:52.305,1.35727,1.35745,1.10,1.00
2016.09.06 04:20:52.626,1.35725,1.35745,3.00,1.00
2016.09.06 04:20:52.677,1.35725,1.35745,2.25,1.00
2016.09.06 04:20:56.802,1.35726,1.35745,1.12,1.00
2016.09.06 04:21:10.368,1.35728,1.35745,1.00,1.00
2016.09.06 04:21:10.924,1.35729,1.35745,1.00,1.00
2016.09.06 04:21:10.975,1.35729,1.35747,1.50,1.37
2016.09.06 04:21:11.131,1.35729,1.35749,1.50,1.50
2016.09.06 04:21:17.029,1.35729,1.35749,1.00,1.50
2016.09.06 04:21:19.863,1.3573,1.35749,1.00,1.50
2016.09.06 04:21:33.903,1.3573,1.35749,1.00,1.50
2016.09.06 04:21:33.954,1.3573,1.35749,1.00,1.87
2016.09.06 04:21:39.809,1.3573,1.35749,1.00,1.87
2016.09.06 04:21:39.910,1.3573,1.35749,1.00,1.87
2016.09.06 04:21:43.426,1.3573,1.35748,1.00,1.47
2016.09.06 04:21:51.164,1.35728,1.35748,1.50,1.47
2016.09.06 04:21:51.299,1.35728,1.35747,1.00,1.00
2016.09.06 04:21:51.522,1.35728,1.35747,1.00,1.00
2016.09.06 04:21:55.974,1.35729,1.35747,1.00,1.00
2016.09.06 04:21:56.025,1.35729,1.35747,1.00,1.12
2016.09.06 04:21:58.677,1.35729,1.35747,1.00,1.12
2016.09.06 04:21:59.061,1.35729,1.35747,1.00,1.12
2016.09.06 04:21:59.314,1.35727,1.35747,1.10,1.12
2016.09.06 04:21:59.365,1.35727,1.35747,1.10,1.00
2016.09.06 04:21:59.416,1.35727,1.35747,1.00,1.50
2016.09.06 04:21:59.568,1.35727,1.35747,1.00,1.50
2016.09.06 04:21:59.618,1.35726,1.35747,1.57,1.50
2016.09.06 04:21:59.733,1.35724,1.35741,1.00,1.00
2016.09.06 04:21:59.784,1.35724,1.35741,1.00,2.25
2016.09.06 04:21:59.835,1.35724,1.35739,1.00,1.10
2016.09.06 04:21:59.886,1.3572,1.35739,1.00,1.12
2016.09.06 04:22:01.010,1.35719,1.35739,1.57,1.12
2016.09.06 04:22:01.061,1.35719,1.35739,1.57,1.12
2016.09.06 04:22:02.196,1.3572,1.35739,1.00,1.12
2016.09.06 04:22:04.295,1.35719,1.35739,1.57,1.12
2016.09.06 04:22:05.697,1.3572,1.35739,1.00,1.12
2016.09.06 04:22:05.748,1.3572,1.35739,1.00,1.12
2016.09.06 04:22:05.849,1.3572,1.35739,1.00,1.12
2016.09.06 04:22:06.648,1.3572,1.35739,1.00,1.12
2016.09.06 04:22:06.748,1.3572,1.35739,1.00,1.12
2016.09.06 04:22:06.850,1.3572,1.35739,1.00,1.12
2016.09.06 04:22:06.900,1.35719,1.35739,1.57,1.12
2016.09.06 04:22:06.951,1.35719,1.35739,1.57,1.12
2016.09.06 04:22:07.157,1.35719,1.35739,1.57,1.12
2016.09.06 04:22:07.249,1.35719,1.35739,1.57,1.12
2016.09.06 04:22:13.463,1.35719,1.3574,1.57,1.50
2016.09.06 04:22:13.514,1.3572,1.3574,1.00,1.50
2016.09.06 04:22:13.616,1.35721,1.3574,1.00,1.12
2016.09.06 04:22:13.786,1.35721,1.3574,1.00,1.12
2016.09.06 04:22:13.950,1.35721,1.35742,2.25,1.10
2016.09.06 04:22:14.002,1.35725,1.35743,1.00,1.12
2016.09.06 04:22:14.052,1.35725,1.35743,1.00,1.12
2016.09.06 04:22:14.700,1.35726,1.35743,1.00,1.12
2016.09.06 04:22:15.752,1.35724,1.35743,1.00,1.12
2016.09.06 04:22:16.200,1.35725,1.35743,1.00,1.12
2016.09.06 04:22:17.401,1.35724,1.35743,1.00,1.12
2016.09.06 04:22:18.123,1.35725,1.35743,1.00,1.12
2016.09.06 04:22:19.535,1.35725,1.35743,1.10,1.00
2016.09.06 04:22:22.046,1.35726,1.35743,1.00,1.00
2016.09.06 04:22:27.570,1.35727,1.35743,1.00,1.00
2016.09.06 04:22:27.722,1.35729,1.35745,1.00,1.10
2016.09.06 04:22:27.824,1.35732,1.3575,1.12,1.50
2016.09.06 04:22:27.875,1.35732,1.3575,1.12,1.00
2016.09.06 04:22:27.973,1.35733,1.3575,1.57,1.00
2016.09.06 04:22:28.024,1.35734,1.3575,1.00,1.00
2016.09.06 04:22:28.480,1.35734,1.35753,1.00,1.00
2016.09.06 04:22:29.061,1.35734,1.35753,1.00,1.00
2016.09.06 04:22:29.115,1.35734,1.35753,1.50,1.00
2016.09.06 04:22:37.632,1.35734,1.35753,1.00,1.00
2016.09.06 04:22:38.601,1.35734,1.35753,1.00,1.12
2016.09.06 04:22:38.714,1.35734,1.35753,1.00,1.12
2016.09.06 04:22:38.805,1.35733,1.35752,1.00,1.12
2016.09.06 04:22:38.856,1.35731,1.35752,1.00,1.12
2016.09.06 04:22:39.854,1.35731,1.35751,1.00,1.12
2016.09.06 04:22:40.933,1.35729,1.3575,1.00,1.75
2016.09.06 04:22:41.117,1.35729,1.3575,1.00,1.75
2016.09.06 04:22:41.168,1.35729,1.35749,1.00,1.12
2016.09.06 04:22:41.269,1.35728,1.35748,1.50,1.37
2016.09.06 04:22:41.756,1.35728,1.35748,1.00,1.87
2016.09.06 04:22:41.807,1.35728,1.35748,1.50,1.87
2016.09.06 04:22:42.339,1.35728,1.35748,1.00,1.87
2016.09.06 04:22:57.070,1.35728,1.35748,1.00,1.50
2016.09.06 04:23:00.255,1.35726,1.35748,2.25,1.50
2016.09.06 04:23:00.413,1.3573,1.35748,1.00,1.50
2016.09.06 04:23:00.583,1.35728,1.35748,1.00,1.50
2016.09.06 04:23:03.323,1.35728,1.35748,1.00,1.50
2016.09.06 04:23:04.328,1.35728,1.35748,1.00,1.50
2016.09.06 04:23:04.379,1.35729,1.35748,1.00,1.50
2016.09.06 04:23:04.799,1.35728,1.35748,1.00,1.50
2016.09.06 04:23:04.850,1.35728,1.35748,1.00,1.50
2016.09.06 04:23:04.901,1.35727,1.35748,1.10,1.50
2016.09.06 04:23:04.994,1.35727,1.35748,1.10,1.50
2016.09.06 04:23:05.112,1.35726,1.35748,2.32,1.87
2016.09.06 04:23:06.031,1.35726,1.35748,2.32,1.87
2016.09.06 04:23:06.132,1.35726,1.35748,2.32,1.87
2016.09.06 04:23:06.297,1.35726,1.35748,1.57,1.87
2016.09.06 04:23:06.969,1.35726,1.35748,1.50,1.87
2016.09.06 04:23:13.640,1.35726,1.35746,1.00,1.75
2016.09.06 04:23:14.791,1.35725,1.35746,1.00,1.75
2016.09.06 04:23:14.892,1.35724,1.35746,1.57,1.75
2016.09.06 04:23:16.502,1.35725,1.35746,1.00,1.75
2016.09.06 04:23:16.553,1.35725,1.35746,1.00,1.87
2016.09.06 04:23:20.208,1.35726,1.35746,1.00,1.87
2016.09.06 04:23:25.162,1.35726,1.35746,1.00,1.87
2016.09.06 04:23:28.162,1.35726,1.35746,1.00,1.75
2016.09.06 04:23:30.617,1.35727,1.35746,1.00,1.75
2016.09.06 04:23:34.911,1.35727,1.35746,1.00,1.12
2016.09.06 04:23:35.680,1.35727,1.35746,1.00,1.12
2016.09.06 04:23:44.114,1.35728,1.35746,1.00,1.12
2016.09.06 04:23:51.039,1.35726,1.35746,2.25,1.12
2016.09.06 04:23:51.140,1.3573,1.35746,1.00,1.12
2016.09.06 04:23:51.242,1.35731,1.35748,1.00,1.75
2016.09.06 04:23:51.292,1.35731,1.35748,1.00,1.12
2016.09.06 04:23:51.495,1.35731,1.35748,1.50,1.12
2016.09.06 04:23:52.027,1.35731,1.35748,1.00,1.12
2016.09.06 04:23:52.129,1.35731,1.35748,1.50,1.12
2016.09.06 04:23:56.236,1.35731,1.35748,1.00,1.12
2016.09.06 04:23:58.759,1.35731,1.35749,1.00,1.50
2016.09.06 04:23:58.981,1.35731,1.35749,1.00,1.50
2016.09.06 04:23:59.081,1.35728,1.35747,1.00,1.12
2016.09.06 04:23:59.234,1.35727,1.35747,1.50,1.12
2016.09.06 04:23:59.335,1.35727,1.35747,1.00,1.12
2016.09.06 04:23:59.487,1.35727,1.35747,1.00,1.75
2016.09.06 04:24:00.064,1.35726,1.35746,1.00,1.50
2016.09.06 04:24:00.513,1.35725,1.35746,1.10,1.50
2016.09.06 04:24:01.350,1.35727,1.35746,1.00,1.50
2016.09.06 04:24:03.116,1.35728,1.35746,1.00,1.50
2016.09.06 04:24:03.326,1.35728,1.35746,1.00,1.10
2016.09.06 04:24:03.529,1.3573,1.35746,1.00,1.00
2016.09.06 04:24:03.635,1.35732,1.35747,1.00,1.00
2016.09.06 04:24:04.153,1.35733,1.35747,1.00,1.00
2016.09.06 04:24:04.336,1.35733,1.3575,1.00,1.50
2016.09.06 04:24:04.881,1.35732,1.3575,1.00,1.50
2016.09.06 04:24:09.904,1.35731,1.3575,1.00,1.50
2016.09.06 04:24:10.057,1.3573,1.35749,1.00,1.12
2016.09.06 04:24:11.124,1.35729,1.35749,1.00,1.12
2016.09.06 04:24:11.723,1.35731,1.35749,1.00,1.12
2016.09.06 04:24:14.178,1.3573,1.35749,1.00,1.12
2016.09.06 04:24:16.584,1.3573,1.35749,1.50,1.12
2016.09.06 04:24:19.991,1.3573,1.35749,1.00,1.12
2016.09.06 04:24:26.700,1.3573,1.35749,1.50,1.12
2016.09.06 04:24:32.566,1.3573,1.35749,1.00,1.12
2016.09.06 04:24:34.390,1.3573,1.35749,1.50,1.12
2016.09.06 04:24:34.516,1.3573,1.35749,1.00,1.12
2016.09.06 04:24:35.642,1.35731,1.35749,1.00,1.12
2016.09.06 04:24:35.745,1.35733,1.35749,1.00,1.00
2016.09.06 04:24:37.986,1.35734,1.35749,1.00,1.00
2016.09.06 04:24:41.110,1.35732,1.35751,1.00,1.12
2016.09.06 04:24:44.920,1.35732,1.35751,1.00,1.12
2016.09.06 04:24:47.791,1.35732,1.35751,1.00,1.12
2016.09.06 04:25:13.808,1.35732,1.3575,1.00,1.10
2016.09.06 04:25:15.216,1.35734,1.3575,1.00,1.10
2016.09.06 04:25:26.622,1.35733,1.3575,1.00,1.10
2016.09.06 04:25:27.208,1.35734,1.3575,1.00,1.10
2016.09.06 04:25:33.739,1.35733,1.3575,1.10,1.00
2016.09.06 04:25:34.935,1.35733,1.3575,1.57,1.00
2016.09.06 04:25:35.273,1.35734,1.3575,1.00,1.00
2016.09.06 04:25:40.762,1.35735,1.3575,1.00,1.00
2016.09.06 04:25:42.183,1.35734,1.3575,1.00,1.00
2016.09.06 04:25:43.263,1.35735,1.35752,1.00,1.10
2016.09.06 04:25:43.415,1.35736,1.35752,1.10,1.00
2016.09.06 04:25:43.466,1.35735,1.35752,1.12,1.00
2016.09.06 04:25:43.517,1.35735,1.35752,1.50,1.00
2016.09.06 04:25:43.568,1.35739,1.35759,1.00,1.87
2016.09.06 04:25:43.619,1.3574,1.35759,1.75,1.00
2016.09.06 04:25:43.731,1.35745,1.35762,1.50,1.00
2016.09.06 04:25:43.782,1.35747,1.35765,1.10,1.50
2016.09.06 04:25:43.833,1.35747,1.35765,1.50,1.50
2016.09.06 04:25:43.884,1.35751,1.35765,1.00,1.00
2016.09.06 04:25:44.267,1.35749,1.35768,1.00,1.12
2016.09.06 04:25:44.873,1.35749,1.35768,1.50,1.12
2016.09.06 04:25:45.170,1.3575,1.35768,1.00,1.12
2016.09.06 04:25:45.271,1.3575,1.35767,1.00,1.10
2016.09.06 04:25:46.082,1.3575,1.35767,1.50,1.10
2016.09.06 04:25:47.342,1.35751,1.35768,1.00,1.12
2016.09.06 04:25:48.277,1.3575,1.35768,1.00,1.12
2016.09.06 04:25:50.212,1.3575,1.35768,1.00,1.12
2016.09.06 04:25:50.453,1.3575,1.35768,1.00,1.12
2016.09.06 04:25:50.678,1.35749,1.35768,1.00,1.12
2016.09.06 04:25:51.253,1.35749,1.35768,1.50,1.12
2016.09.06 04:25:51.535,1.35749,1.35768,1.50,1.12
2016.09.06 04:25:52.293,1.3575,1.35768,1.00,1.12
2016.09.06 04:25:55.813,1.3575,1.35767,1.00,1.10
2016.09.06 04:25:59.007,1.3575,1.35768,1.00,1.12
2016.09.06 04:26:00.273,1.35748,1.35768,1.00,1.12
2016.09.06 04:26:00.325,1.35748,1.35764,1.00,1.00
2016.09.06 04:26:01.460,1.35748,1.35764,1.50,1.00
2016.09.06 04:26:02.661,1.35748,1.35764,1.00,1.00
2016.09.06 04:26:03.784,1.35749,1.35764,1.00,1.00
2016.09.06 04:26:04.314,1.3575,1.35764,1.00,1.00
2016.09.06 04:26:09.401,1.35749,1.35764,1.00,1.00
2016.09.06 04:26:10.013,1.35745,1.35763,1.50,1.10
2016.09.06 04:26:10.117,1.35745,1.35763,1.00,1.10
2016.09.06 04:26:10.168,1.35744,1.35763,1.10,1.10
2016.09.06 04:26:10.427,1.35744,1.35763,1.00,1.12
2016.09.06 04:26:10.478,1.35748,1.35763,1.00,1.00
2016.09.06 04:26:12.894,1.35747,1.35763,1.00,1.00
2016.09.06 04:26:12.996,1.35747,1.35764,1.00,1.10
2016.09.06 04:26:13.527,1.35747,1.35762,1.00,1.00
2016.09.06 04:26:13.714,1.35744,1.35762,1.50,1.00
2016.09.06 04:26:13.816,1.35747,1.35762,1.00,1.00
2016.09.06 04:26:14.698,1.35747,1.35763,1.00,1.00
2016.09.06 04:26:14.800,1.35745,1.35763,1.00,1.00
2016.09.06 04:26:14.917,1.35744,1.35763,1.50,1.00
2016.09.06 04:26:17.204,1.35744,1.35763,1.00,1.00
2016.09.06 04:26:18.099,1.35746,1.35763,1.00,1.00
2016.09.06 04:26:22.418,1.35747,1.35763,1.00,1.00
2016.09.06 04:26:22.967,1.35746,1.35763,1.00,1.00
2016.09.06 04:26:24.904,1.35748,1.35763,1.00,1.00
2016.09.06 04:26:25.753,1.35748,1.35763,1.00,1.00
2016.09.06 04:26:25.855,1.35748,1.35763,1.00,1.12
2016.09.06 04:26:25.994,1.35748,1.35764,1.00,1.50
2016.09.06 04:26:26.045,1.35748,1.35764,1.00,1.12
2016.09.06 04:26:31.240,1.35748,1.35764,1.00,1.00
2016.09.06 04:26:32.819,1.35749,1.35764,1.00,1.00
2016.09.06 04:26:34.001,1.3575,1.35764,1.00,1.00
2016.09.06 04:26:34.153,1.3575,1.35764,1.00,1.00
2016.09.06 04:26:34.677,1.35749,1.35764,1.00,1.00
2016.09.06 04:26:37.514,1.3575,1.35764,1.00,1.00
2016.09.06 04:26:38.115,1.35751,1.35764,1.00,1.00
2016.09.06 04:26:38.724,1.35752,1.35764,1.00,1.00
2016.09.06 04:26:44.037,1.35752,1.35766,1.00,1.00
2016.09.06 04:26:45.025,1.35751,1.35766,1.00,1.00
2016.09.06 04:26:49.416,1.3575,1.35766,1.00,1.00
2016.09.06 04:26:49.844,1.35749,1.35766,1.10,1.00
2016.09.06 04:26:50.017,1.35748,1.35766,1.12,1.00
2016.09.06 04:26:51.161,1.3575,1.35766,1.00,1.00
2016.09.06 04:26:51.262,1.35748,1.35766,1.12,1.00
2016.09.06 04:26:55.330,1.35749,1.35766,1.10,1.00
2016.09.06 04:26:59.059,1.35749,1.35765,1.10,1.00
2016.09.06 04:26:59.471,1.3575,1.35765,1.00,1.00
2016.09.06 04:26:59.947,1.35749,1.35765,1.10,1.00
2016.09.06 04:27:00.531,1.35751,1.35765,1.00,1.00
2016.09.06 04:27:01.880,1.35749,1.35765,1.10,1.00
2016.09.06 04:27:06.788,1.3575,1.35765,1.00,1.00
2016.09.06 04:27:13.060,1.35751,1.35765,1.00,1.00
2016.09.06 04:27:13.261,1.3575,1.35765,1.00,1.00
2016.09.06 04:27:17.070,1.35748,1.35765,1.12,1.00
2016.09.06 04:27:17.171,1.3575,1.35765,1.00,1.00
2016.09.06 04:27:21.726,1.3575,1.35766,1.00,1.00
2016.09.06 04:27:22.588,1.3575,1.35764,1.00,1.00
2016.09.06 04:27:26.412,1.35749,1.35764,1.10,1.00
2016.09.06 04:27:28.881,1.3575,1.35764,1.00,1.00
2016.09.06 04:27:31.869,1.35751,1.35764,1.00,1.00
2016.09.06 04:27:33.009,1.35749,1.35764,1.10,1.00
2016.09.06 04:27:38.421,1.35748,1.35764,1.12,1.00
2016.09.06 04:27:39.400,1.3575,1.35764,1.00,1.00
2016.09.06 04:27:41.626,1.35749,1.35764,1.10,1.00
2016.09.06 04:27:44.112,1.35749,1.35766,1.10,1.00
2016.09.06 04:27:45.534,1.35749,1.35766,1.10,1.00
2016.09.06 04:27:47.389,1.35748,1.35766,1.12,1.00
2016.09.06 04:27:47.591,1.3575,1.35766,1.00,1.00
2016.09.06 04:27:58.816,1.35751,1.35766,1.00,1.00
2016.09.06 04:27:58.918,1.35749,1.35766,1.10,1.00
2016.09.06 04:27:59.137,1.35749,1.35764,1.10,1.00
2016.09.06 04:28:02.858,1.35749,1.35767,1.10,1.00
2016.09.06 04:28:03.652,1.35748,1.35767,1.12,1.00
2016.09.06 04:28:04.942,1.35748,1.35767,1.12,1.00
2016.09.06 04:28:05.043,1.3575,1.35767,1.00,1.00
2016.09.06 04:28:05.093,1.3575,1.35767,1.00,1.00
2016.09.06 04:28:05.144,1.35751,1.35764,1.00,1.00
2016.09.06 04:28:07.111,1.35749,1.35764,1.10,1.00
2016.09.06 04:28:07.213,1.35748,1.35764,1.12,1.00
2016.09.06 04:28:09.419,1.3575,1.35764,1.00,1.00
2016.09.06 04:28:10.416,1.35748,1.35764,1.12,1.00
2016.09.06 04:28:10.517,1.35749,1.35764,1.10,1.00
2016.09.06 04:28:14.155,1.35749,1.35766,1.10,1.00
2016.09.06 04:28:15.267,1.3575,1.35766,1.00,1.00
2016.09.06 04:28:15.318,1.35751,1.35766,1.00,1.00
2016.09.06 04:28:15.419,1.3575,1.35766,1.00,1.00
2016.09.06 04:28:15.520,1.35748,1.35766,1.12,1.00
2016.09.06 04:28:16.562,1.35749,1.35766,1.10,1.00
2016.09.06 04:28:17.520,1.35748,1.35766,1.12,1.00
2016.09.06 04:28:17.673,1.35748,1.35766,1.10,1.00
2016.09.06 04:28:18.241,1.35749,1.35766,1.00,1.00
2016.09.06 04:28:24.153,1.35751,1.35766,1.00,1.00
2016.09.06 04:28:24.667,1.3575,1.35766,1.00,1.00
2016.09.06 04:28:28.989,1.35748,1.35766,1.10,1.00
2016.09.06 04:28:29.041,1.35749,1.35766,1.00,1.00
2016.09.06 04:28:30.865,1.35748,1.35766,1.10,1.00
2016.09.06 04:28:30.966,1.3575,1.35766,1.00,1.00
2016.09.06 04:28:32.168,1.35751,1.35766,1.00,1.00
2016.09.06 04:28:33.640,1.3575,1.35766,1.00,1.00
2016.09.06 04:28:34.156,1.35749,1.35766,1.00,1.00
2016.09.06 04:28:34.394,1.35749,1.35766,1.00,1.00
2016.09.06 04:28:34.546,1.35747,1.35766,1.10,1.00
2016.09.06 04:28:34.670,1.35747,1.35766,1.00,1.00
2016.09.06 04:28:34.721,1.35747,1.35763,1.00,1.00
2016.09.06 04:28:34.772,1.35746,1.35763,1.10,1.00
2016.09.06 04:28:36.468,1.35745,1.35763,1.12,1.00
2016.09.06 04:28:36.569,1.35746,1.35763,1.10,1.00
2016.09.06 04:28:39.074,1.35745,1.35763,1.12,1.00
2016.09.06 04:28:39.125,1.35745,1.35763,1.10,1.00
2016.09.06 04:28:39.175,1.35744,1.35763,1.12,1.00
2016.09.06 04:28:39.279,1.35744,1.35763,1.10,1.10
2016.09.06 04:28:40.719,1.35744,1.35763,1.10,1.10
2016.09.06 04:28:40.770,1.35745,1.35763,1.00,1.10
2016.09.06 04:28:41.097,1.35743,1.35763,1.87,1.10
2016.09.06 04:28:44.299,1.35743,1.35762,1.12,1.00
2016.09.06 04:28:49.464,1.35745,1.35762,1.00,1.00
2016.09.06 04:28:49.565,1.35744,1.35762,1.10,1.00
2016.09.06 04:28:50.687,1.35745,1.35762,1.00,1.00
2016.09.06 04:28:52.266,1.35744,1.35762,1.10,1.00
2016.09.06 04:28:52.317,1.35744,1.35757,1.10,1.00
2016.09.06 04:28:52.367,1.35741,1.35757,1.75,1.00
2016.09.06 04:28:52.418,1.35741,1.35757,1.50,1.00
2016.09.06 04:28:52.469,1.35738,1.35757,1.75,1.00
2016.09.06 04:28:52.520,1.35738,1.35757,1.12,1.00
2016.09.06 04:28:52.571,1.35737,1.35757,1.50,1.00
2016.09.06 04:28:52.622,1.35735,1.35755,1.57,1.00
2016.09.06 04:28:52.672,1.35737,1.35755,1.00,1.00
2016.09.06 04:28:52.723,1.35737,1.35755,1.10,1.00
2016.09.06 04:28:52.774,1.35735,1.35755,2.25,1.00
2016.09.06 04:28:52.921,1.35737,1.35755,1.10,1.00
2016.09.06 04:28:53.411,1.35736,1.35755,1.12,1.00
2016.09.06 04:28:56.510,1.35737,1.35755,1.10,1.00
2016.09.06 04:28:56.696,1.35736,1.35755,1.12,1.00
2016.09.06 04:29:00.175,1.35735,1.35755,2.25,1.00
2016.09.06 04:29:00.277,1.35735,1.35755,1.50,1.00
2016.09.06 04:29:01.573,1.35736,1.35755,1.12,1.00
2016.09.06 04:29:05.578,1.35737,1.35755,1.10,1.00
2016.09.06 04:29:10.614,1.35735,1.35755,2.25,1.00
2016.09.06 04:29:15.164,1.35735,1.35755,1.50,1.00
2016.09.06 04:29:16.524,1.35736,1.35755,1.12,1.00
2016.09.06 04:29:18.513,1.35735,1.35755,1.50,1.00
2016.09.06 04:29:18.715,1.35733,1.35755,2.25,1.00
2016.09.06 04:29:18.766,1.35733,1.35755,2.25,1.10
2016.09.06 04:29:19.752,1.35736,1.35755,1.10,1.10
2016.09.06 04:29:19.955,1.35736,1.35755,1.10,1.00
2016.09.06 04:29:21.899,1.35734,1.35755,1.50,1.00
2016.09.06 04:29:23.450,1.35733,1.35755,2.62,1.00
2016.09.06 04:29:23.501,1.35733,1.35755,2.62,1.10
2016.09.06 04:29:23.914,1.35733,1.35755,1.87,1.10
2016.09.06 04:29:24.291,1.35733,1.35755,1.87,1.10
2016.09.06 04:29:24.341,1.35734,1.35755,1.50,1.10
2016.09.06 04:29:24.443,1.35733,1.35755,2.25,1.10
2016.09.06 04:29:24.494,1.35733,1.35755,2.25,1.12
2016.09.06 04:29:24.712,1.35733,1.35755,1.50,1.12
2016.09.06 04:29:24.830,1.35733,1.35755,2.25,1.12
2016.09.06 04:29:24.932,1.35735,1.35755,1.10,1.00
2016.09.06 04:29:29.365,1.35735,1.35756,1.10,1.10
2016.09.06 04:29:30.620,1.35734,1.35756,1.12,1.10
2016.09.06 04:29:31.762,1.35736,1.35756,1.00,1.10
2016.09.06 04:29:31.863,1.35736,1.35756,1.12,1.00
2016.09.06 04:29:33.021,1.35734,1.35756,2.25,1.00
2016.09.06 04:29:33.122,1.35736,1.35756,1.12,1.00
2016.09.06 04:29:33.173,1.35736,1.35758,1.87,1.10
2016.09.06 04:29:33.223,1.35737,1.35758,1.10,1.10
2016.09.06 04:29:38.346,1.35736,1.35758,2.25,1.00
2016.09.06 04:29:38.447,1.35737,1.35758,1.12,1.00
2016.09.06 04:29:38.923,1.35738,1.35758,1.10,1.00
2016.09.06 04:29:39.025,1.35739,1.35758,1.00,1.00
2016.09.06 04:29:40.339,1.35738,1.35758,1.10,1.00
2016.09.06 04:29:44.159,1.35737,1.35758,1.12,1.00
2016.09.06 04:29:44.386,1.35737,1.35759,1.87,1.10
2016.09.06 04:29:45.049,1.35737,1.35759,1.12,1.10
2016.09.06 04:29:50.205,1.35737,1.35759,1.75,1.10
2016.09.06 04:29:50.612,1.35737,1.35759,1.75,1.10
2016.09.06 04:29:51.066,1.35737,1.35759,1.75,1.00
2016.09.06 04:29:54.204,1.35737,1.35759,1.87,1.00
2016.09.06 04:29:54.412,1.35738,1.35759,1.75,1.00
2016.09.06 04:29:54.514,1.35742,1.35765,1.10,1.75
2016.09.06 04:29:54.564,1.35742,1.35765,1.10,1.75
2016.09.06 04:29:54.717,1.35742,1.35765,1.12,1.75
2016.09.06 04:29:59.407,1.35743,1.35765,1.10,1.75
2016.09.06 04:30:02.202,1.35743,1.35763,1.10,1.12
2016.09.06 04:30:02.304,1.35743,1.35763,1.00,2.25
2016.09.06 04:30:02.356,1.35739,1.3576,1.12,1.10
2016.09.06 04:30:02.461,1.35737,1.35758,1.37,1.00
2016.09.06 04:30:02.512,1.35736,1.35758,1.12,1.10
2016.09.06 04:30:02.563,1.35736,1.35758,1.12,1.10
2016.09.06 04:30:02.644,1.35734,1.35758,1.75,1.10
2016.09.06 04:30:02.695,1.35734,1.35758,1.12,1.50
2016.09.06 04:30:02.831,1.35734,1.35757,1.12,1.12
2016.09.06 04:30:02.949,1.35734,1.35757,1.12,1.75
2016.09.06 04:30:03.072,1.35734,1.35757,1.12,1.75
2016.09.06 04:30:04.332,1.35733,1.35755,1.50,1.12
2016.09.06 04:30:04.382,1.35733,1.35755,1.12,1.50
2016.09.06 04:30:04.585,1.35733,1.35755,1.12,1.50
2016.09.06 04:30:07.465,1.35733,1.35755,1.12,1.50
2016.09.06 04:30:07.567,1.35732,1.35752,1.50,1.00
2016.09.06 04:30:07.940,1.35732,1.35752,1.12,1.10
2016.09.06 04:30:08.041,1.35729,1.35751,1.50,1.12
2016.09.06 04:30:08.143,1.35729,1.35751,1.10,1.12
2016.09.06 04:30:09.772,1.35727,1.35749,1.12,1.10
2016.09.06 04:30:09.873,1.35725,1.35745,1.75,1.00
2016.09.06 04:30:09.924,1.35725,1.35745,1.10,1.00
2016.09.06 04:30:09.975,1.35724,1.35746,1.12,1.50
2016.09.06 04:30:10.026,1.35724,1.35746,1.00,2.25
2016.09.06 04:30:10.077,1.35724,1.35746,1.00,1.75
2016.09.06 04:30:10.127,1.35724,1.35746,1.00,1.87
2016.09.06 04:30:10.990,1.35722,1.35744,1.10,1.50
2016.09.06 04:30:11.467,1.35724,1.35746,1.00,1.87
2016.09.06 04:30:11.530,1.35724,1.35746,1.00,1.75
2016.09.06 04:30:11.581,1.35724,1.35746,1.10,1.50
2016.09.06 04:30:13.658,1.35724,1.35746,1.50,1.12
2016.09.06 04:30:14.390,1.35726,1.35749,1.10,1.12
2016.09.06 04:30:14.441,1.35726,1.35749,1.10,1.12
2016.09.06 04:30:14.492,1.35729,1.35749,1.00,1.12
2016.09.06 04:30:15.030,1.35729,1.3575,1.00,1.12
2016.09.06 04:30:15.537,1.35729,1.3575,1.00,1.12
2016.09.06 04:30:15.863,1.35729,1.3575,1.00,1.12
2016.09.06 04:30:15.914,1.35729,1.35751,1.00,1.75
2016.09.06 04:30:15.965,1.35733,1.35752,1.00,1.12
2016.09.06 04:30:16.016,1.35733,1.35753,1.00,1.75
2016.09.06 04:30:16.813,1.35733,1.35753,1.00,1.75
2016.09.06 04:30:17.920,1.35733,1.35753,1.00,1.75
2016.09.06 04:30:18.021,1.35733,1.35753,1.10,1.12
2016.09.06 04:30:18.122,1.35733,1.35753,1.10,1.12
2016.09.06 04:30:18.173,1.35733,1.35753,1.10,1.00
2016.09.06 04:30:19.507,1.35733,1.35753,1.10,1.00
2016.09.06 04:30:19.703,1.35733,1.35753,1.10,1.00
2016.09.06 04:30:20.030,1.35734,1.35753,1.00,1.00
2016.09.06 04:30:20.254,1.35733,1.35753,1.57,1.00
2016.09.06 04:30:20.476,1.35734,1.35753,1.00,1.00
2016.09.06 04:30:21.626,1.35734,1.35753,1.00,1.00
2016.09.06 04:30:21.677,1.35735,1.35753,1.00,1.00
2016.09.06 04:30:21.764,1.35735,1.35756,1.00,1.50
2016.09.06 04:30:22.172,1.35734,1.35756,1.50,1.50
2016.09.06 04:30:22.560,1.35735,1.35756,1.00,1.12
2016.09.06 04:30:22.666,1.35736,1.35756,1.00,1.12
2016.09.06 04:30:23.581,1.35735,1.35756,1.00,1.12
2016.09.06 04:30:24.622,1.35735,1.35756,1.00,1.12
2016.09.06 04:30:24.700,1.35736,1.35756,1.00,1.12
2016.09.06 04:30:26.552,1.35735,1.35756,1.00,1.12
2016.09.06 04:30:28.488,1.35736,1.35756,1.00,1.12
2016.09.06 04:30:30.553,1.35735,1.35756,1.00,1.12
2016.09.06 04:30:31.568,1.35736,1.35756,1.00,1.12
2016.09.06 04:30:31.646,1.35734,1.35756,1.57,1.12
2016.09.06 04:30:32.758,1.35735,1.35756,1.00,1.12
2016.09.06 04:30:36.352,1.35734,1.35756,1.57,1.12
2016.09.06 04:30:38.594,1.35734,1.35756,1.10,1.12
2016.09.06 04:30:41.959,1.35734,1.35756,1.57,1.12
2016.09.06 04:30:43.494,1.35734,1.35756,1.57,1.12
2016.09.06 04:30:43.596,1.35735,1.35756,1.00,1.12
2016.09.06 04:30:44.333,1.35735,1.35756,1.00,1.12
2016.09.06 04:30:44.435,1.35735,1.35756,1.00,1.12
2016.09.06 04:30:44.485,1.35737,1.35756,1.00,1.12
2016.09.06 04:30:44.536,1.35737,1.35757,1.87,1.10
2016.09.06 04:30:44.674,1.35739,1.35757,1.00,1.00
2016.09.06 04:30:44.768,1.35739,1.35761,1.57,1.12
2016.09.06 04:30:44.820,1.35739,1.35761,1.57,1.12
2016.09.06 04:30:44.871,1.35739,1.35761,1.87,1.10
2016.09.06 04:30:45.195,1.35741,1.35761,1.00,1.10
2016.09.06 04:30:45.495,1.35741,1.35762,1.00,1.12
2016.09.06 04:30:46.076,1.35741,1.35762,1.12,1.12
2016.09.06 04:30:46.127,1.35741,1.35762,1.12,1.12
2016.09.06 04:30:46.498,1.35742,1.35762,1.10,1.12
2016.09.06 04:30:51.597,1.35742,1.35762,1.57,1.12
2016.09.06 04:30:52.692,1.35742,1.35762,1.10,1.12
2016.09.06 04:30:52.743,1.3574,1.35757,1.50,1.00
2016.09.06 04:30:52.794,1.35738,1.35757,1.50,1.00
2016.09.06 04:30:52.844,1.35738,1.3576,2.25,1.12
2016.09.06 04:30:52.895,1.35738,1.3576,2.25,1.12
2016.09.06 04:30:53.780,1.35738,1.3576,2.25,1.12
2016.09.06 04:30:53.831,1.35738,1.35759,2.25,1.10
2016.09.06 04:30:53.882,1.35738,1.35759,1.10,1.10
2016.09.06 04:30:53.959,1.35738,1.3576,1.10,1.12
2016.09.06 04:30:54.009,1.35738,1.3576,1.10,1.12
2016.09.06 04:30:54.060,1.35738,1.3576,1.10,1.87
2016.09.06 04:30:55.122,1.35738,1.3576,1.10,1.12
2016.09.06 04:30:55.404,1.35738,1.3576,1.10,1.12
2016.09.06 04:30:55.506,1.35738,1.3576,1.10,1.12
2016.09.06 04:30:56.386,1.35738,1.3576,1.10,1.12
2016.09.06 04:30:56.493,1.35738,1.3576,1.10,1.12
2016.09.06 04:30:56.544,1.35738,1.35759,1.10,1.10
2016.09.06 04:30:56.594,1.35738,1.3576,1.10,1.12
2016.09.06 04:30:56.696,1.35738,1.3576,1.10,1.12
2016.09.06 04:30:56.797,1.35738,1.3576,1.10,1.87
2016.09.06 04:30:58.222,1.35738,1.3576,1.10,1.12
2016.09.06 04:30:59.514,1.35737,1.35757,1.12,1.00
2016.09.06 04:31:00.085,1.35738,1.35757,1.10,1.00
2016.09.06 04:31:01.296,1.3574,1.35757,1.00,1.00
2016.09.06 04:31:02.261,1.3574,1.35759,1.00,1.10
2016.09.06 04:31:02.312,1.35741,1.35759,1.00,1.10
2016.09.06 04:31:02.414,1.35741,1.35759,1.00,1.10
2016.09.06 04:31:02.617,1.35741,1.35759,1.00,1.10
2016.09.06 04:31:02.718,1.35741,1.35756,1.00,1.00
2016.09.06 04:31:03.299,1.3574,1.35756,1.00,1.00
2016.09.06 04:31:03.400,1.35739,1.35756,1.00,1.00
2016.09.06 04:31:04.398,1.35738,1.35756,1.10,1.00
2016.09.06 04:31:05.231,1.35739,1.35756,1.00,1.00
2016.09.06 04:31:06.884,1.35739,1.35756,1.12,1.00
2016.09.06 04:31:07.932,1.3574,1.35759,1.10,1.10
2016.09.06 04:31:09.035,1.35741,1.35759,1.00,1.10
2016.09.06 04:31:09.137,1.35741,1.35762,1.00,1.75
2016.09.06 04:31:09.188,1.35741,1.35762,1.10,1.50
2016.09.06 04:31:09.239,1.35745,1.35762,1.00,1.50
2016.09.06 04:31:09.392,1.35744,1.35762,1.00,1.10
2016.09.06 04:31:10.016,1.35743,1.35762,1.00,1.10
2016.09.06 04:31:10.239,1.35742,1.35762,1.00,1.10
2016.09.06 04:31:10.394,1.35742,1.35762,1.00,1.50
2016.09.06 04:31:10.620,1.35741,1.35762,1.10,1.50
2016.09.06 04:31:10.722,1.3574,1.35762,1.10,1.75
2016.09.06 04:31:10.773,1.35739,1.35759,1.87,1.10
2016.09.06 04:31:11.292,1.35739,1.35759,1.57,1.12
2016.09.06 04:31:11.343,1.35737,1.35756,1.50,1.00
2016.09.06 04:31:11.394,1.35737,1.35756,1.10,1.00
2016.09.06 04:31:11.445,1.35738,1.35756,1.00,1.00
2016.09.06 04:31:11.647,1.35739,1.35756,1.00,1.00
2016.09.06 04:31:12.167,1.3574,1.35756,1.00,1.00
2016.09.06 04:31:12.377,1.3574,1.35756,1.00,1.00
2016.09.06 04:31:12.521,1.35741,1.35756,1.00,1.00
2016.09.06 04:31:12.724,1.3574,1.35756,1.00,1.00
2016.09.06 04:31:12.834,1.3574,1.35756,1.10,1.00
2016.09.06 04:31:13.136,1.3574,1.35759,1.10,1.10
2016.09.06 04:31:13.237,1.3574,1.3576,1.57,1.12
2016.09.06 04:31:13.338,1.35741,1.3576,1.00,1.12
2016.09.06 04:31:13.389,1.35741,1.3576,1.10,1.10
2016.09.06 04:31:13.440,1.35745,1.35762,1.00,1.50
2016.09.06 04:31:13.491,1.35745,1.35762,1.00,1.10
2016.09.06 04:31:13.593,1.35745,1.35762,1.00,1.00
2016.09.06 04:31:13.700,1.35744,1.35762,1.00,1.00
2016.09.06 04:31:13.823,1.35744,1.35762,1.00,1.00
2016.09.06 04:31:13.873,1.35744,1.35764,1.00,1.10
2016.09.06 04:31:13.924,1.35744,1.35764,1.00,1.10
2016.09.06 04:31:15.724,1.35746,1.35764,1.00,1.10
2016.09.06 04:31:16.240,1.35744,1.35764,1.00,1.10
2016.09.06 04:31:16.342,1.35745,1.35764,1.00,1.10
2016.09.06 04:31:25.463,1.35746,1.35764,1.00,1.10
2016.09.06 04:31:25.762,1.35746,1.35766,1.00,1.50
2016.09.06 04:31:25.813,1.35746,1.35766,1.00,1.50
2016.09.06 04:31:25.964,1.35747,1.35766,1.00,1.50
2016.09.06 04:31:26.548,1.35748,1.35766,1.00,1.50
2016.09.06 04:31:26.599,1.35748,1.35766,1.00,1.10
2016.09.06 04:31:29.769,1.35747,1.35766,1.00,1.10
2016.09.06 04:31:29.857,1.35746,1.35766,1.00,1.10
2016.09.06 04:31:29.958,1.35746,1.35766,1.50,1.10
2016.09.06 04:31:31.276,1.35746,1.35766,1.00,1.10
2016.09.06 04:31:32.130,1.35746,1.35766,1.50,1.10
2016.09.06 04:31:32.181,1.35746,1.35766,1.50,1.10
2016.09.06 04:31:32.475,1.35746,1.35766,1.00,1.10
2016.09.06 04:31:37.535,1.35747,1.35766,1.00,1.10
2016.09.06 04:31:41.040,1.35746,1.35766,1.00,1.10
2016.09.06 04:31:41.090,1.35746,1.35766,1.00,1.10
2016.09.06 04:31:41.141,1.35746,1.35766,1.00,1.12
2016.09.06 04:31:42.555,1.35746,1.35766,1.50,1.12
2016.09.06 04:31:42.606,1.35746,1.35766,1.50,1.12
2016.09.06 04:31:42.657,1.35746,1.35766,1.00,1.12
2016.09.06 04:31:42.959,1.35746,1.35766,1.50,1.12
2016.09.06 04:31:43.111,1.35746,1.35766,1.50,1.10
2016.09.06 04:31:43.163,1.35749,1.35766,1.00,1.10
2016.09.06 04:31:43.317,1.35747,1.35766,1.10,1.10
2016.09.06 04:31:44.163,1.35749,1.35766,1.00,1.10
2016.09.06 04:31:45.153,1.35747,1.35766,1.10,1.10
2016.09.06 04:31:45.254,1.35749,1.35766,1.00,1.10
2016.09.06 04:31:45.341,1.35749,1.35766,1.00,1.00
2016.09.06 04:31:45.442,1.35749,1.35768,1.00,1.10
2016.09.06 04:31:50.388,1.3575,1.35768,1.00,1.10
2016.09.06 04:31:50.490,1.3575,1.35768,1.00,1.00
2016.09.06 04:31:50.692,1.35749,1.35768,1.10,1.10
2016.09.06 04:31:50.794,1.35751,1.35768,1.00,1.10
2016.09.06 04:31:51.301,1.35752,1.35768,1.00,1.10
2016.09.06 04:31:53.186,1.3575,1.35768,1.00,1.10
2016.09.06 04:31:53.286,1.35752,1.35768,1.00,1.00
2016.09.06 04:31:54.109,1.35752,1.35769,1.00,1.00
2016.09.06 04:31:55.627,1.35752,1.35769,1.00,1.00
2016.09.06 04:31:55.779,1.35752,1.35769,1.10,1.00
2016.09.06 04:31:55.830,1.35752,1.3577,1.10,1.00
2016.09.06 04:31:55.881,1.35753,1.3577,1.00,1.00
2016.09.06 04:31:56.048,1.35753,1.3577,1.00,1.00
2016.09.06 04:31:56.343,1.35753,1.3577,1.00,1.00
2016.09.06 04:31:59.617,1.35753,1.35771,1.00,1.10
2016.09.06 04:32:00.659,1.35753,1.35771,1.00,1.10
2016.09.06 04:32:05.630,1.35753,1.35771,1.00,1.10
2016.09.06 04:32:07.284,1.35754,1.35771,1.00,1.10
2016.09.06 04:32:07.722,1.35754,1.35771,1.00,1.10
2016.09.06 04:32:07.823,1.35757,1.35771,1.00,1.10
2016.09.06 04:32:07.874,1.35757,1.35774,1.00,1.75
2016.09.06 04:32:07.973,1.3576,1.35776,1.12,1.00
2016.09.06 04:32:08.074,1.3576,1.35779,1.10,1.00
2016.09.06 04:32:08.226,1.3576,1.35779,1.75,1.00
2016.09.06 04:32:08.277,1.3576,1.35777,1.75,1.00
2016.09.06 04:32:08.328,1.3576,1.35777,1.12,1.00
2016.09.06 04:32:08.391,1.3576,1.35777,1.12,1.00
2016.09.06 04:32:08.493,1.35761,1.35777,1.10,1.00
2016.09.06 04:32:08.746,1.35761,1.3578,1.10,1.00
2016.09.06 04:32:08.797,1.35763,1.3578,1.00,1.00
2016.09.06 04:32:08.848,1.35763,1.3578,1.12,1.00
2016.09.06 04:32:08.949,1.35763,1.35777,1.10,1.00
2016.09.06 04:32:09.000,1.35765,1.35784,1.00,1.00
2016.09.06 04:32:09.051,1.35765,1.35784,1.00,1.00
2016.09.06 04:32:09.102,1.35766,1.35784,1.50,1.00
2016.09.06 04:32:09.397,1.35766,1.35784,1.00,1.10
2016.09.06 04:32:10.133,1.35766,1.35784,1.00,1.10
2016.09.06 04:32:10.184,1.35764,1.35784,1.00,1.10
2016.09.06 04:32:10.235,1.35764,1.35783,1.00,1.00
2016.09.06 04:32:10.321,1.35764,1.35783,1.00,1.10
2016.09.06 04:32:11.243,1.35764,1.35784,1.00,1.12
2016.09.06 04:32:11.801,1.35765,1.35784,1.00,1.12
2016.09.06 04:32:12.691,1.35766,1.35784,1.00,1.12
2016.09.06 04:32:14.606,1.35766,1.35784,1.00,1.12
2016.09.06 04:32:14.708,1.35766,1.35784,1.00,1.12
2016.09.06 04:32:14.809,1.35767,1.35785,1.00,1.10
2016.09.06 04:32:14.860,1.35767,1.35785,1.00,1.10
2016.09.06 04:32:15.147,1.35767,1.35785,1.00,1.10
2016.09.06 04:32:15.320,1.35768,1.35785,1.00,1.00
2016.09.06 04:32:15.387,1.35768,1.35785,1.00,1.00
2016.09.06 04:32:16.343,1.35768,1.35785,1.00,1.00
2016.09.06 04:32:16.445,1.35768,1.35785,1.00,1.00
2016.09.06 04:32:17.130,1.35767,1.35785,1.00,1.00
2016.09.06 04:32:17.345,1.35767,1.35785,1.00,1.00
2016.09.06 04:32:17.594,1.35768,1.35787,1.00,1.10
2016.09.06 04:32:17.645,1.3577,1.35787,1.00,1.00
2016.09.06 04:32:17.696,1.35768,1.35785,1.00,1.00
2016.09.06 04:32:17.747,1.35768,1.35785,1.00,1.00
2016.09.06 04:32:18.056,1.35767,1.35785,1.00,1.00
2016.09.06 04:32:18.229,1.35767,1.35785,1.00,1.10
2016.09.06 04:32:18.280,1.35768,1.35787,1.00,1.50
2016.09.06 04:32:18.633,1.35768,1.35787,1.00,1.12
2016.09.06 04:32:18.684,1.35768,1.35787,1.00,1.12
2016.09.06 04:32:18.793,1.35768,1.35787,1.00,1.12
2016.09.06 04:32:19.255,1.35768,1.35787,1.00,1.12
2016.09.06 04:32:19.411,1.3577,1.35787,1.00,1.12
2016.09.06 04:32:19.462,1.3577,1.35787,1.00,1.12
2016.09.06 04:32:20.277,1.3577,1.35787,1.00,1.00
2016.09.06 04:32:20.450,1.3577,1.35787,1.00,1.00
2016.09.06 04:32:20.501,1.3577,1.35789,1.00,1.10
2016.09.06 04:32:20.552,1.35774,1.35789,1.00,1.10
2016.09.06 04:32:20.603,1.35774,1.35791,1.00,1.50
2016.09.06 04:32:20.654,1.35771,1.35791,1.87,1.10
2016.09.06 04:32:20.704,1.35771,1.35791,1.12,1.10
2016.09.06 04:32:20.755,1.35771,1.35791,1.10,1.12
2016.09.06 04:32:20.857,1.35771,1.35791,1.10,1.12
2016.09.06 04:32:20.965,1.35771,1.35791,1.00,1.12
2016.09.06 04:32:21.454,1.35771,1.35791,1.00,1.12
2016.09.06 04:32:21.504,1.35771,1.35791,1.00,1.87
2016.09.06 04:32:21.555,1.35771,1.35791,1.00,1.87
2016.09.06 04:32:21.606,1.35771,1.35791,1.00,1.12
2016.09.06 04:32:21.758,1.35771,1.35791,1.00,1.12
2016.09.06 04:32:22.783,1.35769,1.35789,1.57,1.00
2016.09.06 04:32:23.298,1.35769,1.35789,1.57,1.00
2016.09.06 04:32:23.501,1.35769,1.35789,1.50,1.10
2016.09.06 04:32:24.123,1.35769,1.35789,1.00,1.10
2016.09.06 04:32:28.480,1.35769,1.35789,1.00,1.10
2016.09.06 04:32:28.582,1.35769,1.35789,1.00,1.10
2016.09.06 04:32:29.193,1.35769,1.35789,1.12,1.10
2016.09.06 04:32:29.735,1.35769,1.3579,1.12,1.12
2016.09.06 04:32:30.712,1.35769,1.35789,1.12,1.10
2016.09.06 04:32:30.865,1.35769,1.35789,1.00,1.10
2016.09.06 04:32:31.300,1.35769,1.35789,1.00,1.10
2016.09.06 04:32:31.402,1.35769,1.35789,1.00,1.10
2016.09.06 04:32:31.554,1.35773,1.35789,1.00,1.10
2016.09.06 04:32:31.605,1.35773,1.35789,1.00,1.10
2016.09.06 04:32:31.656,1.3577,1.35789,1.00,1.10
2016.09.06 04:32:31.707,1.3577,1.35789,1.00,1.12
2016.09.06 04:32:31.758,1.35769,1.35789,1.57,1.12
2016.09.06 04:32:31.859,1.35769,1.35789,1.10,1.12
2016.09.06 04:32:32.052,1.35769,1.35789,1.10,1.12
2016.09.06 04:32:32.154,1.35768,1.35789,1.12,1.12
2016.09.06 04:32:32.255,1.35769,1.35789,1.00,1.50
2016.09.06 04:32:32.458,1.35767,1.35789,1.87,1.50
2016.09.06 04:32:32.640,1.35768,1.35789,1.10,1.50
2016.09.06 04:32:32.779,1.35769,1.3579,1.00,1.75
2016.09.06 04:32:32.833,1.35769,1.3579,1.00,1.75
2016.09.06 04:32:32.884,1.35769,1.3579,1.00,1.75
2016.09.06 04:32:33.178,1.35769,1.3579,1.00,1.75
2016.09.06 04:32:33.279,1.35769,1.3579,1.00,1.75
2016.09.06 04:32:33.482,1.35769,1.3579,1.00,1.75
2016.09.06 04:32:34.194,1.35769,1.3579,1.00,1.75
2016.09.06 04:32:34.246,1.35769,1.3579,1.00,1.50
2016.09.06 04:32:34.493,1.35769,1.35791,1.00,2.62
2016.09.06 04:32:35.300,1.35769,1.3579,1.00,1.37
2016.09.06 04:32:35.351,1.35769,1.3579,1.50,1.37
2016.09.06 04:32:35.509,1.35769,1.3579,1.50,1.37
2016.09.06 04:32:35.560,1.35769,1.35788,1.00,1.10
2016.09.06 04:32:35.610,1.35769,1.35788,1.00,1.10
2016.09.06 04:32:35.882,1.35769,1.35788,1.00,1.10
2016.09.06 04:32:36.066,1.35769,1.35788,1.00,1.10
2016.09.06 04:32:36.117,1.35769,1.35788,1.00,1.10
2016.09.06 04:32:36.168,1.35768,1.35788,1.50,1.10
2016.09.06 04:32:36.219,1.35768,1.35788,1.50,1.10
2016.09.06 04:32:36.284,1.35768,1.35788,1.50,1.10
2016.09.06 04:32:36.855,1.35768,1.35788,1.50,1.10
2016.09.06 04:32:36.906,1.35768,1.35788,1.50,1.50
2016.09.06 04:32:37.495,1.35768,1.35788,1.50,1.50
2016.09.06 04:32:37.680,1.35768,1.35787,1.50,1.12
2016.09.06 04:32:37.945,1.35768,1.35787,1.00,1.87
2016.09.06 04:32:38.664,1.3577,1.35787,1.00,1.87
2016.09.06 04:32:38.715,1.3577,1.35787,1.00,1.12
2016.09.06 04:32:38.765,1.35772,1.3579,1.00,1.87
2016.09.06 04:32:38.857,1.35772,1.3579,1.00,1.87
2016.09.06 04:32:39.029,1.35772,1.3579,1.00,1.87
2016.09.06 04:32:40.619,1.35772,1.3579,1.00,1.75
2016.09.06 04:32:40.691,1.35772,1.3579,1.00,1.75
2016.09.06 04:32:40.742,1.35774,1.3579,1.00,1.75
2016.09.06 04:32:40.944,1.35773,1.3579,1.00,1.50
2016.09.06 04:32:41.833,1.35773,1.35792,1.00,2.62
2016.09.06 04:32:42.536,1.35771,1.35792,1.00,2.62
2016.09.06 04:32:44.782,1.35771,1.3579,1.00,1.50
2016.09.06 04:32:47.779,1.3577,1.3579,1.50,1.50
2016.09.06 04:32:48.195,1.3577,1.3579,2.25,1.50
2016.09.06 04:32:48.246,1.35772,1.3579,1.00,1.50
2016.09.06 04:32:48.413,1.3577,1.3579,2.25,1.50
2016.09.06 04:32:48.854,1.35772,1.3579,1.00,1.50
2016.09.06 04:32:52.702,1.35772,1.3579,1.00,1.50
2016.09.06 04:32:54.973,1.35771,1.3579,1.00,1.50
2016.09.06 04:33:00.161,1.3577,1.3579,2.25,1.50
2016.09.06 04:33:00.262,1.35772,1.3579,1.00,1.50
2016.09.06 04:33:00.399,1.35772,1.3579,1.00,1.50
2016.09.06 04:33:00.733,1.35772,1.3579,1.00,1.12
2016.09.06 04:33:01.080,1.35774,1.3579,1.00,1.00
2016.09.06 04:33:01.131,1.35774,1.3579,1.00,1.00
2016.09.06 04:33:01.181,1.35774,1.35792,1.00,1.10
2016.09.06 04:33:01.283,1.35777,1.35794,1.00,1.50
2016.09.06 04:33:01.333,1.35777,1.35794,1.00,1.12
2016.09.06 04:33:01.384,1.3578,1.35794,1.00,1.12
2016.09.06 04:33:01.435,1.3578,1.35794,1.00,1.00
2016.09.06 04:33:01.486,1.35778,1.35796,1.00,1.10
2016.09.06 04:33:01.536,1.35778,1.35796,1.00,1.00
2016.09.06 04:33:01.869,1.35777,1.35796,1.00,1.00
2016.09.06 04:33:02.021,1.35777,1.35796,1.00,1.00
2016.09.06 04:33:02.072,1.35776,1.35796,1.57,1.00
2016.09.06 04:33:02.174,1.35775,1.35795,1.12,1.00
2016.09.06 04:33:02.276,1.35775,1.35795,1.10,1.12
2016.09.06 04:33:02.377,1.35774,1.35795,1.12,1.12
2016.09.06 04:33:02.742,1.35774,1.35795,1.12,1.12
2016.09.06 04:33:02.846,1.35774,1.35795,1.12,1.87
2016.09.06 04:33:02.897,1.35774,1.35795,1.12,1.87
2016.09.06 04:33:02.948,1.35774,1.35795,1.00,2.25
2016.09.06 04:33:02.999,1.35774,1.35792,1.00,1.10
2016.09.06 04:33:03.100,1.35772,1.35792,1.12,1.10
2016.09.06 04:33:03.288,1.35772,1.35792,1.12,1.10
2016.09.06 04:33:03.595,1.35772,1.35792,1.00,1.10
2016.09.06 04:33:04.940,1.35772,1.35792,1.00,1.10
2016.09.06 04:33:05.030,1.35772,1.35792,1.00,1.10
2016.09.06 04:33:05.131,1.35773,1.35792,2.25,1.10
2016.09.06 04:33:05.182,1.35773,1.35792,1.50,1.10
2016.09.06 04:33:05.283,1.35774,1.35792,1.00,1.10
2016.09.06 04:33:05.977,1.35773,1.35792,2.25,1.10
2016.09.06 04:33:06.382,1.35773,1.35792,1.00,1.10
2016.09.06 04:33:06.983,1.35772,1.35792,2.25,1.10
2016.09.06 04:33:07.679,1.35772,1.35792,3.00,1.10
2016.09.06 04:33:07.896,1.35772,1.35792,2.25,1.10
2016.09.06 04:33:08.507,1.35772,1.35792,3.00,1.10
2016.09.06 04:33:10.318,1.35774,1.35792,1.00,1.10
2016.09.06 04:33:10.427,1.35775,1.35795,1.50,1.50
2016.09.06 04:33:10.478,1.35776,1.35795,1.50,1.50
2016.09.06 04:33:10.529,1.35779,1.35796,1.00,1.10
2016.09.06 04:33:10.630,1.35779,1.35798,1.00,1.50
2016.09.06 04:33:10.782,1.35779,1.35798,1.00,1.12
2016.09.06 04:33:13.386,1.35779,1.35798,1.00,1.12
2016.09.06 04:33:14.221,1.35778,1.35798,1.10,1.12
2016.09.06 04:33:17.611,1.35779,1.35798,1.00,1.12
2016.09.06 04:33:18.401,1.3578,1.35798,1.00,1.12
2016.09.06 04:33:18.705,1.3578,1.35799,1.00,1.50
2016.09.06 04:33:18.756,1.3578,1.35799,1.00,1.50
2016.09.06 04:33:18.807,1.35781,1.35799,1.00,1.10
2016.09.06 04:33:19.060,1.35781,1.35799,1.00,1.10
2016.09.06 04:33:20.582,1.35781,1.35799,1.00,1.00
2016.09.06 04:33:20.899,1.35783,1.35799,1.00,1.00
2016.09.06 04:33:21.365,1.35783,1.35799,1.00,1.00
2016.09.06 04:33:21.415,1.35783,1.35799,1.00,1.00
2016.09.06 04:33:21.572,1.35783,1.35799,1.50,1.00
2016.09.06 04:33:21.623,1.35783,1.35803,3.00,1.10
2016.09.06 04:33:21.674,1.35783,1.35803,3.00,1.10
2016.09.06 04:33:21.725,1.35783,1.35803,1.00,1.10
2016.09.06 04:33:21.776,1.35783,1.35803,1.00,1.10
2016.09.06 04:33:21.827,1.35785,1.35805,1.00,1.87
2016.09.06 04:33:21.878,1.35785,1.35805,1.00,1.12
2016.09.06 04:33:22.563,1.35785,1.35805,1.00,1.12
2016.09.06 04:33:22.788,1.35785,1.35805,1.00,1.12
2016.09.06 04:33:23.415,1.35785,1.35805,2.25,1.12
2016.09.06 04:33:23.691,1.35786,1.35805,1.50,1.12
2016.09.06 04:33:23.793,1.35785,1.35805,3.00,1.00
2016.09.06 04:33:23.843,1.35787,1.35805,1.10,1.00
2016.09.06 04:33:23.944,1.35786,1.35805,1.12,1.00
2016.09.06 04:33:24.568,1.35786,1.35805,1.12,1.00
2016.09.06 04:33:25.063,1.35787,1.35805,1.10,1.00
2016.09.06 04:33:25.150,1.35787,1.35805,1.10,1.00
2016.09.06 04:33:25.251,1.35787,1.35807,1.10,1.10
2016.09.06 04:33:25.344,1.35787,1.35807,1.12,1.10
2016.09.06 04:33:29.828,1.35787,1.35808,1.12,1.87
2016.09.06 04:33:29.879,1.35787,1.35808,1.12,1.87
2016.09.06 04:33:30.001,1.35787,1.35808,1.12,1.87
2016.09.06 04:33:30.106,1.35787,1.35808,1.12,1.50
2016.09.06 04:33:30.292,1.35787,1.35808,1.12,1.50
2016.09.06 04:33:30.402,1.35787,1.35808,1.12,2.25
2016.09.06 04:33:30.675,1.35787,1.35808,1.12,2.32
2016.09.06 04:33:30.726,1.35786,1.35808,1.87,2.32
2016.09.06 04:33:30.776,1.35786,1.35805,1.37,1.00
2016.09.06 04:33:30.840,1.35784,1.35803,1.50,1.00
2016.09.06 04:33:30.891,1.35783,1.35803,1.75,1.00
2016.09.06 04:33:30.942,1.35783,1.35803,1.50,1.00
2016.09.06 04:33:31.043,1.35782,1.35803,1.75,1.00
2016.09.06 04:33:32.517,1.35782,1.35803,1.75,1.00
2016.09.06 04:33:32.720,1.35781,1.35803,2.62,1.00
2016.09.06 04:33:32.771,1.35781,1.35803,2.62,1.50
2016.09.06 04:33:33.234,1.35781,1.35803,2.62,1.00
2016.09.06 04:33:33.981,1.35781,1.35802,2.62,1.00
2016.09.06 04:33:37.362,1.35781,1.35802,2.25,1.00
2016.09.06 04:33:39.932,1.35781,1.35802,2.25,1.00
2016.09.06 04:33:40.033,1.35781,1.35802,2.25,1.00
2016.09.06 04:33:41.822,1.35781,1.35802,2.25,1.50
2016.09.06 04:33:41.873,1.3578,1.35801,1.87,1.00
2016.09.06 04:33:41.923,1.3578,1.35801,1.50,1.00
2016.09.06 04:33:41.974,1.3578,1.35801,1.50,1.00
2016.09.06 04:33:43.828,1.35781,1.35801,1.12,1.00
2016.09.06 04:33:44.863,1.35781,1.35801,1.87,1.00
2016.09.06 04:33:44.964,1.35781,1.35801,1.12,1.00
2016.09.06 04:33:45.447,1.35781,1.35801,1.87,1.00
2016.09.06 04:33:45.624,1.35781,1.35801,1.87,1.00
2016.09.06 04:33:47.850,1.35782,1.35801,1.10,1.00
2016.09.06 04:33:51.160,1.35782,1.35801,1.10,1.00
2016.09.06 04:33:51.567,1.35781,1.35801,1.87,1.00
2016.09.06 04:33:52.054,1.35781,1.35801,1.12,1.00
2016.09.06 04:33:52.561,1.35781,1.358,1.12,1.00
2016.09.06 04:33:57.024,1.35781,1.358,1.12,1.00
2016.09.06 04:33:57.625,1.35781,1.358,1.12,1.00
2016.09.06 04:33:57.765,1.35778,1.35798,2.62,1.00
2016.09.06 04:33:57.816,1.35778,1.35798,2.62,1.00
2016.09.06 04:33:57.867,1.35778,1.35798,2.25,1.00
2016.09.06 04:33:57.968,1.35778,1.35798,1.75,1.00
2016.09.06 04:33:58.270,1.35778,1.35798,1.75,1.50
2016.09.06 04:33:58.372,1.35778,1.35798,1.75,1.50
2016.09.06 04:33:58.423,1.35776,1.35794,1.12,1.50
2016.09.06 04:33:58.474,1.35774,1.35794,1.75,1.87
2016.09.06 04:33:58.525,1.35773,1.35791,1.00,1.50
2016.09.06 04:33:58.575,1.35773,1.35791,1.00,1.87
2016.09.06 04:33:58.626,1.35773,1.35788,1.00,1.00
2016.09.06 04:33:58.677,1.35767,1.35788,1.12,1.00
2016.09.06 04:33:58.783,1.35765,1.35786,1.12,1.12
2016.09.06 04:33:58.884,1.35764,1.35786,2.70,1.75
2016.09.06 04:33:58.935,1.35764,1.35786,2.70,1.75
2016.09.06 04:33:58.986,1.35767,1.35786,1.00,1.75
2016.09.06 04:33:59.087,1.35767,1.35786,1.00,1.12
2016.09.06 04:33:59.138,1.35767,1.35786,1.00,1.12
2016.09.06 04:33:59.391,1.3577,1.35786,1.00,1.10
2016.09.06 04:33:59.442,1.3577,1.35787,1.00,1.12
2016.09.06 04:33:59.883,1.35767,1.35787,1.10,1.12
2016.09.06 04:33:59.954,1.35767,1.35789,1.10,2.25
2016.09.06 04:34:00.386,1.35767,1.35788,1.10,1.50
2016.09.06 04:34:01.232,1.35767,1.35788,1.10,1.50
2016.09.06 04:34:01.283,1.35767,1.35788,1.57,1.50
2016.09.06 04:34:01.334,1.35767,1.35786,1.10,1.10
2016.09.06 04:34:01.436,1.35767,1.35786,1.10,1.10
2016.09.06 04:34:01.486,1.35768,1.35786,1.00,1.10
2016.09.06 04:34:01.537,1.35768,1.35787,1.00,1.12
2016.09.06 04:34:01.588,1.35769,1.35787,1.00,1.12
2016.09.06 04:34:01.948,1.3577,1.35787,1.00,1.10
2016.09.06 04:34:03.014,1.3577,1.35787,1.00,1.00
2016.09.06 04:34:07.292,1.35769,1.35787,1.10,1.00
2016.09.06 04:34:07.495,1.35768,1.35787,1.12,1.00
2016.09.06 04:34:07.596,1.35769,1.35787,1.10,1.00
2016.09.06 04:34:07.697,1.35768,1.35787,1.12,1.00
2016.09.06 04:34:08.043,1.35768,1.35787,1.12,1.00
2016.09.06 04:34:08.094,1.35769,1.35787,1.10,1.00
2016.09.06 04:34:12.918,1.35767,1.35787,2.25,1.00
2016.09.06 04:34:13.559,1.35767,1.35787,2.25,1.00
2016.09.06 04:34:13.812,1.35769,1.35787,1.10,1.00
2016.09.06 04:34:13.913,1.3577,1.35787,1.00,1.00
2016.09.06 04:34:14.622,1.3577,1.35787,1.00,1.00
2016.09.06 04:34:14.898,1.35768,1.35787,1.12,1.00
2016.09.06 04:34:14.949,1.35768,1.3579,1.87,2.25
2016.09.06 04:34:15.000,1.35768,1.3579,1.87,2.25
2016.09.06 04:34:15.345,1.35768,1.35789,1.87,1.12
2016.09.06 04:34:15.549,1.35768,1.3579,1.87,2.25
2016.09.06 04:34:17.164,1.35768,1.3579,1.87,2.25
2016.09.06 04:34:17.271,1.35768,1.3579,1.87,2.25
2016.09.06 04:34:17.354,1.35768,1.3579,1.87,1.50
2016.09.06 04:34:17.406,1.35768,1.3579,1.87,1.50
2016.09.06 04:34:17.611,1.35768,1.3579,1.87,1.50
2016.09.06 04:34:17.665,1.35768,1.35789,1.87,1.12
2016.09.06 04:34:17.715,1.35768,1.35789,1.12,1.12
2016.09.06 04:34:17.975,1.35769,1.35789,1.10,1.12
2016.09.06 04:34:18.077,1.35769,1.3579,1.10,2.25
2016.09.06 04:34:18.279,1.35769,1.35789,1.10,1.12
2016.09.06 04:34:18.440,1.35768,1.35789,1.57,1.50
2016.09.06 04:34:18.642,1.35768,1.35786,1.10,1.00
2016.09.06 04:34:18.693,1.35768,1.35786,1.10,1.00
2016.09.06 04:34:18.795,1.35766,1.35786,2.25,1.00
2016.09.06 04:34:18.896,1.35766,1.35786,1.10,1.12
2016.09.06 04:34:18.947,1.35763,1.35785,2.25,1.10
2016.09.06 04:34:18.997,1.35763,1.35785,1.12,1.57
2016.09.06 04:34:19.183,1.35763,1.35785,1.12,2.25
2016.09.06 04:34:19.285,1.35763,1.35785,1.87,2.25
2016.09.06 04:34:19.386,1.35763,1.35785,1.87,2.25
2016.09.06 04:34:21.572,1.35763,1.35785,1.87,2.25
2016.09.06 04:34:21.623,1.35765,1.35785,1.00,2.25
2016.09.06 04:34:22.784,1.35766,1.35785,1.00,2.25
2016.09.06 04:34:23.224,1.35764,1.35785,1.10,2.25
2016.09.06 04:34:29.457,1.35764,1.35785,1.10,1.50
2016.09.06 04:34:29.937,1.35764,1.35784,1.10,1.12
2016.09.06 04:34:31.321,1.35764,1.35784,1.10,1.87
2016.09.06 04:34:31.537,1.35763,1.35784,1.12,1.87
2016.09.06 04:34:33.744,1.35762,1.35784,2.25,1.87
2016.09.06 04:34:33.795,1.35762,1.35784,2.25,1.87
2016.09.06 04:34:33.897,1.35762,1.35784,2.25,1.87
2016.09.06 04:34:33.998,1.35762,1.35784,1.50,1.87
2016.09.06 04:34:34.049,1.35762,1.35784,1.00,2.25
2016.09.06 04:34:34.638,1.35762,1.35784,1.50,2.25
2016.09.06 04:34:34.689,1.35762,1.35784,1.50,1.50
2016.09.06 04:34:34.841,1.35762,1.35784,1.00,1.75
2016.09.06 04:34:35.348,1.35764,1.35784,1.00,1.75
2016.09.06 04:34:36.123,1.35764,1.35784,1.00,1.12
2016.09.06 04:34:37.500,1.35762,1.35784,1.57,1.12
2016.09.06 04:34:44.957,1.35762,1.35783,1.10,1.10
2016.09.06 04:34:47.118,1.35762,1.35783,1.10,1.10
2016.09.06 04:34:47.169,1.35762,1.35783,1.10,1.10
2016.09.06 04:34:47.220,1.35761,1.35783,1.12,1.10
2016.09.06 04:34:47.373,1.35761,1.35783,1.12,1.50
2016.09.06 04:34:48.390,1.35761,1.35783,1.12,1.50
2016.09.06 04:34:48.441,1.35763,1.35783,1.00,1.50
2016.09.06 04:34:48.560,1.35764,1.35783,1.00,1.12
2016.09.06 04:34:48.661,1.35766,1.35783,1.00,1.12
2016.09.06 04:34:48.795,1.35766,1.35783,1.00,1.00
2016.09.06 04:34:49.268,1.35766,1.35785,1.00,1.12
2016.09.06 04:34:49.683,1.35766,1.35785,1.12,1.00
2016.09.06 04:34:49.733,1.35768,1.35785,1.00,1.00
2016.09.06 04:34:49.837,1.35769,1.35785,1.00,1.00
2016.09.06 04:34:49.888,1.35769,1.35788,1.00,1.50
2016.09.06 04:34:49.939,1.35768,1.35788,1.00,1.50
2016.09.06 04:34:49.989,1.35768,1.35788,1.00,1.10
2016.09.06 04:34:50.739,1.35769,1.35788,1.00,1.10
2016.09.06 04:34:50.840,1.35767,1.35788,1.10,1.10
2016.09.06 04:34:52.321,1.35768,1.35788,1.00,1.10
2016.09.06 04:34:52.422,1.35767,1.35788,1.10,1.10
2016.09.06 04:34:52.523,1.35766,1.35788,1.12,1.10
2016.09.06 04:35:00.091,1.35766,1.35788,1.12,1.10
2016.09.06 04:35:02.915,1.35769,1.35788,1.00,1.10
2016.09.06 04:35:02.966,1.35769,1.35788,1.00,1.00
2016.09.06 04:35:03.075,1.35771,1.35788,1.00,1.00
2016.09.06 04:35:03.239,1.35771,1.3579,1.00,1.12
2016.09.06 04:35:03.369,1.35771,1.3579,1.00,1.12
2016.09.06 04:35:04.322,1.3577,1.3579,1.00,1.12
2016.09.06 04:35:04.423,1.3577,1.3579,1.10,1.12
2016.09.06 04:35:04.623,1.35772,1.3579,1.00,1.12
2016.09.06 04:35:04.724,1.35771,1.3579,1.00,1.12
2016.09.06 04:35:04.775,1.35771,1.3579,1.10,1.10
2016.09.06 04:35:04.927,1.3577,1.3579,1.12,1.10
2016.09.06 04:35:05.288,1.35772,1.3579,1.00,1.10
2016.09.06 04:35:08.883,1.35773,1.3579,1.00,1.10
2016.09.06 04:35:09.039,1.35774,1.35792,1.00,1.50
2016.09.06 04:35:09.140,1.35775,1.35793,1.00,1.10
2016.09.06 04:35:09.191,1.35777,1.35793,1.00,1.10
2016.09.06 04:35:09.242,1.35777,1.35793,1.00,1.00
2016.09.06 04:35:10.288,1.35776,1.35793,1.00,1.00
2016.09.06 04:35:15.217,1.35776,1.35796,1.50,1.57
2016.09.06 04:35:15.397,1.35777,1.35796,1.10,1.57
2016.09.06 04:35:19.556,1.35777,1.35796,1.10,1.10
2016.09.06 04:35:21.043,1.35779,1.35796,1.00,1.00
2016.09.06 04:35:21.956,1.35779,1.35798,1.00,1.12
2016.09.06 04:35:22.007,1.3578,1.35798,1.00,1.12
2016.09.06 04:35:22.108,1.3578,1.35798,1.00,1.00
2016.09.06 04:35:35.317,1.35779,1.35798,1.10,1.00
2016.09.06 04:35:35.655,1.3578,1.35799,1.12,1.00
2016.09.06 04:35:35.706,1.3578,1.35799,1.12,1.00
2016.09.06 04:35:35.756,1.35784,1.35801,1.00,1.12
2016.09.06 04:35:35.807,1.35784,1.35801,1.00,1.00
2016.09.06 04:35:35.926,1.35785,1.35803,1.00,1.00
2016.09.06 04:35:36.957,1.35786,1.35803,1.00,1.00
2016.09.06 04:35:37.182,1.35786,1.35805,1.00,1.10
2016.09.06 04:35:37.233,1.35786,1.35805,1.10,1.10
2016.09.06 04:35:38.141,1.35785,1.35805,1.87,1.10
2016.09.06 04:35:39.650,1.35787,1.35805,1.00,1.10
2016.09.06 04:35:39.864,1.35789,1.35807,1.00,1.10
2016.09.06 04:35:53.683,1.35788,1.35807,1.00,1.10
2016.09.06 04:35:53.734,1.35788,1.35807,1.50,1.00
2016.09.06 04:35:53.785,1.35789,1.35807,1.12,1.00
2016.09.06 04:35:53.836,1.35789,1.35807,1.50,1.00
2016.09.06 04:35:53.886,1.35789,1.35809,1.50,1.00
2016.09.06 04:35:54.499,1.35789,1.35809,1.10,1.00
2016.09.06 04:35:54.976,1.3579,1.35809,1.00,1.00
2016.09.06 04:35:57.045,1.35789,1.35809,1.10,1.00
2016.09.06 04:35:57.146,1.35788,1.35809,1.12,1.00
2016.09.06 04:35:57.348,1.35788,1.35809,1.12,1.12
2016.09.06 04:35:59.715,1.35788,1.35809,1.12,1.87
2016.09.06 04:35:59.766,1.35788,1.35809,1.12,1.87
2016.09.06 04:36:00.094,1.35788,1.35808,1.12,1.10
2016.09.06 04:36:02.096,1.35788,1.35808,1.00,1.50
2016.09.06 04:36:04.151,1.35788,1.35808,1.00,1.50
2016.09.06 04:36:06.157,1.35789,1.35808,1.00,1.50
2016.09.06 04:36:06.258,1.35789,1.35808,1.00,1.00
2016.09.06 04:36:15.115,1.35789,1.35809,1.00,1.10
2016.09.06 04:36:26.504,1.35789,1.35809,1.00,1.75
2016.09.06 04:36:27.218,1.35788,1.35809,1.00,1.75
2016.09.06 04:36:27.269,1.35787,1.35807,1.10,1.12
2016.09.06 04:36:27.346,1.35787,1.35807,1.10,1.12
2016.09.06 04:36:27.397,1.35787,1.35807,1.00,1.50
2016.09.06 04:36:28.005,1.35787,1.35807,1.00,1.50
2016.09.06 04:36:30.208,1.35787,1.35807,1.00,1.50
2016.09.06 04:36:30.259,1.35785,1.35805,1.57,1.12
2016.09.06 04:36:30.504,1.35785,1.35805,1.57,1.12
2016.09.06 04:36:30.772,1.35784,1.35804,3.00,1.00
2016.09.06 04:36:30.823,1.35784,1.35804,1.50,1.00
2016.09.06 04:36:30.873,1.35784,1.35799,1.00,1.00
2016.09.06 04:36:30.925,1.3578,1.35799,1.12,1.00
2016.09.06 04:36:30.975,1.3578,1.35795,1.12,1.00
2016.09.06 04:36:31.026,1.3578,1.35795,1.00,1.00
2016.09.06 04:36:31.127,1.35775,1.35795,1.87,1.00
2016.09.06 04:36:31.229,1.35775,1.35795,1.87,1.10
2016.09.06 04:36:32.110,1.35776,1.35795,1.10,1.10
2016.09.06 04:36:33.320,1.35775,1.35795,1.87,1.10
2016.09.06 04:36:33.522,1.35777,1.35795,1.00,1.10
2016.09.06 04:36:37.796,1.35778,1.35795,1.00,1.10
2016.09.06 04:36:38.405,1.35779,1.35795,1.00,1.10
2016.09.06 04:36:40.037,1.35777,1.35795,1.00,1.10
2016.09.06 04:36:40.303,1.35777,1.35795,1.00,1.10
2016.09.06 04:36:41.240,1.35778,1.35795,1.00,1.10
2016.09.06 04:36:44.649,1.35778,1.35795,1.00,1.00
2016.09.06 04:36:50.445,1.35776,1.35795,1.12,1.00
2016.09.06 04:36:58.924,1.35777,1.35795,1.10,1.00
2016.09.06 04:36:59.026,1.35779,1.35795,1.00,1.00
2016.09.06 04:36:59.127,1.35781,1.35797,1.00,1.12
2016.09.06 04:36:59.178,1.35781,1.35797,1.00,1.00
2016.09.06 04:36:59.896,1.3578,1.35797,1.00,1.00
2016.09.06 04:37:00.281,1.3578,1.35798,1.00,1.10
2016.09.06 04:37:01.262,1.35781,1.35798,1.00,1.00
2016.09.06 04:37:02.159,1.35782,1.358,1.00,1.12
2016.09.06 04:37:02.883,1.35783,1.358,1.00,1.12
2016.09.06 04:37:03.545,1.35782,1.358,1.00,1.12
2016.09.06 04:37:06.628,1.35783,1.358,1.00,1.12
2016.09.06 04:37:07.232,1.35783,1.358,1.00,1.10
2016.09.06 04:37:14.846,1.35781,1.358,1.10,1.10
2016.09.06 04:37:14.948,1.3578,1.358,1.87,1.10
2016.09.06 04:37:15.459,1.35781,1.358,1.10,1.10
2016.09.06 04:37:15.871,1.3578,1.358,1.12,1.10
2016.09.06 04:37:16.072,1.3578,1.358,1.12,1.10
2016.09.06 04:37:16.123,1.3578,1.358,1.00,1.10
2016.09.06 04:37:16.174,1.3578,1.358,1.50,1.10
2016.09.06 04:37:16.225,1.3578,1.358,1.50,1.10
2016.09.06 04:37:16.275,1.3578,1.358,1.00,1.10
2016.09.06 04:37:18.610,1.3578,1.358,1.00,1.10
2016.09.06 04:37:18.763,1.3578,1.358,1.50,1.10
2016.09.06 04:37:19.067,1.3578,1.358,1.00,1.10
2016.09.06 04:37:24.490,1.3578,1.358,1.00,1.10
2016.09.06 04:37:24.540,1.35779,1.35799,1.10,1.00
2016.09.06 04:37:24.591,1.35779,1.35799,1.10,1.12
2016.09.06 04:37:24.693,1.35777,1.35799,2.25,1.12
2016.09.06 04:37:30.286,1.35778,1.35799,1.12,1.12
2016.09.06 04:37:30.360,1.35781,1.35799,1.00,1.12
2016.09.06 04:37:31.599,1.35779,1.35799,1.57,1.12
2016.09.06 04:37:33.096,1.3578,1.35799,1.00,1.12
2016.09.06 04:37:34.673,1.35779,1.35799,1.57,1.12
2016.09.06 04:37:43.530,1.35779,1.35799,1.57,1.12
2016.09.06 04:37:43.631,1.35779,1.35799,1.57,1.12
2016.09.06 04:37:43.733,1.3578,1.35799,1.00,1.12
2016.09.06 04:37:44.909,1.35779,1.35799,1.57,1.12
2016.09.06 04:37:45.352,1.35779,1.35798,1.10,1.10
2016.09.06 04:37:46.137,1.35779,1.35798,1.10,1.10
2016.09.06 04:37:46.238,1.35779,1.35798,1.10,1.10
2016.09.06 04:37:46.289,1.35778,1.35798,1.12,1.10
2016.09.06 04:37:46.340,1.35778,1.35798,1.00,1.50
2016.09.06 04:37:47.309,1.35778,1.35798,1.00,1.50
2016.09.06 04:37:47.440,1.35778,1.35798,1.00,1.50
2016.09.06 04:37:47.542,1.35778,1.35798,1.00,1.75
2016.09.06 04:37:47.744,1.35778,1.35798,1.00,2.25
2016.09.06 04:37:47.846,1.35778,1.35798,1.00,2.25
2016.09.06 04:37:47.896,1.35775,1.35797,1.12,1.50
2016.09.06 04:37:47.947,1.35775,1.35797,1.12,1.50
2016.09.06 04:37:47.998,1.35771,1.35791,3.00,1.00
2016.09.06 04:37:48.099,1.35771,1.35791,1.57,1.12
2016.09.06 04:37:48.150,1.35771,1.35791,1.57,1.12
2016.09.06 04:37:48.251,1.35771,1.35791,1.10,1.12
2016.09.06 04:37:48.352,1.35771,1.35791,1.10,1.12
2016.09.06 04:37:48.999,1.35771,1.35791,1.10,1.00
2016.09.06 04:37:49.151,1.3577,1.3579,1.87,1.00
2016.09.06 04:37:49.303,1.3577,1.3579,1.57,1.00
2016.09.06 04:37:49.412,1.3577,1.3579,1.57,1.00
2016.09.06 04:37:52.507,1.3577,1.3579,1.10,1.00
2016.09.06 04:37:52.609,1.35773,1.3579,1.00,1.00
2016.09.06 04:37:53.262,1.35774,1.35791,1.00,1.10
2016.09.06 04:37:53.414,1.35776,1.35791,1.00,1.00
2016.09.06 04:37:53.464,1.35776,1.35794,1.00,2.25
2016.09.06 04:37:53.515,1.35776,1.35794,1.00,1.50
2016.09.06 04:37:53.588,1.35776,1.35794,1.00,1.00
2016.09.06 04:37:53.639,1.35778,1.35794,1.00,1.00
2016.09.06 04:37:53.740,1.35777,1.35794,1.10,1.00
2016.09.06 04:37:54.097,1.35776,1.35794,1.12,1.00
2016.09.06 04:37:54.765,1.35777,1.35797,1.10,1.12
2016.09.06 04:37:54.816,1.35777,1.35797,1.57,1.12
2016.09.06 04:37:54.867,1.35777,1.35797,1.57,1.12
2016.09.06 04:37:54.918,1.35779,1.35797,1.00,1.10
2016.09.06 04:37:55.088,1.3578,1.35797,1.00,1.10
2016.09.06 04:37:55.547,1.35779,1.35797,1.00,1.10
2016.09.06 04:37:56.017,1.35779,1.35797,1.10,1.00
2016.09.06 04:37:57.718,1.35781,1.35797,1.00,1.00
2016.09.06 04:38:00.370,1.35781,1.35798,1.00,1.10
2016.09.06 04:38:03.658,1.35779,1.35798,1.10,1.10
2016.09.06 04:38:04.233,1.35781,1.35798,1.00,1.10
2016.09.06 04:38:08.630,1.35778,1.35798,1.87,1.10
2016.09.06 04:38:08.731,1.35778,1.35798,1.12,1.10
2016.09.06 04:38:10.268,1.35778,1.35798,1.10,1.12
2016.09.06 04:38:10.421,1.35777,1.35797,1.12,1.10
2016.09.06 04:38:10.887,1.35777,1.35796,1.12,1.00
2016.09.06 04:38:11.300,1.35777,1.35796,1.12,1.00
2016.09.06 04:38:11.351,1.35776,1.35796,2.25,1.00
2016.09.06 04:38:11.746,1.35776,1.35796,2.25,1.00
2016.09.06 04:38:12.348,1.35776,1.35796,2.25,1.00
2016.09.06 04:38:13.223,1.35778,1.35796,1.10,1.00
2016.09.06 04:38:13.425,1.35779,1.35796,1.00,1.00
2016.09.06 04:38:13.614,1.35778,1.35796,1.10,1.00
2016.09.06 04:38:13.769,1.3578,1.35796,1.00,1.00
2016.09.06 04:38:14.032,1.35779,1.35796,1.00,1.00
2016.09.06 04:38:15.404,1.35779,1.35799,1.00,1.50
2016.09.06 04:38:17.637,1.35777,1.35799,1.87,1.50
2016.09.06 04:38:18.169,1.35779,1.35799,1.00,1.50
2016.09.06 04:38:18.789,1.35778,1.35799,1.10,1.50
2016.09.06 04:38:18.840,1.35777,1.35799,1.12,1.50
2016.09.06 04:38:18.890,1.35777,1.35799,1.12,1.50
2016.09.06 04:38:19.074,1.35777,1.35799,1.12,1.50
2016.09.06 04:38:22.148,1.35777,1.35799,1.87,1.50
2016.09.06 04:38:22.480,1.35778,1.35799,1.00,1.75
2016.09.06 04:38:22.581,1.35779,1.35799,1.00,1.50
2016.09.06 04:38:25.144,1.35779,1.35799,1.00,1.50
2016.09.06 04:38:27.000,1.35779,1.35799,1.00,1.50
2016.09.06 04:38:27.152,1.35778,1.35799,1.10,1.50
2016.09.06 04:38:27.202,1.35778,1.35799,1.10,1.50
2016.09.06 04:38:27.405,1.35778,1.35799,1.10,1.50
2016.09.06 04:38:27.557,1.35777,1.35799,1.12,1.50
2016.09.06 04:38:28.174,1.35777,1.35799,1.12,1.50
2016.09.06 04:38:28.275,1.35777,1.35799,1.12,1.50
2016.09.06 04:38:29.763,1.35778,1.35799,1.00,1.75
2016.09.06 04:38:29.814,1.35778,1.35799,1.00,2.25
2016.09.06 04:38:29.969,1.35777,1.35799,1.00,2.25
2016.09.06 04:38:30.020,1.35777,1.35797,1.00,2.25
2016.09.06 04:38:30.071,1.35774,1.35793,1.57,1.10
2016.09.06 04:38:30.122,1.35774,1.35793,1.10,1.10
2016.09.06 04:38:30.173,1.35773,1.35793,1.00,1.50
2016.09.06 04:38:30.224,1.35773,1.35791,1.00,1.10
2016.09.06 04:38:30.275,1.35773,1.35791,1.00,1.12
2016.09.06 04:38:30.326,1.35771,1.35791,1.00,1.12
2016.09.06 04:38:30.377,1.3577,1.35791,1.50,1.12
2016.09.06 04:38:30.580,1.35769,1.35791,1.10,1.12
2016.09.06 04:38:30.683,1.35769,1.35791,1.10,1.75
2016.09.06 04:38:30.785,1.35769,1.35791,1.10,1.75
2016.09.06 04:38:31.031,1.35769,1.35791,1.10,1.75
2016.09.06 04:38:31.251,1.35768,1.3579,2.62,1.50
2016.09.06 04:38:31.599,1.35768,1.3579,1.87,1.50
2016.09.06 04:38:31.700,1.35768,1.3579,1.87,1.50
2016.09.06 04:38:32.183,1.3577,1.3579,1.00,1.50
2016.09.06 04:38:32.284,1.35769,1.3579,1.10,1.50
2016.09.06 04:38:32.335,1.35769,1.35786,1.10,1.00
2016.09.06 04:38:32.386,1.35768,1.35786,1.00,1.10
2016.09.06 04:38:32.436,1.35768,1.35785,1.00,1.00
2016.09.06 04:38:32.487,1.35763,1.35785,1.57,2.25
2016.09.06 04:38:32.538,1.35763,1.35785,1.57,2.62
2016.09.06 04:38:32.589,1.35763,1.35785,1.50,2.62
2016.09.06 04:38:32.697,1.35763,1.35784,1.50,1.87
2016.09.06 04:38:32.776,1.35763,1.35784,1.50,1.87
2016.09.06 04:38:33.189,1.35765,1.35784,1.00,1.87
2016.09.06 04:38:33.239,1.35765,1.35784,1.00,1.75
2016.09.06 04:38:33.290,1.35765,1.35784,1.00,1.75
2016.09.06 04:38:33.341,1.35765,1.35782,1.00,1.12
2016.09.06 04:38:33.780,1.35762,1.35782,1.57,1.12
2016.09.06 04:38:33.882,1.35764,1.35782,1.00,1.12
2016.09.06 04:38:35.364,1.35765,1.35782,1.00,1.12
2016.09.06 04:38:36.165,1.35766,1.35782,1.00,1.12
2016.09.06 04:38:36.216,1.35766,1.35782,1.00,1.00
2016.09.06 04:38:37.267,1.35764,1.35782,1.00,1.00
2016.09.06 04:38:37.572,1.35763,1.35782,1.00,1.00
2016.09.06 04:38:37.735,1.35763,1.35782,1.00,1.12
2016.09.06 04:38:38.104,1.35765,1.35782,1.00,1.10
2016.09.06 04:38:38.155,1.35765,1.35782,1.00,1.10
2016.09.06 04:38:38.307,1.35768,1.35782,1.00,1.10
2016.09.06 04:38:38.459,1.35767,1.35782,1.00,1.00
2016.09.06 04:38:38.845,1.35765,1.35782,1.10,1.00
2016.09.06 04:38:39.969,1.35763,1.35782,1.50,1.00
2016.09.06 04:38:40.406,1.35763,1.35782,1.00,1.00
2016.09.06 04:38:41.871,1.35762,1.35782,1.10,1.00
2016.09.06 04:38:41.921,1.35762,1.35782,1.10,1.50
2016.09.06 04:38:41.972,1.35762,1.35782,1.00,1.57
2016.09.06 04:38:42.073,1.35762,1.35782,1.00,2.25
2016.09.06 04:38:42.124,1.35762,1.35782,1.00,2.25
2016.09.06 04:38:43.192,1.35762,1.35781,1.00,1.12
2016.09.06 04:38:43.293,1.35759,1.35781,1.87,2.25
2016.09.06 04:38:43.495,1.3576,1.35781,1.10,2.25
2016.09.06 04:38:43.546,1.3576,1.35781,1.10,2.25
2016.09.06 04:38:43.596,1.35759,1.35781,1.12,2.25
2016.09.06 04:38:43.647,1.35759,1.35781,1.12,2.25
2016.09.06 04:38:43.799,1.35759,1.35781,1.10,2.25
2016.09.06 04:38:44.105,1.3576,1.35781,1.00,2.25
2016.09.06 04:38:45.104,1.3576,1.35781,1.00,2.25
2016.09.06 04:38:45.205,1.3576,1.35781,1.00,2.25
2016.09.06 04:38:45.457,1.3576,1.35779,1.00,1.12
2016.09.06 04:38:47.085,1.35759,1.35779,1.10,1.12
2016.09.06 04:38:48.741,1.35759,1.35779,1.10,1.87
2016.09.06 04:38:48.792,1.35758,1.35779,1.00,1.87
2016.09.06 04:38:48.843,1.35758,1.35777,1.00,1.00
2016.09.06 04:38:48.894,1.35757,1.35777,1.57,1.00
2016.09.06 04:38:48.945,1.35757,1.35775,1.57,1.00
2016.09.06 04:38:48.995,1.35755,1.35773,1.00,1.50
2016.09.06 04:38:49.046,1.35755,1.35768,1.00,1.00
2016.09.06 04:38:49.147,1.35744,1.35764,1.10,1.00
2016.09.06 04:38:49.198,1.35742,1.35761,1.00,1.10
2016.09.06 04:38:49.249,1.35742,1.35761,1.00,1.10
2016.09.06 04:38:49.836,1.35743,1.35761,1.00,1.10
2016.09.06 04:38:50.358,1.35742,1.35761,1.00,1.10
2016.09.06 04:38:51.287,1.35744,1.35761,1.00,1.10
2016.09.06 04:38:51.941,1.35744,1.35761,1.10,1.00
2016.09.06 04:38:51.992,1.35746,1.35763,1.00,1.57
2016.09.06 04:38:52.043,1.35746,1.35763,1.00,1.10
2016.09.06 04:38:52.126,1.35746,1.35763,1.00,1.00
2016.09.06 04:38:52.949,1.35746,1.35763,1.00,1.00
2016.09.06 04:38:52.999,1.35746,1.35766,1.00,2.25
2016.09.06 04:38:53.101,1.35745,1.35764,1.10,1.10
2016.09.06 04:38:54.013,1.35747,1.35764,1.00,1.10
2016.09.06 04:38:57.149,1.35747,1.35766,1.00,2.25
2016.09.06 04:39:01.428,1.35748,1.35766,1.00,1.87
2016.09.06 04:39:01.526,1.35748,1.35766,1.00,1.12
2016.09.06 04:39:01.628,1.35748,1.35766,1.00,1.00
2016.09.06 04:39:01.780,1.3575,1.35766,1.00,1.00
2016.09.06 04:39:01.830,1.3575,1.35769,1.00,1.12
2016.09.06 04:39:01.932,1.35751,1.35769,1.00,1.12
2016.09.06 04:39:01.982,1.35751,1.35769,1.00,1.00
2016.09.06 04:39:02.185,1.35749,1.35769,1.10,1.00
2016.09.06 04:39:02.238,1.35751,1.35769,1.00,1.00
2016.09.06 04:39:02.288,1.35751,1.35769,1.10,1.00
2016.09.06 04:39:03.799,1.3575,1.35769,1.12,1.00
2016.09.06 04:39:06.403,1.35751,1.35769,1.10,1.00
2016.09.06 04:39:06.646,1.35749,1.35769,2.25,1.00
2016.09.06 04:39:06.948,1.35751,1.35769,1.10,1.00
2016.09.06 04:39:07.927,1.35751,1.35769,1.10,1.00
2016.09.06 04:39:08.029,1.35749,1.35769,2.25,1.00
2016.09.06 04:39:08.130,1.35749,1.35769,1.12,1.10
2016.09.06 04:39:08.231,1.35749,1.35769,1.00,1.50
2016.09.06 04:39:09.203,1.35747,1.35768,1.12,1.12
2016.09.06 04:39:09.355,1.35747,1.35768,1.00,1.12
2016.09.06 04:39:09.698,1.35747,1.35764,1.00,1.00
2016.09.06 04:39:09.748,1.35745,1.35764,1.87,1.00
2016.09.06 04:39:09.821,1.35747,1.35764,1.00,1.00
2016.09.06 04:39:09.922,1.35746,1.35764,1.00,1.00
2016.09.06 04:39:11.038,1.35745,1.35764,1.10,1.00
2016.09.06 04:39:11.139,1.35746,1.35764,1.00,1.00
2016.09.06 04:39:11.560,1.35745,1.35764,1.10,1.00
2016.09.06 04:39:11.661,1.35744,1.35764,1.00,1.10
2016.09.06 04:39:12.503,1.35744,1.35764,1.00,1.10
2016.09.06 04:39:12.707,1.35743,1.35762,1.10,1.00
2016.09.06 04:39:12.758,1.35742,1.35762,1.57,1.12
2016.09.06 04:39:15.128,1.35743,1.35762,1.00,1.12
2016.09.06 04:39:15.229,1.35744,1.35762,1.00,1.12
2016.09.06 04:39:15.728,1.35744,1.35762,1.00,1.12
2016.09.06 04:39:15.829,1.35748,1.35765,1.00,1.12
2016.09.06 04:39:16.409,1.35748,1.35765,1.00,1.12
2016.09.06 04:39:17.124,1.35747,1.35765,1.00,1.12
2016.09.06 04:39:18.015,1.35747,1.35765,1.00,1.10
2016.09.06 04:39:18.066,1.35748,1.35765,1.00,1.10
2016.09.06 04:39:18.116,1.35748,1.35767,1.00,1.50
2016.09.06 04:39:18.792,1.35749,1.35767,1.00,1.50
2016.09.06 04:39:18.843,1.35749,1.35767,1.00,1.50
2016.09.06 04:39:18.894,1.35749,1.35767,1.00,1.10
2016.09.06 04:39:19.106,1.3575,1.35768,1.00,1.12
2016.09.06 04:39:20.227,1.35748,1.35768,1.00,1.12
2016.09.06 04:39:20.783,1.35749,1.35768,1.00,1.12
2016.09.06 04:39:22.245,1.35751,1.35769,1.00,1.50
2016.09.06 04:39:22.377,1.35751,1.35769,1.00,1.10
2016.09.06 04:39:22.429,1.35754,1.35773,1.00,1.12
2016.09.06 04:39:22.480,1.35754,1.35773,1.00,1.12
2016.09.06 04:39:22.532,1.35758,1.35775,1.00,1.50
2016.09.06 04:39:22.633,1.35758,1.35775,1.00,1.10
2016.09.06 04:39:22.684,1.35758,1.35776,1.00,1.12
2016.09.06 04:39:23.227,1.35756,1.35776,1.57,1.12
2016.09.06 04:39:23.640,1.35756,1.35776,1.57,1.12
2016.09.06 04:39:23.844,1.35757,1.35776,1.00,1.00
2016.09.06 04:39:24.844,1.35758,1.35776,1.00,1.00
2016.09.06 04:39:24.945,1.35757,1.35776,1.12,1.00
2016.09.06 04:39:25.070,1.35756,1.35776,2.25,1.00
2016.09.06 04:39:25.121,1.35758,1.35778,1.10,1.12
2016.09.06 04:39:27.943,1.35758,1.35778,1.57,1.12
2016.09.06 04:39:27.993,1.35758,1.35778,1.87,1.10
2016.09.06 04:39:28.044,1.3576,1.35778,1.12,1.00
2016.09.06 04:39:28.197,1.3576,1.35778,1.12,1.00
2016.09.06 04:39:28.247,1.35761,1.35781,1.12,1.10
2016.09.06 04:39:28.298,1.35761,1.35781,1.12,1.10
2016.09.06 04:39:28.400,1.35761,1.35781,1.10,1.00
2016.09.06 04:39:28.450,1.35759,1.35781,2.25,1.00
2016.09.06 04:39:28.501,1.35759,1.35781,2.25,1.00
2016.09.06 04:39:29.512,1.3576,1.35781,1.87,1.00
2016.09.06 04:39:30.552,1.3576,1.35782,2.62,1.00
2016.09.06 04:39:35.104,1.3576,1.35782,2.62,1.00
2016.09.06 04:39:35.387,1.3576,1.35782,2.62,1.00
2016.09.06 04:39:35.438,1.35763,1.35783,1.00,1.10
2016.09.06 04:39:35.589,1.35764,1.35783,1.00,1.10
2016.09.06 04:39:35.640,1.35764,1.35783,1.12,1.00
2016.09.06 04:39:36.485,1.35763,1.35783,2.25,1.00
2016.09.06 04:39:40.063,1.35764,1.35783,1.12,1.00
2016.09.06 04:39:40.443,1.35764,1.35783,1.12,1.00
2016.09.06 04:39:42.053,1.35764,1.35783,1.12,1.00
2016.09.06 04:39:42.754,1.35765,1.35783,1.10,1.00
2016.09.06 04:39:43.135,1.35765,1.35783,1.12,1.00
2016.09.06 04:39:43.287,1.35765,1.35783,2.62,1.00
2016.09.06 04:39:43.338,1.35765,1.35783,3.00,1.00
2016.09.06 04:39:43.439,1.35765,1.35783,3.37,1.00
2016.09.06 04:39:43.490,1.35766,1.35783,1.75,1.00
2016.09.06 04:39:43.541,1.35766,1.35783,1.75,1.00
2016.09.06 04:39:43.642,1.35766,1.35783,1.75,1.00
2016.09.06 04:39:43.992,1.35765,1.35783,3.37,1.00
2016.09.06 04:39:44.043,1.35765,1.35783,3.37,1.00
2016.09.06 04:39:45.001,1.35765,1.35783,1.87,1.00
2016.09.06 04:39:45.052,1.35765,1.35783,1.75,1.00
2016.09.06 04:39:45.102,1.35763,1.35783,4.87,1.00
2016.09.06 04:39:45.305,1.35763,1.35783,4.12,1.00
2016.09.06 04:39:45.358,1.35763,1.35783,3.00,1.00
2016.09.06 04:39:45.409,1.35763,1.35783,1.12,1.50
2016.09.06 04:39:45.460,1.35761,1.35781,1.75,1.00
2016.09.06 04:39:45.511,1.35761,1.35781,1.00,1.12
2016.09.06 04:39:45.561,1.35758,1.3578,1.12,1.10
2016.09.06 04:39:45.665,1.35758,1.3578,1.10,1.87
2016.09.06 04:39:45.885,1.35758,1.3578,1.00,2.25
2016.09.06 04:39:46.459,1.35757,1.35779,1.10,1.12
2016.09.06 04:39:46.687,1.35757,1.35779,1.57,1.12
2016.09.06 04:39:54.493,1.35759,1.35779,1.00,1.12
2016.09.06 04:39:54.544,1.35759,1.35779,1.10,1.12
2016.09.06 04:39:54.595,1.3576,1.35779,1.00,1.12
2016.09.06 04:39:57.309,1.35761,1.35779,1.00,1.12
2016.09.06 04:39:57.513,1.35762,1.35781,1.00,2.25
2016.09.06 04:39:57.615,1.3576,1.35781,1.10,2.25
2016.09.06 04:39:57.897,1.35761,1.35781,1.00,2.25
2016.09.06 04:40:00.403,1.35759,1.35781,1.87,2.25
2016.09.06 04:40:00.605,1.35759,1.35779,1.87,1.10
2016.09.06 04:40:01.198,1.3576,1.35779,1.10,1.10
2016.09.06 04:40:02.218,1.35761,1.35779,1.00,1.10
2016.09.06 04:40:02.899,1.3576,1.35779,1.10,1.10
2016.09.06 04:40:03.488,1.35759,1.35779,1.12,1.10
2016.09.06 04:40:04.313,1.35759,1.35779,1.87,1.10
2016.09.06 04:40:05.229,1.3576,1.35779,1.10,1.10
2016.09.06 04:40:05.367,1.35761,1.35779,1.00,1.10
2016.09.06 04:40:05.418,1.35759,1.35779,1.12,1.00
2016.09.06 04:40:05.469,1.35759,1.35779,1.12,1.10
2016.09.06 04:40:05.570,1.35759,1.35779,1.12,1.10
2016.09.06 04:40:06.351,1.35759,1.35779,1.12,1.10
2016.09.06 04:40:06.618,1.3576,1.35779,1.10,1.10
2016.09.06 04:40:09.306,1.35759,1.35779,1.12,1.10
2016.09.06 04:40:11.294,1.3576,1.35779,1.10,1.10
2016.09.06 04:40:12.694,1.3576,1.35779,1.00,1.10
2016.09.06 04:40:12.745,1.35759,1.35779,1.50,1.10
2016.09.06 04:40:14.251,1.35759,1.35779,1.00,1.10
2016.09.06 04:40:15.741,1.35758,1.35779,1.10,1.10
2016.09.06 04:40:16.651,1.35758,1.35779,1.10,1.10
2016.09.06 04:40:17.787,1.35758,1.35778,1.10,1.00
2016.09.06 04:40:17.852,1.35758,1.35779,1.10,1.10
2016.09.06 04:40:17.903,1.35758,1.35779,1.10,1.10
2016.09.06 04:40:18.004,1.35758,1.35779,1.10,1.10
2016.09.06 04:40:19.109,1.35758,1.35779,1.10,1.10
2016.09.06 04:40:19.269,1.35758,1.35779,1.10,1.10
2016.09.06 04:40:28.904,1.35759,1.35779,1.00,1.10
2016.09.06 04:40:30.741,1.35759,1.35777,1.00,1.00
2016.09.06 04:40:31.589,1.35759,1.35777,1.00,1.00
2016.09.06 04:40:31.639,1.35759,1.35779,1.50,1.10
2016.09.06 04:40:31.690,1.35759,1.35779,1.50,1.50
2016.09.06 04:40:31.741,1.35759,1.35779,1.00,1.50
2016.09.06 04:40:31.792,1.35759,1.35779,1.00,1.10
2016.09.06 04:40:32.909,1.35759,1.35779,1.00,1.10
2016.09.06 04:40:32.960,1.35759,1.35779,1.50,1.10
2016.09.06 04:40:35.058,1.35759,1.35777,1.00,1.00
2016.09.06 04:40:43.247,1.35759,1.35777,1.00,1.00
2016.09.06 04:40:51.180,1.35759,1.35777,1.00,1.10
2016.09.06 04:40:51.559,1.35758,1.35777,1.10,1.10
2016.09.06 04:40:56.971,1.35757,1.35777,1.12,1.10
2016.09.06 04:41:05.193,1.35757,1.35777,1.12,1.10
2016.09.06 04:41:05.294,1.35759,1.35777,1.00,1.10
2016.09.06 04:41:05.369,1.35758,1.35777,1.10,1.10
2016.09.06 04:41:05.497,1.35759,1.35777,1.00,1.10
2016.09.06 04:41:08.305,1.35758,1.35777,1.10,1.10
2016.09.06 04:41:08.508,1.35757,1.35779,1.87,1.50
2016.09.06 04:41:09.155,1.35757,1.35779,1.87,1.50
2016.09.06 04:41:09.257,1.35757,1.35779,1.87,1.50
2016.09.06 04:41:09.308,1.35757,1.35779,1.12,1.50
2016.09.06 04:41:09.409,1.35758,1.35779,1.10,1.50
2016.09.06 04:41:10.274,1.35758,1.35779,1.10,1.50
2016.09.06 04:41:10.363,1.35758,1.35779,1.10,1.50
2016.09.06 04:41:15.399,1.35758,1.35779,1.87,1.12
2016.09.06 04:41:15.500,1.3576,1.35779,1.10,1.00
2016.09.06 04:41:15.602,1.35761,1.35779,1.00,1.00
2016.09.06 04:41:15.804,1.35761,1.3578,1.00,1.00
2016.09.06 04:41:16.483,1.35761,1.3578,1.00,1.00
2016.09.06 04:41:19.995,1.35762,1.3578,1.00,1.00
2016.09.06 04:41:20.544,1.35762,1.3578,1.10,1.00
2016.09.06 04:41:23.901,1.35764,1.3578,1.00,1.00
2016.09.06 04:41:24.002,1.35763,1.3578,1.00,1.00
2016.09.06 04:41:24.053,1.35763,1.3578,1.10,1.00
2016.09.06 04:41:24.244,1.35765,1.3578,1.00,1.00
2016.09.06 04:41:25.040,1.35765,1.35783,1.00,1.12
2016.09.06 04:41:25.617,1.35765,1.35785,1.00,1.50
2016.09.06 04:41:27.618,1.35764,1.35785,1.10,1.50
2016.09.06 04:41:29.294,1.35765,1.35785,1.00,1.50
2016.09.06 04:41:35.850,1.35765,1.35785,1.00,1.50
2016.09.06 04:41:41.807,1.35763,1.35785,2.62,1.50
2016.09.06 04:41:43.005,1.35763,1.35785,2.62,1.50
2016.09.06 04:41:43.056,1.35765,1.35785,1.00,1.50
2016.09.06 04:41:43.706,1.35765,1.35785,1.00,1.50
2016.09.06 04:41:43.858,1.35765,1.35785,1.00,1.50
2016.09.06 04:41:49.314,1.35765,1.35785,1.00,1.50
2016.09.06 04:41:56.542,1.35761,1.35782,3.00,1.00
2016.09.06 04:41:56.644,1.35761,1.35782,1.87,1.00
2016.09.06 04:41:57.315,1.35762,1.35782,1.10,1.00
2016.09.06 04:41:57.786,1.35762,1.35782,1.10,1.50
2016.09.06 04:41:59.006,1.35762,1.35782,1.10,1.00
2016.09.06 04:42:00.935,1.35761,1.35782,1.12,1.00
2016.09.06 04:42:01.354,1.3576,1.3578,1.50,1.00
2016.09.06 04:42:01.456,1.35756,1.35776,3.37,1.00
2016.09.06 04:42:01.506,1.35756,1.35776,2.25,1.00
2016.09.06 04:42:01.557,1.35756,1.35776,1.10,1.00
2016.09.06 04:42:01.688,1.35756,1.35776,1.10,1.12
2016.09.06 04:42:01.791,1.35756,1.35776,1.10,1.87
2016.09.06 04:42:02.436,1.35756,1.35776,1.10,1.87
2016.09.06 04:42:02.538,1.35756,1.35776,1.10,1.87
2016.09.06 04:42:02.588,1.35754,1.35773,1.50,1.00
2016.09.06 04:42:23.162,1.35754,1.35773,1.12,1.00
2016.09.06 04:42:28.705,1.35757,1.35773,1.00,1.00
2016.09.06 04:42:28.756,1.35757,1.35773,1.00,1.00
2016.09.06 04:42:30.312,1.35757,1.35773,1.00,1.00
2016.09.06 04:42:30.363,1.35756,1.35773,1.57,1.00
2016.09.06 04:42:30.888,1.35756,1.35775,1.57,1.10
2016.09.06 04:42:31.388,1.35756,1.35775,1.10,1.10
2016.09.06 04:42:31.631,1.35757,1.35776,1.00,1.12
2016.09.06 04:42:31.682,1.35758,1.35776,1.00,1.12
2016.09.06 04:42:31.733,1.35758,1.35777,1.00,1.12
2016.09.06 04:42:32.670,1.3576,1.35777,1.00,1.12
2016.09.06 04:42:32.721,1.3576,1.35777,1.00,1.00
2016.09.06 04:42:32.772,1.35763,1.35777,1.00,1.00
2016.09.06 04:42:32.823,1.35763,1.35782,1.00,2.25
2016.09.06 04:42:32.924,1.35765,1.35782,1.00,1.50
2016.09.06 04:42:32.975,1.35764,1.35782,1.00,1.50
2016.09.06 04:42:33.026,1.35764,1.35782,1.00,1.00
2016.09.06 04:42:33.236,1.35764,1.35785,1.00,1.12
2016.09.06 04:42:34.288,1.35764,1.35785,1.00,1.12
2016.09.06 04:42:36.792,1.35764,1.35785,1.00,1.12
2016.09.06 04:42:37.896,1.35764,1.35785,1.00,1.12
2016.09.06 04:42:43.175,1.35765,1.35785,1.00,1.12
2016.09.06 04:42:45.901,1.35765,1.35785,1.00,1.10
2016.09.06 04:42:45.952,1.35765,1.35785,1.50,1.10
2016.09.06 04:42:46.495,1.35765,1.35785,1.00,1.10
2016.09.06 04:42:47.512,1.35765,1.35785,1.00,1.10
2016.09.06 04:42:47.563,1.35765,1.35785,1.12,1.10
2016.09.06 04:42:48.539,1.35765,1.35785,1.50,1.00
2016.09.06 04:42:48.665,1.35766,1.35785,1.12,1.00
2016.09.06 04:42:48.716,1.35767,1.35785,1.10,1.00
2016.09.06 04:42:51.822,1.35767,1.35787,1.10,1.00
2016.09.06 04:42:51.873,1.35767,1.35787,1.10,1.50
2016.09.06 04:42:51.923,1.35769,1.35787,1.00,1.50
2016.09.06 04:42:51.974,1.35769,1.35787,1.00,1.00
2016.09.06 04:42:52.025,1.35769,1.35788,1.50,1.00
2016.09.06 04:42:52.076,1.35769,1.35788,1.57,1.00
2016.09.06 04:42:52.126,1.35771,1.35788,1.00,1.00
2016.09.06 04:42:52.177,1.35771,1.35789,1.00,1.00
2016.09.06 04:42:52.278,1.35771,1.35789,1.12,1.00
2016.09.06 04:42:52.331,1.35769,1.35789,2.25,1.00
2016.09.06 04:42:52.816,1.35769,1.35789,1.87,1.00
2016.09.06 04:42:53.025,1.35769,1.35789,1.87,1.00
2016.09.06 04:42:53.298,1.35771,1.35789,1.00,1.00
2016.09.06 04:42:53.349,1.35771,1.35789,1.00,1.00
2016.09.06 04:42:54.227,1.35771,1.35789,1.00,1.00
2016.09.06 04:42:54.391,1.35771,1.35789,1.12,1.00
2016.09.06 04:42:54.442,1.35769,1.35789,2.25,1.00
2016.09.06 04:42:54.493,1.3577,1.35789,1.50,1.00
2016.09.06 04:42:54.594,1.3577,1.35789,1.50,1.00
2016.09.06 04:42:55.529,1.3577,1.35789,1.50,1.00
2016.09.06 04:42:56.294,1.35771,1.35789,1.12,1.00
2016.09.06 04:42:57.631,1.35772,1.35789,1.10,1.00
2016.09.06 04:42:57.682,1.35772,1.35789,1.10,1.00
2016.09.06 04:42:57.732,1.35772,1.35791,1.10,1.00
2016.09.06 04:42:57.783,1.35772,1.35791,1.50,1.00
2016.09.06 04:42:57.834,1.35772,1.35792,1.50,1.00
2016.09.06 04:42:57.885,1.35772,1.35792,1.75,1.00
2016.09.06 04:42:57.935,1.35773,1.35792,1.50,1.00
2016.09.06 04:42:58.037,1.35772,1.35792,1.75,1.00
2016.09.06 04:42:58.138,1.35772,1.3579,1.75,1.00
2016.09.06 04:42:58.240,1.35772,1.3579,1.75,1.00
2016.09.06 04:42:58.445,1.35771,1.3579,1.75,1.00
2016.09.06 04:42:58.734,1.35771,1.3579,1.75,1.00
2016.09.06 04:42:59.085,1.35771,1.3579,1.50,1.00
2016.09.06 04:42:59.235,1.35771,1.3579,1.50,1.00
2016.09.06 04:43:00.547,1.35771,1.35792,1.50,1.10
2016.09.06 04:43:00.598,1.35771,1.35793,1.50,2.62
2016.09.06 04:43:00.649,1.35775,1.35793,1.00,1.12
2016.09.06 04:43:00.801,1.35774,1.35793,1.00,1.12
2016.09.06 04:43:01.642,1.35774,1.35793,1.00,1.12
2016.09.06 04:43:01.744,1.35775,1.35794,1.00,1.10
2016.09.06 04:43:01.845,1.35776,1.35794,1.00,1.00
2016.09.06 04:43:06.742,1.35777,1.35794,1.00,1.00
2016.09.06 04:43:06.793,1.35777,1.35794,1.00,1.00
2016.09.06 04:43:06.945,1.35777,1.35796,1.00,1.12
2016.09.06 04:43:07.046,1.35777,1.35796,1.10,1.10
2016.09.06 04:43:07.248,1.35777,1.35796,1.10,1.10
2016.09.06 04:43:08.349,1.35776,1.35796,1.12,1.10
2016.09.06 04:43:08.713,1.35774,1.35796,2.25,1.10
2016.09.06 04:43:08.815,1.35774,1.35796,1.75,1.10
2016.09.06 04:43:08.925,1.35775,1.35796,1.50,1.10
2016.09.06 04:43:09.352,1.35775,1.35796,1.50,1.10
2016.09.06 04:43:09.453,1.35775,1.35796,1.12,1.12
2016.09.06 04:43:09.628,1.35774,1.35796,1.50,1.12
2016.09.06 04:43:09.678,1.35773,1.35794,1.87,1.00
2016.09.06 04:43:09.780,1.35773,1.35794,1.87,1.00
2016.09.06 04:43:09.860,1.35773,1.35792,1.87,1.00
2016.09.06 04:43:11.418,1.35773,1.35792,1.10,1.10
2016.09.06 04:43:11.519,1.35771,1.35792,1.50,1.10
2016.09.06 04:43:11.633,1.35771,1.35792,1.12,1.12
2016.09.06 04:43:13.304,1.35771,1.35792,1.12,1.87
2016.09.06 04:43:15.975,1.35771,1.3579,1.12,1.00
2016.09.06 04:43:16.371,1.35771,1.3579,1.12,1.00
2016.09.06 04:43:16.965,1.35771,1.35791,1.87,1.10
2016.09.06 04:43:17.815,1.35771,1.35791,1.87,1.10
2016.09.06 04:43:17.866,1.35771,1.35791,2.25,1.10
2016.09.06 04:43:17.917,1.35773,1.35792,1.87,1.00
2016.09.06 04:43:17.968,1.35775,1.35793,1.12,1.00
2016.09.06 04:43:18.019,1.35775,1.35793,1.12,1.00
2016.09.06 04:43:18.120,1.35775,1.35793,1.50,1.00
2016.09.06 04:43:18.171,1.35775,1.35793,1.87,1.00
2016.09.06 04:43:19.035,1.35775,1.35793,1.87,1.00
2016.09.06 04:43:19.085,1.35776,1.35793,1.37,1.00
2016.09.06 04:43:19.136,1.35777,1.35793,1.12,1.00
2016.09.06 04:43:19.187,1.35777,1.35796,1.12,1.50
2016.09.06 04:43:19.237,1.35777,1.35796,1.75,1.50
2016.09.06 04:43:20.003,1.35777,1.35796,1.75,1.50
2016.09.06 04:43:20.104,1.35777,1.35796,1.75,1.00
2016.09.06 04:43:22.552,1.35779,1.35796,1.75,1.00
2016.09.06 04:43:22.629,1.35778,1.35796,1.50,1.00
2016.09.06 04:43:22.681,1.35778,1.35796,1.12,1.00
2016.09.06 04:43:22.732,1.35779,1.35796,1.10,1.00
2016.09.06 04:43:24.074,1.35774,1.35796,3.37,1.50
2016.09.06 04:43:24.124,1.35774,1.35793,1.87,1.00
2016.09.06 04:43:24.175,1.35773,1.35793,1.10,1.00
2016.09.06 04:43:24.226,1.35773,1.35793,1.10,1.00
2016.09.06 04:43:24.277,1.35771,1.35793,4.12,1.50
2016.09.06 04:43:24.335,1.35771,1.3579,3.37,1.00
2016.09.06 04:43:24.452,1.35772,1.3579,1.75,1.00
2016.09.06 04:43:24.605,1.35772,1.3579,1.87,1.00
2016.09.06 04:43:25.438,1.35772,1.3579,1.87,1.00
2016.09.06 04:43:25.490,1.35772,1.3579,1.37,1.50
2016.09.06 04:43:25.591,1.35772,1.3579,1.37,1.50
2016.09.06 04:43:25.885,1.3577,1.3579,1.87,1.50
2016.09.06 04:43:28.138,1.35771,1.3579,1.75,1.50
2016.09.06 04:43:28.639,1.35772,1.3579,1.50,1.50
2016.09.06 04:43:29.285,1.35772,1.3579,1.50,1.00
2016.09.06 04:43:29.494,1.35772,1.3579,1.12,1.00
2016.09.06 04:43:29.986,1.35771,1.3579,1.50,1.00
2016.09.06 04:43:30.488,1.35771,1.3579,1.50,1.50
2016.09.06 04:43:31.680,1.35771,1.3579,1.50,1.00
2016.09.06 04:43:34.325,1.35771,1.3579,1.50,1.50
2016.09.06 04:43:34.846,1.3577,1.3579,2.62,1.50
2016.09.06 04:43:34.983,1.3577,1.3579,1.87,1.50
2016.09.06 04:43:37.056,1.3577,1.3579,1.75,1.00
2016.09.06 04:43:43.708,1.3577,1.3579,2.25,1.00
2016.09.06 04:43:44.926,1.3577,1.3579,2.25,1.00
2016.09.06 04:43:49.796,1.35772,1.3579,1.12,1.00
2016.09.06 04:43:51.485,1.35771,1.3579,1.50,1.00
2016.09.06 04:43:52.177,1.35772,1.3579,1.12,1.00
2016.09.06 04:43:53.496,1.35771,1.3579,1.87,1.00
2016.09.06 04:43:55.970,1.35771,1.3579,1.87,1.00
2016.09.06 04:43:59.982,1.35771,1.3579,1.87,1.00
2016.09.06 04:44:00.084,1.35771,1.3579,1.37,1.00
2016.09.06 04:44:00.185,1.35774,1.3579,1.00,1.00
2016.09.06 04:44:00.272,1.35774,1.35793,1.12,1.50
2016.09.06 04:44:00.350,1.35775,1.35793,1.10,1.00
2016.09.06 04:44:00.400,1.35776,1.35793,1.12,1.00
2016.09.06 04:44:00.502,1.35776,1.35794,1.50,1.00
2016.09.06 04:44:01.052,1.35776,1.35796,2.25,1.00
2016.09.06 04:44:01.617,1.35777,1.35796,1.12,1.00
2016.09.06 04:44:03.104,1.35777,1.35796,1.75,1.00
2016.09.06 04:44:03.236,1.35777,1.35796,1.87,1.00
2016.09.06 04:44:03.287,1.35778,1.35796,1.12,1.00
2016.09.06 04:44:12.861,1.35778,1.35798,1.87,1.00
2016.09.06 04:44:12.912,1.35778,1.35798,1.87,1.50
2016.09.06 04:44:13.734,1.35778,1.35798,1.87,1.00
2016.09.06 04:44:13.836,1.35778,1.35798,1.87,1.50
2016.09.06 04:44:19.837,1.35778,1.35798,1.57,1.50
2016.09.06 04:44:21.841,1.35778,1.35798,1.87,1.00
2016.09.06 04:44:21.892,1.35778,1.35798,1.87,1.00
2016.09.06 04:44:23.737,1.35779,1.35798,1.10,1.00
2016.09.06 04:44:23.788,1.35779,1.35798,1.10,1.00
2016.09.06 04:44:24.222,1.35778,1.35798,1.87,1.00
2016.09.06 04:44:24.325,1.35778,1.35798,1.12,1.00
2016.09.06 04:44:24.383,1.35778,1.35798,1.12,1.00
2016.09.06 04:44:25.111,1.35778,1.35798,1.87,1.00
2016.09.06 04:44:25.213,1.35778,1.35798,1.87,1.00
2016.09.06 04:44:26.395,1.35778,1.35798,1.87,1.00
2016.09.06 04:44:26.502,1.35779,1.35798,1.10,1.00
2016.09.06 04:44:32.028,1.35781,1.35798,1.00,1.00
2016.09.06 04:44:32.086,1.35781,1.35798,1.00,1.00
2016.09.06 04:44:32.433,1.35782,1.35798,1.00,1.00
2016.09.06 04:44:33.016,1.35781,1.35798,1.00,1.00
2016.09.06 04:44:35.546,1.3578,1.35798,1.10,1.00
2016.09.06 04:44:35.648,1.35782,1.35798,1.00,1.00
2016.09.06 04:44:35.948,1.35782,1.358,1.00,1.00
2016.09.06 04:44:36.061,1.35782,1.358,1.00,1.00
2016.09.06 04:44:36.112,1.35782,1.35803,1.00,1.10
2016.09.06 04:44:36.163,1.35784,1.35803,1.00,1.10
2016.09.06 04:44:36.264,1.35784,1.35803,1.10,1.10
2016.09.06 04:44:36.387,1.35784,1.35803,1.10,1.00
2016.09.06 04:44:38.227,1.35784,1.35805,1.10,1.50
2016.09.06 04:44:38.278,1.35784,1.35805,1.10,1.50
2016.09.06 04:44:39.599,1.35784,1.35805,1.50,1.50
2016.09.06 04:44:40.317,1.35784,1.35805,1.50,1.00
2016.09.06 04:44:40.423,1.35784,1.35805,1.50,1.00
2016.09.06 04:44:40.576,1.35786,1.35805,1.10,1.00
2016.09.06 04:44:46.224,1.35786,1.35806,1.10,1.10
2016.09.06 04:44:47.828,1.35786,1.35806,1.12,1.00
2016.09.06 04:44:47.879,1.35787,1.35806,1.10,1.00
2016.09.06 04:44:47.930,1.35787,1.35806,1.10,1.00
2016.09.06 04:44:48.031,1.3579,1.35808,1.00,1.00
2016.09.06 04:44:48.082,1.35791,1.3581,1.00,1.87
2016.09.06 04:44:48.195,1.3579,1.3581,1.57,1.00
2016.09.06 04:44:48.297,1.3579,1.3581,2.25,1.00
2016.09.06 04:44:48.348,1.3579,1.3581,2.25,1.00
2016.09.06 04:44:48.399,1.3579,1.3581,1.87,1.00
2016.09.06 04:44:48.450,1.3579,1.3581,1.87,1.00
2016.09.06 04:44:48.512,1.3579,1.35808,1.57,1.00
2016.09.06 04:44:48.564,1.3579,1.35808,1.10,1.00
2016.09.06 04:44:48.615,1.3579,1.35808,1.00,1.00
2016.09.06 04:44:48.666,1.35788,1.35808,1.12,1.50
2016.09.06 04:44:48.717,1.35788,1.35808,1.00,1.50
2016.09.06 04:44:49.634,1.35787,1.35802,1.57,1.00
2016.09.06 04:44:49.735,1.35787,1.35802,1.10,1.00
2016.09.06 04:44:49.786,1.35786,1.35802,1.12,1.00
2016.09.06 04:44:49.948,1.35786,1.35802,1.12,1.00
2016.09.06 04:44:51.142,1.35786,1.35802,1.12,1.00
2016.09.06 04:44:51.193,1.35786,1.35802,1.12,1.00
2016.09.06 04:44:51.396,1.35786,1.35802,1.12,1.00
2016.09.06 04:44:51.592,1.35786,1.35802,1.12,1.00
2016.09.06 04:44:51.762,1.35787,1.35802,1.10,1.00
2016.09.06 04:44:52.083,1.35785,1.35802,1.50,1.00
2016.09.06 04:44:53.004,1.35785,1.35802,1.50,1.00
2016.09.06 04:44:53.420,1.35785,1.35802,1.50,1.00
2016.09.06 04:44:53.471,1.35786,1.35802,1.12,1.00
2016.09.06 04:44:53.573,1.35786,1.35802,1.12,1.00
2016.09.06 04:44:54.895,1.35786,1.35802,1.12,1.00
2016.09.06 04:44:56.467,1.35786,1.35802,1.12,1.00
2016.09.06 04:44:56.755,1.35786,1.35805,1.12,1.00
2016.09.06 04:44:58.766,1.35786,1.35805,1.12,1.00
2016.09.06 04:44:59.570,1.35786,1.35805,1.12,1.00
2016.09.06 04:44:59.672,1.35788,1.35805,1.00,1.00
2016.09.06 04:44:59.722,1.35788,1.35805,1.10,1.00
2016.09.06 04:44:59.824,1.35788,1.35805,1.50,1.00
2016.09.06 04:44:59.976,1.35788,1.35805,1.50,1.00
2016.09.06 04:45:00.077,1.35788,1.35805,1.50,1.00
2016.09.06 04:45:00.178,1.35788,1.35805,1.50,1.00
2016.09.06 04:45:00.280,1.3579,1.35806,1.10,1.00
2016.09.06 04:45:00.367,1.35792,1.3581,1.00,1.12
2016.09.06 04:45:00.418,1.35792,1.3581,1.00,1.12
2016.09.06 04:45:00.492,1.35792,1.3581,1.00,1.12
2016.09.06 04:45:00.543,1.35794,1.35812,1.00,1.10
2016.09.06 04:45:00.595,1.35792,1.35812,1.12,1.00
2016.09.06 04:45:00.646,1.3579,1.35812,2.25,1.00
2016.09.06 04:45:00.697,1.35789,1.35809,2.25,1.00
2016.09.06 04:45:00.747,1.35789,1.35809,2.62,1.50
2016.09.06 04:45:00.798,1.35789,1.35809,1.50,1.50
2016.09.06 04:45:00.849,1.35789,1.35809,1.12,1.50
2016.09.06 04:45:00.900,1.35789,1.35809,1.12,1.00
2016.09.06 04:45:00.950,1.35789,1.35808,1.10,1.00
2016.09.06 04:45:01.001,1.35785,1.35803,1.75,1.00
2016.09.06 04:45:01.052,1.35785,1.35803,1.50,1.00
2016.09.06 04:45:01.103,1.35787,1.35803,1.10,1.00
2016.09.06 04:45:01.205,1.35788,1.35803,1.00,1.00
2016.09.06 04:45:01.359,1.35788,1.35805,1.00,1.00
2016.09.06 04:45:01.800,1.35786,1.35808,1.87,1.10
2016.09.06 04:45:01.901,1.35786,1.35808,1.87,1.10
2016.09.06 04:45:01.952,1.35786,1.35808,1.87,1.10
2016.09.06 04:45:02.091,1.35788,1.35808,1.00,1.10
2016.09.06 04:45:02.193,1.35789,1.35808,1.00,1.10
2016.09.06 04:45:02.387,1.35789,1.35808,1.00,1.10
2016.09.06 04:45:03.823,1.35788,1.35808,1.00,1.10
2016.09.06 04:45:03.924,1.35789,1.35808,1.10,1.10
2016.09.06 04:45:03.975,1.35789,1.3581,1.10,1.50
2016.09.06 04:45:04.026,1.35791,1.3581,1.00,1.50
2016.09.06 04:45:04.150,1.35791,1.3581,1.00,1.12
2016.09.06 04:45:05.628,1.35792,1.3581,1.00,1.12
2016.09.06 04:45:05.679,1.35792,1.3581,1.00,1.00
2016.09.06 04:45:05.730,1.35796,1.3581,1.00,1.00
2016.09.06 04:45:05.781,1.35796,1.35812,1.00,1.10
2016.09.06 04:45:05.882,1.35796,1.35812,1.00,1.00
2016.09.06 04:45:05.983,1.35796,1.35815,1.00,1.50
2016.09.06 04:45:06.085,1.35796,1.35815,1.00,1.75
2016.09.06 04:45:06.630,1.35794,1.35815,1.00,1.75
2016.09.06 04:45:10.937,1.35795,1.35815,1.00,1.75
2016.09.06 04:45:10.988,1.35795,1.35817,1.50,1.75
2016.09.06 04:45:11.038,1.35798,1.35817,1.12,1.00
2016.09.06 04:45:11.176,1.35799,1.35818,1.10,1.00
2016.09.06 04:45:11.354,1.35801,1.35818,1.00,1.00
2016.09.06 04:45:16.310,1.35801,1.35819,1.00,1.00
2016.09.06 04:45:16.863,1.35799,1.35819,1.10,1.00
2016.09.06 04:45:17.286,1.35798,1.35818,1.87,1.00
2016.09.06 04:45:22.169,1.35798,1.35818,1.12,1.00
2016.09.06 04:45:22.270,1.35798,1.35818,1.87,1.00
2016.09.06 04:45:24.008,1.35798,1.35818,2.25,1.00
2016.09.06 04:45:24.059,1.35799,1.35818,1.75,1.00
2016.09.06 04:45:25.498,1.35799,1.35818,1.87,1.00
2016.09.06 04:45:26.483,1.358,1.35818,1.50,1.00
2016.09.06 04:45:26.534,1.358,1.35818,1.12,1.00
2016.09.06 04:45:26.751,1.35802,1.3582,1.00,1.00
2016.09.06 04:45:26.852,1.35803,1.3582,1.00,1.00
2016.09.06 04:45:26.954,1.35803,1.3582,1.00,1.00
2016.09.06 04:45:27.055,1.35801,1.3582,1.10,1.00
2016.09.06 04:45:27.106,1.35801,1.35821,2.25,1.00
2016.09.06 04:45:27.192,1.35801,1.35821,2.25,1.00
2016.09.06 04:45:27.243,1.35804,1.35822,1.50,1.00
2016.09.06 04:45:27.344,1.35805,1.35822,1.10,1.00
2016.09.06 04:45:27.446,1.35808,1.35823,1.20,1.00
2016.09.06 04:45:27.547,1.35808,1.35823,1.12,1.00
2016.09.06 04:45:27.909,1.35807,1.35823,1.87,1.00
2016.09.06 04:45:28.074,1.35807,1.35823,1.12,1.00
2016.09.06 04:45:28.124,1.35803,1.35821,1.12,1.00
2016.09.06 04:45:28.175,1.35803,1.35821,1.12,1.00
2016.09.06 04:45:28.226,1.358,1.35821,2.62,1.00
2016.09.06 04:45:28.276,1.358,1.35821,1.87,1.00
2016.09.06 04:45:28.378,1.358,1.35821,1.87,1.00
2016.09.06 04:45:28.428,1.35799,1.35819,1.87,1.00
2016.09.06 04:45:28.479,1.35799,1.35819,1.37,1.00
2016.09.06 04:45:28.530,1.35797,1.35819,2.62,1.00
2016.09.06 04:45:28.581,1.35797,1.35819,1.87,1.00
2016.09.06 04:45:29.444,1.35797,1.35819,1.87,1.00
2016.09.06 04:45:29.504,1.35798,1.35818,1.75,1.00
2016.09.06 04:45:29.555,1.35798,1.35818,1.87,1.00
2016.09.06 04:45:30.447,1.35798,1.35818,1.87,1.50
2016.09.06 04:45:31.306,1.35798,1.35817,1.12,1.00
2016.09.06 04:45:32.024,1.35797,1.35817,1.12,1.00
2016.09.06 04:45:32.635,1.35796,1.35815,1.75,1.00
2016.09.06 04:45:32.686,1.35795,1.35815,1.87,1.00
2016.09.06 04:45:33.628,1.35796,1.35815,1.12,1.00
2016.09.06 04:45:33.729,1.35796,1.35816,1.87,1.00
2016.09.06 04:45:36.247,1.35796,1.35816,2.62,1.00
2016.09.06 04:45:39.881,1.35796,1.35816,1.50,1.00
2016.09.06 04:45:39.983,1.35797,1.35816,1.12,1.00
2016.09.06 04:45:43.879,1.35799,1.35816,1.00,1.00
2016.09.06 04:45:43.980,1.358,1.35816,1.00,1.00
2016.09.06 04:45:44.085,1.358,1.35816,1.12,1.00
2016.09.06 04:45:44.135,1.358,1.35818,1.12,1.00
2016.09.06 04:45:44.186,1.35801,1.35818,1.10,1.00
2016.09.06 04:45:44.243,1.35801,1.35818,1.50,1.00
2016.09.06 04:45:44.294,1.35802,1.35818,1.12,1.00
2016.09.06 04:45:44.407,1.35801,1.35818,1.50,1.00
2016.09.06 04:45:46.331,1.35801,1.35821,1.50,1.00
2016.09.06 04:45:50.186,1.358,1.35821,1.12,1.00
2016.09.06 04:45:51.868,1.35799,1.35821,2.62,1.00
2016.09.06 04:45:52.967,1.35799,1.35821,1.87,1.00
2016.09.06 04:45:53.018,1.35799,1.35821,1.75,1.00
2016.09.06 04:45:53.342,1.35799,1.35821,1.75,1.00
2016.09.06 04:45:53.393,1.35799,1.35821,1.50,1.12
2016.09.06 04:45:53.485,1.35799,1.35821,1.50,1.80
2016.09.06 04:45:53.536,1.35798,1.35819,1.12,1.00
2016.09.06 04:45:53.586,1.35798,1.35819,1.12,1.00
2016.09.06 04:45:55.976,1.35798,1.35819,1.12,1.00
2016.09.06 04:45:56.026,1.35797,1.35819,2.25,1.10
2016.09.06 04:45:56.077,1.35797,1.35819,1.75,1.10
2016.09.06 04:45:56.128,1.35797,1.35819,1.50,1.12
2016.09.06 04:45:56.179,1.35797,1.35819,1.50,1.12
2016.09.06 04:45:56.229,1.35797,1.35819,1.50,1.87
2016.09.06 04:45:56.280,1.35797,1.35819,1.12,2.25
2016.09.06 04:45:59.150,1.35796,1.35816,1.50,1.00
2016.09.06 04:45:59.201,1.35796,1.35816,1.50,1.00
2016.09.06 04:45:59.252,1.35796,1.35816,1.10,1.00
2016.09.06 04:45:59.355,1.35793,1.35813,1.87,1.00
2016.09.06 04:45:59.406,1.35794,1.35813,1.50,1.00
2016.09.06 04:45:59.608,1.35793,1.35813,1.87,1.00
2016.09.06 04:46:00.483,1.35793,1.35813,1.87,1.00
2016.09.06 04:46:00.534,1.35793,1.35813,1.75,1.00
2016.09.06 04:46:00.629,1.35793,1.35813,1.75,1.50
2016.09.06 04:46:01.371,1.35792,1.35812,2.25,1.00
2016.09.06 04:46:01.797,1.35792,1.35812,2.62,1.00
2016.09.06 04:46:02.288,1.35792,1.35812,2.62,1.00
2016.09.06 04:46:02.339,1.35792,1.35812,2.25,1.00
2016.09.06 04:46:02.390,1.3579,1.35809,1.87,1.00
2016.09.06 04:46:02.441,1.3579,1.35809,1.75,1.00
2016.09.06 04:46:02.491,1.35789,1.35806,1.12,1.00
2016.09.06 04:46:02.542,1.35788,1.35806,2.25,1.00
2016.09.06 04:46:02.593,1.35788,1.35806,1.75,1.00
2016.09.06 04:46:02.694,1.35785,1.35806,2.62,1.00
2016.09.06 04:46:02.746,1.35786,1.35806,1.12,1.00
2016.09.06 04:46:02.797,1.35786,1.35806,1.12,1.00
2016.09.06 04:46:02.949,1.35785,1.35806,1.87,1.00
2016.09.06 04:46:03.000,1.35787,1.35806,1.12,1.00
2016.09.06 04:46:03.426,1.35787,1.35806,1.12,1.00
2016.09.06 04:46:03.527,1.35786,1.35806,1.12,1.10
2016.09.06 04:46:03.578,1.35786,1.35805,1.12,1.00
2016.09.06 04:46:03.629,1.35784,1.35805,1.75,1.00
2016.09.06 04:46:04.560,1.35784,1.35804,1.75,1.00
2016.09.06 04:46:07.689,1.35785,1.35804,1.50,1.00
2016.09.06 04:46:08.398,1.35785,1.35804,1.50,1.00
2016.09.06 04:46:08.499,1.35783,1.35802,1.75,1.00
2016.09.06 04:46:08.600,1.35782,1.35802,2.25,1.00
2016.09.06 04:46:09.524,1.35782,1.35802,2.62,1.00
2016.09.06 04:46:15.215,1.35783,1.35802,1.75,1.00
2016.09.06 04:46:15.813,1.35783,1.35802,1.50,1.00
2016.09.06 04:46:22.310,1.35786,1.35802,1.00,1.00
2016.09.06 04:46:22.411,1.35785,1.35802,1.10,1.00
2016.09.06 04:46:22.462,1.35785,1.35802,1.12,1.00
2016.09.06 04:46:22.513,1.35786,1.35802,1.10,1.00
2016.09.06 04:46:23.045,1.35785,1.35802,1.12,1.00
2016.09.06 04:46:23.226,1.35786,1.35802,1.10,1.00
2016.09.06 04:46:31.397,1.35786,1.35803,1.10,1.00
2016.09.06 04:46:33.424,1.35786,1.35805,1.10,1.00
2016.09.06 04:46:34.019,1.35787,1.35805,1.00,1.00
2016.09.06 04:46:34.129,1.35787,1.35805,1.12,1.00
2016.09.06 04:46:34.231,1.35788,1.35805,1.10,1.00
2016.09.06 04:46:34.332,1.35787,1.35805,1.12,1.00
2016.09.06 04:46:34.434,1.35789,1.35805,1.10,1.00
2016.09.06 04:46:34.637,1.35788,1.35805,1.12,1.00
2016.09.06 04:46:34.952,1.3579,1.35805,1.00,1.00
2016.09.06 04:46:35.158,1.3579,1.35805,1.12,1.00
2016.09.06 04:46:35.310,1.3579,1.35808,1.12,1.00
2016.09.06 04:46:35.433,1.3579,1.35808,1.50,1.00
2016.09.06 04:46:35.534,1.35789,1.35808,1.75,1.00
2016.09.06 04:46:36.137,1.35789,1.3581,1.75,1.00
2016.09.06 04:46:37.224,1.3579,1.3581,1.50,1.00
2016.09.06 04:46:38.336,1.35789,1.3581,1.75,1.00
2016.09.06 04:46:43.764,1.3579,1.3581,1.50,1.00
2016.09.06 04:46:44.430,1.35789,1.3581,1.75,1.00
2016.09.06 04:46:46.454,1.3579,1.3581,1.50,1.00
2016.09.06 04:47:00.633,1.3579,1.3581,1.50,1.00
2016.09.06 04:47:00.786,1.3579,1.3581,2.25,1.00
2016.09.06 04:47:00.837,1.35791,1.35813,1.12,2.25
2016.09.06 04:47:00.887,1.35794,1.35813,1.00,2.25
2016.09.06 04:47:00.938,1.35794,1.35813,1.12,1.50
2016.09.06 04:47:00.989,1.35796,1.35813,1.00,1.50
2016.09.06 04:47:01.040,1.35796,1.35813,1.10,1.00
2016.09.06 04:47:01.090,1.35799,1.35814,1.00,1.00
2016.09.06 04:47:01.456,1.358,1.35817,1.00,1.00
2016.09.06 04:47:02.243,1.358,1.35818,1.00,1.50
2016.09.06 04:47:02.377,1.358,1.35818,1.00,1.50
2016.09.06 04:47:03.366,1.358,1.35818,1.00,1.00
2016.09.06 04:47:06.799,1.35799,1.35818,1.12,1.00
2016.09.06 04:47:06.957,1.358,1.35818,1.10,1.00
2016.09.06 04:47:07.008,1.35798,1.35818,2.25,1.00
2016.09.06 04:47:07.059,1.35798,1.35818,2.62,1.00
2016.09.06 04:47:07.110,1.358,1.35818,1.10,1.00
2016.09.06 04:47:07.160,1.358,1.3582,1.87,1.00
2016.09.06 04:47:12.307,1.358,1.3582,1.50,1.00
2016.09.06 04:47:12.408,1.358,1.3582,1.00,1.00
2016.09.06 04:47:12.509,1.358,1.3582,1.00,1.00
2016.09.06 04:47:14.574,1.358,1.3582,1.00,1.50
2016.09.06 04:47:15.042,1.358,1.3582,1.10,1.57
2016.09.06 04:47:16.476,1.35798,1.3582,1.50,1.57
2016.09.06 04:47:17.473,1.35799,1.3582,1.12,2.32
2016.09.06 04:47:19.259,1.35799,1.3582,1.10,2.32
2016.09.06 04:47:19.310,1.35796,1.35816,2.25,1.00
2016.09.06 04:47:19.411,1.35798,1.35816,1.10,1.00
2016.09.06 04:47:21.679,1.35796,1.35816,1.50,1.00
2016.09.06 04:47:23.267,1.35795,1.35811,2.62,1.00
2016.09.06 04:47:23.379,1.35796,1.35816,1.50,1.00
2016.09.06 04:47:23.534,1.35796,1.35816,1.00,1.10
2016.09.06 04:47:23.635,1.35796,1.35816,1.00,1.75
2016.09.06 04:47:23.686,1.35793,1.35813,1.10,1.12
2016.09.06 04:47:23.788,1.35791,1.35813,3.00,1.12
2016.09.06 04:47:23.889,1.35791,1.35813,1.57,1.87
2016.09.06 04:47:24.041,1.35791,1.35813,1.57,1.87
2016.09.06 04:47:24.091,1.35791,1.35813,1.10,1.87
2016.09.06 04:47:24.193,1.35791,1.35813,1.57,1.87
2016.09.06 04:47:25.635,1.35791,1.35812,1.50,1.12
2016.09.06 04:47:30.695,1.35792,1.35812,1.00,1.12
2016.09.06 04:47:30.746,1.35792,1.35812,1.00,1.12
2016.09.06 04:47:31.481,1.35792,1.3581,1.00,1.00
2016.09.06 04:47:39.613,1.35792,1.3581,1.00,1.00
2016.09.06 04:47:39.763,1.35794,1.3581,1.00,1.00
2016.09.06 04:47:39.814,1.35793,1.3581,1.00,1.00
2016.09.06 04:47:53.917,1.35793,1.3581,1.00,1.00
2016.09.06 04:47:54.767,1.3579,1.3581,1.87,1.10
2016.09.06 04:47:54.818,1.3579,1.3581,1.87,1.10
2016.09.06 04:47:54.869,1.3579,1.3581,1.10,1.12
2016.09.06 04:47:58.723,1.3579,1.3581,1.10,1.12
2016.09.06 04:47:59.239,1.35788,1.35808,2.25,1.00
2016.09.06 04:47:59.391,1.35788,1.35808,1.50,1.57
2016.09.06 04:47:59.442,1.35788,1.35806,1.00,1.00
2016.09.06 04:47:59.493,1.35788,1.35806,1.00,1.00
2016.09.06 04:47:59.583,1.35785,1.35805,1.12,1.00
2016.09.06 04:47:59.637,1.35783,1.35805,2.25,1.00
2016.09.06 04:47:59.688,1.35783,1.35804,1.87,1.12
2016.09.06 04:47:59.739,1.35783,1.35804,1.12,1.87
2016.09.06 04:47:59.840,1.35783,1.35804,1.00,1.87
2016.09.06 04:48:00.101,1.35783,1.35804,1.00,1.12
2016.09.06 04:48:00.152,1.35783,1.35804,1.50,1.12
2016.09.06 04:48:00.253,1.35784,1.35802,1.00,1.00
2016.09.06 04:48:00.428,1.35782,1.35802,1.57,1.00
2016.09.06 04:48:00.529,1.35782,1.35802,1.10,1.00
2016.09.06 04:48:01.555,1.35781,1.35802,1.12,1.00
2016.09.06 04:48:06.462,1.35785,1.35802,1.00,1.00
2016.09.06 04:48:06.665,1.35785,1.35804,1.00,1.12
2016.09.06 04:48:06.781,1.35785,1.35804,1.00,1.10
2016.09.06 04:48:11.245,1.35785,1.35804,1.10,1.10
2016.09.06 04:48:15.000,1.35785,1.35804,1.10,1.10
2016.09.06 04:48:15.050,1.35783,1.35804,1.50,1.10
2016.09.06 04:48:24.022,1.35783,1.35804,1.50,1.10
2016.09.06 04:48:24.073,1.35785,1.35804,1.10,1.10
2016.09.06 04:48:24.174,1.35786,1.35806,1.00,2.25
2016.09.06 04:48:24.225,1.35786,1.35806,1.10,1.50
2016.09.06 04:48:24.276,1.35787,1.35806,1.50,1.00
2016.09.06 04:48:24.377,1.35789,1.35807,1.00,1.10
2016.09.06 04:48:24.478,1.35789,1.35807,1.00,1.00
2016.09.06 04:48:27.971,1.35788,1.35807,1.10,1.00
2016.09.06 04:48:28.021,1.35788,1.35807,1.10,1.00
2016.09.06 04:48:28.072,1.35787,1.35807,1.12,1.00
2016.09.06 04:48:31.673,1.35785,1.35807,2.25,1.00
2016.09.06 04:48:31.903,1.35787,1.35807,1.12,1.00
2016.09.06 04:48:34.212,1.35786,1.35807,1.50,1.00
2016.09.06 04:48:34.313,1.35787,1.35807,1.12,1.00
2016.09.06 04:48:35.515,1.35789,1.35807,1.00,1.00
2016.09.06 04:48:38.121,1.35787,1.35807,1.12,1.00
2016.09.06 04:48:38.171,1.35787,1.35807,1.12,1.00
2016.09.06 04:48:38.234,1.35789,1.35807,1.00,1.00
2016.09.06 04:48:54.606,1.35785,1.35805,1.75,1.00
2016.09.06 04:48:54.658,1.35785,1.35805,1.75,1.00
2016.09.06 04:48:54.709,1.35784,1.35805,1.75,1.00
2016.09.06 04:48:54.760,1.35784,1.35805,1.75,1.00
2016.09.06 04:48:54.856,1.35783,1.35805,2.25,1.12
2016.09.06 04:48:54.910,1.35781,1.35802,1.12,1.00
2016.09.06 04:48:55.327,1.35781,1.35802,1.12,1.00
2016.09.06 04:48:55.486,1.35781,1.35802,1.12,1.87
2016.09.06 04:48:55.595,1.3578,1.35802,1.50,1.87
2016.09.06 04:48:55.747,1.3578,1.35802,1.50,1.87
2016.09.06 04:48:55.899,1.3578,1.35802,1.10,1.87
2016.09.06 04:48:55.950,1.3578,1.35802,1.10,1.87
2016.09.06 04:48:56.444,1.35779,1.35799,1.87,1.00
2016.09.06 04:48:56.812,1.35781,1.35799,1.00,1.00
2016.09.06 04:48:59.371,1.35781,1.35799,1.00,1.00
2016.09.06 04:48:59.584,1.35781,1.35799,1.00,1.00
2016.09.06 04:49:01.715,1.35781,1.358,1.00,1.00
2016.09.06 04:49:08.917,1.35781,1.358,1.00,1.50
2016.09.06 04:49:09.018,1.3578,1.358,1.10,1.50
2016.09.06 04:49:09.069,1.3578,1.358,1.10,1.50
2016.09.06 04:49:09.120,1.3578,1.358,1.50,1.50
2016.09.06 04:49:09.221,1.3578,1.358,1.10,1.50
2016.09.06 04:49:09.373,1.35778,1.35798,2.25,1.00
2016.09.06 04:49:09.424,1.35778,1.35798,1.87,1.00
2016.09.06 04:49:09.762,1.35778,1.35798,1.57,1.00
2016.09.06 04:49:10.111,1.35778,1.35798,1.10,1.00
2016.09.06 04:49:10.313,1.35778,1.35798,1.10,1.00
2016.09.06 04:49:10.502,1.35778,1.35798,1.10,1.00
2016.09.06 04:49:11.931,1.35778,1.35797,1.10,1.00
2016.09.06 04:49:12.417,1.35778,1.35797,1.10,1.00
2016.09.06 04:49:15.005,1.35778,1.35797,1.10,1.50
2016.09.06 04:49:15.111,1.35776,1.35796,3.00,1.00
2016.09.06 04:49:15.162,1.35776,1.35796,2.62,1.00
2016.09.06 04:49:16.621,1.35776,1.35796,1.87,1.00
2016.09.06 04:49:16.722,1.35776,1.35796,1.12,1.00
2016.09.06 04:49:16.823,1.35776,1.35794,1.00,1.10
2016.09.06 04:49:16.874,1.35773,1.35791,1.87,1.50
2016.09.06 04:49:16.972,1.35768,1.35787,2.25,1.00
2016.09.06 04:49:17.023,1.35768,1.35786,1.10,1.00
2016.09.06 04:49:17.074,1.35768,1.35782,1.10,1.00
2016.09.06 04:49:17.124,1.35762,1.35782,1.95,1.00
2016.09.06 04:49:17.175,1.35762,1.35782,1.95,1.12
2016.09.06 04:49:17.226,1.35762,1.35782,1.20,1.12
2016.09.06 04:49:17.277,1.3576,1.3578,2.25,1.10
2016.09.06 04:49:17.328,1.3576,1.3578,1.00,1.10
2016.09.06 04:49:17.379,1.3576,1.3578,1.00,1.50
2016.09.06 04:49:17.969,1.35762,1.35778,1.00,1.10
2016.09.06 04:49:18.071,1.35759,1.35776,1.10,1.00
2016.09.06 04:49:18.121,1.35759,1.35776,1.00,1.00
2016.09.06 04:49:22.228,1.35758,1.35776,1.10,1.00
2016.09.06 04:49:25.327,1.35758,1.35776,1.10,1.00
2016.09.06 04:49:28.393,1.35758,1.35776,1.10,1.00
2016.09.06 04:49:36.101,1.35758,1.35776,1.00,1.00
2016.09.06 04:49:39.194,1.35755,1.35776,1.12,1.00
2016.09.06 04:49:39.346,1.35755,1.35776,1.12,1.00
2016.09.06 04:49:39.748,1.35755,1.35776,1.12,1.00
2016.09.06 04:49:39.885,1.35755,1.35776,1.50,1.00
2016.09.06 04:49:41.715,1.35755,1.35776,1.50,1.00
2016.09.06 04:49:41.765,1.35755,1.35776,1.12,1.00
2016.09.06 04:49:42.015,1.35755,1.35776,1.12,1.00
2016.09.06 04:49:42.716,1.35755,1.35776,1.12,1.00
2016.09.06 04:49:46.732,1.35755,1.35776,1.12,1.50
2016.09.06 04:49:46.783,1.35755,1.35776,1.50,1.50
2016.09.06 04:49:46.986,1.35754,1.35772,1.12,1.00
2016.09.06 04:49:47.036,1.35754,1.35768,1.12,1.00
2016.09.06 04:49:47.087,1.35752,1.35768,1.00,1.00
2016.09.06 04:49:47.138,1.35749,1.35768,1.12,1.00
2016.09.06 04:49:47.218,1.35749,1.35768,1.12,1.42
2016.09.06 04:49:47.269,1.35748,1.35767,1.00,1.95
2016.09.06 04:49:47.320,1.35748,1.35763,1.00,1.00
2016.09.06 04:49:47.371,1.35743,1.35763,2.62,1.00
2016.09.06 04:49:47.422,1.35743,1.35763,1.95,1.00
2016.09.06 04:49:47.472,1.35744,1.35763,1.00,1.00
2016.09.06 04:49:47.526,1.35744,1.35763,1.00,1.00
2016.09.06 04:49:47.576,1.35743,1.35763,1.10,1.00
2016.09.06 04:49:47.627,1.35743,1.35762,1.00,1.00
2016.09.06 04:49:47.678,1.35744,1.35762,1.00,1.00
2016.09.06 04:49:47.863,1.35742,1.35762,1.10,1.00
2016.09.06 04:49:47.965,1.35742,1.35761,1.10,1.00
2016.09.06 04:49:48.066,1.3574,1.35758,1.50,1.00
2016.09.06 04:49:48.117,1.35739,1.35758,1.75,1.50
2016.09.06 04:49:48.168,1.3574,1.35758,1.50,1.00
2016.09.06 04:49:48.219,1.3574,1.35758,1.00,1.12
2016.09.06 04:49:48.286,1.3574,1.35758,1.00,1.12
2016.09.06 04:49:48.338,1.3574,1.35758,1.00,1.12
2016.09.06 04:49:48.439,1.35738,1.35758,1.10,1.12
2016.09.06 04:49:48.961,1.35738,1.35758,1.10,1.87
2016.09.06 04:49:49.063,1.35738,1.35757,1.00,1.12
2016.09.06 04:49:49.114,1.35737,1.35757,1.10,1.12
2016.09.06 04:49:49.165,1.35738,1.35757,1.00,1.12
2016.09.06 04:49:49.239,1.35738,1.35753,1.00,1.00
2016.09.06 04:49:49.290,1.35737,1.35753,1.00,1.00
2016.09.06 04:49:49.392,1.35736,1.35753,1.00,1.00
2016.09.06 04:49:49.573,1.35737,1.35752,1.00,1.00
2016.09.06 04:49:50.083,1.35739,1.35752,1.00,1.00
2016.09.06 04:49:50.594,1.35739,1.35753,1.00,1.00
2016.09.06 04:49:50.925,1.35739,1.35753,1.00,1.00
2016.09.06 04:49:50.976,1.3574,1.35753,1.00,1.00
2016.09.06 04:49:51.077,1.35738,1.35753,1.00,1.00
2016.09.06 04:49:51.236,1.35738,1.35755,1.00,1.00
2016.09.06 04:49:51.781,1.35738,1.35754,1.00,1.00
2016.09.06 04:49:52.371,1.35739,1.35754,1.00,1.00
2016.09.06 04:49:52.422,1.35739,1.35754,1.00,1.00
2016.09.06 04:49:52.473,1.35737,1.35754,1.10,1.00
2016.09.06 04:49:52.524,1.35737,1.35753,1.10,1.00
2016.09.06 04:49:52.575,1.35734,1.35753,1.12,1.00
2016.09.06 04:49:52.713,1.35735,1.35753,1.10,1.00
2016.09.06 04:49:52.966,1.35735,1.35752,1.10,1.00
2016.09.06 04:49:53.801,1.35735,1.35752,1.00,1.00
2016.09.06 04:49:54.225,1.35735,1.35753,1.00,1.00
2016.09.06 04:49:55.781,1.35735,1.35753,1.00,1.00
2016.09.06 04:49:55.883,1.35735,1.35753,1.00,1.00
2016.09.06 04:49:56.452,1.35735,1.35753,1.00,1.00
2016.09.06 04:50:01.396,1.35736,1.35753,1.10,1.00
2016.09.06 04:50:01.884,1.35736,1.35755,1.10,1.57
2016.09.06 04:50:02.481,1.35736,1.35755,1.10,1.10
2016.09.06 04:50:02.532,1.35737,1.35755,1.00,1.10
2016.09.06 04:50:05.097,1.35737,1.35755,1.00,1.10
2016.09.06 04:50:05.148,1.35737,1.35755,1.10,1.00
2016.09.06 04:50:05.199,1.35739,1.35755,1.00,1.00
2016.09.06 04:50:05.300,1.35739,1.35755,1.00,1.00
2016.09.06 04:50:06.820,1.3574,1.35757,1.00,1.12
2016.09.06 04:50:06.871,1.3574,1.35757,1.00,1.10
2016.09.06 04:50:06.992,1.35738,1.35757,1.10,1.10
2016.09.06 04:50:09.020,1.35739,1.35757,1.00,1.10
2016.09.06 04:50:09.334,1.35736,1.35757,1.50,1.10
2016.09.06 04:50:09.435,1.35736,1.35757,1.50,1.10
2016.09.06 04:50:10.493,1.35736,1.35756,1.50,1.00
2016.09.06 04:50:11.295,1.35736,1.35756,1.10,1.12
2016.09.06 04:50:11.345,1.35736,1.35756,1.10,1.12
2016.09.06 04:50:11.406,1.35736,1.35756,1.10,1.12
2016.09.06 04:50:11.695,1.35736,1.35755,1.10,1.10
2016.09.06 04:50:11.938,1.35736,1.35755,1.10,1.10
2016.09.06 04:50:16.901,1.35735,1.35755,1.12,1.10
2016.09.06 04:50:17.005,1.35738,1.35755,1.10,1.00
2016.09.06 04:50:17.657,1.35738,1.35757,1.10,1.10
2016.09.06 04:50:21.822,1.35737,1.35757,1.12,1.10
2016.09.06 04:50:27.039,1.35737,1.35757,1.12,1.10
2016.09.06 04:50:27.269,1.35736,1.35757,1.50,1.10
2016.09.06 04:50:27.371,1.35737,1.35757,1.12,1.10
2016.09.06 04:50:29.684,1.35736,1.35757,1.50,1.10
2016.09.06 04:50:29.734,1.35736,1.35757,2.25,1.10
2016.09.06 04:50:30.845,1.35737,1.35757,1.12,1.10
2016.09.06 04:50:30.896,1.35737,1.35757,1.12,1.00
2016.09.06 04:50:30.947,1.35737,1.35757,1.87,1.00
2016.09.06 04:50:31.099,1.35737,1.35758,2.25,1.50
2016.09.06 04:50:31.972,1.35737,1.35758,2.25,1.00
2016.09.06 04:50:32.074,1.35737,1.35759,3.00,1.50
2016.09.06 04:50:34.050,1.35737,1.35759,2.25,1.50
2016.09.06 04:50:34.775,1.35737,1.35758,2.25,1.00
2016.09.06 04:50:35.239,1.35739,1.35758,1.10,1.00
2016.09.06 04:50:35.852,1.35737,1.35758,3.00,1.00
2016.09.06 04:50:36.004,1.35737,1.35759,3.00,1.50
2016.09.06 04:50:36.387,1.35737,1.35758,2.25,1.00
2016.09.06 04:50:36.437,1.35737,1.35758,1.50,1.00
2016.09.06 04:50:36.488,1.35736,1.35756,2.62,1.00
2016.09.06 04:50:36.539,1.35736,1.35756,1.87,1.00
2016.09.06 04:50:36.691,1.35736,1.35756,1.50,1.00
2016.09.06 04:50:36.793,1.35736,1.35756,1.50,1.00
2016.09.06 04:50:37.450,1.35736,1.35756,1.10,1.00
2016.09.06 04:50:37.974,1.35736,1.35756,1.10,1.00
2016.09.06 04:50:38.976,1.35736,1.35756,1.10,1.00
2016.09.06 04:50:40.107,1.35736,1.35756,1.10,1.00
2016.09.06 04:50:45.388,1.35736,1.35756,1.10,1.50
2016.09.06 04:50:46.590,1.35736,1.35756,1.10,1.00
2016.09.06 04:50:46.691,1.35736,1.35756,1.57,1.00
2016.09.06 04:50:46.746,1.35736,1.35756,1.10,1.00
2016.09.06 04:50:46.898,1.35733,1.35755,2.25,1.00
2016.09.06 04:50:46.999,1.35733,1.35755,2.25,1.00
2016.09.06 04:50:47.050,1.35733,1.35755,2.25,1.10
2016.09.06 04:50:47.748,1.35734,1.35755,1.50,1.10
2016.09.06 04:50:47.798,1.35734,1.35755,1.50,1.10
2016.09.06 04:50:47.849,1.35735,1.35755,1.12,1.10
2016.09.06 04:50:47.900,1.35735,1.35755,1.12,1.10
2016.09.06 04:50:48.849,1.35733,1.35755,3.00,1.10
2016.09.06 04:50:50.199,1.35733,1.35755,3.00,1.57
2016.09.06 04:50:50.319,1.35733,1.35755,2.25,1.57
2016.09.06 04:50:50.439,1.35733,1.35752,1.75,1.00
2016.09.06 04:50:51.382,1.35732,1.35752,3.75,1.00
2016.09.06 04:50:51.969,1.35732,1.35752,3.75,1.00
2016.09.06 04:50:54.030,1.35732,1.35752,3.00,1.00
2016.09.06 04:50:54.080,1.35732,1.35752,1.50,1.00
2016.09.06 04:50:55.291,1.35732,1.35752,3.00,1.00
2016.09.06 04:50:55.440,1.35734,1.35752,1.57,1.00
2016.09.06 04:50:55.492,1.35735,1.35752,1.12,1.00
2016.09.06 04:50:56.575,1.35735,1.35755,1.87,1.10
2016.09.06 04:50:58.209,1.35735,1.35755,1.12,1.10
2016.09.06 04:50:59.011,1.35736,1.35755,1.10,1.10
2016.09.06 04:50:59.112,1.35735,1.35755,1.12,1.10
2016.09.06 04:50:59.767,1.35735,1.35755,1.87,1.10
2016.09.06 04:50:59.989,1.35737,1.35755,1.00,1.10
2016.09.06 04:51:00.200,1.35737,1.35755,1.00,1.10
2016.09.06 04:51:00.251,1.35737,1.35755,1.10,1.00
2016.09.06 04:51:01.952,1.35737,1.35756,1.10,1.10
2016.09.06 04:51:06.697,1.3574,1.35758,1.00,1.00
2016.09.06 04:51:06.849,1.35741,1.35758,1.00,1.00
2016.09.06 04:51:06.952,1.35741,1.35759,1.00,1.10
2016.09.06 04:51:09.041,1.35743,1.35761,1.12,1.00
2016.09.06 04:51:09.092,1.35745,1.35762,1.00,1.00
2016.09.06 04:51:09.143,1.35745,1.35762,1.10,1.00
2016.09.06 04:51:09.244,1.35745,1.35764,1.10,1.10
2016.09.06 04:51:09.515,1.35746,1.35764,1.00,1.10
2016.09.06 04:51:09.718,1.35746,1.35764,1.00,1.00
2016.09.06 04:51:11.592,1.35746,1.35764,1.00,1.00
2016.09.06 04:51:11.693,1.35747,1.35764,1.00,1.00
2016.09.06 04:51:12.617,1.35746,1.35764,1.10,1.00
2016.09.06 04:51:13.291,1.35744,1.35764,3.00,1.00
2016.09.06 04:51:13.524,1.35745,1.35764,1.12,1.00
2016.09.06 04:51:13.772,1.35746,1.35766,1.10,1.00
2016.09.06 04:51:13.823,1.35746,1.35766,1.57,1.00
2016.09.06 04:51:13.975,1.35746,1.35766,1.57,1.50
2016.09.06 04:51:14.025,1.35748,1.35766,1.00,1.50
2016.09.06 04:51:14.126,1.35748,1.35766,1.10,1.50
2016.09.06 04:51:14.178,1.35748,1.35766,1.10,1.50
2016.09.06 04:51:14.228,1.35747,1.35766,1.12,1.50
2016.09.06 04:51:14.279,1.35747,1.35766,1.12,1.00
2016.09.06 04:51:15.971,1.35747,1.35766,1.87,1.00
2016.09.06 04:51:16.022,1.35748,1.35766,1.10,1.00
2016.09.06 04:51:16.961,1.35748,1.35769,1.10,2.25
2016.09.06 04:51:17.757,1.35748,1.35769,1.12,1.50
2016.09.06 04:51:18.222,1.35749,1.35769,1.10,1.50
2016.09.06 04:51:18.273,1.35749,1.35769,1.10,1.50
2016.09.06 04:51:18.324,1.35748,1.35769,1.87,1.50
2016.09.06 04:51:18.375,1.35749,1.35769,1.50,1.00
2016.09.06 04:51:18.426,1.35751,1.35769,1.10,1.00
2016.09.06 04:51:18.477,1.35753,1.35772,1.00,1.50
2016.09.06 04:51:18.528,1.35754,1.35772,1.00,1.10
2016.09.06 04:51:18.735,1.35754,1.35772,1.00,1.10
2016.09.06 04:51:19.283,1.35754,1.35773,1.00,1.12
2016.09.06 04:51:19.334,1.35754,1.35773,1.00,1.12
2016.09.06 04:51:19.385,1.35754,1.35774,1.87,1.00
2016.09.06 04:51:19.436,1.35755,1.35774,1.10,1.00
2016.09.06 04:51:19.487,1.35755,1.35774,1.10,1.00
2016.09.06 04:51:19.538,1.35756,1.35774,1.00,1.00
2016.09.06 04:51:19.639,1.35755,1.35774,1.10,1.00
2016.09.06 04:51:19.994,1.35754,1.35774,2.62,1.00
2016.09.06 04:51:27.226,1.35756,1.35774,1.00,1.00
2016.09.06 04:51:27.328,1.35756,1.35774,1.10,1.00
2016.09.06 04:51:27.547,1.35755,1.35774,1.12,1.00
2016.09.06 04:51:27.648,1.35754,1.35774,3.00,1.00
2016.09.06 04:51:29.416,1.35755,1.35774,1.12,1.00
2016.09.06 04:51:30.451,1.35757,1.35774,1.00,1.00
2016.09.06 04:51:30.502,1.35757,1.35777,1.50,1.10
2016.09.06 04:51:30.553,1.35759,1.35777,1.00,1.10
2016.09.06 04:51:30.604,1.35759,1.35777,1.00,1.10
2016.09.06 04:51:30.705,1.35759,1.35777,1.00,1.00
2016.09.06 04:51:30.815,1.3576,1.35777,1.00,1.00
2016.09.06 04:51:31.904,1.3576,1.35779,1.00,1.12
2016.09.06 04:51:32.056,1.3576,1.35779,1.00,1.10
2016.09.06 04:51:33.193,1.3576,1.3578,1.00,1.87
2016.09.06 04:51:34.333,1.35759,1.3578,1.00,1.87
2016.09.06 04:51:34.384,1.35759,1.3578,1.00,1.12
2016.09.06 04:51:38.267,1.35759,1.3578,1.00,1.87
2016.09.06 04:51:41.367,1.3576,1.3578,1.00,1.87
2016.09.06 04:51:41.468,1.35759,1.3578,1.00,1.87
2016.09.06 04:51:41.646,1.35758,1.3578,1.57,1.87
2016.09.06 04:51:41.697,1.35758,1.3578,1.57,1.87
2016.09.06 04:51:42.354,1.35758,1.3578,1.10,1.87
2016.09.06 04:51:47.002,1.35757,1.35779,2.62,1.10
2016.09.06 04:51:47.469,1.35759,1.35779,1.00,1.10
2016.09.06 04:51:47.571,1.35757,1.35779,2.62,1.10
2016.09.06 04:51:48.031,1.35758,1.35779,1.10,1.10
2016.09.06 04:51:53.750,1.35759,1.35779,1.00,1.10
2016.09.06 04:51:59.041,1.3576,1.35779,1.00,1.10
2016.09.06 04:51:59.493,1.3576,1.35779,1.00,1.10
2016.09.06 04:51:59.595,1.3576,1.3578,1.10,1.00
2016.09.06 04:52:00.279,1.3576,1.35781,1.10,1.57
2016.09.06 04:52:01.572,1.35763,1.35781,1.00,1.57
2016.09.06 04:52:01.724,1.35764,1.35781,2.25,1.10
2016.09.06 04:52:01.775,1.35767,1.35781,1.00,1.10
2016.09.06 04:52:01.826,1.35767,1.35781,1.00,1.00
2016.09.06 04:52:01.877,1.35769,1.35781,1.00,1.00
2016.09.06 04:52:01.984,1.35767,1.35788,1.00,1.12
2016.09.06 04:52:03.022,1.35767,1.35788,1.00,1.87
2016.09.06 04:52:03.612,1.35767,1.35788,1.10,1.57
2016.09.06 04:52:03.714,1.35767,1.35788,1.10,1.57
2016.09.06 04:52:03.765,1.35769,1.35788,1.00,1.57
2016.09.06 04:52:03.816,1.35769,1.35788,1.00,1.00
2016.09.06 04:52:04.409,1.35769,1.35788,1.00,1.00
2016.09.06 04:52:04.856,1.35768,1.35788,1.10,1.00
2016.09.06 04:52:04.957,1.35769,1.3579,1.00,1.12
2016.09.06 04:52:05.008,1.35769,1.3579,1.12,1.12
2016.09.06 04:52:07.013,1.35769,1.3579,1.12,1.12
2016.09.06 04:52:07.064,1.3577,1.3579,1.10,1.12
2016.09.06 04:52:07.115,1.3577,1.3579,1.12,1.10
2016.09.06 04:52:07.166,1.3577,1.3579,1.12,1.10
2016.09.06 04:52:07.268,1.35772,1.3579,1.00,1.10
2016.09.06 04:52:07.381,1.35772,1.3579,1.10,1.00
2016.09.06 04:52:07.483,1.3577,1.3579,1.50,1.00
2016.09.06 04:52:07.714,1.35769,1.3579,1.75,1.00
2016.09.06 04:52:09.092,1.35768,1.3579,3.37,1.00
2016.09.06 04:52:09.995,1.3577,1.3579,1.50,1.00
2016.09.06 04:52:10.097,1.35768,1.3579,3.37,1.00
2016.09.06 04:52:10.531,1.35768,1.3579,4.12,1.00
2016.09.06 04:52:10.582,1.35769,1.3579,1.75,1.00
2016.09.06 04:52:10.733,1.3577,1.3579,1.50,1.00
2016.09.06 04:52:10.885,1.35771,1.3579,1.12,1.00
2016.09.06 04:52:11.021,1.3577,1.3579,1.50,1.00
2016.09.06 04:52:11.072,1.35772,1.35792,1.10,1.00
2016.09.06 04:52:11.633,1.35772,1.35792,1.12,1.00
2016.09.06 04:52:14.707,1.35772,1.35792,1.87,1.00
2016.09.06 04:52:14.809,1.35773,1.35792,1.12,1.00
2016.09.06 04:52:14.859,1.35773,1.35792,1.87,1.00
2016.09.06 04:52:14.910,1.35774,1.35792,1.10,1.00
2016.09.06 04:52:15.012,1.35775,1.35792,1.00,1.00
2016.09.06 04:52:17.047,1.35775,1.35793,1.00,1.00
2016.09.06 04:52:17.980,1.35773,1.35793,2.62,1.00
2016.09.06 04:52:18.211,1.35773,1.35793,1.87,1.00
2016.09.06 04:52:18.362,1.35773,1.35793,1.87,1.00
2016.09.06 04:52:20.405,1.35774,1.35793,1.10,1.00
2016.09.06 04:52:20.456,1.35774,1.35793,1.57,1.00
2016.09.06 04:52:20.506,1.35775,1.35793,1.00,1.00
2016.09.06 04:52:20.557,1.35776,1.35795,1.10,1.00
2016.09.06 04:52:20.669,1.35779,1.35795,1.75,1.00
2016.09.06 04:52:20.771,1.35779,1.35795,1.75,1.00
2016.09.06 04:52:20.822,1.3578,1.35799,1.75,1.00
2016.09.06 04:52:20.873,1.35781,1.35799,1.00,1.00
2016.09.06 04:52:20.975,1.35782,1.35799,1.12,1.00
2016.09.06 04:52:21.026,1.35782,1.35799,1.50,1.00
2016.09.06 04:52:21.078,1.35785,1.35802,1.00,1.00
2016.09.06 04:52:21.129,1.35785,1.35802,1.12,1.00
2016.09.06 04:52:21.180,1.35783,1.35802,1.87,1.00
2016.09.06 04:52:21.231,1.35783,1.35802,1.87,1.00
2016.09.06 04:52:21.333,1.35783,1.35802,1.50,1.00
2016.09.06 04:52:21.385,1.35782,1.35802,1.87,1.00
2016.09.06 04:52:21.489,1.35783,1.35802,1.87,1.00
2016.09.06 04:52:21.540,1.35783,1.35804,1.87,1.50
2016.09.06 04:52:21.591,1.35783,1.35804,1.12,1.50
2016.09.06 04:52:21.642,1.35783,1.35803,1.12,1.00
2016.09.06 04:52:21.692,1.35783,1.35803,1.87,1.00
2016.09.06 04:52:21.743,1.35783,1.35803,1.87,1.00
2016.09.06 04:52:21.800,1.35783,1.35803,1.75,1.00
2016.09.06 04:52:21.952,1.35783,1.35802,1.75,1.00
2016.09.06 04:52:22.003,1.35783,1.35802,1.12,1.00
2016.09.06 04:52:22.158,1.35783,1.35802,1.12,1.00
2016.09.06 04:52:22.273,1.35782,1.35802,1.50,1.00
2016.09.06 04:52:22.473,1.35783,1.35802,1.12,1.00
2016.09.06 04:52:22.860,1.35783,1.35802,1.12,1.00
2016.09.06 04:52:22.961,1.35783,1.35802,1.12,1.00
2016.09.06 04:52:23.012,1.35782,1.35802,1.50,1.00
2016.09.06 04:52:23.113,1.35783,1.35802,1.12,1.00
2016.09.06 04:52:23.615,1.35783,1.35802,1.10,1.00
2016.09.06 04:52:26.609,1.35781,1.35802,1.50,1.00
2016.09.06 04:52:26.710,1.35783,1.35802,1.10,1.00
2016.09.06 04:52:28.395,1.35783,1.35803,1.10,1.50
2016.09.06 04:52:28.496,1.35782,1.35803,1.12,1.50
2016.09.06 04:52:28.598,1.35784,1.35803,1.12,1.50
2016.09.06 04:52:28.713,1.35784,1.35804,1.10,1.12
2016.09.06 04:52:28.764,1.35784,1.35804,1.10,1.12
2016.09.06 04:52:28.815,1.35789,1.35806,1.00,1.10
2016.09.06 04:52:28.916,1.35788,1.35806,1.10,1.00
2016.09.06 04:52:29.118,1.35787,1.35806,1.12,1.00
2016.09.06 04:52:30.208,1.35786,1.35806,2.25,1.00
2016.09.06 04:52:30.383,1.35786,1.35806,2.25,1.00
2016.09.06 04:52:30.550,1.35786,1.35806,2.25,1.00
2016.09.06 04:52:30.600,1.35786,1.35806,1.50,1.00
2016.09.06 04:52:30.651,1.35786,1.35806,1.50,1.00
2016.09.06 04:52:31.748,1.35787,1.35806,1.12,1.00
2016.09.06 04:52:32.671,1.35787,1.35806,1.12,1.00
2016.09.06 04:52:32.722,1.35783,1.35806,1.12,2.17
2016.09.06 04:52:32.773,1.3578,1.35802,2.25,1.00
2016.09.06 04:52:32.823,1.3578,1.35802,2.25,1.42
2016.09.06 04:52:32.874,1.3578,1.35799,1.00,1.00
2016.09.06 04:52:32.975,1.3578,1.35793,1.00,1.00
2016.09.06 04:52:33.026,1.35775,1.35793,1.37,1.00
2016.09.06 04:52:33.077,1.35774,1.35793,1.87,1.00
2016.09.06 04:52:33.127,1.35774,1.35793,1.12,1.00
2016.09.06 04:52:33.178,1.35774,1.35793,1.12,1.00
2016.09.06 04:52:33.229,1.35773,1.35793,2.25,1.00
2016.09.06 04:52:34.181,1.35773,1.35793,1.87,1.10
2016.09.06 04:52:34.232,1.35773,1.35793,1.87,1.10
2016.09.06 04:52:34.282,1.35773,1.35792,1.10,1.10
2016.09.06 04:52:34.333,1.35771,1.35791,1.50,1.00
2016.09.06 04:52:34.384,1.35771,1.35787,1.50,1.00
2016.09.06 04:52:34.435,1.3577,1.35787,1.10,1.00
2016.09.06 04:52:34.536,1.35766,1.35787,2.25,1.10
2016.09.06 04:52:34.587,1.35766,1.35784,2.25,1.00
2016.09.06 04:52:34.682,1.35767,1.35784,1.12,1.00
2016.09.06 04:52:35.978,1.35767,1.35787,1.12,1.10
2016.09.06 04:52:36.029,1.35768,1.35787,1.10,1.10
2016.09.06 04:52:36.805,1.35767,1.35787,1.12,1.10
2016.09.06 04:52:36.907,1.35768,1.35787,1.10,1.10
2016.09.06 04:52:37.120,1.35767,1.35787,1.12,1.10
2016.09.06 04:52:38.525,1.35768,1.35785,1.10,1.00
2016.09.06 04:52:38.728,1.35768,1.35788,1.10,1.12
2016.09.06 04:52:38.830,1.35768,1.35788,1.12,1.10
2016.09.06 04:52:44.142,1.35768,1.35788,1.12,1.10
2016.09.06 04:52:45.010,1.35768,1.35788,1.12,1.10
2016.09.06 04:52:45.112,1.3577,1.35788,1.00,1.10
2016.09.06 04:52:45.652,1.35769,1.35788,1.10,1.10
2016.09.06 04:52:48.739,1.3577,1.3579,1.50,1.50
2016.09.06 04:52:48.790,1.3577,1.3579,2.25,1.50
2016.09.06 04:52:48.841,1.35775,1.3579,1.00,1.00
2016.09.06 04:52:48.942,1.35776,1.35792,1.00,1.10
2016.09.06 04:52:49.044,1.35776,1.35792,1.00,1.00
2016.09.06 04:52:53.297,1.35776,1.35792,1.00,1.00
2016.09.06 04:52:53.348,1.35771,1.35791,1.75,1.00
2016.09.06 04:52:53.450,1.35771,1.35791,1.50,1.10
2016.09.06 04:52:53.602,1.35771,1.35791,1.50,1.10
2016.09.06 04:52:53.653,1.35771,1.35791,1.00,1.10
2016.09.06 04:52:53.833,1.35769,1.35788,1.12,1.00
2016.09.06 04:52:53.884,1.35769,1.35788,1.10,1.00
2016.09.06 04:52:54.621,1.35768,1.35788,1.12,1.00
2016.09.06 04:52:55.502,1.35767,1.35788,1.50,1.00
2016.09.06 04:52:55.718,1.35768,1.35788,1.12,1.00
2016.09.06 04:52:55.820,1.3577,1.35788,1.00,1.00
2016.09.06 04:52:56.254,1.35769,1.35788,1.10,1.00
2016.09.06 04:52:57.457,1.35766,1.35788,2.25,1.00
2016.09.06 04:52:57.559,1.35767,1.35788,1.50,1.00
2016.09.06 04:52:58.865,1.35768,1.35788,1.12,1.00
2016.09.06 04:53:01.064,1.35769,1.35788,1.10,1.00
2016.09.06 04:53:01.166,1.3577,1.35788,1.00,1.00
2016.09.06 04:53:01.846,1.35769,1.3579,1.10,1.10
2016.09.06 04:53:01.998,1.35769,1.3579,1.10,1.10
2016.09.06 04:53:02.972,1.3577,1.3579,1.00,1.10
2016.09.06 04:53:03.023,1.3577,1.3579,1.12,1.10
2016.09.06 04:53:03.073,1.35769,1.3579,1.50,1.10
2016.09.06 04:53:06.204,1.35769,1.3579,1.50,1.10
2016.09.06 04:53:07.356,1.3577,1.3579,1.12,1.10
2016.09.06 04:53:07.935,1.35771,1.3579,1.10,1.10
2016.09.06 04:53:08.396,1.35771,1.3579,1.10,1.10
2016.09.06 04:53:08.447,1.35771,1.35791,1.10,1.12
2016.09.06 04:53:08.497,1.35771,1.35791,1.12,1.10
2016.09.06 04:53:08.548,1.35771,1.35791,1.87,1.10
2016.09.06 04:53:08.971,1.35771,1.35791,1.87,1.00
2016.09.06 04:53:12.365,1.35771,1.35791,1.12,1.00
2016.09.06 04:53:12.416,1.35771,1.35791,1.12,1.00
2016.09.06 04:53:12.468,1.35771,1.35791,1.12,1.10
2016.09.06 04:53:17.151,1.3577,1.3579,2.25,1.00
2016.09.06 04:53:21.765,1.35771,1.3579,1.12,1.00
2016.09.06 04:53:21.866,1.3577,1.3579,2.25,1.00
2016.09.06 04:53:28.987,1.3577,1.3579,1.50,1.00
2016.09.06 04:53:29.089,1.3577,1.3579,1.12,1.10
2016.09.06 04:53:30.279,1.35768,1.35788,1.12,1.00
2016.09.06 04:53:30.503,1.35765,1.35786,1.12,1.00
2016.09.06 04:53:30.604,1.35765,1.35786,1.37,1.10
2016.09.06 04:53:30.681,1.35764,1.35786,2.25,1.10
2016.09.06 04:53:30.792,1.35766,1.35786,1.12,1.10
2016.09.06 04:53:34.360,1.35766,1.35786,1.00,1.10
2016.09.06 04:53:34.463,1.35765,1.35786,1.10,1.10
2016.09.06 04:53:35.390,1.35766,1.35784,1.00,1.00
2016.09.06 04:53:35.491,1.35765,1.35784,1.10,1.00
2016.09.06 04:53:36.514,1.35765,1.35784,1.10,1.00
2016.09.06 04:53:47.312,1.35765,1.35786,1.10,1.10
2016.09.06 04:53:50.387,1.35767,1.35786,1.00,1.10
2016.09.06 04:53:50.707,1.35766,1.35786,1.00,1.10
2016.09.06 04:54:03.233,1.35763,1.35783,1.50,1.00
2016.09.06 04:54:03.335,1.35763,1.35783,2.25,1.00
2016.09.06 04:54:03.436,1.35764,1.35783,1.12,1.00
2016.09.06 04:54:10.440,1.35764,1.35783,1.12,1.00
2016.09.06 04:54:11.516,1.35764,1.35783,1.12,1.00
2016.09.06 04:54:14.456,1.35763,1.35783,2.25,1.00
2016.09.06 04:54:14.557,1.35764,1.35783,1.12,1.00
2016.09.06 04:54:15.535,1.35763,1.35783,2.25,1.00
2016.09.06 04:54:15.586,1.35763,1.35783,1.50,1.10
2016.09.06 04:54:15.637,1.35761,1.3578,1.12,1.00
2016.09.06 04:54:42.674,1.35761,1.3578,1.10,1.00
2016.09.06 04:55:00.326,1.35761,1.3578,1.00,1.10
2016.09.06 04:55:05.293,1.35761,1.35779,1.00,1.00
2016.09.06 04:55:05.397,1.35759,1.35779,1.75,1.00
2016.09.06 04:55:05.498,1.35759,1.35779,1.10,1.12
2016.09.06 04:55:05.549,1.35759,1.35779,1.10,1.80
2016.09.06 04:55:05.600,1.35759,1.35779,1.00,2.17
2016.09.06 04:55:05.819,1.35759,1.35779,1.00,1.50
2016.09.06 04:55:06.905,1.35756,1.35776,2.25,1.00
2016.09.06 04:55:07.057,1.35756,1.35776,1.50,1.00
2016.09.06 04:55:07.158,1.35756,1.35776,2.25,1.00
2016.09.06 04:55:08.457,1.35757,1.35776,1.12,1.00
2016.09.06 04:55:10.569,1.35756,1.35776,2.25,1.00
2016.09.06 04:55:13.230,1.35756,1.35776,2.25,1.00
2016.09.06 04:55:13.494,1.35756,1.35776,2.25,1.00
2016.09.06 04:55:14.512,1.35756,1.35776,2.25,1.00
2016.09.06 04:55:14.563,1.35756,1.35776,1.50,1.00
2016.09.06 04:55:14.614,1.35756,1.35776,1.10,1.00
2016.09.06 04:55:14.665,1.35756,1.35776,1.10,1.00
2016.09.06 04:55:14.716,1.35756,1.35776,1.00,1.10
2016.09.06 04:55:15.081,1.35756,1.35776,1.00,1.10
2016.09.06 04:55:17.413,1.35755,1.35775,1.10,1.00
2016.09.06 04:55:28.949,1.35752,1.35774,2.25,1.00
2016.09.06 04:55:29.000,1.35752,1.35774,2.25,1.12
2016.09.06 04:55:29.305,1.35752,1.35774,2.25,1.12
2016.09.06 04:55:29.356,1.35752,1.35774,1.50,1.12
2016.09.06 04:55:29.457,1.35751,1.35771,1.12,1.10
2016.09.06 04:55:29.741,1.35751,1.35771,1.12,1.10
2016.09.06 04:55:29.897,1.35751,1.35771,1.00,1.10
2016.09.06 04:55:29.999,1.35751,1.35771,1.00,1.10
2016.09.06 04:55:30.050,1.35751,1.35771,1.50,1.10
2016.09.06 04:55:30.356,1.35751,1.35771,1.57,1.00
2016.09.06 04:55:30.683,1.35752,1.35771,1.00,1.00
2016.09.06 04:55:31.289,1.35751,1.35771,1.57,1.00
2016.09.06 04:55:31.340,1.35751,1.35771,1.57,1.12
2016.09.06 04:55:31.442,1.35751,1.35771,1.57,1.12
2016.09.06 04:55:31.493,1.35751,1.35771,1.10,1.12
2016.09.06 04:55:31.544,1.35749,1.35768,1.57,1.10
2016.09.06 04:55:31.595,1.35749,1.35768,1.10,1.10
2016.09.06 04:55:31.645,1.35748,1.35766,1.00,1.12
2016.09.06 04:55:31.696,1.35745,1.35766,1.12,1.12
2016.09.06 04:55:31.747,1.35743,1.35761,1.87,1.00
2016.09.06 04:55:31.798,1.35743,1.35761,1.12,1.00
2016.09.06 04:55:31.849,1.35743,1.35761,1.12,1.12
2016.09.06 04:55:31.899,1.35743,1.35761,1.00,1.87
2016.09.06 04:55:32.001,1.35741,1.35761,1.00,1.87
2016.09.06 04:55:32.254,1.35741,1.35761,1.00,1.50
2016.09.06 04:55:32.304,1.35741,1.35761,1.00,2.25
2016.09.06 04:55:32.355,1.35741,1.35761,1.00,2.25
2016.09.06 04:55:32.785,1.35741,1.35761,1.50,2.25
2016.09.06 04:55:32.892,1.35741,1.35761,1.00,2.25
2016.09.06 04:55:32.942,1.35741,1.35761,1.00,2.25
2016.09.06 04:55:32.993,1.35741,1.35761,1.00,1.50
2016.09.06 04:55:33.044,1.35741,1.35761,1.00,1.50
2016.09.06 04:55:33.196,1.35741,1.35761,1.50,1.12
2016.09.06 04:55:33.831,1.35742,1.35761,1.00,1.12
2016.09.06 04:55:37.146,1.35742,1.35761,1.00,1.12
2016.09.06 04:55:37.299,1.35741,1.35761,1.50,1.12
2016.09.06 04:55:37.497,1.35741,1.35761,1.00,1.12
2016.09.06 04:55:50.284,1.35741,1.35761,1.00,1.12
2016.09.06 04:55:51.416,1.35742,1.35761,1.00,1.12
2016.09.06 04:56:00.603,1.35742,1.35761,1.00,1.12
2016.09.06 04:56:11.008,1.35742,1.35761,1.00,1.12
2016.09.06 04:56:11.287,1.35742,1.35761,1.00,1.12
2016.09.06 04:56:11.745,1.35743,1.35761,1.00,1.12
2016.09.06 04:56:12.318,1.35744,1.35761,1.00,1.12
2016.09.06 04:56:15.705,1.35742,1.35761,1.00,1.12
2016.09.06 04:56:15.755,1.35742,1.35761,1.00,1.12
2016.09.06 04:56:17.633,1.35742,1.35762,1.50,1.50
2016.09.06 04:56:22.047,1.35742,1.35762,1.50,1.50
2016.09.06 04:56:28.426,1.35742,1.35762,1.00,1.50
2016.09.06 04:56:34.697,1.35743,1.35762,1.00,1.50
2016.09.06 04:56:34.799,1.35743,1.35762,1.10,1.10
2016.09.06 04:56:34.849,1.35745,1.35762,1.00,1.10
2016.09.06 04:56:35.054,1.35744,1.35762,1.00,1.10
2016.09.06 04:56:36.974,1.35744,1.35762,1.10,1.00
2016.09.06 04:56:37.419,1.35744,1.35762,1.10,1.00
2016.09.06 04:56:37.470,1.35745,1.35762,1.00,1.00
2016.09.06 04:56:37.571,1.35747,1.35762,1.00,1.00
2016.09.06 04:56:37.673,1.35749,1.35765,1.00,1.12
2016.09.06 04:56:37.774,1.35747,1.35765,1.00,1.10
2016.09.06 04:56:39.630,1.35747,1.35766,1.00,1.12
2016.09.06 04:56:39.681,1.35747,1.35766,1.00,1.12
2016.09.06 04:56:39.732,1.35747,1.35766,1.00,1.00
2016.09.06 04:56:41.260,1.35746,1.35766,1.57,1.00
2016.09.06 04:56:47.772,1.35748,1.35766,1.00,1.00
2016.09.06 04:56:48.775,1.35747,1.35766,1.00,1.00
2016.09.06 04:56:48.877,1.35746,1.35766,1.57,1.00
2016.09.06 04:56:55.591,1.35746,1.35766,1.57,1.00
2016.09.06 04:56:55.692,1.35746,1.35766,1.10,1.00
2016.09.06 04:56:55.793,1.35746,1.35766,1.57,1.00
2016.09.06 04:56:59.818,1.35746,1.35766,1.57,1.50
2016.09.06 04:56:59.868,1.35746,1.35766,1.10,1.50
2016.09.06 04:56:59.970,1.35746,1.35766,1.10,1.87
2016.09.06 04:57:00.020,1.35746,1.35765,1.10,1.10
2016.09.06 04:57:02.656,1.35744,1.35765,1.50,1.10
2016.09.06 04:57:10.187,1.35744,1.35764,1.50,1.00
2016.09.06 04:57:20.167,1.35744,1.35765,1.50,1.10
2016.09.06 04:57:22.254,1.35744,1.35766,1.50,1.12
2016.09.06 04:57:22.305,1.35746,1.35766,1.00,1.10
2016.09.06 04:57:22.356,1.35746,1.35766,1.00,1.10
2016.09.06 04:57:22.406,1.35749,1.35766,1.00,1.10
2016.09.06 04:57:22.558,1.3575,1.35766,1.00,1.00
2016.09.06 04:57:23.532,1.35747,1.35766,1.12,1.00
2016.09.06 04:57:23.633,1.35749,1.35766,1.00,1.00
2016.09.06 04:57:24.499,1.35748,1.35766,1.10,1.00
2016.09.06 04:57:24.803,1.35749,1.35767,1.00,1.10
2016.09.06 04:57:26.148,1.35749,1.35767,1.10,1.00
2016.09.06 04:57:26.298,1.35748,1.35767,1.12,1.00
2016.09.06 04:57:26.537,1.35749,1.35767,1.10,1.00
2016.09.06 04:57:27.489,1.35748,1.35767,1.12,1.00
2016.09.06 04:57:30.126,1.35748,1.35767,1.12,1.50
2016.09.06 04:57:30.227,1.35747,1.35767,1.50,1.50
2016.09.06 04:57:30.328,1.35747,1.35767,1.12,1.57
2016.09.06 04:57:30.400,1.35747,1.35766,1.12,1.00
2016.09.06 04:57:30.502,1.35744,1.35766,1.75,1.50
2016.09.06 04:57:30.553,1.35744,1.35766,1.12,1.57
2016.09.06 04:57:30.655,1.35744,1.35766,1.12,2.25
2016.09.06 04:57:30.807,1.35744,1.35766,1.12,2.92
2016.09.06 04:57:31.350,1.35744,1.35766,1.12,2.92
2016.09.06 04:57:31.414,1.35744,1.35766,1.12,2.92
2016.09.06 04:57:31.889,1.35744,1.35766,1.12,2.17
2016.09.06 04:57:31.939,1.35742,1.35762,2.25,1.00
2016.09.06 04:57:32.924,1.35743,1.35763,1.50,1.00
2016.09.06 04:57:47.507,1.35743,1.35763,1.12,1.10
2016.09.06 04:57:47.722,1.35741,1.35761,1.87,1.00
2016.09.06 04:57:48.717,1.35741,1.35763,1.87,1.10
2016.09.06 04:58:13.240,1.35741,1.35762,1.87,1.00
2016.09.06 04:58:13.291,1.35741,1.35762,1.12,1.00
2016.09.06 04:58:13.342,1.35741,1.35762,1.10,1.50
2016.09.06 04:58:16.093,1.35741,1.35763,1.10,2.17
2016.09.06 04:58:16.149,1.35741,1.35763,1.10,1.75
2016.09.06 04:58:16.305,1.35741,1.35763,1.10,1.75
2016.09.06 04:58:17.771,1.35742,1.35761,1.00,1.12
2016.09.06 04:58:19.513,1.35742,1.35761,1.12,1.00
2016.09.06 04:58:20.595,1.35742,1.35761,1.12,1.00
2016.09.06 04:58:22.625,1.35742,1.35761,1.12,1.00
2016.09.06 04:58:22.727,1.35742,1.35761,1.12,1.00
2016.09.06 04:58:22.863,1.35742,1.35761,1.12,1.00
2016.09.06 04:58:22.914,1.35742,1.35761,1.12,1.00
2016.09.06 04:58:29.096,1.35743,1.35761,1.10,1.00
2016.09.06 04:58:32.918,1.35744,1.35763,1.00,1.00
2016.09.06 04:58:36.571,1.35744,1.35763,1.00,1.00
2016.09.06 04:58:36.621,1.35745,1.35763,1.00,1.00
2016.09.06 04:58:36.672,1.35745,1.35763,1.12,1.00
2016.09.06 04:58:36.723,1.35748,1.35768,1.00,1.75
2016.09.06 04:58:36.774,1.35748,1.35768,1.50,1.00
2016.09.06 04:58:36.825,1.35751,1.35768,1.00,1.00
2016.09.06 04:58:36.876,1.35751,1.35769,1.00,1.10
2016.09.06 04:58:37.315,1.35748,1.35769,1.12,1.12
2016.09.06 04:58:39.715,1.3575,1.35769,1.00,1.12
2016.09.06 04:58:41.669,1.3575,1.35769,1.00,1.12
2016.09.06 04:58:41.720,1.3575,1.35771,1.00,1.75
2016.09.06 04:58:41.821,1.35753,1.35771,1.00,1.75
2016.09.06 04:58:42.074,1.35753,1.35771,1.00,1.12
2016.09.06 04:58:44.588,1.35754,1.35771,1.00,1.12
2016.09.06 04:58:44.790,1.35755,1.35772,1.00,1.50
2016.09.06 04:58:44.841,1.35755,1.35772,1.00,1.10
2016.09.06 04:58:46.587,1.35754,1.35772,1.00,1.10
2016.09.06 04:59:13.931,1.35756,1.35772,1.00,1.10
2016.09.06 04:59:13.982,1.35756,1.35772,1.00,1.00
2016.09.06 04:59:15.055,1.35755,1.35772,1.00,1.00
2016.09.06 04:59:17.938,1.35755,1.35773,1.00,1.00
2016.09.06 04:59:28.735,1.35757,1.35773,1.00,1.00
2016.09.06 04:59:30.285,1.35757,1.35773,1.00,1.00
2016.09.06 04:59:32.961,1.35757,1.35775,1.00,1.10
2016.09.06 04:59:40.445,1.35758,1.35775,1.00,1.10
2016.09.06 04:59:44.150,1.35755,1.35775,1.12,1.10
2016.09.06 04:59:44.201,1.35755,1.35775,1.12,1.10
2016.09.06 04:59:44.252,1.35757,1.35775,1.00,1.10
2016.09.06 04:59:44.302,1.35757,1.35776,1.00,1.12
2016.09.06 04:59:45.200,1.35757,1.35776,1.10,1.00
2016.09.06 04:59:45.481,1.35756,1.35776,1.87,1.00
2016.09.06 04:59:45.582,1.35757,1.35776,1.10,1.00
2016.09.06 04:59:47.976,1.35757,1.35777,1.57,1.00
2016.09.06 04:59:54.803,1.35758,1.35777,1.00,1.00
2016.09.06 04:59:57.290,1.3576,1.35777,1.00,1.00
2016.09.06 04:59:57.340,1.3576,1.35777,1.00,1.00
