2015.08.18 19:00:01.240,1.40506,1.40532,1.00,1.00
2015.08.18 19:00:02.507,1.40504,1.40532,1.00,1.00
2015.08.18 19:00:03.524,1.40504,1.40534,1.00,1.00
2015.08.18 19:00:03.575,1.40511,1.40535,1.00,1.00
2015.08.18 19:00:03.982,1.4052,1.40539,1.00,1.77
2015.08.18 19:00:04.380,1.4052,1.40542,1.00,1.00
2015.08.18 19:00:04.633,1.4052,1.40544,1.00,1.75
2015.08.18 19:00:04.734,1.4052,1.40544,1.00,1.75
2015.08.18 19:00:05.049,1.4052,1.40544,1.00,2.25
2015.08.18 19:00:05.150,1.4052,1.40544,1.00,2.25
2015.08.18 19:00:05.302,1.4052,1.40544,1.00,1.75
2015.08.18 19:00:05.839,1.4052,1.40544,1.00,1.75
2015.08.18 19:00:07.724,1.4052,1.40545,1.50,1.50
2015.08.18 19:00:07.825,1.40523,1.40545,1.00,1.00
2015.08.18 19:00:07.875,1.40523,1.4055,1.50,1.10
2015.08.18 19:00:07.926,1.40525,1.40553,1.07,1.91
2015.08.18 19:00:08.279,1.40524,1.40553,1.50,1.04
2015.08.18 19:00:08.480,1.40525,1.40553,1.07,1.04
2015.08.18 19:00:08.581,1.40525,1.40551,1.00,1.04
2015.08.18 19:00:09.663,1.40524,1.4055,1.00,1.05
2015.08.18 19:00:11.081,1.40524,1.40549,1.00,1.50
2015.08.18 19:00:15.923,1.40521,1.40545,1.00,1.00
2015.08.18 19:00:15.975,1.40515,1.40545,1.00,1.42
2015.08.18 19:00:16.025,1.40515,1.40543,1.00,1.00
2015.08.18 19:00:16.328,1.40513,1.40541,1.00,1.00
2015.08.18 19:00:18.086,1.40516,1.40544,1.00,1.00
2015.08.18 19:00:18.722,1.40517,1.40547,1.00,1.50
2015.08.18 19:00:19.282,1.40517,1.40547,1.00,1.42
2015.08.18 19:00:30.726,1.40518,1.40546,1.00,1.00
2015.08.18 19:00:32.056,1.40517,1.40547,1.00,1.42
2015.08.18 19:00:32.951,1.40519,1.40547,1.00,1.00
2015.08.18 19:00:37.008,1.40518,1.40548,1.00,1.00
2015.08.18 19:00:39.492,1.40518,1.40547,1.00,1.00
2015.08.18 19:00:45.906,1.40519,1.40547,1.00,1.00
2015.08.18 19:00:50.137,1.40519,1.40548,1.00,1.00
2015.08.18 19:01:02.125,1.40519,1.40547,1.00,1.00
2015.08.18 19:01:10.128,1.4052,1.40547,1.00,1.00
2015.08.18 19:01:10.673,1.40519,1.40547,1.00,1.50
2015.08.18 19:01:12.980,1.4052,1.40547,1.00,1.00
2015.08.18 19:01:14.081,1.40519,1.40547,1.00,1.50
2015.08.18 19:01:15.974,1.4052,1.40547,1.00,1.00
2015.08.18 19:01:17.347,1.40518,1.40547,1.00,1.00
2015.08.18 19:01:19.116,1.4052,1.40547,1.00,1.00
2015.08.18 19:01:20.074,1.4052,1.40548,1.00,1.50
2015.08.18 19:01:32.255,1.40518,1.40548,1.00,1.50
2015.08.18 19:01:32.804,1.40519,1.40547,1.00,1.00
2015.08.18 19:01:40.024,1.40518,1.40548,1.00,1.50
2015.08.18 19:01:40.569,1.40518,1.40547,1.00,1.00
2015.08.18 19:01:47.520,1.40518,1.40545,1.00,1.00
2015.08.18 19:02:07.675,1.40518,1.40546,1.00,1.00
2015.08.18 19:02:27.103,1.40519,1.40546,1.00,1.00
2015.08.18 19:02:28.179,1.40519,1.40545,1.00,1.00
2015.08.18 19:02:32.383,1.4052,1.40545,1.00,1.00
2015.08.18 19:02:32.968,1.40519,1.40545,1.00,1.00
2015.08.18 19:02:42.613,1.4052,1.40545,1.00,1.00
2015.08.18 19:02:43.265,1.40518,1.40545,1.00,1.00
2015.08.18 19:02:48.261,1.40518,1.40546,1.00,1.00
2015.08.18 19:02:50.989,1.40519,1.40546,1.00,1.00
2015.08.18 19:02:52.982,1.40518,1.40546,1.00,1.00
2015.08.18 19:02:53.173,1.40521,1.40546,1.00,1.00
2015.08.18 19:03:04.282,1.4052,1.40546,1.00,1.00
2015.08.18 19:03:22.347,1.4052,1.40547,1.00,1.00
2015.08.18 19:03:32.776,1.4052,1.40548,1.00,1.00
2015.08.18 19:03:33.706,1.4052,1.40546,1.00,1.00
2015.08.18 19:03:37.781,1.4052,1.4054,1.00,1.00
2015.08.18 19:03:37.882,1.40517,1.4054,1.00,1.00
2015.08.18 19:03:37.983,1.40515,1.40539,1.00,1.00
2015.08.18 19:03:38.034,1.40515,1.4054,1.77,1.50
2015.08.18 19:03:38.365,1.40513,1.40537,1.67,1.00
2015.08.18 19:03:38.905,1.40513,1.40537,1.67,1.00
2015.08.18 19:03:39.524,1.40513,1.40538,1.67,1.00
2015.08.18 19:03:39.867,1.40516,1.40542,1.00,1.00
2015.08.18 19:03:41.194,1.40517,1.40542,1.00,1.00
2015.08.18 19:03:47.179,1.40514,1.40535,1.67,1.00
2015.08.18 19:03:49.066,1.40516,1.40535,1.00,1.00
2015.08.18 19:03:49.117,1.40516,1.40538,1.00,1.00
2015.08.18 19:03:50.278,1.40516,1.40542,1.42,1.00
2015.08.18 19:03:55.214,1.40517,1.40542,1.00,1.00
2015.08.18 19:03:59.676,1.40517,1.40543,1.00,1.00
2015.08.18 19:04:01.527,1.40517,1.40539,1.00,1.00
2015.08.18 19:04:01.628,1.40512,1.40536,1.00,1.00
2015.08.18 19:04:01.679,1.40508,1.4053,1.00,1.00
2015.08.18 19:04:01.780,1.40498,1.40528,1.42,1.00
2015.08.18 19:04:02.200,1.40497,1.40523,1.00,1.00
2015.08.18 19:04:03.358,1.40495,1.40523,1.00,1.00
2015.08.18 19:04:05.374,1.40496,1.40523,1.00,1.00
2015.08.18 19:04:07.106,1.40502,1.40523,1.00,1.00
2015.08.18 19:04:07.418,1.40505,1.40523,1.00,1.00
2015.08.18 19:04:07.568,1.40505,1.40535,1.00,1.50
2015.08.18 19:04:11.426,1.40509,1.40537,1.00,1.00
2015.08.18 19:04:11.978,1.4051,1.40538,1.00,1.00
2015.08.18 19:04:12.080,1.40511,1.40541,1.00,1.00
2015.08.18 19:04:13.835,1.40512,1.4054,1.00,1.00
2015.08.18 19:04:17.122,1.40511,1.40539,1.00,1.00
2015.08.18 19:04:19.631,1.40512,1.4054,1.00,1.00
2015.08.18 19:04:29.091,1.40511,1.40539,1.00,1.00
2015.08.18 19:04:31.621,1.40511,1.40541,1.00,1.00
2015.08.18 19:04:32.420,1.40512,1.4054,1.00,1.00
2015.08.18 19:04:38.977,1.40513,1.40541,1.00,1.00
2015.08.18 19:04:42.071,1.40513,1.40543,1.00,1.50
2015.08.18 19:04:42.222,1.40515,1.40543,1.00,1.50
2015.08.18 19:04:42.966,1.40514,1.40542,1.00,1.00
2015.08.18 19:04:44.051,1.40514,1.40543,1.00,1.00
2015.08.18 19:04:45.601,1.40515,1.40543,1.00,1.00
2015.08.18 19:04:46.049,1.40515,1.40545,1.00,1.57
2015.08.18 19:04:46.761,1.40515,1.40545,1.67,1.50
2015.08.18 19:04:47.546,1.40517,1.40545,1.00,1.50
2015.08.18 19:04:49.120,1.40517,1.40547,1.00,1.00
2015.08.18 19:04:49.281,1.40517,1.40536,1.00,1.00
2015.08.18 19:04:49.533,1.40517,1.4054,1.05,1.50
2015.08.18 19:04:50.224,1.40517,1.40539,1.05,1.00
2015.08.18 19:04:52.239,1.40514,1.40542,1.00,1.00
2015.08.18 19:04:52.776,1.40513,1.40541,1.00,1.00
2015.08.18 19:04:55.093,1.40512,1.40542,1.00,1.00
2015.08.18 19:04:58.409,1.40513,1.40543,1.00,1.00
2015.08.18 19:05:00.961,1.40513,1.40543,1.07,1.00
2015.08.18 19:05:01.474,1.40515,1.40543,1.00,1.00
2015.08.18 19:05:06.907,1.40515,1.4054,1.00,1.00
2015.08.18 19:05:07.306,1.40514,1.40534,1.10,1.00
2015.08.18 19:05:07.563,1.40511,1.40534,1.00,1.00
2015.08.18 19:05:07.887,1.4051,1.40535,1.75,1.00
2015.08.18 19:05:08.467,1.40511,1.40539,1.10,1.00
2015.08.18 19:05:09.040,1.40511,1.40538,1.00,1.00
2015.08.18 19:05:13.912,1.40511,1.40541,1.00,1.50
2015.08.18 19:05:15.074,1.40512,1.40541,1.00,1.00
2015.08.18 19:05:17.542,1.40511,1.40541,1.00,1.50
2015.08.18 19:05:19.060,1.40512,1.40541,1.00,1.00
2015.08.18 19:05:20.370,1.40511,1.40541,1.00,1.50
2015.08.18 19:05:24.185,1.40511,1.40538,1.00,1.00
2015.08.18 19:05:24.738,1.4051,1.40538,1.00,1.00
2015.08.18 19:05:29.722,1.40512,1.40538,1.00,1.00
2015.08.18 19:05:35.495,1.40512,1.40539,1.00,1.00
2015.08.18 19:05:37.771,1.4051,1.40539,1.00,1.00
2015.08.18 19:05:57.874,1.4051,1.40536,1.00,1.00
2015.08.18 19:06:07.358,1.40512,1.40536,1.00,1.00
2015.08.18 19:06:08.085,1.40512,1.40537,1.00,1.00
2015.08.18 19:06:09.111,1.40513,1.40537,1.00,1.00
2015.08.18 19:06:09.813,1.40513,1.40528,1.00,1.00
2015.08.18 19:06:09.965,1.40505,1.40528,1.00,1.00
2015.08.18 19:06:10.355,1.40505,1.40528,2.25,1.00
2015.08.18 19:06:10.406,1.40508,1.40528,1.00,1.00
2015.08.18 19:06:11.281,1.40504,1.4053,1.75,1.50
2015.08.18 19:06:11.382,1.40505,1.40532,1.75,1.00
2015.08.18 19:06:11.483,1.40507,1.40535,1.67,1.00
2015.08.18 19:06:11.584,1.40508,1.40538,1.42,1.50
2015.08.18 19:06:11.735,1.4051,1.40538,1.00,1.50
2015.08.18 19:06:12.488,1.40511,1.40538,1.00,1.00
2015.08.18 19:06:17.112,1.40512,1.40538,1.00,1.00
2015.08.18 19:06:19.292,1.40512,1.40535,1.00,1.00
2015.08.18 19:06:19.350,1.40506,1.40534,1.67,1.00
2015.08.18 19:06:19.401,1.40506,1.40529,1.00,1.00
2015.08.18 19:06:19.553,1.40501,1.4053,2.17,1.00
2015.08.18 19:06:19.704,1.40501,1.40531,2.17,1.67
2015.08.18 19:06:21.228,1.40501,1.40526,2.17,1.00
2015.08.18 19:06:29.609,1.40501,1.40529,1.00,1.42
2015.08.18 19:06:29.659,1.40508,1.40532,1.00,1.00
2015.08.18 19:06:29.811,1.40509,1.40537,1.00,1.00
2015.08.18 19:06:30.325,1.4051,1.40537,1.00,1.00
2015.08.18 19:06:36.157,1.40512,1.40537,1.00,1.00
2015.08.18 19:06:40.237,1.40512,1.40538,1.00,1.00
2015.08.18 19:06:59.779,1.40505,1.40526,1.75,1.00
2015.08.18 19:06:59.880,1.40505,1.40526,1.75,1.00
2015.08.18 19:06:59.982,1.40503,1.40526,1.75,1.00
2015.08.18 19:07:00.214,1.40503,1.40526,1.75,1.00
2015.08.18 19:07:00.716,1.40502,1.40525,1.75,1.00
2015.08.18 19:07:08.079,1.40502,1.40528,1.75,1.00
2015.08.18 19:07:08.230,1.40504,1.40528,1.75,1.00
2015.08.18 19:07:08.483,1.40511,1.40535,1.00,1.00
2015.08.18 19:07:08.720,1.40511,1.40539,1.00,1.50
2015.08.18 19:07:09.734,1.4051,1.40539,1.42,1.00
2015.08.18 19:07:15.082,1.40513,1.40539,1.00,1.00
2015.08.18 19:07:18.799,1.40513,1.40538,1.00,1.00
2015.08.18 19:07:19.059,1.40504,1.4053,1.00,1.00
2015.08.18 19:07:19.275,1.40504,1.40528,1.00,1.00
2015.08.18 19:07:19.977,1.40504,1.40526,1.00,1.00
2015.08.18 19:07:20.280,1.40503,1.40526,1.67,1.00
2015.08.18 19:07:21.052,1.40507,1.40529,1.00,1.00
2015.08.18 19:07:21.153,1.40507,1.4053,1.67,1.00
2015.08.18 19:07:21.204,1.40507,1.40534,1.67,1.00
2015.08.18 19:07:21.312,1.4051,1.40536,1.67,1.00
2015.08.18 19:07:21.875,1.40511,1.40539,1.67,1.50
2015.08.18 19:07:22.419,1.40511,1.40539,1.00,1.00
2015.08.18 19:07:25.147,1.40511,1.40538,1.00,1.00
2015.08.18 19:07:32.805,1.40512,1.40538,1.00,1.00
2015.08.18 19:07:37.527,1.40512,1.4053,1.00,1.00
2015.08.18 19:07:37.580,1.40504,1.4053,1.00,1.00
2015.08.18 19:07:37.681,1.40504,1.40532,1.00,2.17
2015.08.18 19:07:38.245,1.40503,1.40527,1.00,1.00
2015.08.18 19:07:38.699,1.40502,1.40527,1.00,1.67
2015.08.18 19:07:39.372,1.40501,1.40525,1.50,1.42
2015.08.18 19:07:39.974,1.40502,1.40525,1.00,1.42
2015.08.18 19:07:40.672,1.40501,1.40525,1.50,1.42
2015.08.18 19:07:41.929,1.40503,1.40525,1.00,1.42
2015.08.18 19:07:45.351,1.40502,1.40525,1.00,1.00
2015.08.18 19:07:46.236,1.40502,1.40525,1.00,1.07
2015.08.18 19:07:46.982,1.40501,1.40525,1.00,1.07
2015.08.18 19:07:50.276,1.40501,1.40525,1.00,1.00
2015.08.18 19:07:50.611,1.40498,1.40523,1.00,1.00
2015.08.18 19:07:50.762,1.40495,1.40523,1.00,1.42
2015.08.18 19:07:51.117,1.40495,1.40523,1.00,2.17
2015.08.18 19:07:51.683,1.40498,1.40524,1.00,1.77
2015.08.18 19:07:51.733,1.40498,1.40524,1.00,1.00
2015.08.18 19:07:52.076,1.40498,1.40526,1.00,1.50
2015.08.18 19:07:53.041,1.40499,1.40526,1.00,1.00
2015.08.18 19:07:53.698,1.40499,1.40528,1.67,1.00
2015.08.18 19:07:53.829,1.40502,1.4053,1.00,1.00
2015.08.18 19:07:54.333,1.40503,1.4053,1.42,1.00
2015.08.18 19:07:54.879,1.40503,1.40531,1.42,1.00
2015.08.18 19:07:56.551,1.40502,1.40532,1.67,1.50
2015.08.18 19:07:57.028,1.40505,1.40533,1.00,1.00
2015.08.18 19:07:59.971,1.40504,1.40534,1.00,1.50
2015.08.18 19:08:00.282,1.40504,1.40528,1.00,1.00
2015.08.18 19:08:00.333,1.405,1.40528,2.25,1.00
2015.08.18 19:08:00.484,1.405,1.40528,1.10,1.00
2015.08.18 19:08:00.535,1.40498,1.40526,1.42,1.00
2015.08.18 19:08:00.972,1.40499,1.40523,1.00,1.00
2015.08.18 19:08:01.387,1.40495,1.40523,2.25,1.00
2015.08.18 19:08:01.966,1.40497,1.40523,1.00,1.67
2015.08.18 19:08:02.187,1.40501,1.40524,1.00,1.67
2015.08.18 19:08:03.391,1.40501,1.40523,1.00,1.50
2015.08.18 19:08:06.278,1.40501,1.40521,1.00,1.00
2015.08.18 19:08:06.389,1.40498,1.40521,1.00,1.00
2015.08.18 19:08:06.541,1.40496,1.40521,1.00,1.00
2015.08.18 19:08:06.591,1.40498,1.40521,1.00,1.00
2015.08.18 19:08:06.894,1.405,1.40526,1.00,1.00
2015.08.18 19:08:07.571,1.40499,1.40524,1.00,1.00
2015.08.18 19:08:12.830,1.405,1.40524,1.00,1.00
2015.08.18 19:08:16.734,1.40501,1.40524,1.00,1.00
2015.08.18 19:08:17.710,1.40497,1.4052,1.00,1.00
2015.08.18 19:08:17.811,1.40492,1.4052,1.67,1.00
2015.08.18 19:08:17.912,1.40492,1.4052,1.42,1.00
2015.08.18 19:08:18.064,1.40492,1.40515,1.42,1.00
2015.08.18 19:08:18.492,1.40492,1.40515,1.67,1.00
2015.08.18 19:08:23.875,1.40495,1.40515,1.00,1.00
2015.08.18 19:08:23.926,1.40495,1.40522,1.42,1.00
2015.08.18 19:08:24.028,1.40496,1.40523,1.67,1.00
2015.08.18 19:08:27.304,1.40495,1.40524,2.25,1.50
2015.08.18 19:08:27.607,1.40499,1.40529,1.67,1.50
2015.08.18 19:08:27.658,1.40499,1.40529,1.42,1.50
2015.08.18 19:08:27.821,1.40503,1.40529,1.00,1.00
2015.08.18 19:08:27.922,1.40503,1.40531,1.00,1.00
2015.08.18 19:08:28.448,1.40504,1.40532,1.00,1.00
2015.08.18 19:08:29.121,1.40504,1.40534,1.00,1.50
2015.08.18 19:08:35.637,1.40505,1.40533,1.00,1.00
2015.08.18 19:08:39.152,1.40507,1.40535,1.00,1.00
2015.08.18 19:08:41.104,1.40508,1.40536,1.00,1.50
2015.08.18 19:08:41.980,1.40507,1.40536,1.00,1.00
2015.08.18 19:08:43.080,1.40509,1.40536,1.00,1.00
2015.08.18 19:08:45.770,1.40509,1.40535,1.00,1.00
2015.08.18 19:08:46.072,1.40501,1.40526,2.17,1.00
2015.08.18 19:08:46.574,1.40502,1.40524,1.00,1.00
2015.08.18 19:08:47.275,1.40501,1.40524,2.17,1.00
2015.08.18 19:08:53.025,1.40501,1.40523,1.42,1.00
2015.08.18 19:08:53.552,1.40499,1.40522,1.10,1.00
2015.08.18 19:08:53.603,1.40497,1.40522,1.00,1.00
2015.08.18 19:08:54.558,1.40497,1.40522,1.00,1.50
2015.08.18 19:08:54.630,1.40495,1.40522,1.00,1.50
2015.08.18 19:09:13.160,1.40495,1.40523,1.50,1.67
2015.08.18 19:09:13.564,1.40495,1.4052,1.50,1.00
2015.08.18 19:09:15.784,1.40495,1.40515,1.50,1.00
2015.08.18 19:09:15.986,1.40492,1.40515,1.50,1.00
2015.08.18 19:09:17.324,1.40494,1.40515,1.00,1.00
2015.08.18 19:09:17.375,1.40494,1.40519,1.00,1.75
2015.08.18 19:09:18.103,1.40495,1.40519,1.00,1.75
2015.08.18 19:09:18.852,1.40495,1.40519,1.50,1.10
2015.08.18 19:09:19.056,1.40496,1.40521,1.00,1.00
2015.08.18 19:09:19.107,1.40496,1.40523,1.00,2.55
2015.08.18 19:09:19.208,1.40496,1.40523,1.00,1.50
2015.08.18 19:09:19.845,1.40498,1.40523,1.00,1.00
2015.08.18 19:09:22.368,1.40499,1.40523,1.00,1.00
2015.08.18 19:09:30.178,1.40499,1.40521,1.00,1.00
2015.08.18 19:09:34.637,1.405,1.40521,1.00,1.00
2015.08.18 19:09:39.383,1.405,1.40524,1.00,1.00
2015.08.18 19:09:39.808,1.405,1.40527,1.00,1.50
2015.08.18 19:09:41.249,1.40501,1.40527,1.00,1.00
2015.08.18 19:09:43.024,1.40501,1.40514,1.00,1.00
2015.08.18 19:09:43.075,1.40497,1.40514,1.00,1.00
2015.08.18 19:09:43.276,1.40493,1.40514,1.67,1.00
2015.08.18 19:09:43.440,1.40493,1.40514,1.00,1.00
2015.08.18 19:09:47.021,1.40493,1.40516,1.42,1.00
2015.08.18 19:09:47.123,1.40498,1.40516,1.00,1.00
2015.08.18 19:09:47.274,1.40498,1.40521,1.67,1.00
2015.08.18 19:09:47.580,1.40498,1.40525,1.42,1.00
2015.08.18 19:09:48.116,1.405,1.40528,1.00,1.00
2015.08.18 19:09:50.569,1.405,1.40529,1.00,1.00
2015.08.18 19:09:51.157,1.40503,1.40531,1.00,1.00
2015.08.18 19:09:51.702,1.40503,1.40532,1.00,1.00
2015.08.18 19:09:53.400,1.40504,1.40533,1.00,1.00
2015.08.18 19:09:55.019,1.40504,1.40524,1.00,1.00
2015.08.18 19:09:55.070,1.40497,1.40523,1.77,1.00
2015.08.18 19:09:55.221,1.40497,1.40519,1.00,1.00
2015.08.18 19:09:55.272,1.40492,1.40519,1.00,1.00
2015.08.18 19:09:55.393,1.40494,1.40517,1.00,1.00
2015.08.18 19:09:56.278,1.40494,1.40516,1.42,1.00
2015.08.18 19:09:56.970,1.40493,1.40516,1.00,1.00
2015.08.18 19:09:58.450,1.40499,1.40524,1.00,1.00
2015.08.18 19:09:58.603,1.40499,1.40526,1.00,1.00
2015.08.18 19:09:58.654,1.40499,1.40528,1.00,1.00
2015.08.18 19:09:59.104,1.40501,1.40528,1.00,1.00
2015.08.18 19:09:59.321,1.40502,1.40531,1.00,1.00
2015.08.18 19:10:00.275,1.40502,1.40523,1.00,1.00
2015.08.18 19:10:00.326,1.40498,1.40523,1.67,1.00
2015.08.18 19:10:00.529,1.40496,1.40523,1.00,1.00
2015.08.18 19:10:01.922,1.40496,1.40523,1.00,1.77
2015.08.18 19:10:02.645,1.40496,1.40521,1.00,1.00
2015.08.18 19:10:04.269,1.40496,1.40522,1.00,1.50
2015.08.18 19:10:09.217,1.40496,1.4052,1.00,1.00
2015.08.18 19:10:11.077,1.40495,1.4052,1.50,1.00
2015.08.18 19:10:29.185,1.40495,1.40521,1.50,1.10
2015.08.18 19:10:43.887,1.40497,1.40523,1.00,1.50
2015.08.18 19:10:44.340,1.40495,1.40524,1.50,2.32
2015.08.18 19:10:58.316,1.40494,1.40517,1.00,1.00
2015.08.18 19:10:58.487,1.40492,1.40517,1.50,1.00
2015.08.18 19:10:59.220,1.40492,1.40514,1.50,1.00
2015.08.18 19:11:03.872,1.40492,1.40521,1.50,1.75
2015.08.18 19:11:03.973,1.40493,1.40522,1.00,1.07
2015.08.18 19:11:04.024,1.40495,1.40523,1.00,1.50
2015.08.18 19:11:04.313,1.40497,1.40523,1.00,1.00
2015.08.18 19:11:04.866,1.40496,1.40523,1.00,1.50
2015.08.18 19:11:04.917,1.40496,1.40523,1.00,1.57
2015.08.18 19:11:07.398,1.40496,1.40523,1.00,2.17
2015.08.18 19:11:07.701,1.405,1.40527,1.00,1.00
2015.08.18 19:11:31.047,1.405,1.40528,1.00,1.10
2015.08.18 19:11:32.381,1.40501,1.40528,1.00,1.57
2015.08.18 19:11:33.273,1.40501,1.40523,1.00,1.00
2015.08.18 19:11:33.480,1.40493,1.40516,1.00,1.00
2015.08.18 19:11:55.481,1.40493,1.40515,1.00,1.00
2015.08.18 19:11:59.537,1.40492,1.40515,1.00,1.00
2015.08.18 19:12:04.315,1.40492,1.40516,1.00,1.00
2015.08.18 19:12:13.029,1.40492,1.40515,1.00,1.00
2015.08.18 19:12:13.080,1.4049,1.40515,1.00,1.00
2015.08.18 19:12:13.131,1.40488,1.40515,1.00,1.07
2015.08.18 19:12:13.333,1.40485,1.40514,1.00,1.00
2015.08.18 19:12:17.135,1.40486,1.40513,1.00,1.00
2015.08.18 19:12:19.120,1.40485,1.40512,1.00,1.00
2015.08.18 19:12:19.171,1.40485,1.40509,1.00,1.07
2015.08.18 19:12:20.085,1.40484,1.40509,1.00,1.07
2015.08.18 19:12:23.039,1.40484,1.40509,1.00,1.00
2015.08.18 19:12:39.370,1.40484,1.40508,1.00,1.00
2015.08.18 19:12:46.883,1.40484,1.40509,1.00,1.00
2015.08.18 19:12:49.804,1.4048,1.40509,1.00,1.50
2015.08.18 19:12:49.905,1.4048,1.405,1.42,1.00
2015.08.18 19:12:50.107,1.40477,1.405,1.10,1.00
2015.08.18 19:12:50.309,1.40476,1.40498,1.14,1.00
2015.08.18 19:12:50.641,1.40476,1.40496,1.14,1.00
2015.08.18 19:12:51.771,1.40476,1.40499,1.14,1.50
2015.08.18 19:12:51.922,1.40479,1.40499,1.00,1.00
2015.08.18 19:12:52.074,1.40479,1.40505,1.00,1.10
2015.08.18 19:12:53.570,1.40478,1.40505,1.00,1.10
2015.08.18 19:12:54.901,1.4048,1.40505,1.50,1.10
2015.08.18 19:13:15.104,1.40481,1.40505,1.00,1.00
2015.08.18 19:13:16.094,1.40481,1.40504,1.00,1.00
2015.08.18 19:13:31.058,1.4048,1.40504,1.00,1.00
2015.08.18 19:13:36.955,1.4048,1.40503,1.00,1.00
2015.08.18 19:13:51.313,1.40481,1.40503,1.00,1.00
2015.08.18 19:13:56.814,1.40481,1.40504,1.00,1.00
2015.08.18 19:14:07.943,1.40481,1.40503,1.00,1.00
2015.08.18 19:14:23.303,1.40482,1.40503,1.00,1.00
2015.08.18 19:14:27.567,1.40482,1.40504,1.00,1.00
2015.08.18 19:14:39.033,1.4048,1.40504,1.00,1.00
2015.08.18 19:14:55.475,1.4048,1.40506,1.00,1.00
2015.08.18 19:14:55.863,1.40483,1.4051,1.00,1.00
2015.08.18 19:14:56.514,1.40486,1.40513,1.00,1.00
2015.08.18 19:14:56.565,1.40486,1.40515,1.00,1.00
2015.08.18 19:14:57.103,1.40488,1.40515,1.00,1.00
2015.08.18 19:14:59.053,1.40487,1.40516,1.00,1.00
2015.08.18 19:15:15.144,1.40488,1.40515,1.00,1.00
2015.08.18 19:15:26.475,1.40489,1.40516,1.00,1.00
2015.08.18 19:15:27.688,1.40488,1.40517,1.00,1.00
2015.08.18 19:15:28.001,1.40492,1.40519,1.00,1.00
2015.08.18 19:15:29.010,1.40491,1.4052,1.00,1.00
2015.08.18 19:15:30.926,1.40493,1.40522,2.17,1.00
2015.08.18 19:15:31.229,1.40495,1.40524,1.67,1.00
2015.08.18 19:15:31.742,1.40496,1.40525,1.00,1.00
2015.08.18 19:15:32.292,1.40497,1.40526,1.00,1.00
2015.08.18 19:15:35.572,1.40499,1.40526,1.00,1.00
2015.08.18 19:15:35.840,1.405,1.40529,1.00,1.00
2015.08.18 19:15:36.143,1.40498,1.40522,1.00,1.00
2015.08.18 19:15:36.619,1.40491,1.40518,1.75,1.00
2015.08.18 19:15:36.670,1.40494,1.4052,1.00,1.00
2015.08.18 19:15:37.207,1.40492,1.40519,1.77,1.00
2015.08.18 19:15:37.410,1.40492,1.40519,1.77,1.00
2015.08.18 19:15:38.514,1.40492,1.4052,1.77,1.50
2015.08.18 19:15:38.920,1.40498,1.40525,1.67,1.00
2015.08.18 19:15:39.021,1.40502,1.40529,1.00,1.00
2015.08.18 19:15:39.210,1.40504,1.40531,1.00,1.00
2015.08.18 19:15:41.638,1.40505,1.40532,1.00,1.00
2015.08.18 19:15:42.456,1.40505,1.40534,1.00,1.00
2015.08.18 19:15:42.612,1.40507,1.40534,1.00,1.00
2015.08.18 19:15:43.244,1.40506,1.40533,1.00,1.00
2015.08.18 19:15:45.182,1.40504,1.40533,1.67,1.00
2015.08.18 19:15:45.704,1.40506,1.40533,1.00,1.00
2015.08.18 19:15:48.114,1.40504,1.40533,1.67,1.00
2015.08.18 19:15:54.051,1.40504,1.40531,1.67,1.00
2015.08.18 19:15:54.695,1.40504,1.40531,1.00,1.00
2015.08.18 19:15:55.485,1.40502,1.40531,1.42,1.00
2015.08.18 19:15:58.566,1.40499,1.40525,1.75,1.00
2015.08.18 19:15:58.869,1.40499,1.4052,1.67,1.50
2015.08.18 19:15:59.250,1.40493,1.4052,1.75,1.50
2015.08.18 19:16:00.420,1.40493,1.40518,1.75,1.00
2015.08.18 19:16:01.574,1.40492,1.40519,1.75,1.00
2015.08.18 19:16:01.625,1.40492,1.40519,1.07,1.00
2015.08.18 19:16:01.736,1.40492,1.40519,1.00,1.00
2015.08.18 19:16:01.787,1.4049,1.40519,1.00,1.00
2015.08.18 19:16:01.888,1.40486,1.40521,1.05,1.00
2015.08.18 19:16:01.939,1.40487,1.40524,1.05,1.00
2015.08.18 19:16:03.740,1.40487,1.40523,1.05,1.00
2015.08.18 19:16:04.250,1.40485,1.40523,1.75,1.00
2015.08.18 19:16:12.446,1.40485,1.40524,1.75,1.00
2015.08.18 19:16:18.201,1.40484,1.40522,1.75,1.00
2015.08.18 19:16:19.516,1.40485,1.40522,1.75,1.00
2015.08.18 19:16:22.524,1.40484,1.40522,1.75,1.00
2015.08.18 19:16:26.885,1.40487,1.40522,1.00,1.00
2015.08.18 19:16:57.924,1.40487,1.40519,1.00,1.00
2015.08.18 19:16:58.699,1.40487,1.4052,1.00,1.00
2015.08.18 19:17:00.202,1.40487,1.40521,1.00,1.50
2015.08.18 19:17:03.597,1.40485,1.40521,1.75,1.00
2015.08.18 19:17:04.112,1.40487,1.40521,1.00,1.50
2015.08.18 19:17:07.521,1.40485,1.40518,1.75,1.00
2015.08.18 19:17:07.622,1.40487,1.4052,1.00,1.00
2015.08.18 19:17:08.939,1.40484,1.40518,1.75,1.00
2015.08.18 19:17:16.620,1.40487,1.40521,1.00,1.00
2015.08.18 19:17:16.721,1.40487,1.40519,1.00,1.00
2015.08.18 19:17:19.699,1.40484,1.40521,1.75,1.50
2015.08.18 19:17:20.372,1.40484,1.4052,1.75,1.00
2015.08.18 19:17:32.950,1.40484,1.40519,1.75,1.00
2015.08.18 19:17:49.885,1.4048,1.40518,1.75,1.00
2015.08.18 19:17:50.595,1.4048,1.40519,1.75,1.00
2015.08.18 19:17:55.095,1.40479,1.40521,1.75,1.00
2015.08.18 19:17:55.624,1.40495,1.40524,1.67,1.00
2015.08.18 19:17:56.224,1.40496,1.40523,1.42,1.00
2015.08.18 19:17:56.926,1.40482,1.40524,1.05,1.00
2015.08.18 19:18:00.419,1.40484,1.40524,1.67,1.00
2015.08.18 19:18:03.892,1.40496,1.40523,1.00,1.00
2015.08.18 19:18:04.965,1.40495,1.40524,1.00,1.00
2015.08.18 19:18:05.386,1.40485,1.40523,1.75,1.00
2015.08.18 19:18:05.970,1.40496,1.40523,1.00,1.00
2015.08.18 19:18:07.446,1.4049,1.40523,1.10,1.00
2015.08.18 19:18:07.497,1.40485,1.40523,1.75,1.00
2015.08.18 19:18:07.828,1.40489,1.40516,1.00,1.00
2015.08.18 19:18:08.132,1.40487,1.40513,1.00,1.00
2015.08.18 19:18:11.998,1.40487,1.40511,1.00,1.00
2015.08.18 19:18:15.081,1.40486,1.40511,1.00,1.00
2015.08.18 19:18:20.595,1.40486,1.40512,1.00,1.00
2015.08.18 19:18:23.987,1.40486,1.40511,1.00,1.00
2015.08.18 19:18:33.997,1.40486,1.40512,1.00,1.00
2015.08.18 19:18:35.333,1.40487,1.40512,1.00,1.00
2015.08.18 19:18:39.720,1.40487,1.40511,1.00,1.00
2015.08.18 19:18:43.948,1.40487,1.40513,1.00,1.50
2015.08.18 19:18:44.757,1.40486,1.40513,1.00,1.50
2015.08.18 19:18:48.740,1.40486,1.40512,1.00,1.00
2015.08.18 19:18:51.147,1.40486,1.40513,1.00,1.50
2015.08.18 19:18:59.182,1.40486,1.40509,1.00,1.00
2015.08.18 19:19:11.620,1.40486,1.40511,1.00,1.00
2015.08.18 19:19:20.040,1.40486,1.40508,1.00,1.00
2015.08.18 19:19:27.117,1.40485,1.40508,1.00,1.00
2015.08.18 19:19:30.177,1.40485,1.40509,1.00,1.00
2015.08.18 19:19:40.266,1.40485,1.40508,1.00,1.00
2015.08.18 19:19:47.340,1.40485,1.40512,1.00,1.50
2015.08.18 19:19:47.886,1.40486,1.40512,1.00,1.50
2015.08.18 19:19:48.728,1.40485,1.40511,1.00,1.00
2015.08.18 19:19:52.105,1.40486,1.40511,1.00,1.00
2015.08.18 19:19:56.380,1.40486,1.40513,1.00,1.00
2015.08.18 19:19:57.028,1.40487,1.40513,1.00,1.00
2015.08.18 19:19:57.944,1.40486,1.40513,1.42,1.00
2015.08.18 19:19:57.998,1.40488,1.40513,1.42,1.00
2015.08.18 19:20:00.187,1.40485,1.4051,1.42,1.00
2015.08.18 19:20:00.372,1.40483,1.4051,1.42,1.00
2015.08.18 19:20:00.473,1.40483,1.40508,1.42,1.00
2015.08.18 19:20:15.617,1.40483,1.40508,1.67,1.00
2015.08.18 19:20:16.287,1.40485,1.40508,1.67,1.00
2015.08.18 19:20:16.515,1.40485,1.40512,1.67,1.00
2015.08.18 19:20:17.030,1.40486,1.40513,1.00,1.50
2015.08.18 19:20:17.231,1.40486,1.40511,1.00,1.00
2015.08.18 19:20:17.818,1.40484,1.40511,1.00,1.50
2015.08.18 19:20:23.081,1.40485,1.40511,1.00,1.00
2015.08.18 19:20:38.371,1.40485,1.4051,1.00,1.00
2015.08.18 19:20:49.184,1.40485,1.40512,1.00,2.17
2015.08.18 19:20:52.417,1.40485,1.40511,1.00,1.00
2015.08.18 19:21:03.770,1.40485,1.40503,1.00,1.00
2015.08.18 19:21:03.820,1.40481,1.40503,1.00,1.00
2015.08.18 19:21:03.921,1.40481,1.405,1.00,1.00
2015.08.18 19:21:04.619,1.40479,1.405,1.67,1.50
2015.08.18 19:21:04.670,1.40477,1.405,1.04,1.50
2015.08.18 19:21:06.147,1.40478,1.405,1.42,1.00
2015.08.18 19:21:06.349,1.4048,1.405,1.00,1.00
2015.08.18 19:21:06.568,1.4048,1.40502,1.00,1.00
2015.08.18 19:21:19.224,1.40479,1.40502,1.00,1.00
2015.08.18 19:21:20.018,1.40479,1.40497,1.00,1.00
2015.08.18 19:21:20.119,1.40477,1.40497,1.04,1.00
2015.08.18 19:21:20.676,1.40476,1.40497,1.04,1.00
2015.08.18 19:21:21.287,1.40477,1.40497,1.00,1.00
2015.08.18 19:21:33.670,1.40476,1.40497,1.04,1.00
2015.08.18 19:21:34.217,1.40475,1.40497,1.03,1.00
2015.08.18 19:21:34.318,1.40472,1.40495,1.03,1.00
2015.08.18 19:21:34.670,1.40472,1.40495,1.03,1.67
2015.08.18 19:21:34.724,1.40471,1.40495,1.00,1.67
2015.08.18 19:21:34.876,1.40468,1.40492,1.00,1.67
2015.08.18 19:21:35.078,1.40453,1.40491,1.05,1.67
2015.08.18 19:21:35.179,1.40449,1.40491,2.75,1.67
2015.08.18 19:21:35.280,1.40464,1.40491,1.00,2.17
2015.08.18 19:21:36.679,1.40464,1.40491,1.00,1.67
2015.08.18 19:21:39.379,1.40463,1.40492,1.00,2.17
2015.08.18 19:21:39.430,1.40463,1.40492,1.00,2.17
2015.08.18 19:21:41.436,1.40463,1.40492,1.07,1.67
2015.08.18 19:21:41.697,1.40463,1.40492,1.07,1.67
2015.08.18 19:21:43.923,1.40463,1.40492,1.07,2.17
2015.08.18 19:21:44.124,1.40463,1.40491,1.00,1.42
2015.08.18 19:21:45.272,1.4046,1.40489,1.05,1.00
2015.08.18 19:21:45.424,1.4046,1.40489,1.00,1.50
2015.08.18 19:21:45.629,1.40459,1.40488,1.00,2.17
2015.08.18 19:21:45.730,1.40457,1.40486,1.00,1.50
2015.08.18 19:21:45.781,1.40457,1.4048,1.00,1.00
2015.08.18 19:21:45.932,1.40453,1.4048,1.00,1.50
2015.08.18 19:21:46.466,1.40452,1.40479,1.00,1.00
2015.08.18 19:21:48.016,1.40452,1.4048,1.00,1.00
2015.08.18 19:21:48.268,1.40454,1.40481,1.00,1.00
2015.08.18 19:21:48.369,1.40451,1.4048,1.67,1.00
2015.08.18 19:21:49.395,1.40456,1.4048,1.00,1.50
2015.08.18 19:21:49.623,1.4045,1.40479,1.42,1.00
2015.08.18 19:21:49.826,1.40449,1.40476,1.67,1.00
2015.08.18 19:21:50.106,1.40449,1.40478,1.67,1.00
2015.08.18 19:21:50.728,1.40449,1.40478,1.42,1.00
2015.08.18 19:21:54.955,1.40449,1.40476,1.42,1.00
2015.08.18 19:21:55.490,1.40448,1.40477,1.67,1.00
2015.08.18 19:22:00.337,1.40449,1.40476,1.42,1.00
2015.08.18 19:22:01.708,1.4045,1.40477,1.00,1.00
2015.08.18 19:22:03.968,1.40449,1.40476,1.42,1.00
2015.08.18 19:22:06.672,1.40449,1.40476,1.67,1.00
2015.08.18 19:22:13.250,1.40451,1.40478,1.67,1.50
2015.08.18 19:22:14.942,1.40456,1.40478,1.00,1.50
2015.08.18 19:22:16.025,1.40453,1.40478,1.00,1.50
2015.08.18 19:22:16.177,1.40461,1.40478,1.00,1.50
2015.08.18 19:22:16.278,1.40458,1.40478,1.00,1.50
2015.08.18 19:22:16.429,1.40454,1.40474,1.00,1.00
2015.08.18 19:22:16.607,1.40454,1.40478,1.00,1.50
2015.08.18 19:22:42.320,1.40453,1.40479,1.00,1.00
2015.08.18 19:22:42.371,1.40457,1.40481,1.00,1.50
2015.08.18 19:22:42.673,1.40454,1.40482,1.50,1.00
2015.08.18 19:22:42.889,1.40454,1.4048,1.00,1.00
2015.08.18 19:22:51.166,1.40454,1.4048,1.67,1.00
2015.08.18 19:22:51.606,1.40454,1.40474,1.67,1.00
2015.08.18 19:22:51.657,1.40451,1.40474,1.67,1.00
2015.08.18 19:22:53.907,1.40452,1.40474,1.67,1.00
2015.08.18 19:22:54.238,1.40452,1.40481,1.67,1.50
2015.08.18 19:23:04.216,1.40454,1.40479,1.42,1.00
2015.08.18 19:23:12.401,1.40454,1.40479,1.67,1.00
2015.08.18 19:23:15.271,1.40454,1.40474,1.67,1.00
2015.08.18 19:23:15.738,1.40452,1.40474,1.00,1.00
2015.08.18 19:23:17.565,1.40452,1.40475,1.00,1.00
2015.08.18 19:23:17.666,1.4045,1.40475,1.67,1.00
2015.08.18 19:23:17.818,1.4045,1.40478,2.17,1.00
2015.08.18 19:23:18.349,1.40452,1.40478,1.67,1.00
2015.08.18 19:23:19.605,1.40455,1.40478,1.00,1.00
2015.08.18 19:23:19.929,1.40455,1.40481,1.00,1.50
2015.08.18 19:23:27.057,1.40455,1.4048,1.00,1.00
2015.08.18 19:23:57.814,1.40455,1.40479,1.00,1.00
2015.08.18 19:23:57.865,1.40453,1.40479,1.00,1.00
2015.08.18 19:23:58.067,1.4045,1.40478,1.00,1.00
2015.08.18 19:23:58.489,1.4045,1.40473,1.00,1.00
2015.08.18 19:24:03.524,1.4045,1.40474,1.50,1.00
2015.08.18 19:24:03.777,1.40451,1.4048,1.42,1.00
2015.08.18 19:24:04.500,1.40452,1.40481,1.00,1.50
2015.08.18 19:24:05.064,1.40453,1.40481,1.00,1.50
2015.08.18 19:24:05.506,1.40455,1.40481,1.00,1.50
2015.08.18 19:24:10.524,1.40453,1.40481,1.00,1.50
2015.08.18 19:24:10.726,1.40451,1.4048,1.42,1.00
2015.08.18 19:24:10.827,1.40455,1.4048,1.00,1.00
2015.08.18 19:24:12.358,1.40453,1.4048,1.50,1.00
2015.08.18 19:24:12.610,1.40455,1.40479,1.00,1.00
2015.08.18 19:24:14.544,1.40452,1.40479,1.50,1.00
2015.08.18 19:24:14.797,1.40455,1.40479,1.00,1.00
2015.08.18 19:24:16.391,1.40452,1.40479,1.50,1.00
2015.08.18 19:24:17.075,1.40451,1.40478,1.00,1.00
2015.08.18 19:24:23.024,1.40449,1.40478,1.67,1.00
2015.08.18 19:24:23.176,1.40449,1.40478,1.67,1.00
2015.08.18 19:24:23.760,1.4045,1.40478,1.67,1.00
2015.08.18 19:24:24.275,1.40452,1.40478,1.00,1.00
2015.08.18 19:24:24.635,1.40452,1.4048,1.50,1.00
2015.08.18 19:24:24.874,1.40455,1.4048,1.00,1.00
2015.08.18 19:24:28.032,1.4046,1.40482,1.00,1.00
2015.08.18 19:24:28.183,1.40456,1.40482,1.00,1.00
2015.08.18 19:24:28.284,1.40455,1.4048,1.00,1.00
2015.08.18 19:24:28.819,1.40455,1.40479,1.00,1.00
2015.08.18 19:24:35.292,1.40455,1.4048,1.00,1.50
2015.08.18 19:24:40.513,1.40455,1.40481,1.00,1.00
2015.08.18 19:24:44.976,1.40452,1.40473,1.42,1.00
2015.08.18 19:24:49.654,1.40452,1.40479,1.67,1.00
2015.08.18 19:24:50.194,1.40452,1.4048,1.67,1.00
2015.08.18 19:24:51.279,1.40456,1.4048,1.00,1.00
2015.08.18 19:25:01.195,1.40456,1.40479,1.00,1.00
2015.08.18 19:25:11.265,1.40456,1.4048,1.00,1.00
2015.08.18 19:25:22.074,1.40453,1.40479,1.67,1.00
2015.08.18 19:25:22.176,1.40453,1.40479,1.50,1.37
2015.08.18 19:25:22.479,1.40441,1.40468,1.75,1.50
2015.08.18 19:25:23.020,1.40441,1.40468,1.75,1.50
2015.08.18 19:25:23.440,1.40441,1.40464,1.75,1.00
2015.08.18 19:25:33.475,1.40441,1.40465,1.67,1.00
2015.08.18 19:25:43.968,1.40441,1.40464,1.67,1.00
2015.08.18 19:26:14.468,1.40441,1.40465,1.67,1.00
2015.08.18 19:26:24.748,1.40437,1.40464,1.75,1.00
2015.08.18 19:26:25.524,1.40437,1.40462,1.75,1.00
2015.08.18 19:26:25.893,1.40441,1.40462,1.42,1.00
2015.08.18 19:26:35.564,1.40441,1.40463,1.00,1.00
2015.08.18 19:26:40.953,1.4044,1.40463,1.00,1.00
2015.08.18 19:26:41.054,1.4044,1.40461,1.00,1.00
2015.08.18 19:26:41.474,1.40441,1.40464,1.42,1.00
2015.08.18 19:26:42.195,1.40443,1.40466,1.00,1.00
2015.08.18 19:26:42.967,1.40443,1.40468,1.00,1.00
2015.08.18 19:26:53.068,1.40443,1.40467,1.42,1.00
2015.08.18 19:26:58.465,1.40442,1.40467,1.50,1.00
2015.08.18 19:26:58.566,1.40442,1.4046,1.00,1.00
2015.08.18 19:26:58.667,1.40434,1.4046,1.57,1.67
2015.08.18 19:26:58.718,1.40434,1.4046,1.00,1.67
2015.08.18 19:26:58.819,1.40427,1.40453,1.67,1.00
2015.08.18 19:26:59.121,1.4043,1.40449,1.00,1.42
2015.08.18 19:26:59.172,1.4042,1.40449,1.00,1.67
2015.08.18 19:26:59.223,1.40412,1.40443,1.37,1.00
2015.08.18 19:26:59.274,1.40412,1.40443,1.00,1.00
2015.08.18 19:26:59.576,1.40408,1.40439,1.42,1.00
2015.08.18 19:26:59.983,1.40406,1.40435,1.00,1.00
2015.08.18 19:27:00.487,1.40405,1.40434,1.00,1.00
2015.08.18 19:27:01.073,1.40404,1.40435,1.00,1.00
2015.08.18 19:27:01.565,1.40407,1.40438,1.00,1.00
2015.08.18 19:27:02.156,1.40407,1.40436,1.42,1.00
2015.08.18 19:27:02.522,1.40409,1.40436,1.00,1.00
2015.08.18 19:27:02.723,1.40409,1.40438,1.00,1.00
2015.08.18 19:27:03.224,1.4041,1.40439,1.00,1.00
2015.08.18 19:27:03.710,1.4041,1.40441,1.00,1.50
2015.08.18 19:27:04.062,1.40412,1.40441,1.00,1.50
2015.08.18 19:27:04.977,1.40413,1.40442,1.00,1.00
2015.08.18 19:27:06.237,1.40412,1.40443,1.42,1.00
2015.08.18 19:27:06.631,1.40421,1.40445,1.00,1.50
2015.08.18 19:27:06.732,1.40421,1.40452,1.42,1.50
2015.08.18 19:27:07.276,1.40422,1.40451,1.42,1.00
2015.08.18 19:27:07.377,1.40422,1.40454,1.42,1.00
2015.08.18 19:27:07.917,1.40423,1.40454,2.17,1.00
2015.08.18 19:27:07.972,1.40423,1.40456,2.17,1.50
2015.08.18 19:27:08.476,1.40424,1.40456,1.00,1.50
2015.08.18 19:27:08.737,1.40425,1.40456,1.67,1.50
2015.08.18 19:27:10.697,1.40425,1.40458,1.77,1.00
2015.08.18 19:27:10.798,1.40428,1.4046,1.67,1.50
2015.08.18 19:27:10.899,1.40428,1.4046,1.67,1.50
2015.08.18 19:27:11.892,1.40427,1.40459,1.67,1.00
2015.08.18 19:27:12.243,1.40429,1.40461,1.67,1.00
2015.08.18 19:27:13.539,1.4043,1.40462,1.67,1.50
2015.08.18 19:27:14.071,1.40429,1.40461,2.17,1.00
2015.08.18 19:27:14.775,1.40429,1.40453,2.17,1.00
2015.08.18 19:27:15.302,1.40431,1.40455,1.42,1.00
2015.08.18 19:27:17.594,1.40431,1.40456,1.42,1.00
2015.08.18 19:27:17.645,1.40427,1.40456,1.10,1.00
2015.08.18 19:27:17.945,1.40427,1.40447,1.00,1.00
2015.08.18 19:27:17.996,1.40414,1.40447,1.00,1.00
2015.08.18 19:27:18.563,1.40415,1.40448,1.00,1.00
2015.08.18 19:27:18.714,1.40412,1.4045,1.00,1.00
2015.08.18 19:27:19.603,1.40411,1.40451,1.42,1.00
2015.08.18 19:27:19.816,1.40406,1.40448,1.75,1.00
2015.08.18 19:27:20.391,1.40412,1.4045,1.42,1.00
2015.08.18 19:27:20.450,1.40404,1.40452,1.80,1.00
2015.08.18 19:27:20.500,1.40405,1.4045,1.75,1.00
2015.08.18 19:27:20.551,1.40409,1.40449,1.00,1.00
2015.08.18 19:27:20.652,1.40407,1.4045,1.00,1.00
2015.08.18 19:27:22.659,1.40404,1.40446,1.67,1.00
2015.08.18 19:27:25.734,1.404,1.40443,1.75,1.00
2015.08.18 19:27:25.936,1.40399,1.40445,1.75,1.00
2015.08.18 19:27:28.746,1.40407,1.40446,1.42,1.00
2015.08.18 19:27:29.271,1.404,1.40445,1.75,1.00
2015.08.18 19:27:31.656,1.40408,1.40446,1.42,1.50
2015.08.18 19:27:32.209,1.40401,1.40445,1.75,1.00
2015.08.18 19:27:35.179,1.40407,1.40447,1.42,1.00
2015.08.18 19:27:37.884,1.40401,1.40445,1.75,1.00
2015.08.18 19:27:38.954,1.40407,1.40447,1.42,1.00
2015.08.18 19:27:40.989,1.40403,1.40446,1.75,1.00
2015.08.18 19:27:43.792,1.40408,1.40446,1.42,1.00
2015.08.18 19:27:44.153,1.40402,1.40444,1.75,1.00
2015.08.18 19:27:44.254,1.40407,1.40447,1.42,1.00
2015.08.18 19:27:44.740,1.40409,1.40447,1.10,1.50
2015.08.18 19:27:47.151,1.4041,1.40447,1.00,1.00
2015.08.18 19:27:47.353,1.40407,1.40447,1.50,1.50
2015.08.18 19:27:47.911,1.40407,1.40447,1.42,1.50
2015.08.18 19:27:49.808,1.40405,1.40445,1.67,1.00
2015.08.18 19:27:49.859,1.40408,1.40447,1.00,1.00
2015.08.18 19:27:52.480,1.4041,1.40447,1.00,1.00
2015.08.18 19:27:53.308,1.40408,1.40446,1.42,1.00
2015.08.18 19:27:53.359,1.40405,1.40447,1.67,1.00
2015.08.18 19:27:53.661,1.40416,1.40445,1.42,1.00
2015.08.18 19:27:54.137,1.40418,1.40445,1.00,1.00
2015.08.18 19:27:55.892,1.40416,1.40445,1.00,1.00
2015.08.18 19:27:56.531,1.40417,1.40446,1.00,1.00
2015.08.18 19:27:58.885,1.40416,1.40445,1.00,1.00
2015.08.18 19:28:07.121,1.40418,1.40445,1.00,1.00
2015.08.18 19:28:10.606,1.40419,1.40448,1.00,1.00
2015.08.18 19:28:10.831,1.40421,1.40448,1.00,1.00
2015.08.18 19:28:16.630,1.40421,1.4045,1.00,1.00
2015.08.18 19:28:19.301,1.40421,1.40448,1.00,1.00
2015.08.18 19:28:39.439,1.40422,1.40449,1.00,1.00
2015.08.18 19:28:39.590,1.40422,1.40451,1.00,1.00
2015.08.18 19:28:47.353,1.40423,1.40452,1.00,1.00
2015.08.18 19:28:49.330,1.40427,1.40454,1.00,1.00
2015.08.18 19:28:49.482,1.40427,1.40456,1.00,1.00
2015.08.18 19:28:49.817,1.40429,1.40456,1.00,1.00
2015.08.18 19:28:51.579,1.40431,1.40458,1.00,1.00
2015.08.18 19:28:51.781,1.40432,1.40461,1.00,1.50
2015.08.18 19:28:52.117,1.40435,1.40463,1.00,1.00
2015.08.18 19:28:52.663,1.40435,1.40464,1.00,1.00
2015.08.18 19:28:53.367,1.40435,1.40464,1.67,1.00
2015.08.18 19:29:28.623,1.40435,1.40464,1.67,1.00
2015.08.18 19:29:29.163,1.40436,1.40465,1.67,1.00
2015.08.18 19:29:31.045,1.40435,1.40464,1.67,1.00
2015.08.18 19:29:31.632,1.40435,1.40464,1.67,1.00
2015.08.18 19:29:47.382,1.40435,1.40464,1.00,1.00
2015.08.18 19:29:51.199,1.40436,1.40465,1.00,1.00
2015.08.18 19:30:09.164,1.40436,1.40463,1.42,1.00
2015.08.18 19:30:13.465,1.40436,1.40465,1.42,1.00
2015.08.18 19:30:16.089,1.40435,1.40464,1.67,1.00
2015.08.18 19:30:20.743,1.40437,1.40466,1.00,1.00
2015.08.18 19:30:21.421,1.40438,1.40466,1.00,1.00
2015.08.18 19:30:21.472,1.40436,1.40465,1.00,1.00
2015.08.18 19:30:27.706,1.40439,1.40468,1.42,1.00
2015.08.18 19:30:34.131,1.40439,1.40468,1.67,1.00
2015.08.18 19:30:39.903,1.40443,1.4047,1.37,1.00
2015.08.18 19:30:42.842,1.40442,1.40469,1.37,1.00
2015.08.18 19:31:11.326,1.40443,1.4047,1.37,1.00
2015.08.18 19:31:12.529,1.40442,1.40471,1.37,1.00
2015.08.18 19:31:15.378,1.40442,1.40469,2.17,1.00
2015.08.18 19:31:35.008,1.40442,1.40471,2.17,1.00
2015.08.18 19:31:51.567,1.40441,1.4047,2.17,1.00
2015.08.18 19:31:55.201,1.40441,1.40466,1.42,1.00
2015.08.18 19:31:55.605,1.40439,1.40464,1.50,1.00
2015.08.18 19:31:56.166,1.40438,1.40464,1.08,1.00
2015.08.18 19:31:56.521,1.40438,1.40462,1.08,1.00
2015.08.18 19:31:57.219,1.40438,1.40461,1.08,1.00
2015.08.18 19:31:57.838,1.40438,1.40461,1.06,1.00
2015.08.18 19:31:58.293,1.40441,1.40466,1.06,1.00
2015.08.18 19:31:58.696,1.40442,1.40469,1.06,1.00
2015.08.18 19:31:59.793,1.40442,1.40469,1.06,1.00
2015.08.18 19:32:03.587,1.40442,1.40471,1.06,1.00
2015.08.18 19:32:04.175,1.40442,1.40471,1.06,1.00
2015.08.18 19:32:06.199,1.40442,1.40471,1.06,1.00
2015.08.18 19:32:11.083,1.40443,1.4047,1.06,1.00
2015.08.18 19:32:12.297,1.40443,1.4047,1.06,1.00
2015.08.18 19:32:12.804,1.40443,1.4047,1.06,1.00
2015.08.18 19:32:26.963,1.40443,1.4047,1.06,1.00
2015.08.18 19:32:36.772,1.40443,1.4047,1.06,1.00
2015.08.18 19:32:46.991,1.40443,1.4047,1.06,1.00
2015.08.18 19:32:47.570,1.40442,1.40471,1.06,1.50
2015.08.18 19:32:57.396,1.40442,1.4047,1.06,1.00
2015.08.18 19:33:02.973,1.40442,1.4047,1.06,1.00
2015.08.18 19:33:17.395,1.40442,1.40471,1.06,1.50
2015.08.18 19:33:23.210,1.40442,1.40471,1.06,1.50
2015.08.18 19:33:35.024,1.40442,1.40471,1.06,1.50
2015.08.18 19:33:38.371,1.40442,1.4047,1.06,1.00
2015.08.18 19:33:55.028,1.40442,1.4047,1.06,1.00
2015.08.18 19:33:57.476,1.40443,1.4047,1.06,1.50
2015.08.18 19:34:10.861,1.40443,1.4047,1.06,1.50
2015.08.18 19:34:12.279,1.40442,1.4047,1.06,1.00
2015.08.18 19:34:13.768,1.40442,1.4047,1.06,1.00
2015.08.18 19:34:20.789,1.40443,1.4047,1.06,1.00
2015.08.18 19:34:29.210,1.40443,1.4047,1.06,1.50
2015.08.18 19:34:29.724,1.40443,1.4047,1.06,1.50
2015.08.18 19:34:36.150,1.40443,1.4047,1.06,1.00
2015.08.18 19:34:41.407,1.40442,1.40471,1.06,1.50
2015.08.18 19:34:43.712,1.40442,1.40471,1.06,1.50
2015.08.18 19:34:45.239,1.40442,1.4047,1.06,1.00
2015.08.18 19:34:55.095,1.40442,1.4047,1.06,1.00
2015.08.18 19:34:56.350,1.40442,1.40471,1.06,1.50
2015.08.18 19:34:59.724,1.40442,1.40471,1.06,1.50
2015.08.18 19:35:00.539,1.40442,1.40471,1.06,1.50
2015.08.18 19:35:07.257,1.40442,1.40471,1.06,1.50
2015.08.18 19:35:07.917,1.40442,1.40471,1.06,2.17
2015.08.18 19:35:13.266,1.40443,1.4047,1.06,1.00
2015.08.18 19:35:18.808,1.40443,1.4047,1.06,1.42
2015.08.18 19:35:26.730,1.40443,1.4047,1.06,1.42
2015.08.18 19:35:27.240,1.40443,1.4047,1.06,1.42
2015.08.18 19:35:27.961,1.40442,1.40471,1.06,1.50
2015.08.18 19:35:41.914,1.40443,1.4047,1.06,1.00
2015.08.18 19:35:53.418,1.40443,1.4047,1.06,1.00
2015.08.18 19:36:01.566,1.40443,1.4047,1.06,1.00
2015.08.18 19:36:02.074,1.40443,1.4047,1.06,1.00
2015.08.18 19:36:18.072,1.40443,1.4047,1.06,1.50
2015.08.18 19:36:19.086,1.40442,1.40469,1.06,1.00
2015.08.18 19:36:23.497,1.40442,1.40469,1.06,1.00
2015.08.18 19:36:38.307,1.40443,1.4047,1.06,1.50
2015.08.18 19:36:43.467,1.40443,1.4047,1.06,1.00
2015.08.18 19:37:04.546,1.40443,1.4047,1.06,1.00
2015.08.18 19:37:05.504,1.40443,1.4047,1.06,1.00
2015.08.18 19:37:14.979,1.40443,1.4047,1.06,1.00
2015.08.18 19:37:27.251,1.40443,1.4047,1.06,1.00
2015.08.18 19:37:30.035,1.40442,1.40469,1.06,1.00
2015.08.18 19:37:30.836,1.40442,1.40469,1.06,1.00
2015.08.18 19:37:36.232,1.40442,1.40469,1.06,1.00
2015.08.18 19:37:37.971,1.40442,1.40469,1.06,1.00
2015.08.18 19:37:38.363,1.40442,1.40471,1.06,1.00
2015.08.18 19:37:39.174,1.40443,1.4047,1.06,1.50
2015.08.18 19:37:49.988,1.4044,1.40467,1.67,1.00
2015.08.18 19:37:50.164,1.40438,1.40465,1.67,1.00
2015.08.18 19:37:54.150,1.40437,1.40466,1.67,1.00
2015.08.18 19:37:54.201,1.40437,1.40466,1.67,1.00
2015.08.18 19:37:55.050,1.40439,1.40466,1.00,1.00
2015.08.18 19:37:56.153,1.40438,1.40465,1.42,1.00
2015.08.18 19:38:14.144,1.40438,1.40467,1.42,1.00
2015.08.18 19:38:14.195,1.40438,1.40467,1.67,1.00
2015.08.18 19:38:16.186,1.40438,1.40467,1.67,1.00
2015.08.18 19:38:17.491,1.40438,1.40465,1.67,1.00
2015.08.18 19:38:19.424,1.40439,1.40466,1.67,1.00
2015.08.18 19:38:21.989,1.40438,1.40465,1.67,1.00
2015.08.18 19:38:27.457,1.40438,1.40467,1.67,1.00
2015.08.18 19:38:30.113,1.40438,1.40467,1.42,1.00
2015.08.18 19:38:30.215,1.40438,1.40465,1.42,1.00
2015.08.18 19:38:50.114,1.40437,1.40466,1.67,1.00
2015.08.18 19:38:50.714,1.40437,1.40466,1.67,1.00
2015.08.18 19:38:52.176,1.40437,1.40466,1.67,1.00
2015.08.18 19:38:54.459,1.40437,1.40466,1.42,1.00
2015.08.18 19:38:54.671,1.40436,1.40463,1.00,1.00
2015.08.18 19:38:54.974,1.40434,1.40461,1.00,1.00
2015.08.18 19:38:55.285,1.40432,1.40459,1.00,1.00
2015.08.18 19:38:55.437,1.4043,1.40459,1.00,1.00
2015.08.18 19:38:55.613,1.4043,1.40457,1.00,1.00
2015.08.18 19:39:07.622,1.40429,1.40458,1.00,1.00
2015.08.18 19:39:10.353,1.40431,1.40458,1.00,1.00
2015.08.18 19:39:11.815,1.4043,1.40457,1.00,1.00
2015.08.18 19:39:17.753,1.4043,1.40459,1.00,1.00
2015.08.18 19:39:21.353,1.40431,1.40458,1.00,1.00
2015.08.18 19:39:26.118,1.40432,1.40459,1.00,1.00
2015.08.18 19:39:39.089,1.40431,1.40458,1.00,1.00
2015.08.18 19:39:48.755,1.4043,1.40459,1.00,1.00
2015.08.18 19:39:49.867,1.4043,1.40457,1.00,1.00
2015.08.18 19:39:54.721,1.40429,1.40458,1.00,1.00
2015.08.18 19:39:55.299,1.4043,1.40459,1.00,1.00
2015.08.18 19:39:55.833,1.40431,1.4046,1.00,1.00
2015.08.18 19:40:10.311,1.40432,1.40459,1.00,1.00
2015.08.18 19:40:10.851,1.4043,1.40459,1.00,1.00
2015.08.18 19:40:12.074,1.40431,1.40458,1.00,1.00
2015.08.18 19:40:13.051,1.4043,1.40459,1.00,1.00
2015.08.18 19:40:16.257,1.40429,1.40458,1.00,1.00
2015.08.18 19:40:25.997,1.40431,1.40458,1.00,1.00
2015.08.18 19:40:26.098,1.40431,1.4046,1.00,1.00
2015.08.18 19:40:26.290,1.40431,1.40458,1.00,1.00
2015.08.18 19:40:26.542,1.40428,1.40457,1.00,1.00
2015.08.18 19:40:27.599,1.40429,1.40456,1.00,1.00
2015.08.18 19:40:28.182,1.40428,1.40457,1.00,1.00
2015.08.18 19:40:29.666,1.40429,1.40456,1.00,1.00
2015.08.18 19:40:30.916,1.40427,1.40456,1.42,1.00
2015.08.18 19:40:32.446,1.40429,1.40458,1.00,1.00
2015.08.18 19:40:33.700,1.40432,1.40459,1.00,1.00
2015.08.18 19:40:33.902,1.40429,1.40458,1.00,1.00
2015.08.18 19:40:36.762,1.4043,1.40457,1.00,1.00
2015.08.18 19:40:36.863,1.4043,1.40459,1.00,1.00
2015.08.18 19:40:38.060,1.40429,1.40458,1.00,1.00
2015.08.18 19:40:39.757,1.40431,1.4046,1.00,1.00
2015.08.18 19:40:40.180,1.40429,1.40458,1.00,1.00
2015.08.18 19:40:41.069,1.40428,1.40457,1.00,1.00
2015.08.18 19:40:42.698,1.4043,1.40457,1.00,1.00
2015.08.18 19:40:42.950,1.4043,1.40459,1.00,1.00
2015.08.18 19:40:46.865,1.40428,1.40457,1.00,1.00
2015.08.18 19:40:48.739,1.40429,1.40458,1.00,1.00
2015.08.18 19:40:49.076,1.40429,1.40456,1.00,1.00
2015.08.18 19:40:49.720,1.40427,1.40456,1.00,1.00
2015.08.18 19:40:51.748,1.40429,1.40456,1.00,1.00
2015.08.18 19:40:52.373,1.40428,1.40457,1.00,1.00
2015.08.18 19:40:55.345,1.40427,1.40456,1.42,1.00
2015.08.18 19:40:57.531,1.40428,1.40455,1.00,1.00
2015.08.18 19:40:57.856,1.4043,1.40457,1.00,1.00
2015.08.18 19:40:57.907,1.40428,1.40457,1.00,1.00
2015.08.18 19:41:00.736,1.40427,1.40456,1.00,1.00
2015.08.18 19:41:03.130,1.40431,1.40456,1.00,1.00
2015.08.18 19:41:03.181,1.40434,1.40461,1.00,1.00
2015.08.18 19:41:03.281,1.40428,1.40457,1.00,1.00
2015.08.18 19:41:03.710,1.4043,1.40457,1.00,1.00
2015.08.18 19:41:03.911,1.40427,1.40456,1.00,1.00
2015.08.18 19:41:06.702,1.40429,1.40456,1.00,1.00
2015.08.18 19:41:07.324,1.40428,1.40457,1.00,1.00
2015.08.18 19:41:08.340,1.4043,1.40457,1.00,1.00
2015.08.18 19:41:09.494,1.40428,1.40457,1.00,1.00
2015.08.18 19:41:09.747,1.4043,1.40457,1.00,1.00
2015.08.18 19:41:09.898,1.4043,1.40459,1.00,1.00
2015.08.18 19:41:10.070,1.4043,1.40457,1.00,1.00
2015.08.18 19:41:10.411,1.40428,1.40457,1.00,1.00
2015.08.18 19:41:12.646,1.40429,1.40458,1.00,1.00
2015.08.18 19:41:13.180,1.4043,1.40457,1.00,1.00
2015.08.18 19:41:15.716,1.40429,1.40458,1.00,1.00
2015.08.18 19:41:16.522,1.40428,1.40457,1.00,1.00
2015.08.18 19:41:21.292,1.4043,1.40457,1.00,1.00
2015.08.18 19:41:21.620,1.4043,1.40459,1.00,1.00
2015.08.18 19:41:27.050,1.4043,1.40457,1.00,1.00
2015.08.18 19:41:28.143,1.40431,1.40458,1.00,1.00
2015.08.18 19:41:28.769,1.4043,1.40457,1.00,1.00
2015.08.18 19:41:32.092,1.40429,1.40456,1.00,1.00
2015.08.18 19:41:32.522,1.40429,1.40458,1.00,1.00
2015.08.18 19:41:33.696,1.40431,1.4046,1.00,1.00
2015.08.18 19:41:34.207,1.4043,1.40459,1.00,1.00
2015.08.18 19:41:37.231,1.40431,1.40458,1.00,1.00
2015.08.18 19:41:37.979,1.4043,1.40457,1.00,1.00
2015.08.18 19:41:42.645,1.4043,1.40459,1.00,1.00
2015.08.18 19:41:43.947,1.40429,1.40458,1.00,1.00
2015.08.18 19:41:45.868,1.4043,1.40459,1.00,1.00
2015.08.18 19:41:46.844,1.40429,1.40458,1.00,1.00
2015.08.18 19:41:48.701,1.4043,1.40459,1.00,1.00
2015.08.18 19:41:49.861,1.4043,1.40457,1.00,1.00
2015.08.18 19:41:54.646,1.4043,1.40459,1.00,1.00
2015.08.18 19:41:55.174,1.40429,1.40458,1.00,1.00
2015.08.18 19:41:57.707,1.4043,1.40459,1.00,1.00
2015.08.18 19:41:58.238,1.40429,1.40458,1.00,1.00
2015.08.18 19:41:58.799,1.40429,1.40456,1.00,1.00
2015.08.18 19:42:00.701,1.40429,1.40458,1.00,1.00
2015.08.18 19:42:00.904,1.40429,1.40456,1.00,1.00
2015.08.18 19:42:03.677,1.40427,1.40456,1.42,1.00
2015.08.18 19:42:06.750,1.4043,1.40459,1.00,1.00
2015.08.18 19:42:07.052,1.40429,1.40456,1.00,1.00
2015.08.18 19:42:09.706,1.40429,1.40458,1.00,1.00
2015.08.18 19:42:09.957,1.40431,1.4046,1.00,1.00
2015.08.18 19:42:10.267,1.40428,1.40457,1.00,1.00
2015.08.18 19:42:10.909,1.40428,1.40455,1.00,1.00
2015.08.18 19:42:11.670,1.40429,1.40456,1.00,1.00
2015.08.18 19:42:12.445,1.40428,1.40455,1.00,1.00
2015.08.18 19:42:12.698,1.40429,1.40458,1.00,1.00
2015.08.18 19:42:12.900,1.40428,1.40455,1.00,1.00
2015.08.18 19:42:17.180,1.40427,1.40456,1.42,1.00
2015.08.18 19:42:18.049,1.40428,1.40457,1.00,1.00
2015.08.18 19:42:18.647,1.40431,1.40458,1.00,1.00
2015.08.18 19:42:19.428,1.4043,1.40457,1.00,1.00
2015.08.18 19:42:19.927,1.40428,1.40457,1.00,1.00
2015.08.18 19:42:20.458,1.40429,1.40458,1.00,1.00
2015.08.18 19:42:29.742,1.4043,1.40457,1.00,1.00
2015.08.18 19:42:30.643,1.40431,1.40458,1.00,1.00
2015.08.18 19:42:31.279,1.40429,1.40458,1.00,1.00
2015.08.18 19:42:33.713,1.4043,1.40459,1.00,1.00
2015.08.18 19:42:33.814,1.4043,1.40457,1.00,1.00
2015.08.18 19:42:34.698,1.40429,1.40458,1.00,1.00
2015.08.18 19:42:35.199,1.40428,1.40457,1.00,1.00
2015.08.18 19:42:52.700,1.4043,1.40457,1.00,1.00
2015.08.18 19:42:54.374,1.40429,1.40458,1.00,1.00
2015.08.18 19:42:54.797,1.40431,1.40458,1.00,1.00
2015.08.18 19:42:55.049,1.40429,1.40458,1.00,1.00
2015.08.18 19:43:05.020,1.40428,1.40457,1.00,1.00
2015.08.18 19:43:12.412,1.40428,1.40455,1.00,1.00
2015.08.18 19:43:13.598,1.40428,1.40457,1.00,1.00
2015.08.18 19:43:15.389,1.40431,1.40458,1.00,1.00
2015.08.18 19:43:15.691,1.40428,1.40457,1.00,1.00
2015.08.18 19:43:18.707,1.40428,1.40455,1.00,1.00
2015.08.18 19:43:20.087,1.40429,1.40456,1.00,1.00
2015.08.18 19:43:21.645,1.40431,1.40458,1.00,1.00
2015.08.18 19:43:21.958,1.40429,1.40456,1.00,1.00
2015.08.18 19:43:23.136,1.40427,1.40456,1.00,1.00
2015.08.18 19:43:25.127,1.40429,1.40456,1.00,1.00
2015.08.18 19:43:25.967,1.40429,1.40458,1.00,1.00
2015.08.18 19:43:27.699,1.4043,1.40459,1.00,1.00
2015.08.18 19:43:27.928,1.40428,1.40457,1.00,1.00
2015.08.18 19:43:30.241,1.40429,1.40458,1.00,1.00
2015.08.18 19:43:31.527,1.40429,1.40456,1.00,1.00
2015.08.18 19:43:46.397,1.40428,1.40457,1.00,1.00
2015.08.18 19:43:47.713,1.40427,1.40456,1.00,1.00
2015.08.18 19:43:48.711,1.40429,1.40456,1.00,1.00
2015.08.18 19:43:48.907,1.40427,1.40456,1.00,1.00
2015.08.18 19:43:51.692,1.40428,1.40457,1.00,1.00
2015.08.18 19:43:52.748,1.40428,1.40455,1.00,1.00
2015.08.18 19:43:54.643,1.40428,1.40457,1.00,1.00
2015.08.18 19:43:55.834,1.40427,1.40456,1.42,1.00
2015.08.18 19:43:57.913,1.40428,1.40457,1.00,1.00
2015.08.18 19:43:58.037,1.40428,1.40455,1.00,1.00
2015.08.18 19:44:00.692,1.40429,1.40456,1.00,1.00
2015.08.18 19:44:01.778,1.40428,1.40455,1.00,1.00
2015.08.18 19:44:03.647,1.40429,1.40456,1.00,1.00
2015.08.18 19:44:04.154,1.40428,1.40457,1.00,1.00
2015.08.18 19:44:06.621,1.40429,1.40456,1.00,1.00
2015.08.18 19:44:07.277,1.40428,1.40457,1.00,1.00
2015.08.18 19:44:08.452,1.40432,1.40457,1.00,1.00
2015.08.18 19:44:08.503,1.40437,1.40463,1.00,1.00
2015.08.18 19:44:08.603,1.40435,1.40462,1.50,1.00
2015.08.18 19:44:08.867,1.40433,1.4046,1.00,1.00
2015.08.18 19:44:09.172,1.40431,1.40458,1.00,1.00
2015.08.18 19:44:10.926,1.40429,1.40458,1.00,1.00
2015.08.18 19:44:13.107,1.40428,1.40457,1.00,1.00
2015.08.18 19:44:14.690,1.40427,1.40454,1.42,1.00
2015.08.18 19:44:15.307,1.40427,1.40456,1.42,1.00
2015.08.18 19:44:15.641,1.4042,1.40458,1.75,1.00
2015.08.18 19:44:15.692,1.4042,1.40458,1.07,1.00
2015.08.18 19:44:15.743,1.4042,1.40458,1.10,1.50
2015.08.18 19:44:15.794,1.40414,1.40456,1.75,1.00
2015.08.18 19:44:16.115,1.40426,1.40455,1.00,1.00
2015.08.18 19:44:16.638,1.40427,1.40456,1.00,1.00
2015.08.18 19:44:17.725,1.40415,1.40456,1.05,1.00
2015.08.18 19:44:18.090,1.40426,1.40455,1.00,1.00
2015.08.18 19:44:18.497,1.40429,1.40456,1.00,1.00
2015.08.18 19:44:19.620,1.4042,1.40459,1.75,1.00
2015.08.18 19:44:19.721,1.4042,1.4046,1.07,1.00
2015.08.18 19:44:20.036,1.40427,1.40456,1.00,1.00
2015.08.18 19:44:20.390,1.40429,1.40456,1.00,1.00
2015.08.18 19:44:21.067,1.4042,1.40462,1.75,1.00
2015.08.18 19:44:21.177,1.40423,1.40461,1.00,1.00
2015.08.18 19:44:21.279,1.40421,1.40459,1.07,1.00
2015.08.18 19:44:21.700,1.40426,1.40455,1.00,1.50
2015.08.18 19:44:22.012,1.40428,1.40455,1.00,1.00
2015.08.18 19:44:22.063,1.40426,1.40455,1.42,1.00
2015.08.18 19:44:22.395,1.40419,1.40459,1.57,1.00
2015.08.18 19:44:22.496,1.40418,1.40456,1.50,1.00
2015.08.18 19:44:27.204,1.40415,1.40455,1.75,1.00
2015.08.18 19:44:27.996,1.40414,1.40455,1.75,1.50
2015.08.18 19:44:29.157,1.40409,1.40453,1.77,1.00
2015.08.18 19:44:30.713,1.4041,1.40452,1.67,1.00
2015.08.18 19:44:31.262,1.40409,1.40453,1.77,1.00
2015.08.18 19:44:33.673,1.4041,1.40452,1.67,1.00
2015.08.18 19:44:36.928,1.40414,1.40452,1.67,1.00
2015.08.18 19:44:39.734,1.40414,1.40453,1.67,1.00
2015.08.18 19:44:40.240,1.40415,1.40454,2.17,1.00
2015.08.18 19:44:42.132,1.40414,1.40453,1.67,1.00
2015.08.18 19:44:42.651,1.40415,1.40454,2.25,1.00
2015.08.18 19:44:42.953,1.40417,1.40454,1.00,1.00
2015.08.18 19:44:45.942,1.40416,1.40454,1.50,1.50
2015.08.18 19:44:46.698,1.40418,1.40454,1.00,1.00
2015.08.18 19:44:48.196,1.40416,1.40454,1.42,1.50
2015.08.18 19:44:51.634,1.40415,1.40454,1.42,1.50
2015.08.18 19:44:54.677,1.40414,1.40451,1.67,1.00
2015.08.18 19:44:54.779,1.40415,1.40454,1.42,1.50
2015.08.18 19:44:55.142,1.40418,1.40454,1.00,1.00
2015.08.18 19:44:55.243,1.40416,1.40454,1.42,1.50
2015.08.18 19:44:55.344,1.40418,1.40454,1.00,1.00
2015.08.18 19:44:57.796,1.40416,1.40454,1.00,1.00
2015.08.18 19:44:58.390,1.40415,1.40454,1.42,1.00
2015.08.18 19:45:04.375,1.40419,1.40448,1.00,1.00
2015.08.18 19:45:04.808,1.40419,1.40446,1.00,1.00
2015.08.18 19:45:05.342,1.40418,1.40447,1.00,1.00
2015.08.18 19:45:06.720,1.40418,1.40445,1.00,1.00
2015.08.18 19:45:09.866,1.40416,1.40445,1.42,1.00
2015.08.18 19:45:11.064,1.40415,1.40444,1.00,1.00
2015.08.18 19:45:32.429,1.40416,1.40445,1.00,1.00
2015.08.18 19:45:33.336,1.40418,1.40445,1.00,1.00
2015.08.18 19:45:33.667,1.4042,1.40447,1.00,1.00
2015.08.18 19:45:34.762,1.40419,1.40448,1.00,1.00
2015.08.18 19:45:36.047,1.40419,1.40446,1.00,1.00
2015.08.18 19:45:36.272,1.40417,1.40446,1.00,1.00
2015.08.18 19:45:36.715,1.40419,1.40446,1.00,1.00
2015.08.18 19:45:39.706,1.40417,1.40446,1.00,1.00
2015.08.18 19:45:39.927,1.40419,1.40446,1.00,1.00
2015.08.18 19:45:42.879,1.40417,1.40444,1.00,1.00
2015.08.18 19:45:50.236,1.40418,1.40445,1.00,1.00
2015.08.18 19:45:50.800,1.40419,1.40446,1.00,1.00
2015.08.18 19:45:51.666,1.40417,1.40446,1.00,1.00
2015.08.18 19:46:03.326,1.40416,1.40445,1.00,1.00
2015.08.18 19:46:23.346,1.40417,1.40446,1.00,1.00
2015.08.18 19:46:39.075,1.40416,1.40445,1.00,1.00
2015.08.18 19:46:39.657,1.40417,1.40444,1.00,1.00
2015.08.18 19:46:59.233,1.40418,1.40445,1.00,1.00
2015.08.18 19:47:04.660,1.4042,1.40447,1.00,1.00
2015.08.18 19:47:04.711,1.4042,1.40449,1.67,1.00
2015.08.18 19:47:05.224,1.40421,1.4045,1.42,1.00
2015.08.18 19:47:05.805,1.40422,1.40451,1.00,1.00
2015.08.18 19:47:15.185,1.40421,1.4045,1.67,1.00
2015.08.18 19:47:20.423,1.40421,1.4045,1.67,1.00
2015.08.18 19:47:20.984,1.40424,1.40451,1.00,1.00
2015.08.18 19:47:32.026,1.40422,1.40451,1.42,1.00
2015.08.18 19:47:35.100,1.40423,1.40452,1.00,1.00
2015.08.18 19:47:35.801,1.40424,1.40453,1.00,1.00
2015.08.18 19:47:37.404,1.40425,1.40452,1.00,1.00
2015.08.18 19:47:43.749,1.40425,1.40454,1.00,1.00
2015.08.18 19:47:52.115,1.40426,1.40453,1.00,1.00
2015.08.18 19:47:54.864,1.40425,1.40454,1.00,1.00
2015.08.18 19:48:25.665,1.40426,1.40453,1.00,1.00
2015.08.18 19:48:26.184,1.40427,1.40454,1.00,1.00
2015.08.18 19:48:30.552,1.40426,1.40455,1.00,1.00
2015.08.18 19:48:32.814,1.40428,1.40455,1.00,1.00
2015.08.18 19:48:35.912,1.40427,1.40454,1.00,1.00
2015.08.18 19:48:47.238,1.40428,1.40455,1.00,1.00
2015.08.18 19:48:50.634,1.40427,1.40456,1.00,1.00
2015.08.18 19:48:51.231,1.40426,1.40455,1.00,1.00
2015.08.18 19:48:52.004,1.40427,1.40454,1.00,1.00
2015.08.18 19:49:09.883,1.40425,1.40454,1.00,1.00
2015.08.18 19:49:12.658,1.40424,1.40453,1.00,1.00
2015.08.18 19:49:13.383,1.40425,1.40454,1.00,1.00
2015.08.18 19:49:14.788,1.40425,1.4045,1.00,1.00
2015.08.18 19:49:15.187,1.4042,1.40449,1.67,1.00
2015.08.18 19:49:18.721,1.40421,1.40448,1.42,1.00
2015.08.18 19:49:23.625,1.40421,1.40448,1.67,1.00
2015.08.18 19:49:23.777,1.40424,1.40451,1.00,1.00
2015.08.18 19:49:24.460,1.40424,1.40453,1.42,1.00
2015.08.18 19:49:26.001,1.40426,1.40453,1.00,1.00
2015.08.18 19:50:14.747,1.40424,1.40452,1.42,1.00
2015.08.18 19:50:24.370,1.40424,1.40453,1.42,1.50
2015.08.18 19:50:27.930,1.40425,1.40453,1.00,1.00
2015.08.18 19:50:34.242,1.40425,1.40454,1.00,1.50
2015.08.18 19:50:46.820,1.40425,1.40452,1.00,1.00
2015.08.18 19:50:56.395,1.40423,1.40452,1.42,1.00
2015.08.18 19:51:06.821,1.40424,1.40453,1.00,1.00
2015.08.18 19:51:07.525,1.40425,1.40452,1.00,1.00
2015.08.18 19:51:22.147,1.40423,1.40452,1.67,1.00
2015.08.18 19:51:22.564,1.4042,1.40449,1.67,1.00
2015.08.18 19:51:23.122,1.4042,1.40448,1.67,1.00
2015.08.18 19:51:24.653,1.4042,1.40448,1.42,1.00
2015.08.18 19:51:32.762,1.4042,1.40448,1.67,1.00
2015.08.18 19:51:35.357,1.40422,1.40448,1.00,1.00
2015.08.18 19:51:35.676,1.40422,1.40451,1.42,1.00
2015.08.18 19:51:35.777,1.40424,1.40451,1.00,1.00
2015.08.18 19:51:42.021,1.40425,1.40452,1.00,1.50
2015.08.18 19:51:46.077,1.40425,1.40451,1.00,1.00
2015.08.18 19:51:56.567,1.40425,1.4045,1.00,1.00
2015.08.18 19:52:07.066,1.40425,1.40451,1.00,1.00
2015.08.18 19:52:17.180,1.40425,1.4045,1.00,1.00
2015.08.18 19:52:34.097,1.40424,1.4045,1.00,1.00
2015.08.18 19:52:34.736,1.40424,1.40451,1.00,1.00
2015.08.18 19:52:35.649,1.40423,1.40452,1.42,1.00
2015.08.18 19:52:51.698,1.40423,1.40451,1.42,1.00
2015.08.18 19:52:52.173,1.40421,1.40447,1.00,1.00
2015.08.18 19:52:52.748,1.40419,1.40447,1.67,1.00
2015.08.18 19:52:53.888,1.40419,1.40447,1.00,1.00
2015.08.18 19:52:54.263,1.40421,1.40447,1.00,1.00
2015.08.18 19:52:56.189,1.4042,1.40447,1.00,1.00
2015.08.18 19:53:02.285,1.4042,1.40446,1.00,1.00
2015.08.18 19:53:09.580,1.40424,1.40446,1.00,1.00
2015.08.18 19:53:09.910,1.40424,1.4045,1.00,1.00
2015.08.18 19:53:22.145,1.40423,1.4045,1.00,1.00
2015.08.18 19:53:22.695,1.40421,1.40448,1.00,1.00
2015.08.18 19:53:23.362,1.40421,1.40447,1.00,1.00
2015.08.18 19:53:35.891,1.40422,1.40447,1.00,1.00
2015.08.18 19:53:36.195,1.40424,1.40447,1.00,1.00
2015.08.18 19:53:37.140,1.40424,1.40448,1.00,1.00
2015.08.18 19:53:46.277,1.40424,1.40449,1.00,1.00
2015.08.18 19:53:50.207,1.40425,1.40449,1.00,1.00
2015.08.18 19:53:56.372,1.40425,1.40448,1.00,1.00
2015.08.18 19:54:10.220,1.40424,1.40448,1.00,1.00
2015.08.18 19:54:11.296,1.40424,1.40451,1.00,1.00
2015.08.18 19:54:30.367,1.40424,1.40452,1.00,1.00
2015.08.18 19:54:34.171,1.40424,1.40451,1.00,1.00
2015.08.18 19:54:54.059,1.40424,1.40449,1.00,1.00
2015.08.18 19:54:54.632,1.40425,1.40449,1.00,1.00
2015.08.18 19:54:56.012,1.40425,1.40452,1.00,1.50
2015.08.18 19:54:56.559,1.40424,1.40452,1.00,1.00
2015.08.18 19:55:04.523,1.40425,1.40452,1.00,1.50
2015.08.18 19:55:06.288,1.40424,1.40451,1.00,1.00
2015.08.18 19:55:25.014,1.40423,1.40452,1.00,1.00
2015.08.18 19:55:26.351,1.40425,1.40452,1.00,1.00
2015.08.18 19:55:50.067,1.40423,1.40452,1.00,1.50
2015.08.18 19:55:55.268,1.40424,1.40451,1.00,1.00
2015.08.18 19:55:59.235,1.40423,1.40452,1.00,1.50
2015.08.18 19:56:02.616,1.40424,1.40452,1.00,1.00
2015.08.18 19:56:07.163,1.40424,1.40451,1.00,1.00
2015.08.18 19:56:14.502,1.40424,1.40453,1.00,1.50
2015.08.18 19:56:14.817,1.40426,1.40453,1.00,1.50
2015.08.18 19:56:15.627,1.40425,1.40453,1.00,1.00
2015.08.18 19:56:35.183,1.40425,1.40452,1.00,1.00
2015.08.18 19:56:52.782,1.40425,1.40454,1.00,1.50
2015.08.18 19:56:55.411,1.40424,1.40453,1.00,1.00
2015.08.18 19:57:06.516,1.40425,1.40454,1.00,1.00
2015.08.18 19:57:18.429,1.40427,1.40454,1.00,1.00
2015.08.18 19:57:18.507,1.40427,1.40456,1.00,1.00
2015.08.18 19:57:19.019,1.40428,1.40457,1.00,1.00
2015.08.18 19:57:22.276,1.40428,1.40448,1.00,1.00
2015.08.18 19:57:22.775,1.40421,1.40448,1.00,1.50
2015.08.18 19:57:23.202,1.4042,1.40445,1.42,1.00
2015.08.18 19:57:23.252,1.40418,1.40445,2.32,1.00
2015.08.18 19:57:23.467,1.40418,1.40441,1.00,1.00
2015.08.18 19:57:26.000,1.40417,1.4044,1.67,1.00
2015.08.18 19:57:26.374,1.40417,1.40446,1.67,1.50
2015.08.18 19:57:26.424,1.40421,1.40446,1.00,1.50
2015.08.18 19:57:26.727,1.40418,1.40443,1.00,1.00
2015.08.18 19:57:27.054,1.40418,1.40441,1.00,1.00
2015.08.18 19:57:27.571,1.40418,1.40445,1.00,1.50
2015.08.18 19:57:27.622,1.4042,1.40445,1.00,1.50
2015.08.18 19:57:28.042,1.40418,1.4044,1.00,1.00
2015.08.18 19:57:28.310,1.40416,1.4044,1.00,1.00
2015.08.18 19:57:29.037,1.40416,1.40441,1.00,1.00
2015.08.18 19:57:29.088,1.4042,1.40441,1.00,1.00
2015.08.18 19:57:30.026,1.4042,1.40442,1.00,1.00
2015.08.18 19:57:30.889,1.4042,1.40443,1.00,1.00
2015.08.18 19:57:33.208,1.40423,1.40445,1.00,1.00
2015.08.18 19:57:36.326,1.40424,1.40445,1.00,1.00
2015.08.18 19:57:39.030,1.40421,1.40444,2.17,1.00
2015.08.18 19:57:49.567,1.40421,1.40445,1.50,1.00
2015.08.18 19:58:06.284,1.40421,1.40445,1.50,1.57
2015.08.18 19:58:06.334,1.40416,1.4044,1.00,1.00
2015.08.18 19:58:10.568,1.40414,1.4044,1.00,1.00
2015.08.18 19:58:13.836,1.40415,1.4044,1.00,1.00
2015.08.18 19:58:15.012,1.40415,1.40433,1.00,1.00
2015.08.18 19:58:15.062,1.40413,1.40433,1.00,1.00
2015.08.18 19:58:15.304,1.40413,1.40438,1.00,1.00
2015.08.18 19:58:15.405,1.40415,1.40438,1.00,1.00
2015.08.18 19:58:15.999,1.40416,1.40438,1.00,1.00
2015.08.18 19:58:17.428,1.40417,1.40438,1.00,1.00
2015.08.18 19:58:22.992,1.40415,1.40438,1.00,1.00
2015.08.18 19:58:25.370,1.40415,1.40439,1.00,1.00
2015.08.18 19:58:35.871,1.40415,1.40438,1.00,1.00
2015.08.18 19:58:45.319,1.40414,1.40438,1.00,1.00
2015.08.18 19:58:47.024,1.40414,1.40437,1.00,1.00
2015.08.18 19:58:47.707,1.40414,1.40439,1.00,1.00
2015.08.18 19:58:49.771,1.40416,1.40439,1.00,1.00
2015.08.18 19:59:04.889,1.40413,1.40439,1.00,1.00
2015.08.18 19:59:04.991,1.40411,1.40439,1.00,1.00
2015.08.18 19:59:05.498,1.40411,1.40438,1.00,1.00
2015.08.18 19:59:05.549,1.40411,1.40436,1.00,1.00
2015.08.18 19:59:06.016,1.40411,1.40432,1.00,1.00
2015.08.18 19:59:06.067,1.40396,1.40432,1.42,1.00
2015.08.18 19:59:08.877,1.40405,1.40432,1.00,1.50
2015.08.18 19:59:09.442,1.40406,1.40432,1.00,1.00
2015.08.18 19:59:11.851,1.40407,1.40432,1.00,1.00
2015.08.18 19:59:26.882,1.40406,1.40432,1.00,1.00
2015.08.18 19:59:27.574,1.4041,1.40432,1.00,1.00
2015.08.18 19:59:27.876,1.40421,1.4044,1.00,1.30
2015.08.18 19:59:27.927,1.40411,1.4044,1.50,1.72
2015.08.18 19:59:27.978,1.40411,1.40435,1.50,1.00
2015.08.18 19:59:28.481,1.4041,1.40435,1.00,1.00
2015.08.18 19:59:29.081,1.40408,1.40432,1.42,1.00
2015.08.18 19:59:29.889,1.40409,1.40432,1.00,1.00
2015.08.18 19:59:30.826,1.40409,1.40432,1.00,1.04
2015.08.18 19:59:30.877,1.40406,1.40432,1.42,1.04
2015.08.18 19:59:31.619,1.40408,1.40432,1.00,1.04
2015.08.18 19:59:31.934,1.40411,1.40432,1.00,1.00
2015.08.18 19:59:32.184,1.40411,1.40438,1.00,1.00
2015.08.18 19:59:33.439,1.40411,1.40438,2.17,1.00
2015.08.18 19:59:36.041,1.40412,1.40436,1.42,1.00
2015.08.18 19:59:37.758,1.40412,1.40435,1.42,1.00
2015.08.18 19:59:43.045,1.40411,1.40435,1.42,1.00
2015.08.18 19:59:45.612,1.40412,1.40435,1.00,1.00
2015.08.18 19:59:45.814,1.40412,1.40438,1.42,1.42
2015.08.18 19:59:46.395,1.40412,1.40438,1.67,1.00
