2017.03.15 14:00:00.495,1.41324,1.41344,1.87,2.25
2017.03.15 14:00:00.751,1.41324,1.41341,1.12,1.00
2017.03.15 14:00:01.004,1.41324,1.41344,1.87,1.50
2017.03.15 14:00:01.207,1.41326,1.41346,1.00,1.87
2017.03.15 14:00:01.924,1.41326,1.41345,1.12,1.00
2017.03.15 14:00:05.136,1.41325,1.41345,1.12,1.12
2017.03.15 14:00:06.817,1.41328,1.41346,1.00,1.50
2017.03.15 14:00:07.019,1.41329,1.41349,1.50,2.25
2017.03.15 14:00:08.131,1.41328,1.41347,2.25,1.00
2017.03.15 14:00:10.048,1.41328,1.41345,1.75,1.00
2017.03.15 14:00:10.166,1.41328,1.41345,1.00,1.00
2017.03.15 14:00:12.520,1.41328,1.41348,1.00,3.00
2017.03.15 14:00:13.053,1.41328,1.41346,1.12,1.00
2017.03.15 14:00:13.104,1.41328,1.41344,1.12,1.00
2017.03.15 14:00:13.671,1.41328,1.41343,1.00,1.00
2017.03.15 14:00:14.519,1.41328,1.41344,1.00,1.00
2017.03.15 14:00:14.721,1.41328,1.41347,1.00,1.12
2017.03.15 14:00:14.872,1.41328,1.41348,1.75,2.62
2017.03.15 14:00:16.006,1.4133,1.41349,1.12,1.12
2017.03.15 14:00:16.821,1.41329,1.41347,3.00,1.00
2017.03.15 14:00:17.023,1.4133,1.4135,1.12,1.50
2017.03.15 14:00:18.088,1.41332,1.4135,1.00,1.50
2017.03.15 14:00:18.540,1.41333,1.41348,1.00,1.00
2017.03.15 14:00:18.984,1.41332,1.41346,1.50,1.00
2017.03.15 14:00:30.273,1.41332,1.41346,1.00,1.00
2017.03.15 14:00:30.324,1.4133,1.41346,1.12,1.00
2017.03.15 14:00:31.053,1.41329,1.41346,1.12,1.50
2017.03.15 14:00:32.000,1.41328,1.41345,1.50,1.00
2017.03.15 14:00:32.211,1.41326,1.41343,1.75,1.00
2017.03.15 14:00:32.262,1.41326,1.41343,1.50,1.00
2017.03.15 14:00:32.413,1.41326,1.41341,1.12,1.00
2017.03.15 14:00:32.956,1.41323,1.41342,2.25,1.00
2017.03.15 14:00:34.883,1.41323,1.41343,2.25,1.00
2017.03.15 14:00:35.196,1.41322,1.41341,1.75,1.00
2017.03.15 14:00:35.698,1.41322,1.41339,1.75,1.00
2017.03.15 14:00:35.799,1.41322,1.41339,1.50,1.00
2017.03.15 14:00:36.477,1.41322,1.41339,1.00,1.00
2017.03.15 14:00:38.822,1.41319,1.41339,3.37,1.00
2017.03.15 14:00:38.925,1.41319,1.41335,1.75,1.00
2017.03.15 14:00:39.177,1.41318,1.41335,1.50,1.00
2017.03.15 14:00:39.860,1.41318,1.41335,1.00,1.00
2017.03.15 14:00:40.258,1.41313,1.41331,1.75,1.00
2017.03.15 14:00:40.309,1.41312,1.41331,3.00,1.00
2017.03.15 14:00:40.360,1.41312,1.41328,1.75,1.00
2017.03.15 14:00:40.411,1.4131,1.41328,1.12,1.00
2017.03.15 14:00:40.512,1.41308,1.41325,1.50,1.00
2017.03.15 14:00:40.834,1.41307,1.41327,1.00,1.00
2017.03.15 14:00:41.357,1.41307,1.41327,1.00,1.50
2017.03.15 14:00:43.316,1.41306,1.41326,3.00,1.12
2017.03.15 14:00:43.965,1.41307,1.41326,1.00,1.87
2017.03.15 14:00:44.167,1.41311,1.41326,1.00,1.50
2017.03.15 14:00:44.268,1.41311,1.4133,1.00,2.25
2017.03.15 14:00:44.788,1.4131,1.4133,1.00,3.37
2017.03.15 14:00:45.301,1.41312,1.4133,1.00,2.25
2017.03.15 14:00:45.452,1.41313,1.41331,1.00,1.50
2017.03.15 14:00:45.872,1.41311,1.41331,1.50,1.50
2017.03.15 14:00:46.632,1.41312,1.4133,1.00,1.87
2017.03.15 14:00:48.380,1.41311,1.4133,1.87,1.87
2017.03.15 14:00:50.134,1.41312,1.4133,1.00,1.12
2017.03.15 14:00:50.613,1.41314,1.4133,1.00,1.12
2017.03.15 14:00:51.364,1.41313,1.4133,1.00,1.12
2017.03.15 14:00:56.604,1.41312,1.4133,1.00,1.12
2017.03.15 14:00:57.127,1.41311,1.41329,1.00,1.00
2017.03.15 14:01:01.685,1.4131,1.4133,3.00,1.87
2017.03.15 14:01:04.110,1.41311,1.41329,1.00,1.50
2017.03.15 14:01:04.969,1.41312,1.41329,1.00,1.00
2017.03.15 14:01:08.651,1.41312,1.4133,1.00,2.62
2017.03.15 14:01:10.197,1.41311,1.41329,2.25,1.00
2017.03.15 14:01:13.287,1.41313,1.41329,1.00,1.00
2017.03.15 14:01:14.184,1.41313,1.4133,1.00,1.12
2017.03.15 14:01:14.689,1.41314,1.4133,1.00,1.12
2017.03.15 14:01:15.192,1.41315,1.4133,1.00,1.12
2017.03.15 14:01:16.417,1.41315,1.41329,1.00,1.00
2017.03.15 14:01:16.766,1.41315,1.41333,1.00,1.50
2017.03.15 14:01:17.275,1.41316,1.41334,1.00,3.00
2017.03.15 14:01:23.487,1.41314,1.41334,3.00,3.00
2017.03.15 14:01:24.026,1.41314,1.41331,1.87,1.00
2017.03.15 14:01:24.553,1.41314,1.41333,1.87,3.00
2017.03.15 14:01:25.080,1.41315,1.41331,1.00,1.00
2017.03.15 14:01:25.581,1.41314,1.41331,1.87,1.00
2017.03.15 14:01:26.130,1.41314,1.4133,1.12,1.00
2017.03.15 14:01:26.454,1.41313,1.41332,1.50,1.87
2017.03.15 14:01:26.677,1.41312,1.41329,2.25,1.00
2017.03.15 14:01:26.727,1.41312,1.41329,1.87,1.00
2017.03.15 14:01:27.508,1.41311,1.41329,1.87,2.25
2017.03.15 14:01:28.810,1.41312,1.41329,1.00,1.00
2017.03.15 14:01:29.353,1.41313,1.41329,1.00,1.00
2017.03.15 14:01:29.925,1.41312,1.41329,1.00,1.00
2017.03.15 14:01:31.142,1.41313,1.41329,1.00,1.00
2017.03.15 14:01:32.222,1.41312,1.41329,1.00,1.00
2017.03.15 14:01:33.307,1.41313,1.41329,1.50,1.00
2017.03.15 14:01:33.904,1.41314,1.41329,1.00,1.00
2017.03.15 14:01:34.585,1.41312,1.41329,1.12,1.00
2017.03.15 14:01:34.636,1.41314,1.41329,1.00,1.00
2017.03.15 14:01:42.862,1.41312,1.41329,1.12,1.00
2017.03.15 14:01:45.877,1.4131,1.41328,2.25,1.00
2017.03.15 14:01:46.487,1.4131,1.41329,2.25,1.50
2017.03.15 14:01:47.109,1.4131,1.41328,2.25,1.50
2017.03.15 14:01:48.804,1.4131,1.41329,2.62,1.50
2017.03.15 14:01:48.905,1.41315,1.41329,1.00,1.00
2017.03.15 14:01:49.160,1.41314,1.41332,1.00,1.12
2017.03.15 14:01:49.211,1.41314,1.4133,1.00,1.00
2017.03.15 14:01:49.785,1.41316,1.41332,1.00,1.00
2017.03.15 14:01:50.316,1.41315,1.41332,1.00,1.00
2017.03.15 14:01:51.284,1.41314,1.41332,1.00,1.00
2017.03.15 14:01:52.392,1.41313,1.41332,2.62,1.00
2017.03.15 14:01:52.918,1.41314,1.41332,1.00,1.00
2017.03.15 14:01:58.439,1.41315,1.41332,1.00,1.00
2017.03.15 14:02:00.289,1.41313,1.41332,1.12,2.25
2017.03.15 14:02:00.440,1.41312,1.4133,3.00,1.00
2017.03.15 14:02:00.988,1.41312,1.41332,3.00,3.00
2017.03.15 14:02:01.497,1.41312,1.4133,2.25,1.00
2017.03.15 14:02:02.087,1.41312,1.41331,1.50,1.87
2017.03.15 14:02:02.795,1.41312,1.4133,1.00,1.00
2017.03.15 14:02:03.329,1.41312,1.41329,1.00,1.00
2017.03.15 14:02:07.561,1.41311,1.41329,2.62,1.50
2017.03.15 14:02:08.231,1.41312,1.41329,1.00,1.50
2017.03.15 14:02:12.636,1.41313,1.41329,1.00,1.50
2017.03.15 14:02:16.190,1.41311,1.41329,2.62,1.00
2017.03.15 14:02:19.002,1.41312,1.41329,1.00,1.50
2017.03.15 14:02:20.916,1.41314,1.41329,1.00,1.00
2017.03.15 14:02:21.233,1.41316,1.41333,1.00,1.50
2017.03.15 14:02:21.735,1.41315,1.41333,3.00,1.50
2017.03.15 14:02:22.405,1.41315,1.41333,2.25,2.25
2017.03.15 14:02:23.676,1.41314,1.41331,1.87,1.00
2017.03.15 14:02:24.132,1.41313,1.41329,1.00,1.00
2017.03.15 14:02:25.096,1.41311,1.41329,1.87,1.00
2017.03.15 14:02:25.602,1.41311,1.41328,1.87,1.00
2017.03.15 14:02:27.534,1.41312,1.41328,1.00,1.00
2017.03.15 14:02:29.211,1.41311,1.41328,1.87,1.00
2017.03.15 14:02:29.525,1.4131,1.41326,1.87,1.00
2017.03.15 14:02:30.039,1.41311,1.41326,1.00,1.00
2017.03.15 14:02:30.695,1.41309,1.41326,2.25,1.00
2017.03.15 14:02:33.165,1.4131,1.41328,1.12,2.62
2017.03.15 14:02:33.763,1.4131,1.41327,1.50,1.00
2017.03.15 14:02:36.860,1.41316,1.41328,1.12,1.00
2017.03.15 14:02:37.012,1.41318,1.41334,1.12,1.00
2017.03.15 14:02:37.113,1.41316,1.41334,2.25,2.25
2017.03.15 14:02:37.635,1.41316,1.41333,1.50,1.00
2017.03.15 14:02:38.163,1.41316,1.41332,1.50,1.00
2017.03.15 14:02:39.230,1.41315,1.41334,1.75,2.25
2017.03.15 14:02:41.713,1.41319,1.41334,1.00,1.00
2017.03.15 14:02:41.915,1.41319,1.41336,1.12,1.50
2017.03.15 14:02:44.848,1.41317,1.41335,1.75,1.00
2017.03.15 14:02:47.745,1.41318,1.41334,1.50,1.00
2017.03.15 14:02:48.506,1.41318,1.41334,1.12,1.00
2017.03.15 14:02:49.277,1.41318,1.41333,1.12,1.00
2017.03.15 14:02:50.265,1.41318,1.41332,1.12,1.00
2017.03.15 14:02:53.335,1.41316,1.41332,1.12,1.00
2017.03.15 14:02:55.127,1.41315,1.41332,1.00,1.00
2017.03.15 14:02:56.987,1.41316,1.41332,1.00,1.00
2017.03.15 14:02:57.681,1.41315,1.41332,1.00,1.00
2017.03.15 14:02:57.732,1.41317,1.41332,1.00,1.00
2017.03.15 14:02:58.456,1.41316,1.41332,1.50,1.00
2017.03.15 14:02:59.230,1.41315,1.41332,1.50,1.00
2017.03.15 14:03:02.897,1.41314,1.4133,1.12,1.00
2017.03.15 14:03:03.200,1.4131,1.41329,2.25,1.12
2017.03.15 14:03:04.813,1.41309,1.41329,3.00,2.25
2017.03.15 14:03:04.945,1.41309,1.41326,2.25,1.00
2017.03.15 14:03:05.500,1.41309,1.41325,1.50,1.00
2017.03.15 14:03:06.870,1.41309,1.41327,1.00,1.50
2017.03.15 14:03:09.158,1.41309,1.41326,1.00,1.00
2017.03.15 14:03:26.933,1.41308,1.41326,2.25,1.00
2017.03.15 14:03:32.044,1.41308,1.41325,1.87,1.00
2017.03.15 14:03:32.218,1.4131,1.41328,1.00,1.50
2017.03.15 14:03:32.521,1.41314,1.41329,1.00,1.50
2017.03.15 14:03:32.668,1.41314,1.41332,1.12,1.12
2017.03.15 14:03:33.325,1.41314,1.41333,1.50,1.87
2017.03.15 14:03:33.906,1.41316,1.41334,1.87,2.62
2017.03.15 14:03:34.598,1.41317,1.41334,1.00,1.87
2017.03.15 14:03:35.034,1.41321,1.41333,1.00,1.00
2017.03.15 14:03:35.135,1.4132,1.41338,1.50,2.25
2017.03.15 14:03:35.187,1.4132,1.41338,1.50,1.50
2017.03.15 14:03:36.275,1.4132,1.41337,1.00,1.00
2017.03.15 14:03:36.813,1.4132,1.41336,1.00,1.00
2017.03.15 14:03:51.511,1.41322,1.41336,1.00,1.00
2017.03.15 14:03:51.864,1.41325,1.41336,1.00,1.00
2017.03.15 14:03:51.966,1.41327,1.41342,1.00,1.50
2017.03.15 14:03:52.484,1.41326,1.41344,1.87,2.62
2017.03.15 14:03:52.985,1.41326,1.41343,1.87,1.00
2017.03.15 14:03:53.511,1.41326,1.41342,1.87,1.00
2017.03.15 14:03:53.562,1.41326,1.41344,1.87,2.62
2017.03.15 14:03:53.613,1.41329,1.41346,1.00,2.25
2017.03.15 14:03:53.663,1.41329,1.41346,1.00,1.12
2017.03.15 14:03:54.214,1.41328,1.41346,2.62,1.12
2017.03.15 14:03:54.736,1.41329,1.41346,1.00,1.12
2017.03.15 14:03:55.244,1.41329,1.41347,1.12,1.87
2017.03.15 14:03:55.345,1.41331,1.41348,1.00,2.25
2017.03.15 14:03:55.864,1.41331,1.41348,1.00,1.50
2017.03.15 14:03:56.963,1.4133,1.41348,1.12,1.00
2017.03.15 14:03:57.951,1.4133,1.41348,1.75,1.00
2017.03.15 14:04:01.378,1.41332,1.41348,2.25,1.00
2017.03.15 14:04:01.429,1.41332,1.4135,1.50,1.00
2017.03.15 14:04:01.479,1.41338,1.41352,1.00,2.25
2017.03.15 14:04:01.581,1.41338,1.41353,1.00,1.50
2017.03.15 14:04:01.631,1.4134,1.41355,1.00,1.00
2017.03.15 14:04:01.894,1.41346,1.41363,1.00,1.50
2017.03.15 14:04:01.945,1.41348,1.41364,1.00,1.00
2017.03.15 14:04:02.248,1.41355,1.41368,1.00,1.00
2017.03.15 14:04:02.827,1.41355,1.41367,1.00,1.00
2017.03.15 14:04:03.437,1.41357,1.41372,1.00,3.00
2017.03.15 14:04:03.487,1.41359,1.41372,1.00,1.00
2017.03.15 14:04:03.588,1.41359,1.41374,1.00,1.00
2017.03.15 14:04:04.293,1.4136,1.41374,1.00,1.00
2017.03.15 14:04:04.344,1.41363,1.41378,1.00,2.25
2017.03.15 14:04:04.865,1.41363,1.41377,1.00,1.00
2017.03.15 14:04:05.606,1.41362,1.41377,1.00,1.00
2017.03.15 14:04:07.274,1.41362,1.41376,1.50,1.00
2017.03.15 14:04:09.165,1.41362,1.41377,1.50,1.00
2017.03.15 14:04:09.793,1.41365,1.41377,1.00,1.00
2017.03.15 14:04:10.332,1.41365,1.41378,1.00,1.00
2017.03.15 14:04:15.618,1.41365,1.41379,1.00,1.00
2017.03.15 14:04:15.719,1.41366,1.41381,1.00,1.00
2017.03.15 14:04:15.821,1.41368,1.41384,1.00,1.50
2017.03.15 14:04:15.922,1.4137,1.41388,1.50,1.50
2017.03.15 14:04:15.973,1.41373,1.4139,1.50,2.25
2017.03.15 14:04:16.024,1.41374,1.41391,1.00,1.75
2017.03.15 14:04:16.074,1.41376,1.41391,1.00,1.75
2017.03.15 14:04:16.125,1.41376,1.41392,1.00,1.50
2017.03.15 14:04:16.226,1.41374,1.4139,1.00,1.00
2017.03.15 14:04:16.732,1.41374,1.41389,1.00,1.00
2017.03.15 14:04:17.035,1.41383,1.414,1.00,1.50
2017.03.15 14:04:17.085,1.41385,1.414,1.00,1.50
2017.03.15 14:04:17.388,1.41385,1.41398,1.00,1.00
2017.03.15 14:04:17.741,1.41385,1.41401,1.50,1.00
2017.03.15 14:04:17.842,1.41387,1.41401,1.00,1.00
2017.03.15 14:04:18.175,1.41393,1.41406,1.00,1.00
2017.03.15 14:04:18.792,1.41392,1.41406,1.00,1.00
2017.03.15 14:04:20.305,1.41392,1.41408,1.00,1.50
2017.03.15 14:04:20.613,1.41392,1.41406,1.00,1.00
2017.03.15 14:04:20.991,1.41394,1.41406,1.00,1.00
2017.03.15 14:04:24.178,1.41394,1.41405,1.00,1.00
2017.03.15 14:04:24.279,1.41392,1.41405,1.00,1.00
2017.03.15 14:04:24.381,1.41392,1.41403,1.00,1.00
2017.03.15 14:04:24.811,1.4139,1.41403,1.00,1.00
2017.03.15 14:04:25.385,1.4139,1.41401,1.00,1.00
2017.03.15 14:04:25.436,1.41387,1.414,1.00,1.00
2017.03.15 14:04:29.153,1.41387,1.41401,1.00,1.00
2017.03.15 14:04:29.685,1.41387,1.41402,1.00,1.12
2017.03.15 14:04:29.786,1.4139,1.41402,1.00,1.12
2017.03.15 14:04:30.740,1.41391,1.41406,1.00,1.50
2017.03.15 14:04:30.992,1.41393,1.41408,1.00,1.00
2017.03.15 14:04:31.294,1.41395,1.4141,1.00,1.50
2017.03.15 14:04:33.941,1.41396,1.4141,1.00,1.00
2017.03.15 14:04:33.992,1.41398,1.41414,1.00,3.00
2017.03.15 14:04:34.043,1.41401,1.41415,1.00,1.87
2017.03.15 14:04:34.194,1.41406,1.41421,1.00,1.50
2017.03.15 14:04:34.396,1.41406,1.41418,1.00,1.00
2017.03.15 14:04:37.041,1.41406,1.41414,1.00,1.00
2017.03.15 14:04:37.142,1.414,1.41416,1.00,1.50
2017.03.15 14:04:37.344,1.41402,1.41416,1.00,2.25
2017.03.15 14:04:37.649,1.41402,1.41418,1.00,2.25
2017.03.15 14:04:40.498,1.41402,1.41415,1.00,1.00
2017.03.15 14:04:44.162,1.41399,1.41416,1.00,2.25
2017.03.15 14:04:45.237,1.41399,1.41414,1.00,2.17
2017.03.15 14:04:45.287,1.41397,1.41412,1.00,1.00
2017.03.15 14:04:45.789,1.41397,1.41413,1.00,1.75
2017.03.15 14:04:45.891,1.41399,1.41415,1.00,1.75
2017.03.15 14:04:45.942,1.41399,1.41413,1.00,1.00
2017.03.15 14:04:46.258,1.41399,1.41406,1.00,1.00
2017.03.15 14:04:46.308,1.41394,1.41406,1.00,1.00
2017.03.15 14:04:46.359,1.41389,1.41405,1.00,1.00
2017.03.15 14:04:46.410,1.41391,1.41407,1.00,2.25
2017.03.15 14:04:46.713,1.41397,1.41411,1.00,1.00
2017.03.15 14:04:46.965,1.41398,1.41413,1.00,1.12
2017.03.15 14:04:47.217,1.41398,1.41411,1.00,1.00
2017.03.15 14:04:48.314,1.41398,1.41413,1.00,1.00
2017.03.15 14:04:48.918,1.41398,1.41414,1.00,1.87
2017.03.15 14:04:49.458,1.41398,1.41415,1.00,1.87
2017.03.15 14:04:50.667,1.414,1.41415,1.00,1.00
2017.03.15 14:04:51.177,1.414,1.41417,1.00,3.00
2017.03.15 14:04:51.479,1.41403,1.41417,1.00,1.12
2017.03.15 14:04:51.580,1.41403,1.41419,1.00,1.87
2017.03.15 14:04:52.096,1.41403,1.41419,1.00,2.25
2017.03.15 14:04:52.928,1.41403,1.41417,1.00,1.00
2017.03.15 14:04:54.182,1.41403,1.41418,1.00,1.12
2017.03.15 14:04:54.872,1.41404,1.41418,1.00,1.12
2017.03.15 14:04:56.677,1.41404,1.4142,1.00,3.00
2017.03.15 14:04:57.137,1.41404,1.41416,1.00,1.00
2017.03.15 14:04:58.116,1.41404,1.41417,1.00,1.00
2017.03.15 14:04:58.623,1.41404,1.41416,1.00,1.00
2017.03.15 14:05:00.030,1.41404,1.41417,1.00,1.00
2017.03.15 14:05:01.442,1.41404,1.41418,1.00,1.12
2017.03.15 14:05:02.176,1.41404,1.41419,1.00,1.75
2017.03.15 14:05:03.448,1.41405,1.4142,1.00,2.25
2017.03.15 14:05:03.499,1.41405,1.4142,1.00,1.87
2017.03.15 14:05:04.050,1.41404,1.41421,1.00,1.12
2017.03.15 14:05:04.101,1.41406,1.41422,1.00,2.25
2017.03.15 14:05:04.252,1.41409,1.41427,1.00,4.50
2017.03.15 14:05:04.353,1.41412,1.41428,1.00,1.50
2017.03.15 14:05:04.656,1.41423,1.41428,1.00,1.00
2017.03.15 14:05:04.707,1.41423,1.41436,1.00,1.00
2017.03.15 14:05:04.808,1.41423,1.41434,1.00,1.00
2017.03.15 14:05:05.163,1.41422,1.41436,1.00,1.12
2017.03.15 14:05:05.731,1.4142,1.41436,1.00,1.12
2017.03.15 14:05:09.872,1.41423,1.41437,1.00,1.50
2017.03.15 14:05:12.916,1.4142,1.41435,1.00,1.00
2017.03.15 14:05:13.446,1.4142,1.41437,1.00,2.25
2017.03.15 14:05:13.675,1.41422,1.41438,1.00,1.12
2017.03.15 14:05:14.520,1.41422,1.41436,1.00,1.00
2017.03.15 14:05:15.083,1.41422,1.41437,1.00,1.00
2017.03.15 14:05:19.580,1.41422,1.41439,1.00,1.50
2017.03.15 14:05:19.882,1.41427,1.41442,1.00,1.50
2017.03.15 14:05:19.933,1.41429,1.41444,1.00,1.87
2017.03.15 14:05:19.984,1.41432,1.41448,1.00,3.00
2017.03.15 14:05:20.035,1.41427,1.41448,2.25,1.50
2017.03.15 14:05:20.086,1.41426,1.41445,2.25,1.00
2017.03.15 14:05:20.237,1.41419,1.41438,2.25,1.87
2017.03.15 14:05:20.338,1.41421,1.41439,1.00,1.12
2017.03.15 14:05:20.389,1.41421,1.4144,1.12,1.12
2017.03.15 14:05:20.597,1.41423,1.41443,1.50,1.12
2017.03.15 14:05:21.171,1.41424,1.41446,1.12,2.25
2017.03.15 14:05:22.800,1.41424,1.41446,4.12,3.00
2017.03.15 14:05:24.361,1.41425,1.41446,1.50,1.12
2017.03.15 14:05:24.462,1.41425,1.41445,1.00,1.50
2017.03.15 14:05:24.973,1.41425,1.41443,1.50,1.00
2017.03.15 14:05:25.478,1.41425,1.41443,1.12,1.12
2017.03.15 14:05:25.580,1.41422,1.41443,2.25,1.12
2017.03.15 14:05:26.110,1.41422,1.41443,1.12,2.25
2017.03.15 14:05:29.383,1.41422,1.41442,1.00,1.50
2017.03.15 14:05:30.310,1.41421,1.4144,1.00,1.00
2017.03.15 14:05:30.877,1.41421,1.4144,1.00,2.25
2017.03.15 14:05:30.929,1.41419,1.41438,1.00,1.75
2017.03.15 14:05:32.402,1.41416,1.41437,1.12,1.50
2017.03.15 14:05:34.113,1.41416,1.41437,1.00,2.25
2017.03.15 14:05:37.339,1.41416,1.41437,1.37,3.00
2017.03.15 14:05:37.541,1.41416,1.41437,1.87,1.00
2017.03.15 14:05:38.029,1.41418,1.41439,1.87,1.00
2017.03.15 14:05:38.332,1.4142,1.41441,1.87,1.75
2017.03.15 14:05:38.868,1.4142,1.41441,1.12,1.50
2017.03.15 14:05:40.400,1.41421,1.41441,1.50,1.50
2017.03.15 14:05:41.324,1.41421,1.41441,1.50,1.12
2017.03.15 14:05:43.514,1.41421,1.41443,1.12,2.62
2017.03.15 14:05:44.926,1.41419,1.41441,1.50,1.50
2017.03.15 14:05:45.229,1.41417,1.41437,1.12,1.87
2017.03.15 14:05:46.027,1.41417,1.41437,1.00,2.25
2017.03.15 14:05:46.371,1.41414,1.41434,1.12,1.50
2017.03.15 14:05:46.623,1.41412,1.41434,1.50,2.25
2017.03.15 14:05:50.819,1.41412,1.41432,1.87,1.00
2017.03.15 14:05:51.361,1.41412,1.41432,1.37,1.12
2017.03.15 14:05:52.954,1.41412,1.41432,1.12,1.12
2017.03.15 14:05:53.641,1.41412,1.41432,1.37,1.12
2017.03.15 14:05:54.175,1.41412,1.41432,1.00,1.12
2017.03.15 14:05:55.011,1.41412,1.41433,1.00,1.87
2017.03.15 14:05:55.517,1.41413,1.41433,1.00,1.12
2017.03.15 14:05:56.112,1.41411,1.41433,1.75,1.50
2017.03.15 14:05:58.583,1.41411,1.41432,1.37,1.12
2017.03.15 14:06:02.057,1.41413,1.41433,1.00,2.25
2017.03.15 14:06:03.008,1.41412,1.41433,1.12,2.25
2017.03.15 14:06:03.361,1.41414,1.41435,1.00,1.75
2017.03.15 14:06:03.663,1.41417,1.41436,1.50,1.00
2017.03.15 14:06:04.553,1.41417,1.41439,2.25,1.50
2017.03.15 14:06:05.113,1.41419,1.41439,1.12,1.12
2017.03.15 14:06:06.151,1.41419,1.41438,1.12,1.00
2017.03.15 14:06:07.412,1.41419,1.41439,1.12,1.87
2017.03.15 14:06:08.256,1.41419,1.41439,1.00,2.25
2017.03.15 14:06:08.378,1.41419,1.41439,1.75,1.50
2017.03.15 14:06:09.314,1.41419,1.41438,1.75,1.00
2017.03.15 14:06:11.231,1.41418,1.41439,2.62,1.50
2017.03.15 14:06:14.415,1.41418,1.41439,2.62,1.00
2017.03.15 14:06:14.996,1.4142,1.4144,1.75,1.00
2017.03.15 14:06:15.629,1.41421,1.41441,1.75,1.50
2017.03.15 14:06:16.132,1.41422,1.41441,1.75,1.00
2017.03.15 14:06:16.672,1.41423,1.41442,1.75,1.50
2017.03.15 14:06:25.102,1.41422,1.41443,1.75,1.00
2017.03.15 14:06:27.796,1.41422,1.41443,1.50,1.50
2017.03.15 14:06:27.897,1.41422,1.41441,1.50,1.00
2017.03.15 14:06:28.230,1.41418,1.41438,3.37,1.00
2017.03.15 14:06:28.281,1.41418,1.41438,2.62,1.00
2017.03.15 14:06:28.989,1.41418,1.41439,1.75,1.50
2017.03.15 14:06:30.280,1.41418,1.41438,1.75,1.00
2017.03.15 14:06:31.282,1.41418,1.41439,1.75,1.50
2017.03.15 14:06:32.427,1.41418,1.41438,2.25,1.00
2017.03.15 14:06:32.893,1.41422,1.41438,1.00,1.00
2017.03.15 14:06:33.482,1.41422,1.41439,1.00,1.00
2017.03.15 14:06:33.785,1.41424,1.41439,1.00,1.00
2017.03.15 14:06:34.885,1.41424,1.4144,1.00,1.00
2017.03.15 14:06:35.238,1.41426,1.41441,1.00,1.00
2017.03.15 14:06:35.472,1.41427,1.41443,1.00,1.50
2017.03.15 14:06:35.825,1.41427,1.41445,1.00,1.50
2017.03.15 14:06:35.977,1.41425,1.41444,1.12,1.50
2017.03.15 14:06:37.116,1.41423,1.41443,2.25,1.00
2017.03.15 14:06:37.617,1.41423,1.41444,1.50,1.50
2017.03.15 14:06:38.050,1.41425,1.41444,1.50,1.00
2017.03.15 14:06:38.358,1.41423,1.41444,1.12,1.00
2017.03.15 14:06:38.860,1.41423,1.41444,1.50,1.87
2017.03.15 14:06:39.382,1.41423,1.41443,1.50,1.00
2017.03.15 14:06:40.085,1.41423,1.41442,1.50,1.00
2017.03.15 14:06:55.862,1.41424,1.41442,1.75,1.00
2017.03.15 14:06:56.085,1.41429,1.41449,1.50,2.25
2017.03.15 14:06:56.627,1.4143,1.41448,1.00,1.50
2017.03.15 14:06:57.155,1.41429,1.41448,1.87,1.50
2017.03.15 14:06:57.666,1.4143,1.41448,1.00,1.50
2017.03.15 14:06:59.330,1.41432,1.41449,1.00,1.75
2017.03.15 14:06:59.431,1.41432,1.41452,2.62,3.00
2017.03.15 14:06:59.768,1.41437,1.41454,1.00,1.12
2017.03.15 14:06:59.919,1.4144,1.41458,1.00,1.12
2017.03.15 14:07:00.424,1.41439,1.41457,1.50,1.00
2017.03.15 14:07:03.982,1.4144,1.41457,2.25,1.00
2017.03.15 14:07:05.770,1.41439,1.41459,3.00,1.12
2017.03.15 14:07:07.712,1.41439,1.41458,2.25,1.00
2017.03.15 14:07:08.229,1.41439,1.41458,2.25,1.87
2017.03.15 14:07:08.650,1.41442,1.41459,1.12,1.00
2017.03.15 14:07:09.265,1.41443,1.41459,1.00,1.00
2017.03.15 14:07:09.938,1.41443,1.41459,1.50,1.00
2017.03.15 14:07:10.144,1.41443,1.41461,1.00,1.00
2017.03.15 14:07:10.680,1.41442,1.41461,1.12,1.50
2017.03.15 14:07:11.034,1.41442,1.4146,1.00,1.75
2017.03.15 14:07:13.014,1.41441,1.4146,1.00,2.62
2017.03.15 14:07:14.008,1.41441,1.41459,1.00,1.50
2017.03.15 14:07:14.261,1.41438,1.41458,1.50,1.75
2017.03.15 14:07:14.564,1.41433,1.41452,1.00,1.12
2017.03.15 14:07:14.797,1.41433,1.41451,1.00,1.50
2017.03.15 14:07:15.516,1.41432,1.41451,1.87,1.50
2017.03.15 14:07:16.050,1.41432,1.41451,1.00,1.75
2017.03.15 14:07:16.363,1.41431,1.4145,1.00,2.25
2017.03.15 14:07:19.228,1.4143,1.41449,1.00,1.75
2017.03.15 14:07:19.932,1.41429,1.41448,1.00,1.50
2017.03.15 14:07:21.317,1.41429,1.41445,1.00,1.00
2017.03.15 14:07:24.443,1.41429,1.41443,1.50,1.00
2017.03.15 14:07:24.494,1.41429,1.41446,1.50,1.00
2017.03.15 14:07:42.216,1.4143,1.41446,1.00,1.00
2017.03.15 14:07:43.018,1.41429,1.41448,1.50,1.50
2017.03.15 14:07:43.069,1.41432,1.41448,1.00,1.12
2017.03.15 14:07:43.170,1.41432,1.41451,1.00,2.25
2017.03.15 14:07:43.745,1.41431,1.41451,1.00,1.50
2017.03.15 14:07:44.287,1.41432,1.41451,1.00,1.50
2017.03.15 14:07:44.439,1.41436,1.41453,1.00,1.75
2017.03.15 14:07:44.490,1.41436,1.41454,1.00,1.50
2017.03.15 14:07:44.996,1.41437,1.41455,1.12,1.12
2017.03.15 14:07:45.438,1.41439,1.41458,1.50,3.00
2017.03.15 14:07:45.488,1.41439,1.41458,1.50,3.00
2017.03.15 14:07:46.791,1.41441,1.41459,1.00,1.75
2017.03.15 14:07:46.993,1.4144,1.41459,1.00,1.87
2017.03.15 14:07:59.379,1.41441,1.4146,1.00,3.00
2017.03.15 14:08:05.063,1.41442,1.4146,1.00,1.50
2017.03.15 14:08:05.584,1.41443,1.41462,1.00,2.25
2017.03.15 14:08:05.686,1.41446,1.41462,1.00,1.75
2017.03.15 14:08:05.737,1.41446,1.41462,1.00,1.00
2017.03.15 14:08:05.889,1.41448,1.41464,1.00,1.50
2017.03.15 14:08:06.242,1.41448,1.41465,1.00,1.00
2017.03.15 14:08:06.758,1.41449,1.41466,1.00,1.87
2017.03.15 14:08:07.301,1.41449,1.41468,1.12,3.00
2017.03.15 14:08:08.700,1.41448,1.41468,1.12,2.25
2017.03.15 14:08:11.715,1.41449,1.41466,1.00,1.12
2017.03.15 14:08:11.967,1.41451,1.41468,1.00,1.50
2017.03.15 14:08:13.303,1.41451,1.41468,1.00,1.00
2017.03.15 14:08:14.057,1.4145,1.41468,1.50,1.00
2017.03.15 14:08:15.549,1.4145,1.4147,2.25,1.50
2017.03.15 14:08:16.068,1.4145,1.4147,2.62,1.12
2017.03.15 14:08:17.112,1.41462,1.41472,1.00,1.75
2017.03.15 14:08:17.163,1.41464,1.4148,1.00,1.50
2017.03.15 14:08:17.366,1.41466,1.41475,1.00,1.00
2017.03.15 14:08:17.417,1.41462,1.41476,1.00,1.00
2017.03.15 14:08:17.518,1.4146,1.41474,1.00,1.50
2017.03.15 14:08:17.619,1.41455,1.41475,2.25,2.25
2017.03.15 14:08:17.721,1.41455,1.41472,1.50,1.00
2017.03.15 14:08:18.245,1.41454,1.41472,1.50,1.00
2017.03.15 14:08:19.720,1.41452,1.41471,1.75,1.50
2017.03.15 14:08:20.516,1.41451,1.4147,2.25,1.00
2017.03.15 14:08:20.661,1.41451,1.4147,1.87,1.00
2017.03.15 14:08:22.101,1.41452,1.4147,1.00,1.50
2017.03.15 14:08:22.844,1.41453,1.4147,1.00,1.00
2017.03.15 14:08:23.862,1.41452,1.4147,1.50,1.50
2017.03.15 14:08:24.379,1.4145,1.4147,2.25,1.50
2017.03.15 14:08:24.932,1.4145,1.41469,1.50,1.12
2017.03.15 14:08:25.313,1.41449,1.41467,1.75,1.00
2017.03.15 14:08:25.414,1.41449,1.41466,1.12,1.00
2017.03.15 14:08:26.268,1.41448,1.41466,1.12,1.00
2017.03.15 14:08:28.448,1.41448,1.41465,1.12,1.00
2017.03.15 14:08:29.387,1.41449,1.41465,1.00,1.00
2017.03.15 14:08:30.616,1.4145,1.41465,1.00,1.00
2017.03.15 14:08:30.929,1.4145,1.41467,1.12,1.00
2017.03.15 14:08:34.263,1.41448,1.41466,1.75,1.50
2017.03.15 14:08:34.364,1.41447,1.41464,1.00,1.50
2017.03.15 14:08:34.415,1.41444,1.41462,1.50,1.00
2017.03.15 14:08:34.617,1.4144,1.41459,2.25,1.00
2017.03.15 14:08:34.668,1.4144,1.41458,1.00,1.50
2017.03.15 14:08:34.769,1.41441,1.41459,1.12,1.87
2017.03.15 14:08:34.870,1.41443,1.41459,1.00,1.12
2017.03.15 14:08:35.447,1.41442,1.41459,1.00,1.87
2017.03.15 14:08:35.966,1.41441,1.41458,1.12,1.00
2017.03.15 14:08:37.313,1.41442,1.41459,1.00,1.12
2017.03.15 14:08:39.380,1.41441,1.4146,1.87,1.50
2017.03.15 14:08:41.516,1.41442,1.4146,1.00,3.00
2017.03.15 14:08:42.232,1.41443,1.4146,1.00,3.00
2017.03.15 14:08:43.141,1.41441,1.4146,1.12,2.25
2017.03.15 14:08:45.405,1.4144,1.41457,2.25,1.00
2017.03.15 14:08:47.048,1.41437,1.41455,2.25,1.50
2017.03.15 14:08:47.099,1.41436,1.41455,1.00,1.00
2017.03.15 14:08:47.149,1.41435,1.41452,1.00,1.00
2017.03.15 14:08:47.200,1.41433,1.41451,1.87,1.00
2017.03.15 14:08:47.714,1.41432,1.4145,1.87,1.12
2017.03.15 14:08:47.916,1.41435,1.41452,1.50,1.75
2017.03.15 14:08:47.967,1.41435,1.41452,1.00,1.00
2017.03.15 14:08:50.065,1.41435,1.4145,1.00,1.00
2017.03.15 14:08:53.345,1.41433,1.4145,2.62,1.50
2017.03.15 14:08:54.376,1.41434,1.4145,1.00,1.50
2017.03.15 14:08:54.678,1.41431,1.4145,2.62,2.25
2017.03.15 14:08:54.780,1.41431,1.41448,1.12,1.00
2017.03.15 14:08:55.111,1.4143,1.41446,1.12,1.00
2017.03.15 14:08:55.640,1.41429,1.41446,1.12,1.00
2017.03.15 14:09:10.110,1.41426,1.41444,3.00,1.00
2017.03.15 14:09:10.990,1.41426,1.41443,1.50,1.75
2017.03.15 14:09:14.920,1.41428,1.41443,1.00,1.12
2017.03.15 14:09:35.103,1.41429,1.41445,1.00,1.12
2017.03.15 14:09:35.684,1.4143,1.41446,1.00,1.87
2017.03.15 14:09:44.162,1.41427,1.41446,2.62,1.87
2017.03.15 14:09:44.263,1.41429,1.41443,1.00,1.00
2017.03.15 14:09:44.816,1.41428,1.41442,1.00,1.00
2017.03.15 14:09:46.762,1.41426,1.41442,1.12,1.00
2017.03.15 14:09:46.813,1.41425,1.4144,1.00,1.00
2017.03.15 14:09:47.115,1.41414,1.41428,1.00,1.00
2017.03.15 14:09:47.317,1.41408,1.41423,1.87,1.00
2017.03.15 14:09:47.797,1.41409,1.41425,1.00,1.12
2017.03.15 14:09:47.848,1.41411,1.41425,1.00,1.12
2017.03.15 14:09:49.901,1.41409,1.41423,1.00,1.00
2017.03.15 14:09:51.263,1.41407,1.41423,1.50,1.00
2017.03.15 14:09:52.310,1.41407,1.41421,1.50,1.00
2017.03.15 14:09:55.631,1.41408,1.41421,1.00,1.00
2017.03.15 14:09:56.223,1.41408,1.41422,1.00,1.12
2017.03.15 14:10:05.582,1.41409,1.41422,1.00,1.00
2017.03.15 14:10:05.835,1.41409,1.41424,1.00,1.00
2017.03.15 14:10:07.519,1.41408,1.41424,1.00,1.00
2017.03.15 14:10:07.721,1.4141,1.41424,1.00,1.00
2017.03.15 14:10:08.928,1.4141,1.41425,1.00,1.00
2017.03.15 14:10:18.068,1.4141,1.41424,1.50,1.00
2017.03.15 14:10:18.219,1.41411,1.41426,1.00,1.00
2017.03.15 14:10:18.720,1.41412,1.41428,1.00,1.50
2017.03.15 14:10:19.149,1.41414,1.41428,1.00,1.12
2017.03.15 14:10:19.452,1.41416,1.4143,1.00,1.00
2017.03.15 14:10:19.634,1.41414,1.4143,1.50,1.00
2017.03.15 14:10:20.328,1.41415,1.41431,1.50,1.50
2017.03.15 14:10:23.557,1.41415,1.41429,1.00,1.00
2017.03.15 14:10:23.608,1.41413,1.41428,1.50,1.00
2017.03.15 14:10:25.425,1.41414,1.41428,1.00,1.00
2017.03.15 14:10:25.526,1.41412,1.41429,1.00,1.00
2017.03.15 14:10:25.577,1.41412,1.41427,1.00,1.00
2017.03.15 14:10:29.173,1.41414,1.41427,1.00,1.00
2017.03.15 14:10:29.746,1.41412,1.41427,1.50,1.00
2017.03.15 14:10:30.265,1.41413,1.41427,1.00,1.00
2017.03.15 14:10:34.534,1.41413,1.41428,1.50,1.00
2017.03.15 14:10:35.359,1.41414,1.41429,1.00,1.12
2017.03.15 14:10:35.410,1.41417,1.41431,1.50,1.50
2017.03.15 14:10:35.735,1.41426,1.4144,1.00,2.25
2017.03.15 14:10:35.887,1.41426,1.41441,1.00,1.00
2017.03.15 14:10:35.938,1.41426,1.41443,1.00,2.62
2017.03.15 14:10:36.039,1.41425,1.4144,1.00,1.00
2017.03.15 14:10:36.544,1.41426,1.41441,1.00,1.00
2017.03.15 14:10:37.015,1.41427,1.41444,1.00,2.25
2017.03.15 14:10:37.577,1.41427,1.41444,1.00,1.87
2017.03.15 14:10:45.666,1.41428,1.41444,1.00,1.00
2017.03.15 14:10:46.733,1.41429,1.41444,1.00,1.00
2017.03.15 14:10:47.282,1.4143,1.41445,1.00,1.12
2017.03.15 14:10:56.815,1.41428,1.41445,1.50,1.12
2017.03.15 14:10:58.079,1.41428,1.41445,1.00,1.50
2017.03.15 14:10:59.226,1.41426,1.41444,1.87,1.12
2017.03.15 14:11:00.389,1.41426,1.41442,1.00,1.00
2017.03.15 14:11:00.692,1.41424,1.41439,1.00,1.00
2017.03.15 14:11:02.658,1.41423,1.41439,1.00,1.00
2017.03.15 14:11:03.233,1.41423,1.41438,1.00,1.00
2017.03.15 14:11:03.637,1.41421,1.41438,1.00,1.00
2017.03.15 14:11:04.634,1.41423,1.41438,1.00,1.12
2017.03.15 14:11:05.787,1.41421,1.41438,1.00,1.12
2017.03.15 14:11:06.032,1.41421,1.41436,1.00,1.00
2017.03.15 14:11:06.443,1.41416,1.41433,1.87,1.00
2017.03.15 14:11:06.595,1.41416,1.41431,1.00,1.00
2017.03.15 14:11:07.129,1.41415,1.4143,1.00,1.00
2017.03.15 14:11:07.656,1.41416,1.41429,1.00,1.00
2017.03.15 14:11:08.094,1.41417,1.41431,1.00,1.12
2017.03.15 14:11:08.616,1.41416,1.41431,1.00,1.12
2017.03.15 14:11:09.441,1.41415,1.41431,1.00,1.00
2017.03.15 14:11:09.994,1.41414,1.4143,1.00,1.00
2017.03.15 14:11:10.527,1.41415,1.4143,1.00,1.00
2017.03.15 14:11:11.054,1.41414,1.41429,1.00,1.00
2017.03.15 14:11:15.312,1.41413,1.41429,1.00,1.00
2017.03.15 14:11:15.413,1.41412,1.41426,1.00,1.00
2017.03.15 14:11:15.916,1.41411,1.41425,1.00,1.00
2017.03.15 14:11:16.605,1.4141,1.41425,1.50,1.00
2017.03.15 14:11:18.252,1.4141,1.41424,1.00,1.00
2017.03.15 14:11:18.622,1.41408,1.41422,1.12,1.00
2017.03.15 14:11:18.774,1.41406,1.41422,1.50,1.00
2017.03.15 14:11:19.297,1.41405,1.41422,1.50,1.00
2017.03.15 14:11:20.559,1.41406,1.41422,1.00,1.00
2017.03.15 14:11:23.525,1.41407,1.41422,1.00,1.00
2017.03.15 14:11:23.626,1.41409,1.41423,1.00,1.50
2017.03.15 14:11:25.674,1.41408,1.41423,1.00,1.00
2017.03.15 14:11:26.125,1.4141,1.41423,1.00,1.00
2017.03.15 14:11:26.276,1.41412,1.41429,1.50,1.50
2017.03.15 14:11:26.839,1.41412,1.41429,2.25,1.00
2017.03.15 14:11:27.192,1.41414,1.41431,1.50,1.12
2017.03.15 14:11:27.812,1.41415,1.41431,1.00,1.00
2017.03.15 14:11:27.963,1.41417,1.41431,1.00,1.00
2017.03.15 14:11:28.442,1.41418,1.41434,1.00,1.00
2017.03.15 14:11:31.022,1.41417,1.41434,1.00,1.00
2017.03.15 14:11:31.959,1.41418,1.41434,1.00,1.00
2017.03.15 14:11:32.211,1.41419,1.41436,1.00,1.00
2017.03.15 14:11:32.816,1.4142,1.41435,1.00,1.00
2017.03.15 14:11:33.983,1.41418,1.41435,1.12,1.00
2017.03.15 14:11:34.135,1.41418,1.41433,1.12,1.00
2017.03.15 14:11:34.287,1.41415,1.41432,1.50,1.00
2017.03.15 14:11:34.389,1.41414,1.41429,1.12,1.00
2017.03.15 14:11:34.908,1.41413,1.41428,1.50,1.00
2017.03.15 14:11:35.133,1.41411,1.41428,1.87,1.00
2017.03.15 14:11:35.285,1.41412,1.41426,1.00,1.00
2017.03.15 14:11:36.020,1.41411,1.41426,1.87,1.00
2017.03.15 14:11:36.408,1.41414,1.41426,1.00,1.00
2017.03.15 14:11:37.029,1.41412,1.41427,2.25,1.00
2017.03.15 14:11:41.244,1.41411,1.41426,1.87,1.00
2017.03.15 14:11:41.647,1.41413,1.41426,1.00,1.00
2017.03.15 14:11:42.140,1.41413,1.41428,1.00,1.00
2017.03.15 14:11:42.830,1.41414,1.41428,1.00,1.00
2017.03.15 14:11:43.441,1.41412,1.41428,1.00,1.00
2017.03.15 14:11:43.946,1.41412,1.41428,1.50,1.00
2017.03.15 14:11:44.487,1.4141,1.41427,1.50,1.00
2017.03.15 14:11:44.788,1.4141,1.41425,1.50,1.00
2017.03.15 14:11:45.692,1.41408,1.41423,1.75,1.00
2017.03.15 14:11:46.145,1.4141,1.41425,2.25,1.00
2017.03.15 14:11:46.196,1.41412,1.41428,1.00,1.50
2017.03.15 14:11:46.528,1.41408,1.41423,1.12,1.00
2017.03.15 14:11:47.551,1.41408,1.41424,1.12,1.00
2017.03.15 14:11:48.146,1.41409,1.41423,1.12,1.00
2017.03.15 14:11:48.651,1.41409,1.41424,1.87,1.00
2017.03.15 14:11:49.749,1.4141,1.41424,1.00,1.00
2017.03.15 14:11:50.762,1.41409,1.41424,1.00,1.00
2017.03.15 14:11:51.412,1.41408,1.41424,1.12,1.00
2017.03.15 14:11:52.024,1.41407,1.41422,1.50,1.00
2017.03.15 14:11:52.507,1.41403,1.4142,2.25,1.00
2017.03.15 14:11:52.659,1.414,1.41415,1.00,1.00
2017.03.15 14:11:53.090,1.414,1.41417,1.50,1.00
2017.03.15 14:11:53.746,1.41401,1.41415,1.00,1.00
2017.03.15 14:11:53.797,1.41402,1.41417,1.00,1.00
2017.03.15 14:11:57.181,1.41402,1.41418,1.12,1.00
2017.03.15 14:11:57.731,1.41403,1.41418,1.00,1.00
2017.03.15 14:12:01.824,1.41404,1.41418,1.00,1.00
2017.03.15 14:12:02.791,1.41404,1.41419,1.00,1.00
2017.03.15 14:12:03.438,1.41405,1.41421,1.00,1.12
2017.03.15 14:12:03.961,1.41405,1.4142,1.00,1.00
2017.03.15 14:12:04.478,1.41404,1.4142,1.12,1.00
2017.03.15 14:12:08.004,1.41404,1.41419,1.12,1.00
2017.03.15 14:12:08.757,1.41403,1.41419,1.12,1.00
2017.03.15 14:12:09.046,1.41401,1.41416,1.12,1.00
2017.03.15 14:12:09.687,1.41399,1.41417,2.25,1.00
2017.03.15 14:12:10.215,1.41399,1.41416,2.25,1.00
2017.03.15 14:12:15.268,1.414,1.41417,1.50,1.00
2017.03.15 14:12:19.086,1.414,1.41416,1.50,1.00
2017.03.15 14:12:22.224,1.414,1.41416,1.12,1.00
2017.03.15 14:12:22.546,1.41399,1.41414,2.25,1.00
2017.03.15 14:12:22.698,1.41397,1.41415,1.12,1.00
2017.03.15 14:12:23.202,1.41398,1.41415,1.50,1.00
2017.03.15 14:12:25.727,1.41396,1.41407,1.87,1.00
2017.03.15 14:12:25.878,1.41389,1.41406,2.25,1.00
2017.03.15 14:12:26.232,1.41389,1.41404,1.12,1.00
2017.03.15 14:12:26.636,1.41388,1.41406,1.50,2.25
2017.03.15 14:12:27.017,1.41391,1.41405,1.00,1.00
2017.03.15 14:12:27.269,1.41391,1.41407,1.00,1.00
2017.03.15 14:12:27.788,1.41391,1.41407,1.50,1.00
2017.03.15 14:12:28.289,1.41392,1.41408,1.12,1.00
2017.03.15 14:12:41.577,1.41393,1.41409,1.12,1.50
2017.03.15 14:12:41.975,1.41395,1.41411,1.00,1.87
2017.03.15 14:12:43.717,1.41396,1.41411,1.00,1.00
2017.03.15 14:12:44.384,1.41396,1.41412,1.50,1.00
2017.03.15 14:12:58.637,1.41397,1.41414,1.00,3.00
2017.03.15 14:12:59.204,1.41398,1.41413,1.00,1.00
2017.03.15 14:13:04.965,1.41397,1.41414,1.00,1.87
2017.03.15 14:13:05.478,1.41396,1.41414,2.62,1.87
2017.03.15 14:13:23.949,1.41396,1.41409,1.12,1.00
2017.03.15 14:13:24.100,1.41391,1.41406,1.87,1.00
2017.03.15 14:13:24.201,1.41388,1.41405,1.12,1.00
2017.03.15 14:13:24.303,1.4139,1.41405,1.00,1.00
2017.03.15 14:13:24.707,1.4139,1.41407,1.12,1.00
2017.03.15 14:13:25.715,1.41391,1.41407,1.00,1.00
2017.03.15 14:13:26.442,1.41391,1.41408,1.00,2.62
2017.03.15 14:13:27.087,1.41392,1.41408,1.00,1.00
2017.03.15 14:13:27.137,1.41394,1.41408,1.00,1.00
2017.03.15 14:13:27.383,1.41394,1.4141,1.00,1.00
2017.03.15 14:13:27.927,1.41393,1.4141,1.12,1.50
2017.03.15 14:13:32.055,1.41395,1.4141,1.00,1.00
2017.03.15 14:13:34.097,1.41396,1.4141,1.00,1.00
2017.03.15 14:13:34.250,1.41395,1.41412,1.50,1.00
2017.03.15 14:13:36.006,1.41397,1.41412,1.00,1.00
2017.03.15 14:13:39.342,1.41396,1.41411,1.00,1.00
2017.03.15 14:13:45.891,1.41394,1.41411,1.00,1.87
2017.03.15 14:13:47.215,1.41394,1.41409,1.00,1.00
2017.03.15 14:13:51.915,1.41395,1.41409,1.00,1.00
2017.03.15 14:13:55.708,1.41396,1.41409,1.00,1.00
2017.03.15 14:13:57.333,1.41395,1.41409,1.00,1.00
2017.03.15 14:13:59.034,1.41394,1.41409,1.50,1.00
2017.03.15 14:14:01.118,1.41395,1.41409,1.00,1.00
2017.03.15 14:14:01.421,1.41396,1.41412,1.50,1.00
2017.03.15 14:14:01.951,1.41397,1.41412,1.50,1.00
2017.03.15 14:14:02.638,1.41397,1.41414,1.00,1.87
2017.03.15 14:14:03.526,1.41399,1.41414,1.50,2.62
2017.03.15 14:14:05.702,1.41401,1.41416,1.00,1.50
2017.03.15 14:14:05.753,1.41403,1.41419,1.50,1.87
2017.03.15 14:14:06.279,1.41404,1.4142,2.25,1.00
2017.03.15 14:14:06.783,1.41405,1.4142,1.50,1.00
2017.03.15 14:14:08.821,1.41405,1.41421,1.00,1.12
2017.03.15 14:14:10.452,1.41406,1.41421,1.00,1.12
2017.03.15 14:14:12.058,1.41405,1.41422,1.50,1.50
2017.03.15 14:14:14.991,1.41406,1.41422,1.00,1.50
2017.03.15 14:14:15.579,1.41405,1.41422,1.50,1.50
2017.03.15 14:14:22.038,1.41405,1.41423,1.00,1.50
2017.03.15 14:14:24.317,1.41406,1.41423,1.00,1.50
2017.03.15 14:14:24.620,1.41404,1.41421,1.87,1.00
2017.03.15 14:14:25.124,1.41405,1.4142,1.00,1.00
2017.03.15 14:14:25.639,1.41406,1.41421,1.00,1.12
2017.03.15 14:14:32.562,1.41405,1.41423,2.25,1.50
2017.03.15 14:14:32.764,1.41405,1.4142,1.00,1.00
2017.03.15 14:14:35.880,1.41405,1.41421,1.00,1.12
2017.03.15 14:14:37.465,1.41406,1.41421,1.00,1.12
2017.03.15 14:14:38.687,1.41405,1.41421,1.00,1.12
2017.03.15 14:14:50.045,1.41405,1.4142,1.00,1.00
2017.03.15 14:14:51.710,1.41404,1.41422,1.50,1.00
2017.03.15 14:14:51.912,1.41406,1.41422,1.00,1.50
2017.03.15 14:14:52.458,1.41406,1.41422,2.25,1.00
2017.03.15 14:14:52.965,1.41407,1.41422,1.00,1.00
2017.03.15 14:14:53.499,1.41406,1.41422,1.50,1.00
2017.03.15 14:14:56.812,1.41407,1.41423,1.00,1.12
2017.03.15 14:15:00.908,1.41407,1.41422,1.00,1.00
2017.03.15 14:15:01.230,1.41405,1.41421,1.00,1.50
2017.03.15 14:15:01.990,1.41404,1.41421,1.50,1.50
2017.03.15 14:15:06.838,1.41403,1.4142,1.87,1.00
2017.03.15 14:15:07.402,1.41402,1.4142,1.50,1.50
2017.03.15 14:15:08.063,1.41402,1.41418,1.50,1.00
2017.03.15 14:15:11.962,1.41402,1.41417,1.00,1.00
2017.03.15 14:15:12.472,1.41401,1.41417,1.50,1.00
2017.03.15 14:15:15.010,1.41402,1.41417,1.00,1.00
2017.03.15 14:15:19.410,1.41401,1.41418,1.00,1.00
2017.03.15 14:15:19.914,1.41402,1.41417,1.00,1.00
2017.03.15 14:15:21.398,1.41399,1.41415,1.50,1.00
2017.03.15 14:15:21.499,1.41397,1.41414,2.62,1.00
2017.03.15 14:15:22.003,1.41396,1.41413,1.50,1.87
2017.03.15 14:15:26.029,1.41395,1.41412,2.62,1.00
2017.03.15 14:15:26.535,1.41396,1.41412,1.00,1.00
2017.03.15 14:15:27.141,1.41395,1.41412,1.00,1.12
2017.03.15 14:15:41.905,1.41395,1.4141,1.50,1.00
2017.03.15 14:16:05.949,1.41394,1.41412,2.25,1.12
2017.03.15 14:16:06.000,1.41396,1.41412,1.00,1.12
2017.03.15 14:16:06.258,1.41397,1.41414,1.50,1.87
2017.03.15 14:16:11.614,1.41397,1.41414,1.50,2.25
2017.03.15 14:16:54.636,1.41397,1.41412,1.00,1.12
2017.03.15 14:16:58.699,1.41396,1.41411,1.50,1.00
2017.03.15 14:16:59.230,1.41396,1.41412,1.50,1.12
2017.03.15 14:17:06.792,1.41397,1.41412,1.00,1.12
2017.03.15 14:17:10.497,1.41395,1.41413,1.50,1.50
2017.03.15 14:17:26.552,1.41396,1.41412,1.00,1.12
2017.03.15 14:17:36.885,1.41397,1.41413,1.50,1.50
2017.03.15 14:17:37.449,1.41397,1.41413,2.25,1.00
2017.03.15 14:17:37.987,1.41398,1.41414,1.00,1.12
2017.03.15 14:17:43.338,1.41397,1.41416,1.50,1.75
2017.03.15 14:17:48.766,1.41399,1.41413,1.00,1.00
2017.03.15 14:17:48.867,1.41397,1.41413,1.00,1.00
2017.03.15 14:17:56.435,1.41397,1.41414,1.00,1.00
2017.03.15 14:18:02.438,1.41398,1.41414,1.00,1.00
2017.03.15 14:18:02.539,1.41399,1.41416,1.00,1.87
2017.03.15 14:18:02.740,1.41404,1.41418,1.00,1.12
2017.03.15 14:18:02.842,1.41406,1.41422,1.00,1.50
2017.03.15 14:18:03.327,1.41409,1.41423,1.00,1.87
2017.03.15 14:18:03.479,1.4141,1.41425,1.50,1.00
2017.03.15 14:18:04.017,1.4141,1.41426,1.50,1.00
2017.03.15 14:18:04.647,1.41409,1.41426,1.00,1.00
2017.03.15 14:18:05.256,1.41408,1.41426,1.87,1.00
2017.03.15 14:18:05.467,1.41409,1.41424,1.00,1.00
2017.03.15 14:18:07.402,1.41408,1.41426,1.87,1.00
2017.03.15 14:18:10.036,1.41409,1.41426,1.00,1.12
2017.03.15 14:18:10.550,1.41408,1.41426,1.12,1.12
2017.03.15 14:18:11.628,1.41409,1.41426,1.00,1.12
2017.03.15 14:18:12.142,1.41408,1.41426,1.87,1.12
2017.03.15 14:18:14.831,1.41409,1.41426,1.00,1.12
2017.03.15 14:18:15.300,1.41411,1.41426,1.00,1.12
2017.03.15 14:18:15.842,1.41412,1.41428,1.00,1.50
2017.03.15 14:18:16.198,1.41414,1.4143,1.00,1.50
2017.03.15 14:18:16.249,1.41414,1.41431,1.50,1.00
2017.03.15 14:18:16.554,1.41416,1.41433,1.75,1.00
2017.03.15 14:18:16.806,1.41417,1.41435,1.75,1.00
2017.03.15 14:18:16.907,1.41417,1.41432,2.25,1.12
2017.03.15 14:18:17.009,1.41419,1.41435,1.12,1.87
2017.03.15 14:18:17.160,1.41421,1.41436,1.00,1.00
2017.03.15 14:18:17.366,1.41422,1.41438,1.12,2.25
2017.03.15 14:18:20.876,1.41421,1.41436,1.50,1.00
2017.03.15 14:18:20.927,1.41422,1.4144,1.12,1.00
2017.03.15 14:18:21.028,1.41425,1.41441,1.00,1.12
2017.03.15 14:18:21.129,1.41427,1.41443,1.00,1.50
2017.03.15 14:18:21.679,1.41426,1.41443,1.75,1.00
2017.03.15 14:18:22.261,1.41426,1.41444,1.75,1.50
2017.03.15 14:18:25.710,1.41427,1.41445,1.50,1.50
2017.03.15 14:18:26.498,1.41427,1.41444,1.50,1.00
2017.03.15 14:18:28.222,1.41428,1.41443,1.12,1.00
2017.03.15 14:18:35.717,1.41426,1.41442,1.75,1.00
2017.03.15 14:18:37.774,1.41426,1.41442,1.12,1.00
2017.03.15 14:18:37.825,1.41423,1.4144,1.75,1.00
2017.03.15 14:18:37.926,1.41423,1.41439,1.50,1.00
2017.03.15 14:18:38.229,1.4142,1.41438,1.12,1.00
2017.03.15 14:18:38.431,1.41419,1.41436,1.50,1.00
2017.03.15 14:18:38.583,1.41418,1.41435,1.12,1.00
2017.03.15 14:18:39.100,1.41419,1.41435,1.00,1.00
2017.03.15 14:18:40.160,1.41418,1.41435,1.12,1.00
2017.03.15 14:18:45.516,1.41418,1.41433,1.00,1.00
2017.03.15 14:18:47.387,1.41418,1.41436,1.50,1.50
2017.03.15 14:18:47.539,1.4142,1.41435,1.00,1.00
2017.03.15 14:18:48.013,1.41422,1.41437,1.00,1.00
2017.03.15 14:18:59.116,1.41421,1.41438,1.12,1.00
2017.03.15 14:19:02.284,1.41421,1.41437,1.12,1.00
2017.03.15 14:19:03.012,1.4142,1.41436,1.00,1.00
2017.03.15 14:19:05.422,1.4142,1.41434,1.00,1.00
2017.03.15 14:19:05.912,1.41417,1.41434,2.25,1.00
2017.03.15 14:19:06.417,1.41417,1.41434,1.00,1.00
2017.03.15 14:19:07.072,1.41416,1.41434,2.62,1.87
2017.03.15 14:19:07.324,1.41418,1.41433,1.00,1.00
2017.03.15 14:19:07.375,1.41418,1.41436,1.75,1.50
2017.03.15 14:19:09.382,1.41419,1.41438,2.25,3.00
2017.03.15 14:19:10.337,1.41419,1.41438,1.75,2.25
2017.03.15 14:19:14.483,1.41422,1.41438,1.00,2.25
2017.03.15 14:19:18.969,1.4142,1.41438,1.50,2.25
2017.03.15 14:19:19.020,1.4142,1.41436,1.50,1.00
2017.03.15 14:19:23.891,1.4142,1.41438,1.50,1.50
2017.03.15 14:19:23.941,1.4142,1.41436,1.50,1.00
2017.03.15 14:19:24.489,1.4142,1.41436,1.00,1.00
2017.03.15 14:19:24.793,1.41418,1.41434,1.00,1.00
2017.03.15 14:19:25.316,1.41417,1.41433,1.12,1.00
2017.03.15 14:19:26.446,1.41416,1.41432,2.25,1.00
2017.03.15 14:19:26.996,1.41416,1.41431,1.00,1.00
2017.03.15 14:19:27.577,1.41416,1.4143,1.00,1.00
2017.03.15 14:19:27.842,1.41414,1.4143,1.00,1.00
2017.03.15 14:19:27.893,1.41416,1.4143,1.00,1.00
2017.03.15 14:19:32.039,1.41415,1.4143,1.12,1.00
2017.03.15 14:19:32.361,1.41417,1.4143,1.00,1.00
2017.03.15 14:19:33.082,1.41419,1.41435,1.00,1.75
2017.03.15 14:19:33.133,1.4142,1.41436,1.87,1.00
2017.03.15 14:19:33.287,1.41422,1.41438,1.12,1.00
2017.03.15 14:19:36.636,1.41422,1.41436,1.12,1.00
2017.03.15 14:19:37.165,1.41423,1.41436,1.00,1.00
2017.03.15 14:19:37.267,1.41421,1.41436,2.62,1.00
2017.03.15 14:19:38.104,1.41422,1.41436,1.00,1.00
2017.03.15 14:19:46.479,1.4142,1.41436,1.50,1.00
2017.03.15 14:19:46.983,1.41418,1.41435,1.75,1.00
2017.03.15 14:19:47.084,1.41418,1.41435,1.12,1.50
2017.03.15 14:19:48.917,1.41418,1.41433,1.12,1.00
2017.03.15 14:19:55.789,1.41417,1.41433,1.12,1.50
2017.03.15 14:20:02.022,1.41416,1.41432,1.50,1.00
2017.03.15 14:20:02.648,1.41417,1.41433,1.12,1.50
2017.03.15 14:20:06.885,1.41415,1.41432,1.12,1.00
2017.03.15 14:20:06.986,1.41415,1.4143,1.12,1.00
2017.03.15 14:20:07.238,1.41413,1.41429,1.12,1.00
2017.03.15 14:20:07.591,1.41412,1.41427,1.50,1.00
2017.03.15 14:20:07.692,1.41411,1.41427,1.00,1.50
2017.03.15 14:20:08.212,1.4141,1.41427,1.00,1.12
2017.03.15 14:20:09.366,1.4141,1.41426,1.00,1.00
2017.03.15 14:20:10.917,1.41411,1.41427,1.00,1.12
2017.03.15 14:20:14.795,1.4141,1.41427,1.00,1.00
2017.03.15 14:20:20.564,1.41412,1.41427,1.00,1.50
2017.03.15 14:20:20.665,1.41413,1.4143,1.00,1.12
2017.03.15 14:20:21.201,1.41412,1.41428,1.50,1.00
2017.03.15 14:20:29.290,1.4141,1.41429,1.00,2.25
2017.03.15 14:20:30.633,1.41411,1.41427,1.00,1.00
2017.03.15 14:20:31.048,1.41408,1.41425,1.50,1.00
2017.03.15 14:20:31.641,1.41407,1.41425,1.00,1.50
2017.03.15 14:20:32.952,1.41408,1.41424,1.00,1.12
2017.03.15 14:20:33.120,1.41406,1.41425,1.00,2.25
2017.03.15 14:20:34.771,1.41405,1.41423,1.50,1.00
2017.03.15 14:20:34.973,1.41405,1.41421,1.00,1.00
2017.03.15 14:20:35.569,1.41405,1.4142,1.00,1.00
2017.03.15 14:20:35.965,1.41403,1.4142,1.50,1.00
2017.03.15 14:20:36.827,1.41403,1.41419,1.00,1.00
2017.03.15 14:20:37.392,1.41402,1.41419,1.50,1.00
2017.03.15 14:20:40.724,1.41404,1.41419,1.00,1.00
2017.03.15 14:20:41.621,1.41405,1.41419,1.00,1.00
2017.03.15 14:20:43.255,1.41404,1.41419,1.00,1.00
2017.03.15 14:20:45.686,1.41403,1.41419,1.50,1.00
2017.03.15 14:20:49.065,1.41401,1.41416,1.00,1.50
2017.03.15 14:20:49.115,1.41397,1.41414,1.12,1.00
2017.03.15 14:20:49.216,1.41399,1.41414,1.00,1.00
2017.03.15 14:20:49.469,1.414,1.41416,1.00,1.00
2017.03.15 14:20:49.994,1.41399,1.41415,1.00,1.00
2017.03.15 14:20:50.196,1.41397,1.41415,3.00,1.00
2017.03.15 14:20:50.720,1.41398,1.41415,1.00,1.50
2017.03.15 14:20:51.270,1.41398,1.41414,1.00,1.00
2017.03.15 14:20:51.773,1.41396,1.41414,1.12,1.50
2017.03.15 14:20:52.489,1.41396,1.41413,1.00,1.12
2017.03.15 14:20:54.803,1.41395,1.41411,1.87,1.00
2017.03.15 14:20:55.141,1.41394,1.41408,1.00,1.00
2017.03.15 14:20:55.652,1.41393,1.41408,1.00,1.00
2017.03.15 14:20:56.192,1.41392,1.41407,1.12,1.00
2017.03.15 14:20:56.494,1.4139,1.41405,1.37,1.00
2017.03.15 14:20:56.818,1.4139,1.41403,1.00,1.00
2017.03.15 14:20:59.612,1.41392,1.41409,1.00,2.62
2017.03.15 14:20:59.763,1.41393,1.41411,1.00,1.00
2017.03.15 14:20:59.814,1.41396,1.41413,1.00,1.50
2017.03.15 14:21:00.202,1.41398,1.41414,1.50,1.00
2017.03.15 14:21:04.796,1.41396,1.41412,1.50,1.00
2017.03.15 14:21:05.450,1.41396,1.41412,1.00,1.00
2017.03.15 14:21:09.563,1.41394,1.41412,1.50,1.00
2017.03.15 14:21:10.549,1.41394,1.41413,1.50,1.50
2017.03.15 14:21:13.391,1.41395,1.41413,1.00,1.00
2017.03.15 14:21:14.801,1.41395,1.41409,1.00,1.00
2017.03.15 14:21:22.682,1.41395,1.41408,1.00,1.00
2017.03.15 14:21:28.041,1.41393,1.41408,1.87,1.00
2017.03.15 14:21:30.322,1.41392,1.41406,1.50,1.00
2017.03.15 14:21:30.475,1.41391,1.41406,2.62,1.00
2017.03.15 14:21:30.993,1.41392,1.41406,1.00,1.00
2017.03.15 14:21:31.595,1.41393,1.41406,1.00,1.00
2017.03.15 14:21:33.023,1.41395,1.41406,1.00,1.00
2017.03.15 14:21:33.367,1.41395,1.41409,1.50,1.00
2017.03.15 14:21:33.914,1.41397,1.41409,1.00,1.00
2017.03.15 14:21:34.015,1.41398,1.41412,1.00,1.00
2017.03.15 14:21:35.198,1.41397,1.41412,1.12,1.00
2017.03.15 14:21:37.363,1.41399,1.41412,1.00,1.00
2017.03.15 14:21:37.867,1.414,1.41413,1.00,1.00
2017.03.15 14:21:38.714,1.414,1.41414,1.00,1.00
2017.03.15 14:21:42.214,1.41399,1.41414,1.00,1.00
2017.03.15 14:21:44.713,1.41398,1.4141,1.12,1.00
2017.03.15 14:21:44.922,1.41394,1.41409,1.50,1.00
2017.03.15 14:21:45.469,1.41394,1.41409,1.12,1.00
2017.03.15 14:21:46.226,1.41393,1.41408,2.62,1.00
2017.03.15 14:21:46.786,1.41393,1.41407,1.12,1.00
2017.03.15 14:21:47.323,1.41391,1.41407,1.50,1.00
2017.03.15 14:21:51.519,1.41391,1.41407,1.12,1.00
2017.03.15 14:21:52.742,1.41391,1.41406,1.12,1.00
2017.03.15 14:21:55.823,1.41391,1.41404,1.87,1.00
2017.03.15 14:21:56.770,1.4139,1.41404,1.87,1.00
2017.03.15 14:21:57.901,1.41388,1.41404,1.00,1.00
2017.03.15 14:21:58.103,1.41388,1.41401,1.00,1.00
2017.03.15 14:22:03.291,1.41389,1.41401,1.00,1.00
2017.03.15 14:22:03.342,1.41386,1.41401,1.00,1.00
2017.03.15 14:22:03.729,1.41385,1.41397,1.00,1.00
2017.03.15 14:22:03.830,1.4138,1.41395,5.25,1.00
2017.03.15 14:22:03.881,1.4138,1.41391,1.50,1.00
2017.03.15 14:22:04.032,1.41376,1.41387,1.00,1.00
2017.03.15 14:22:04.635,1.41375,1.41387,1.00,1.00
2017.03.15 14:22:07.772,1.41375,1.41386,1.00,1.00
2017.03.15 14:22:10.827,1.41376,1.41386,1.00,1.00
2017.03.15 14:22:11.232,1.41374,1.41386,1.00,1.00
2017.03.15 14:22:11.926,1.41375,1.41386,1.00,1.00
2017.03.15 14:22:12.477,1.41375,1.41387,1.00,1.00
2017.03.15 14:22:13.433,1.41377,1.41387,1.00,1.00
2017.03.15 14:22:16.742,1.41378,1.41387,1.00,1.00
2017.03.15 14:22:18.620,1.41378,1.41389,1.00,1.00
2017.03.15 14:22:18.671,1.4138,1.41389,1.00,1.00
2017.03.15 14:22:18.829,1.41383,1.41398,1.00,2.25
2017.03.15 14:22:18.930,1.41385,1.41399,1.00,1.75
2017.03.15 14:22:19.031,1.41385,1.41401,1.00,2.25
2017.03.15 14:22:19.132,1.41386,1.41401,1.00,2.25
2017.03.15 14:22:19.384,1.41388,1.41401,1.00,1.50
2017.03.15 14:22:19.922,1.41387,1.41401,1.00,1.00
2017.03.15 14:22:36.738,1.41389,1.41401,1.00,1.00
2017.03.15 14:22:36.865,1.41389,1.41403,1.00,1.00
2017.03.15 14:22:37.420,1.41389,1.41402,1.00,1.00
2017.03.15 14:22:38.375,1.41389,1.41403,1.00,1.50
2017.03.15 14:22:54.366,1.41389,1.41402,1.00,1.00
2017.03.15 14:22:57.979,1.41387,1.41402,1.00,1.00
2017.03.15 14:22:58.496,1.41388,1.41401,1.00,1.00
2017.03.15 14:23:04.547,1.41388,1.414,1.00,1.00
2017.03.15 14:23:05.402,1.41387,1.414,1.00,1.00
2017.03.15 14:23:06.434,1.41387,1.41399,1.00,1.00
2017.03.15 14:23:07.255,1.41387,1.414,1.00,1.00
2017.03.15 14:23:08.599,1.41385,1.414,1.00,1.00
2017.03.15 14:23:09.297,1.41385,1.41399,1.00,1.00
2017.03.15 14:23:09.348,1.41385,1.41397,1.00,1.00
2017.03.15 14:23:09.499,1.41383,1.41397,1.00,1.00
2017.03.15 14:23:09.550,1.41383,1.41395,1.00,1.00
2017.03.15 14:23:09.852,1.41382,1.41397,1.00,1.00
2017.03.15 14:23:10.427,1.41382,1.41396,1.00,1.00
2017.03.15 14:23:10.478,1.41384,1.41395,1.00,1.00
2017.03.15 14:23:10.529,1.41381,1.41394,1.00,1.00
2017.03.15 14:23:10.630,1.4138,1.41392,1.00,1.00
2017.03.15 14:23:10.681,1.41377,1.4139,1.12,1.00
2017.03.15 14:23:10.933,1.41374,1.4139,1.00,1.00
2017.03.15 14:23:11.531,1.41374,1.41389,1.00,1.50
2017.03.15 14:23:11.884,1.41373,1.41387,1.00,1.00
2017.03.15 14:23:12.600,1.41373,1.41389,1.00,1.87
2017.03.15 14:23:13.473,1.41374,1.41388,1.00,1.50
2017.03.15 14:23:13.524,1.41374,1.41386,1.00,1.00
2017.03.15 14:23:17.402,1.41372,1.41386,1.00,1.00
2017.03.15 14:23:18.935,1.41371,1.41386,1.00,1.50
2017.03.15 14:23:19.036,1.41372,1.41384,1.00,1.00
2017.03.15 14:23:19.191,1.4137,1.41385,1.00,1.00
2017.03.15 14:23:19.953,1.4137,1.41384,1.00,1.00
2017.03.15 14:23:21.072,1.4137,1.41383,1.00,1.00
2017.03.15 14:23:21.836,1.4137,1.41385,1.00,1.00
2017.03.15 14:23:23.788,1.41369,1.41385,1.00,1.00
2017.03.15 14:23:24.173,1.41369,1.41384,1.00,2.25
2017.03.15 14:23:24.679,1.41368,1.41383,1.00,1.12
2017.03.15 14:23:24.729,1.41366,1.41384,1.00,2.25
2017.03.15 14:23:24.983,1.41368,1.41382,1.00,1.00
2017.03.15 14:23:26.300,1.41367,1.41382,1.00,1.00
2017.03.15 14:23:27.800,1.41367,1.41381,1.00,1.00
2017.03.15 14:23:28.350,1.41366,1.4138,1.00,1.00
2017.03.15 14:23:30.522,1.41363,1.41377,1.00,1.00
2017.03.15 14:23:30.623,1.41362,1.41379,1.00,1.50
2017.03.15 14:23:31.938,1.41361,1.41379,1.00,1.50
2017.03.15 14:23:33.673,1.41361,1.41378,1.00,1.00
2017.03.15 14:23:35.701,1.41361,1.41377,1.00,1.00
2017.03.15 14:23:37.909,1.41361,1.41376,1.00,1.00
2017.03.15 14:23:37.960,1.41361,1.41371,1.00,1.00
2017.03.15 14:23:38.011,1.41356,1.41372,1.12,2.25
2017.03.15 14:23:38.112,1.41354,1.41367,1.00,1.00
2017.03.15 14:23:38.163,1.41351,1.41367,1.87,1.00
2017.03.15 14:23:38.315,1.4135,1.41363,1.00,1.00
2017.03.15 14:23:38.416,1.41346,1.41361,1.00,1.00
2017.03.15 14:23:38.921,1.41346,1.41362,1.00,1.00
2017.03.15 14:23:44.748,1.41346,1.41361,1.00,1.00
2017.03.15 14:23:44.850,1.41343,1.41361,1.00,1.50
2017.03.15 14:23:44.900,1.41345,1.41361,1.00,1.50
2017.03.15 14:23:45.285,1.41344,1.41359,1.00,1.00
2017.03.15 14:23:45.822,1.41343,1.41359,1.00,2.25
2017.03.15 14:23:45.973,1.41341,1.41359,1.00,1.50
2017.03.15 14:23:46.479,1.41342,1.41358,1.00,1.00
2017.03.15 14:23:46.844,1.4134,1.41358,1.00,1.00
2017.03.15 14:23:46.945,1.41339,1.41355,1.00,1.00
2017.03.15 14:23:47.046,1.41337,1.41354,1.00,1.00
2017.03.15 14:23:47.249,1.41335,1.41353,1.00,1.50
2017.03.15 14:23:47.591,1.41337,1.41354,1.00,2.25
2017.03.15 14:23:48.096,1.41336,1.41353,1.00,1.12
2017.03.15 14:23:48.645,1.41335,1.41353,1.12,1.12
2017.03.15 14:23:49.191,1.41335,1.41352,1.00,1.00
2017.03.15 14:23:49.497,1.41333,1.41351,1.00,1.50
2017.03.15 14:23:49.902,1.41332,1.41348,1.00,1.00
2017.03.15 14:23:50.105,1.41318,1.41335,1.00,1.00
2017.03.15 14:23:50.280,1.41315,1.41332,1.50,1.12
2017.03.15 14:23:50.785,1.41314,1.41333,1.12,3.00
2017.03.15 14:23:52.981,1.41314,1.41331,1.12,1.00
2017.03.15 14:23:54.080,1.41309,1.41325,1.12,1.87
2017.03.15 14:23:54.131,1.41304,1.4132,1.12,3.75
2017.03.15 14:23:54.182,1.41302,1.41318,1.00,1.50
2017.03.15 14:23:54.232,1.41299,1.41318,1.50,3.00
2017.03.15 14:23:54.334,1.41303,1.41318,1.00,1.00
2017.03.15 14:23:54.850,1.41297,1.41311,1.87,1.50
2017.03.15 14:23:55.002,1.41293,1.41311,1.00,3.00
2017.03.15 14:23:55.208,1.41297,1.41312,1.00,1.00
2017.03.15 14:23:55.723,1.41297,1.41315,1.00,1.75
2017.03.15 14:23:56.026,1.41301,1.41318,1.00,1.75
2017.03.15 14:23:56.376,1.41303,1.41318,1.00,1.50
2017.03.15 14:23:57.130,1.41303,1.4131,1.00,1.50
2017.03.15 14:23:57.181,1.41297,1.4131,1.50,1.50
2017.03.15 14:23:57.282,1.41294,1.41309,1.00,1.00
2017.03.15 14:23:57.535,1.41293,1.41307,1.00,1.00
2017.03.15 14:23:57.838,1.41291,1.4131,1.00,4.12
2017.03.15 14:23:57.939,1.41291,1.41309,1.00,2.25
2017.03.15 14:23:58.933,1.41294,1.4131,1.00,2.25
2017.03.15 14:23:59.124,1.41294,1.41311,1.00,2.25
2017.03.15 14:23:59.642,1.41295,1.41311,1.00,2.25
2017.03.15 14:24:05.012,1.41293,1.41311,1.00,1.50
2017.03.15 14:24:05.565,1.41293,1.41312,1.00,2.25
2017.03.15 14:24:06.052,1.41296,1.41312,1.00,2.25
2017.03.15 14:24:07.612,1.41296,1.41312,1.00,1.50
2017.03.15 14:24:08.114,1.41297,1.41314,1.00,2.25
2017.03.15 14:24:09.943,1.41298,1.41314,1.00,2.25
2017.03.15 14:24:10.346,1.41299,1.41317,1.00,2.62
2017.03.15 14:24:10.447,1.41301,1.41318,1.00,1.75
2017.03.15 14:24:10.953,1.41304,1.4132,1.00,2.25
2017.03.15 14:24:11.155,1.41304,1.41322,1.00,1.75
2017.03.15 14:24:11.206,1.41306,1.41323,1.00,3.00
2017.03.15 14:24:11.391,1.41303,1.41318,1.00,1.50
2017.03.15 14:24:12.080,1.41303,1.41319,1.00,1.87
2017.03.15 14:24:12.593,1.41302,1.41319,1.00,2.62
2017.03.15 14:24:13.753,1.41302,1.41321,1.00,1.50
2017.03.15 14:24:14.632,1.41304,1.4132,1.00,1.12
2017.03.15 14:24:14.935,1.41306,1.41322,1.00,1.75
2017.03.15 14:24:15.239,1.41309,1.41325,1.00,1.75
2017.03.15 14:24:15.340,1.41309,1.41327,1.00,3.00
2017.03.15 14:24:15.843,1.41309,1.41326,1.00,2.25
2017.03.15 14:24:17.697,1.41308,1.41324,1.00,1.00
2017.03.15 14:24:17.748,1.41302,1.41322,1.50,1.50
2017.03.15 14:24:18.261,1.41302,1.41322,1.75,1.00
2017.03.15 14:24:19.930,1.41302,1.41318,1.75,1.00
2017.03.15 14:24:22.281,1.41305,1.41318,1.00,1.00
2017.03.15 14:24:23.229,1.41305,1.41319,1.00,1.00
2017.03.15 14:24:23.330,1.41305,1.41321,1.00,1.00
2017.03.15 14:24:24.442,1.41305,1.41319,1.00,1.00
2017.03.15 14:24:25.223,1.41304,1.41319,1.12,1.00
2017.03.15 14:24:25.849,1.41304,1.41318,1.12,1.00
2017.03.15 14:24:26.557,1.41304,1.41319,1.12,1.00
2017.03.15 14:24:28.338,1.41304,1.41318,1.12,1.00
2017.03.15 14:24:29.340,1.41304,1.4132,1.12,1.00
2017.03.15 14:24:31.901,1.41304,1.41319,1.12,1.00
2017.03.15 14:24:32.204,1.41302,1.41317,1.50,1.00
2017.03.15 14:24:33.139,1.41302,1.41316,1.50,1.00
2017.03.15 14:24:33.748,1.41302,1.41317,1.50,1.00
2017.03.15 14:24:34.319,1.413,1.41317,1.75,1.00
2017.03.15 14:24:34.856,1.413,1.41316,1.75,1.00
2017.03.15 14:24:35.260,1.413,1.41314,1.50,1.00
2017.03.15 14:24:35.809,1.41298,1.41312,1.75,1.00
2017.03.15 14:24:36.371,1.41297,1.41311,1.75,1.00
2017.03.15 14:24:36.678,1.41293,1.41307,1.75,1.00
2017.03.15 14:24:37.081,1.41291,1.41306,1.50,1.00
2017.03.15 14:24:37.618,1.4129,1.41305,2.25,1.00
2017.03.15 14:24:38.052,1.41291,1.41307,1.50,1.00
2017.03.15 14:24:39.165,1.41291,1.41306,1.50,1.00
2017.03.15 14:24:39.702,1.41291,1.41306,1.75,1.00
2017.03.15 14:24:40.088,1.41292,1.41311,1.50,1.50
2017.03.15 14:24:40.491,1.41293,1.41312,1.75,1.00
2017.03.15 14:24:44.540,1.41292,1.41311,1.75,1.00
2017.03.15 14:24:45.054,1.41291,1.4131,1.75,1.00
2017.03.15 14:24:45.569,1.41291,1.41311,1.75,3.00
2017.03.15 14:24:46.090,1.4129,1.41311,1.75,3.00
2017.03.15 14:24:48.729,1.41291,1.4131,1.75,1.00
2017.03.15 14:24:49.037,1.41291,1.41308,1.75,1.00
2017.03.15 14:24:49.294,1.41291,1.4131,1.75,1.87
2017.03.15 14:24:49.815,1.41291,1.41309,1.75,1.00
2017.03.15 14:24:52.674,1.41291,1.41308,1.75,1.00
2017.03.15 14:24:53.739,1.41291,1.41309,1.75,1.50
2017.03.15 14:24:54.929,1.4129,1.41309,1.50,2.62
2017.03.15 14:24:55.572,1.41289,1.41308,1.75,1.00
2017.03.15 14:24:56.724,1.41289,1.41309,1.75,2.25
2017.03.15 14:24:57.330,1.41291,1.4131,1.12,2.25
2017.03.15 14:24:57.837,1.41291,1.41309,1.12,1.00
2017.03.15 14:25:00.090,1.4129,1.41309,1.75,1.00
2017.03.15 14:25:00.234,1.41294,1.4131,1.00,1.00
2017.03.15 14:25:00.436,1.41296,1.41317,1.00,2.25
2017.03.15 14:25:00.537,1.41296,1.41317,1.75,1.50
2017.03.15 14:25:01.183,1.41296,1.41317,1.75,1.87
2017.03.15 14:25:02.287,1.41296,1.41316,1.75,1.00
2017.03.15 14:25:02.818,1.41297,1.41315,1.75,1.00
2017.03.15 14:25:05.212,1.41297,1.41317,1.75,1.12
2017.03.15 14:25:07.025,1.41301,1.41317,1.00,1.87
2017.03.15 14:25:08.230,1.413,1.41317,1.00,1.12
2017.03.15 14:25:08.535,1.41304,1.41323,1.75,2.25
2017.03.15 14:25:09.105,1.41304,1.41323,1.50,2.25
2017.03.15 14:25:12.319,1.41304,1.41322,2.25,1.00
2017.03.15 14:25:15.668,1.41306,1.41322,1.00,1.00
2017.03.15 14:25:16.739,1.41304,1.41322,2.25,1.00
2017.03.15 14:25:20.776,1.41304,1.41321,1.50,1.00
2017.03.15 14:25:21.291,1.41304,1.4132,1.00,1.50
2017.03.15 14:25:21.447,1.41301,1.4132,1.50,1.00
2017.03.15 14:25:23.067,1.41301,1.41319,2.25,1.00
2017.03.15 14:25:25.337,1.41303,1.41319,1.00,1.00
2017.03.15 14:25:27.646,1.41308,1.41319,1.00,1.00
2017.03.15 14:25:33.250,1.41308,1.41321,1.00,1.00
2017.03.15 14:25:35.867,1.41307,1.41321,1.00,1.00
2017.03.15 14:25:37.422,1.41308,1.41321,1.00,1.00
2017.03.15 14:25:40.948,1.4131,1.41321,1.00,1.00
2017.03.15 14:25:41.637,1.4131,1.41322,1.00,1.50
2017.03.15 14:25:42.637,1.4131,1.41324,1.00,2.25
2017.03.15 14:25:44.667,1.41312,1.41324,1.00,2.25
2017.03.15 14:25:45.171,1.41312,1.41325,1.00,1.50
2017.03.15 14:25:47.383,1.41312,1.41325,1.00,2.25
2017.03.15 14:25:48.553,1.41312,1.41324,1.00,1.00
2017.03.15 14:25:50.048,1.41312,1.41325,1.00,2.62
2017.03.15 14:25:50.570,1.41312,1.41324,1.00,1.00
2017.03.15 14:25:51.090,1.41312,1.41325,1.00,1.50
2017.03.15 14:25:51.632,1.41312,1.41324,1.00,1.00
2017.03.15 14:25:52.299,1.41312,1.41325,1.00,1.50
2017.03.15 14:25:53.970,1.41313,1.41325,1.00,1.00
2017.03.15 14:25:57.400,1.41313,1.41324,1.00,1.00
2017.03.15 14:25:57.451,1.41311,1.41324,1.00,1.00
2017.03.15 14:25:59.357,1.41311,1.41323,1.00,1.00
2017.03.15 14:26:00.319,1.41308,1.41321,1.00,1.50
2017.03.15 14:26:00.841,1.41309,1.41321,1.00,1.00
2017.03.15 14:26:01.183,1.41307,1.4132,1.00,1.00
2017.03.15 14:26:01.729,1.41307,1.41318,1.00,1.00
2017.03.15 14:26:02.080,1.41306,1.4132,1.00,1.00
2017.03.15 14:26:02.761,1.41307,1.4132,1.00,1.00
2017.03.15 14:26:07.125,1.41307,1.41319,1.00,1.00
2017.03.15 14:26:07.629,1.41306,1.41318,1.00,1.00
2017.03.15 14:26:07.943,1.41303,1.41318,1.00,1.00
2017.03.15 14:26:08.821,1.41303,1.41319,1.00,2.25
2017.03.15 14:26:09.468,1.41304,1.41319,1.00,1.00
2017.03.15 14:26:12.432,1.41304,1.4132,1.00,1.50
2017.03.15 14:26:22.747,1.41304,1.41318,1.00,1.00
2017.03.15 14:26:26.430,1.41304,1.41319,1.00,1.00
2017.03.15 14:26:36.651,1.41304,1.41321,1.87,1.00
2017.03.15 14:26:36.701,1.41306,1.41321,1.00,1.00
2017.03.15 14:26:37.207,1.41306,1.41322,1.00,1.00
2017.03.15 14:26:42.584,1.41306,1.41324,1.00,2.25
2017.03.15 14:26:48.404,1.41306,1.41324,1.87,1.87
2017.03.15 14:26:52.173,1.41307,1.41324,1.00,1.12
2017.03.15 14:27:01.989,1.41307,1.41323,1.50,1.00
2017.03.15 14:27:10.949,1.41306,1.41323,1.87,1.50
2017.03.15 14:27:15.496,1.41306,1.41324,1.50,1.12
2017.03.15 14:27:16.003,1.41307,1.41324,1.00,1.12
2017.03.15 14:27:21.055,1.41306,1.41324,1.50,1.12
2017.03.15 14:27:21.824,1.41308,1.41324,1.00,1.87
2017.03.15 14:27:22.355,1.41307,1.41324,1.00,1.87
2017.03.15 14:27:25.252,1.41306,1.41324,1.50,1.87
2017.03.15 14:27:25.750,1.41308,1.41324,1.00,1.00
2017.03.15 14:27:32.880,1.41307,1.41324,1.50,1.00
2017.03.15 14:27:37.663,1.41307,1.41323,1.00,1.00
2017.03.15 14:27:37.986,1.41309,1.41323,1.00,1.00
2017.03.15 14:27:38.617,1.41309,1.41324,1.00,1.87
2017.03.15 14:27:39.198,1.41311,1.41324,1.00,1.87
2017.03.15 14:27:40.097,1.41311,1.41322,1.00,1.00
2017.03.15 14:27:41.819,1.4131,1.41322,1.00,1.00
2017.03.15 14:27:42.566,1.41308,1.41322,1.00,1.00
2017.03.15 14:27:42.616,1.41308,1.4132,1.00,1.00
2017.03.15 14:27:42.816,1.41308,1.41322,1.00,1.50
2017.03.15 14:27:43.332,1.41308,1.41321,1.00,1.00
2017.03.15 14:27:45.393,1.41308,1.4132,1.00,1.00
2017.03.15 14:27:45.971,1.41307,1.4132,1.00,1.00
2017.03.15 14:27:48.394,1.41308,1.4132,1.00,1.00
2017.03.15 14:27:56.990,1.41309,1.4132,1.00,1.00
2017.03.15 14:27:57.855,1.41308,1.4132,1.00,1.00
2017.03.15 14:28:00.335,1.41309,1.4132,1.00,1.00
2017.03.15 14:28:02.850,1.41308,1.4132,1.00,1.00
2017.03.15 14:28:08.909,1.41309,1.4132,1.00,1.00
2017.03.15 14:28:17.451,1.41311,1.41322,1.00,1.00
2017.03.15 14:28:18.022,1.41311,1.41323,1.00,1.00
2017.03.15 14:28:20.570,1.41308,1.41323,1.00,1.00
2017.03.15 14:28:20.744,1.4131,1.41323,1.00,1.00
2017.03.15 14:28:26.154,1.41311,1.41323,1.00,1.00
2017.03.15 14:28:28.989,1.41312,1.41323,1.00,1.00
2017.03.15 14:28:32.666,1.41312,1.41322,1.00,1.00
2017.03.15 14:28:33.020,1.4131,1.41322,1.00,1.00
2017.03.15 14:28:34.187,1.4131,1.41321,1.00,1.00
2017.03.15 14:28:34.769,1.41311,1.4132,1.00,1.00
2017.03.15 14:28:35.274,1.41311,1.41321,1.00,1.00
2017.03.15 14:28:38.496,1.41309,1.41321,1.00,1.00
2017.03.15 14:28:42.377,1.41309,1.41322,1.00,1.00
2017.03.15 14:28:43.027,1.41309,1.41321,1.00,1.00
2017.03.15 14:28:43.535,1.41308,1.41321,1.00,1.00
2017.03.15 14:28:46.571,1.41308,1.41319,1.00,1.00
2017.03.15 14:28:47.082,1.41307,1.4132,1.00,1.00
2017.03.15 14:28:48.221,1.41307,1.41319,1.00,1.00
2017.03.15 14:28:52.758,1.41307,1.41321,1.00,1.50
2017.03.15 14:28:55.261,1.41309,1.41321,1.00,1.00
2017.03.15 14:28:55.789,1.41309,1.41322,1.00,1.87
2017.03.15 14:28:56.504,1.4131,1.41322,1.00,1.50
2017.03.15 14:28:57.966,1.4131,1.41323,1.00,1.12
2017.03.15 14:29:05.557,1.4131,1.41324,1.00,1.50
2017.03.15 14:29:05.875,1.41303,1.41316,1.00,1.12
2017.03.15 14:29:08.444,1.41303,1.41315,1.00,1.00
2017.03.15 14:29:10.745,1.41306,1.41315,1.00,1.00
2017.03.15 14:29:10.796,1.41305,1.41317,1.00,1.12
2017.03.15 14:29:11.302,1.41305,1.41319,1.00,1.12
2017.03.15 14:29:12.466,1.41307,1.41319,1.00,1.12
2017.03.15 14:29:12.970,1.41305,1.41321,1.00,2.25
2017.03.15 14:29:13.302,1.41307,1.41321,1.00,2.25
2017.03.15 14:29:15.705,1.41305,1.41319,1.00,1.12
2017.03.15 14:29:16.084,1.41307,1.41319,1.00,1.50
2017.03.15 14:29:17.467,1.41306,1.41319,1.00,1.50
2017.03.15 14:29:20.391,1.41305,1.41319,1.00,2.25
2017.03.15 14:29:21.318,1.41305,1.41316,1.00,1.00
2017.03.15 14:29:22.409,1.41304,1.41316,1.00,1.00
2017.03.15 14:29:22.560,1.41305,1.41318,1.00,1.12
2017.03.15 14:29:31.011,1.41306,1.41319,1.00,2.25
2017.03.15 14:29:32.314,1.41307,1.4132,1.00,2.25
2017.03.15 14:29:32.862,1.41308,1.4132,1.00,2.25
2017.03.15 14:29:33.109,1.41308,1.41324,1.00,2.25
2017.03.15 14:29:41.690,1.4131,1.41324,1.00,1.12
2017.03.15 14:29:42.684,1.4131,1.41323,1.00,1.00
2017.03.15 14:29:42.785,1.41309,1.41321,1.00,1.00
2017.03.15 14:29:46.547,1.41309,1.41322,1.00,1.12
2017.03.15 14:29:50.206,1.41309,1.41324,1.00,1.50
2017.03.15 14:29:50.515,1.41308,1.4132,1.00,1.12
2017.03.15 14:29:51.914,1.413,1.4132,1.75,1.12
2017.03.15 14:29:56.312,1.413,1.41317,1.75,1.00
2017.03.15 14:29:56.413,1.413,1.41319,1.50,1.12
2017.03.15 14:30:02.178,1.41299,1.41317,2.25,1.00
2017.03.15 14:30:02.279,1.41299,1.41317,1.87,1.00
2017.03.15 14:30:02.380,1.41299,1.41315,1.87,1.00
2017.03.15 14:30:02.887,1.41295,1.41314,2.62,1.00
2017.03.15 14:30:02.988,1.41295,1.41316,2.62,1.12
2017.03.15 14:30:03.404,1.41295,1.41314,2.25,1.00
2017.03.15 14:30:04.138,1.41295,1.41314,1.75,1.00
2017.03.15 14:30:06.745,1.41295,1.41313,1.75,1.00
2017.03.15 14:30:07.366,1.41294,1.4131,1.75,1.50
2017.03.15 14:30:07.418,1.41291,1.41306,1.12,1.00
2017.03.15 14:30:07.569,1.41288,1.41305,1.12,1.00
2017.03.15 14:30:08.105,1.41288,1.41304,1.12,1.00
2017.03.15 14:30:08.618,1.41288,1.41306,1.12,1.00
2017.03.15 14:30:08.890,1.41287,1.41304,1.12,1.00
2017.03.15 14:30:09.870,1.41287,1.41305,1.12,1.00
2017.03.15 14:30:10.628,1.41287,1.41304,1.12,1.00
2017.03.15 14:30:10.730,1.41287,1.41306,1.12,1.00
2017.03.15 14:30:11.413,1.41287,1.41304,1.12,1.00
2017.03.15 14:30:11.817,1.41287,1.41307,1.50,1.87
2017.03.15 14:30:11.919,1.41289,1.41307,1.00,1.12
2017.03.15 14:30:12.598,1.41289,1.41309,1.50,1.87
2017.03.15 14:30:15.129,1.4129,1.41311,1.12,1.75
2017.03.15 14:30:15.666,1.4129,1.41311,1.87,1.50
2017.03.15 14:30:16.212,1.4129,1.41311,2.25,1.12
2017.03.15 14:30:22.371,1.4129,1.41313,3.00,2.25
2017.03.15 14:30:23.168,1.41294,1.41314,1.00,1.50
2017.03.15 14:30:23.482,1.41294,1.41314,2.25,1.12
2017.03.15 14:30:24.916,1.41295,1.41315,1.50,1.50
2017.03.15 14:30:25.460,1.41295,1.41314,1.50,1.00
2017.03.15 14:30:26.343,1.41295,1.41313,1.50,1.00
2017.03.15 14:30:26.696,1.41293,1.41312,1.50,1.00
2017.03.15 14:30:27.435,1.41293,1.41313,1.50,1.00
2017.03.15 14:30:29.417,1.41294,1.41315,1.12,1.50
2017.03.15 14:30:29.992,1.41294,1.41315,2.25,1.12
2017.03.15 14:30:30.557,1.41294,1.41314,1.50,1.00
2017.03.15 14:30:34.919,1.41296,1.41316,1.87,1.50
2017.03.15 14:30:35.071,1.41297,1.41317,1.87,1.12
2017.03.15 14:30:35.172,1.41297,1.41317,3.00,1.12
2017.03.15 14:30:35.475,1.41298,1.4132,3.00,1.12
2017.03.15 14:30:39.242,1.41301,1.4132,2.25,1.00
2017.03.15 14:30:40.043,1.41301,1.41318,1.75,1.00
2017.03.15 14:30:40.346,1.41294,1.4131,1.75,1.00
2017.03.15 14:30:40.447,1.41292,1.41308,1.12,1.00
2017.03.15 14:30:40.599,1.41291,1.4131,1.00,1.12
2017.03.15 14:30:40.801,1.41292,1.41308,1.00,1.00
2017.03.15 14:30:41.388,1.4129,1.41309,1.12,1.50
2017.03.15 14:30:42.000,1.4129,1.41309,1.12,2.25
2017.03.15 14:30:42.407,1.4129,1.41306,1.12,1.00
2017.03.15 14:30:48.738,1.41291,1.41307,1.00,1.00
2017.03.15 14:30:56.606,1.41291,1.41308,1.12,1.50
2017.03.15 14:31:02.629,1.41291,1.41307,1.12,1.00
2017.03.15 14:31:03.138,1.4129,1.41306,1.87,1.00
2017.03.15 14:31:06.328,1.4129,1.41307,1.87,1.00
2017.03.15 14:31:06.947,1.4129,1.41306,1.12,1.00
2017.03.15 14:31:11.130,1.41289,1.41307,1.50,1.50
2017.03.15 14:31:16.263,1.4129,1.41305,1.12,1.00
2017.03.15 14:31:16.364,1.4129,1.41307,1.12,1.50
2017.03.15 14:31:16.935,1.41289,1.41306,1.50,1.00
2017.03.15 14:31:20.281,1.41289,1.41307,1.50,1.50
2017.03.15 14:31:20.872,1.41291,1.41307,1.00,1.00
2017.03.15 14:31:22.633,1.41292,1.41308,1.00,1.12
2017.03.15 14:31:25.305,1.41295,1.41311,1.00,2.25
2017.03.15 14:31:27.482,1.41295,1.41307,1.00,1.00
2017.03.15 14:31:38.415,1.41295,1.41309,1.00,2.25
2017.03.15 14:31:40.654,1.41296,1.41309,1.00,1.50
2017.03.15 14:31:42.460,1.41296,1.41305,1.00,1.00
2017.03.15 14:31:42.511,1.41291,1.41303,1.00,1.00
2017.03.15 14:31:42.662,1.41289,1.41301,1.00,1.00
2017.03.15 14:31:43.198,1.4129,1.41302,1.00,1.87
2017.03.15 14:31:43.775,1.41289,1.41302,1.00,1.87
2017.03.15 14:31:45.031,1.41289,1.41301,1.00,1.00
2017.03.15 14:31:45.465,1.41289,1.41299,1.00,1.00
2017.03.15 14:32:04.112,1.4129,1.41299,1.00,1.00
2017.03.15 14:32:05.542,1.4129,1.41302,1.00,1.12
2017.03.15 14:32:05.695,1.41292,1.41302,1.00,1.12
2017.03.15 14:32:05.796,1.41292,1.41307,1.00,3.00
2017.03.15 14:32:05.898,1.41293,1.41309,1.00,1.50
2017.03.15 14:32:05.949,1.41298,1.4131,1.00,4.87
2017.03.15 14:32:05.999,1.41299,1.41311,1.00,1.50
2017.03.15 14:32:06.543,1.413,1.4131,1.00,1.00
2017.03.15 14:32:13.887,1.41299,1.4131,1.00,1.00
2017.03.15 14:32:16.533,1.41297,1.4131,1.00,1.00
2017.03.15 14:32:17.240,1.41297,1.41309,1.00,1.00
2017.03.15 14:32:17.341,1.41296,1.41307,1.00,1.00
2017.03.15 14:32:17.644,1.41296,1.41305,1.00,1.00
2017.03.15 14:32:20.252,1.41294,1.41305,1.00,1.00
2017.03.15 14:32:25.647,1.41293,1.41305,1.00,1.00
2017.03.15 14:32:26.316,1.41293,1.41304,1.00,1.00
2017.03.15 14:32:26.831,1.41292,1.41304,1.00,1.00
2017.03.15 14:32:36.064,1.41291,1.41302,1.00,1.00
2017.03.15 14:32:36.581,1.4129,1.41301,1.00,1.12
2017.03.15 14:32:37.772,1.41288,1.41301,1.00,1.12
2017.03.15 14:32:37.962,1.41288,1.41299,1.00,1.00
2017.03.15 14:32:38.466,1.41287,1.41298,1.00,1.00
2017.03.15 14:32:39.257,1.41288,1.41298,1.00,1.00
2017.03.15 14:32:46.757,1.41289,1.41298,1.00,1.00
2017.03.15 14:32:49.096,1.41287,1.41298,1.00,1.00
2017.03.15 14:32:49.734,1.41286,1.41298,1.00,1.00
2017.03.15 14:32:50.254,1.41287,1.41298,1.00,1.00
2017.03.15 14:33:17.676,1.41288,1.413,1.00,2.25
2017.03.15 14:33:17.931,1.4129,1.413,1.00,1.12
2017.03.15 14:33:19.553,1.41291,1.41302,1.00,1.00
2017.03.15 14:33:25.920,1.41291,1.41303,1.00,1.12
2017.03.15 14:33:26.021,1.41293,1.41303,1.00,1.00
2017.03.15 14:33:26.273,1.41301,1.41312,1.00,1.50
2017.03.15 14:33:26.324,1.41299,1.4131,1.00,1.00
2017.03.15 14:33:26.979,1.41299,1.41312,1.00,2.62
2017.03.15 14:33:27.181,1.41299,1.4131,1.00,1.00
2017.03.15 14:33:29.973,1.413,1.4131,1.00,1.00
2017.03.15 14:33:35.141,1.41299,1.4131,1.00,1.00
2017.03.15 14:33:51.336,1.41298,1.4131,1.00,1.00
2017.03.15 14:34:00.661,1.41301,1.4131,1.00,1.00
2017.03.15 14:34:03.164,1.413,1.4131,1.00,1.00
2017.03.15 14:34:27.725,1.413,1.41312,1.00,3.00
2017.03.15 14:34:34.092,1.413,1.41312,1.00,1.50
2017.03.15 14:34:34.969,1.413,1.41313,1.00,1.87
2017.03.15 14:34:35.610,1.413,1.41312,1.00,1.00
2017.03.15 14:34:35.940,1.413,1.41309,1.00,1.00
2017.03.15 14:34:35.991,1.413,1.41313,1.00,1.12
2017.03.15 14:34:39.204,1.41301,1.41313,1.00,1.12
2017.03.15 14:34:50.581,1.41302,1.41314,1.00,2.25
2017.03.15 14:34:51.309,1.413,1.41314,1.00,2.25
2017.03.15 14:34:52.539,1.41301,1.41314,1.00,2.25
2017.03.15 14:35:25.347,1.413,1.41313,1.00,1.50
2017.03.15 14:35:26.918,1.413,1.4131,1.00,1.00
2017.03.15 14:35:28.377,1.41299,1.4131,1.00,1.00
2017.03.15 14:35:44.514,1.41297,1.4131,1.00,1.00
2017.03.15 14:35:44.866,1.41296,1.41307,1.00,1.00
2017.03.15 14:35:45.390,1.41295,1.41308,1.00,1.00
2017.03.15 14:35:45.916,1.41295,1.41307,1.00,1.00
2017.03.15 14:35:46.254,1.41292,1.41303,1.00,1.00
2017.03.15 14:35:46.355,1.41292,1.41305,1.00,1.00
2017.03.15 14:35:47.033,1.41293,1.41305,1.00,1.12
2017.03.15 14:35:52.210,1.41293,1.41306,1.00,1.12
2017.03.15 14:35:52.725,1.41293,1.41305,1.00,1.00
2017.03.15 14:35:53.484,1.41293,1.41306,1.00,1.12
2017.03.15 14:35:54.418,1.41293,1.41305,1.00,1.00
2017.03.15 14:35:56.008,1.41291,1.41302,1.00,1.00
2017.03.15 14:35:56.311,1.41289,1.41299,1.00,1.00
2017.03.15 14:35:57.213,1.41288,1.41299,1.00,1.00
2017.03.15 14:35:57.315,1.41288,1.41301,1.00,1.87
2017.03.15 14:35:57.672,1.41289,1.41299,1.00,1.00
2017.03.15 14:35:57.773,1.41285,1.41296,1.00,1.00
2017.03.15 14:35:57.875,1.41285,1.41294,1.00,1.00
2017.03.15 14:35:58.388,1.41285,1.41295,1.00,1.00
2017.03.15 14:35:59.313,1.41285,1.41297,1.00,1.00
2017.03.15 14:35:59.975,1.41285,1.41299,1.00,2.25
2017.03.15 14:36:08.802,1.41287,1.41299,1.00,2.25
2017.03.15 14:36:09.324,1.41287,1.41299,1.00,1.12
2017.03.15 14:36:20.764,1.41286,1.413,1.00,1.50
2017.03.15 14:36:27.599,1.41286,1.41298,1.00,1.00
2017.03.15 14:36:27.902,1.41286,1.41296,1.00,1.00
2017.03.15 14:36:30.387,1.41286,1.41298,1.00,1.12
2017.03.15 14:36:31.452,1.41286,1.413,1.00,2.25
2017.03.15 14:36:32.916,1.41288,1.413,1.00,1.12
2017.03.15 14:36:34.202,1.41289,1.413,1.00,1.12
2017.03.15 14:36:46.812,1.41291,1.41302,1.00,2.25
2017.03.15 14:36:46.913,1.41291,1.41302,1.00,1.50
2017.03.15 14:36:47.704,1.41291,1.41302,1.00,1.50
2017.03.15 14:36:57.017,1.41291,1.41304,1.00,1.75
2017.03.15 14:36:57.549,1.41291,1.41301,1.00,1.00
2017.03.15 14:36:57.600,1.41289,1.41301,1.00,1.00
2017.03.15 14:37:04.086,1.4129,1.41301,1.00,1.00
2017.03.15 14:37:05.229,1.41287,1.41301,1.00,1.00
2017.03.15 14:37:05.984,1.41287,1.41299,1.00,1.00
2017.03.15 14:37:09.529,1.41288,1.41302,1.00,2.25
2017.03.15 14:37:10.155,1.41288,1.413,1.00,1.00
2017.03.15 14:37:17.545,1.41287,1.413,1.00,1.00
2017.03.15 14:37:17.597,1.41287,1.41298,1.00,1.00
2017.03.15 14:37:17.899,1.41285,1.41296,1.00,1.00
2017.03.15 14:37:19.781,1.41284,1.41296,1.00,1.00
2017.03.15 14:37:20.715,1.41284,1.41295,1.00,1.00
2017.03.15 14:37:23.023,1.41284,1.41297,1.00,1.00
2017.03.15 14:37:23.390,1.41285,1.41295,1.00,1.00
2017.03.15 14:37:25.191,1.41285,1.41294,1.00,1.00
2017.03.15 14:37:25.737,1.41284,1.41294,1.00,1.00
2017.03.15 14:37:34.355,1.41282,1.41292,1.00,1.00
2017.03.15 14:37:34.456,1.4128,1.41291,1.00,1.00
2017.03.15 14:37:34.965,1.4128,1.41292,1.00,1.00
2017.03.15 14:37:35.523,1.41279,1.41291,1.00,1.00
2017.03.15 14:37:36.030,1.4128,1.4129,1.00,1.00
2017.03.15 14:37:36.640,1.41279,1.41291,1.00,1.50
2017.03.15 14:37:37.685,1.41279,1.4129,1.00,1.00
2017.03.15 14:37:37.790,1.41277,1.4129,1.00,1.00
2017.03.15 14:37:44.437,1.41277,1.41291,1.00,1.00
2017.03.15 14:37:45.013,1.41277,1.4129,1.00,1.00
2017.03.15 14:37:45.282,1.41279,1.41291,1.00,1.50
2017.03.15 14:37:46.862,1.41279,1.4129,1.00,1.00
2017.03.15 14:37:47.783,1.41279,1.41289,1.00,1.00
2017.03.15 14:37:47.884,1.41277,1.41289,1.00,1.00
2017.03.15 14:37:48.921,1.41277,1.41288,1.00,1.00
2017.03.15 14:37:49.388,1.41277,1.4129,1.00,1.12
2017.03.15 14:37:52.953,1.41277,1.41289,1.00,1.00
2017.03.15 14:37:53.634,1.41277,1.41288,1.00,1.00
2017.03.15 14:37:54.153,1.41277,1.41289,1.00,1.00
2017.03.15 14:37:54.679,1.41277,1.41291,1.00,3.00
2017.03.15 14:37:55.763,1.41277,1.41291,1.00,3.37
2017.03.15 14:37:58.833,1.41277,1.4129,1.00,1.00
2017.03.15 14:38:13.369,1.41277,1.41288,1.00,1.00
2017.03.15 14:38:14.077,1.41277,1.4129,1.00,1.50
2017.03.15 14:38:18.818,1.41276,1.4129,1.00,1.00
2017.03.15 14:38:25.578,1.41276,1.41288,1.00,1.00
2017.03.15 14:38:26.231,1.41276,1.4129,1.00,1.00
2017.03.15 14:38:26.918,1.41276,1.41289,1.00,1.00
2017.03.15 14:38:27.070,1.41276,1.41287,1.00,1.00
2017.03.15 14:38:27.120,1.41276,1.41289,1.00,1.00
2017.03.15 14:38:27.272,1.41274,1.41288,1.00,1.00
2017.03.15 14:38:27.323,1.41274,1.41286,1.00,1.00
2017.03.15 14:38:29.081,1.41273,1.41285,1.00,1.00
2017.03.15 14:38:30.593,1.41273,1.41286,1.00,1.00
2017.03.15 14:38:30.930,1.41273,1.41288,1.00,1.50
2017.03.15 14:38:31.894,1.41274,1.41288,1.00,1.00
2017.03.15 14:38:32.406,1.41275,1.41287,1.00,1.00
2017.03.15 14:38:41.959,1.41275,1.41289,1.00,1.87
2017.03.15 14:38:42.010,1.41277,1.41289,1.00,1.87
2017.03.15 14:38:42.678,1.41277,1.41291,1.00,1.50
2017.03.15 14:38:43.734,1.41278,1.41291,1.00,1.50
2017.03.15 14:38:44.942,1.4128,1.41291,1.00,1.00
2017.03.15 14:38:45.509,1.4128,1.41292,1.00,1.50
2017.03.15 14:38:47.144,1.41279,1.41292,1.00,1.00
2017.03.15 14:38:48.090,1.41279,1.41293,1.00,1.00
2017.03.15 14:38:48.599,1.41279,1.41292,1.00,1.00
2017.03.15 14:38:50.684,1.4128,1.41292,1.00,1.00
2017.03.15 14:38:51.019,1.41272,1.41286,1.75,1.00
2017.03.15 14:38:51.120,1.41272,1.41285,1.50,1.00
2017.03.15 14:38:51.221,1.4127,1.41285,1.50,1.00
2017.03.15 14:38:51.323,1.4127,1.41283,1.50,1.00
2017.03.15 14:38:51.842,1.41269,1.41282,1.37,1.00
2017.03.15 14:38:54.416,1.4127,1.41281,1.12,1.00
2017.03.15 14:38:55.317,1.4127,1.4128,1.12,1.00
2017.03.15 14:38:55.610,1.41267,1.4128,1.50,1.00
2017.03.15 14:38:56.304,1.41266,1.41279,1.75,1.00
2017.03.15 14:38:57.686,1.41266,1.41279,1.50,1.00
2017.03.15 14:38:58.220,1.41266,1.41278,1.50,1.00
2017.03.15 14:39:03.807,1.4127,1.41278,1.00,1.00
2017.03.15 14:39:03.858,1.4127,1.4128,1.00,1.00
2017.03.15 14:39:13.524,1.4127,1.41281,1.00,1.00
2017.03.15 14:39:14.046,1.4127,1.41279,1.00,1.00
2017.03.15 14:39:15.838,1.4127,1.41278,1.00,1.00
2017.03.15 14:39:15.952,1.41268,1.41278,1.00,1.00
2017.03.15 14:39:16.003,1.41262,1.41275,1.12,1.00
2017.03.15 14:39:16.545,1.41263,1.41276,1.00,1.00
2017.03.15 14:39:16.828,1.41263,1.41274,1.00,1.00
2017.03.15 14:39:17.371,1.41264,1.41274,1.00,1.00
2017.03.15 14:39:17.955,1.41265,1.41274,1.00,1.00
2017.03.15 14:39:19.186,1.41265,1.41273,1.00,1.00
2017.03.15 14:39:35.806,1.41265,1.41271,1.00,1.00
2017.03.15 14:39:35.907,1.41259,1.41271,1.00,1.00
2017.03.15 14:39:36.288,1.41255,1.41271,2.25,1.00
2017.03.15 14:39:36.339,1.41255,1.41269,2.25,1.00
2017.03.15 14:39:36.642,1.41252,1.41265,1.37,1.00
2017.03.15 14:39:38.917,1.41252,1.41265,1.12,1.00
2017.03.15 14:39:39.811,1.41253,1.41265,1.00,1.00
2017.03.15 14:39:40.817,1.41254,1.41264,1.00,1.00
2017.03.15 14:39:41.144,1.41256,1.41267,1.00,1.00
2017.03.15 14:39:41.195,1.41258,1.41269,1.00,1.00
2017.03.15 14:39:41.499,1.41263,1.41274,3.37,1.00
2017.03.15 14:39:41.600,1.41266,1.41284,1.75,3.75
2017.03.15 14:39:41.651,1.41264,1.41279,3.00,1.00
2017.03.15 14:39:41.802,1.41264,1.41279,1.00,1.00
2017.03.15 14:39:41.962,1.41264,1.41277,1.00,1.00
2017.03.15 14:39:42.265,1.41263,1.41279,1.87,1.00
2017.03.15 14:39:42.921,1.41266,1.41279,1.00,1.00
2017.03.15 14:39:43.465,1.41266,1.41278,1.00,1.00
2017.03.15 14:39:44.551,1.41266,1.41279,1.00,1.00
2017.03.15 14:39:44.703,1.41267,1.41277,1.00,1.00
2017.03.15 14:39:45.072,1.41263,1.41277,1.50,1.00
2017.03.15 14:39:45.577,1.41262,1.41276,1.00,1.00
2017.03.15 14:39:48.435,1.41262,1.41274,1.00,1.00
2017.03.15 14:39:49.027,1.41262,1.41275,1.00,1.00
2017.03.15 14:39:49.361,1.41264,1.41275,1.00,1.00
2017.03.15 14:39:49.887,1.41264,1.41276,1.00,1.00
2017.03.15 14:39:51.086,1.41264,1.41277,1.00,1.00
2017.03.15 14:39:52.490,1.41264,1.41276,1.00,1.00
2017.03.15 14:39:53.725,1.41264,1.41275,1.00,1.00
2017.03.15 14:39:58.388,1.41264,1.41277,1.00,1.00
2017.03.15 14:40:00.384,1.41264,1.41276,1.00,1.00
2017.03.15 14:40:01.427,1.41264,1.41275,1.00,1.00
2017.03.15 14:40:01.954,1.41264,1.41276,1.00,1.00
2017.03.15 14:40:02.945,1.41264,1.41275,1.00,1.00
2017.03.15 14:40:03.477,1.41263,1.41274,1.00,1.00
2017.03.15 14:40:04.215,1.41263,1.41276,1.00,1.00
2017.03.15 14:40:12.858,1.41263,1.41275,1.00,1.00
2017.03.15 14:40:15.817,1.41263,1.41276,1.00,1.00
2017.03.15 14:40:18.527,1.41263,1.41277,1.00,1.00
2017.03.15 14:40:19.744,1.41263,1.41276,1.00,1.00
2017.03.15 14:40:22.729,1.41268,1.41281,1.00,1.00
2017.03.15 14:40:23.234,1.41269,1.41281,1.00,1.50
2017.03.15 14:40:23.599,1.41269,1.41279,1.00,1.00
2017.03.15 14:40:24.171,1.41269,1.4128,1.00,1.00
2017.03.15 14:40:27.378,1.41269,1.41281,1.00,1.00
2017.03.15 14:40:29.595,1.41269,1.4128,1.00,1.00
2017.03.15 14:40:31.032,1.41269,1.41281,1.00,1.00
2017.03.15 14:40:31.587,1.41269,1.41282,1.00,2.62
2017.03.15 14:40:32.287,1.41269,1.4128,1.00,1.00
2017.03.15 14:40:32.338,1.41267,1.41279,1.00,1.00
2017.03.15 14:40:32.942,1.41267,1.4128,1.00,1.00
2017.03.15 14:40:32.993,1.41267,1.41278,1.00,1.00
2017.03.15 14:40:35.799,1.41263,1.41276,1.00,1.00
2017.03.15 14:40:36.969,1.41263,1.41277,1.00,1.00
2017.03.15 14:40:37.121,1.41263,1.41279,1.00,1.00
2017.03.15 14:40:37.373,1.41265,1.41279,1.00,1.00
2017.03.15 14:40:37.967,1.41265,1.41279,2.25,1.00
2017.03.15 14:40:39.114,1.41266,1.41281,1.12,1.00
2017.03.15 14:40:39.782,1.41267,1.41281,1.00,1.00
2017.03.15 14:40:42.293,1.41267,1.4128,1.00,1.00
2017.03.15 14:40:50.126,1.41273,1.41285,1.00,1.87
2017.03.15 14:40:52.617,1.41273,1.41284,1.00,1.00
2017.03.15 14:40:52.941,1.41271,1.41282,1.00,1.00
2017.03.15 14:40:53.829,1.41271,1.41281,1.00,1.00
2017.03.15 14:40:54.428,1.4127,1.41281,1.00,1.00
2017.03.15 14:41:02.846,1.41271,1.41281,1.00,1.00
2017.03.15 14:41:03.297,1.41272,1.41283,1.00,1.00
2017.03.15 14:41:03.834,1.41272,1.41285,1.00,1.87
2017.03.15 14:41:03.884,1.41274,1.41285,1.00,1.87
2017.03.15 14:41:04.339,1.41274,1.41287,1.00,1.12
2017.03.15 14:41:04.535,1.41276,1.41287,1.00,1.00
2017.03.15 14:41:05.167,1.41277,1.41288,1.00,1.00
2017.03.15 14:41:05.529,1.41279,1.41289,1.00,1.12
2017.03.15 14:41:06.324,1.41279,1.41291,1.00,2.25
2017.03.15 14:41:07.185,1.41278,1.41291,1.00,2.25
2017.03.15 14:41:07.597,1.41278,1.41288,1.00,1.00
2017.03.15 14:41:08.115,1.4128,1.41289,1.00,1.00
2017.03.15 14:41:08.620,1.41279,1.41291,1.00,1.50
2017.03.15 14:41:08.922,1.41279,1.41292,1.00,1.50
2017.03.15 14:41:09.457,1.41279,1.4129,1.00,1.00
2017.03.15 14:41:10.011,1.41279,1.41289,1.00,1.00
2017.03.15 14:41:11.031,1.41277,1.41289,1.00,1.00
2017.03.15 14:41:11.082,1.41276,1.41286,1.00,1.00
2017.03.15 14:41:12.521,1.41276,1.41287,1.00,1.00
2017.03.15 14:41:14.979,1.41276,1.41286,1.00,1.00
2017.03.15 14:41:15.631,1.41275,1.41286,1.00,1.00
2017.03.15 14:41:21.511,1.41274,1.41286,1.00,1.00
2017.03.15 14:41:25.495,1.41275,1.41286,1.00,1.00
2017.03.15 14:41:26.027,1.41274,1.41286,1.00,1.00
2017.03.15 14:41:26.128,1.41274,1.41288,1.00,1.87
2017.03.15 14:41:28.550,1.41276,1.41288,1.00,1.87
2017.03.15 14:41:34.231,1.41276,1.41287,1.00,1.00
2017.03.15 14:41:42.007,1.41274,1.41285,1.00,1.00
2017.03.15 14:41:42.522,1.41274,1.41284,1.00,1.00
2017.03.15 14:41:43.478,1.41272,1.41283,1.00,1.00
2017.03.15 14:41:43.731,1.41273,1.41281,1.00,1.00
2017.03.15 14:41:43.781,1.41273,1.41284,1.00,1.00
2017.03.15 14:41:43.883,1.41276,1.41286,1.00,1.00
2017.03.15 14:41:43.933,1.41273,1.41286,1.00,1.00
2017.03.15 14:41:44.034,1.41273,1.41284,1.00,1.00
2017.03.15 14:41:44.759,1.41272,1.41284,1.00,1.00
2017.03.15 14:41:46.452,1.41274,1.41284,1.00,1.00
2017.03.15 14:41:49.193,1.41274,1.41286,1.00,1.12
2017.03.15 14:41:49.698,1.41274,1.41287,1.00,1.12
2017.03.15 14:41:49.847,1.41276,1.41287,1.00,1.12
2017.03.15 14:41:52.260,1.41276,1.41288,1.00,1.00
2017.03.15 14:41:52.808,1.41277,1.41289,1.00,1.00
2017.03.15 14:41:54.212,1.41277,1.4129,1.00,2.25
2017.03.15 14:41:55.034,1.41277,1.41288,1.00,1.00
2017.03.15 14:41:55.661,1.41277,1.41289,1.00,1.00
2017.03.15 14:41:56.282,1.41277,1.41288,1.00,1.00
2017.03.15 14:41:58.185,1.41277,1.41289,1.00,1.00
2017.03.15 14:41:58.795,1.41278,1.4129,1.00,1.50
2017.03.15 14:41:59.409,1.41278,1.41289,1.00,1.00
2017.03.15 14:42:00.118,1.41278,1.4129,1.00,1.00
2017.03.15 14:42:00.999,1.41279,1.4129,1.00,1.00
2017.03.15 14:42:01.517,1.4128,1.41293,1.00,1.50
2017.03.15 14:42:02.110,1.41281,1.41293,1.00,1.50
2017.03.15 14:42:05.038,1.41282,1.41296,1.00,2.25
2017.03.15 14:42:05.139,1.41283,1.41298,1.00,2.25
2017.03.15 14:42:05.240,1.41286,1.41298,1.00,1.50
2017.03.15 14:42:05.741,1.41286,1.41297,1.00,1.00
2017.03.15 14:42:06.216,1.41286,1.41299,1.00,1.87
2017.03.15 14:42:06.720,1.41287,1.41299,1.00,1.12
2017.03.15 14:42:07.501,1.41288,1.41299,1.00,1.12
2017.03.15 14:42:08.005,1.41289,1.41302,1.00,1.75
2017.03.15 14:42:08.107,1.41289,1.41303,1.00,1.75
2017.03.15 14:42:08.158,1.41291,1.41303,1.00,1.75
2017.03.15 14:42:08.208,1.41291,1.41303,1.00,1.12
2017.03.15 14:42:08.514,1.41291,1.41305,1.00,1.50
2017.03.15 14:42:09.233,1.41292,1.41305,1.00,1.00
2017.03.15 14:42:09.856,1.41293,1.41305,1.00,1.00
2017.03.15 14:42:10.215,1.41293,1.41307,1.00,2.62
2017.03.15 14:42:10.316,1.41295,1.41307,1.00,2.62
2017.03.15 14:42:11.164,1.41296,1.41307,1.00,1.50
2017.03.15 14:42:12.356,1.41296,1.41306,1.00,1.00
2017.03.15 14:42:12.507,1.41294,1.41306,1.00,1.00
2017.03.15 14:42:12.830,1.41296,1.41307,1.00,1.00
2017.03.15 14:42:19.788,1.41295,1.41307,1.00,1.00
2017.03.15 14:42:20.292,1.41296,1.41307,1.00,1.00
2017.03.15 14:42:20.796,1.41296,1.41308,1.00,1.12
2017.03.15 14:42:21.563,1.41298,1.4131,1.00,1.75
2017.03.15 14:42:21.714,1.41299,1.4131,1.00,1.00
2017.03.15 14:42:22.249,1.41299,1.41312,1.00,1.50
2017.03.15 14:42:22.753,1.413,1.41312,1.00,1.00
2017.03.15 14:42:25.214,1.41301,1.41312,1.00,1.00
2017.03.15 14:42:27.666,1.41301,1.41313,1.00,1.00
2017.03.15 14:42:28.388,1.41301,1.41314,1.00,1.12
2017.03.15 14:42:29.061,1.41302,1.41314,1.00,1.12
2017.03.15 14:42:29.734,1.41303,1.41313,1.00,1.00
2017.03.15 14:42:30.412,1.41303,1.41315,1.00,1.12
2017.03.15 14:42:30.513,1.41306,1.41318,1.00,1.00
2017.03.15 14:42:30.664,1.41309,1.41323,1.00,1.12
2017.03.15 14:42:31.206,1.4131,1.41322,1.00,1.00
2017.03.15 14:42:31.311,1.41311,1.41319,1.00,1.00
2017.03.15 14:42:31.838,1.4131,1.41319,1.00,1.00
2017.03.15 14:42:34.696,1.4131,1.41318,1.00,1.00
2017.03.15 14:42:34.999,1.41308,1.41316,1.00,1.00
2017.03.15 14:42:35.772,1.41308,1.41318,1.00,1.50
2017.03.15 14:42:35.924,1.41307,1.4132,1.00,1.00
2017.03.15 14:42:38.936,1.41307,1.41319,1.00,1.00
2017.03.15 14:42:41.731,1.41307,1.41321,1.00,2.62
2017.03.15 14:42:41.883,1.41307,1.41319,1.00,1.00
2017.03.15 14:42:42.363,1.41308,1.41317,1.00,1.00
2017.03.15 14:42:43.096,1.41307,1.41316,1.00,1.00
2017.03.15 14:42:50.762,1.41306,1.41316,1.00,1.00
2017.03.15 14:42:51.066,1.41304,1.41313,1.00,1.00
2017.03.15 14:42:51.222,1.41302,1.41312,1.00,1.00
2017.03.15 14:43:01.677,1.41302,1.41311,1.00,1.00
2017.03.15 14:43:01.778,1.41299,1.4131,1.00,1.00
2017.03.15 14:43:01.930,1.41298,1.41307,1.00,1.00
2017.03.15 14:43:02.457,1.41297,1.41308,1.00,1.12
2017.03.15 14:43:03.099,1.41296,1.41308,1.00,1.12
2017.03.15 14:43:09.807,1.41296,1.41307,1.00,1.00
2017.03.15 14:43:10.483,1.41295,1.41306,1.00,1.00
2017.03.15 14:43:10.573,1.41295,1.41309,1.00,1.50
2017.03.15 14:43:10.919,1.41293,1.41309,1.00,1.50
2017.03.15 14:43:10.969,1.41295,1.41309,1.00,1.50
2017.03.15 14:43:13.130,1.41295,1.41307,1.00,1.00
2017.03.15 14:43:14.778,1.41297,1.41307,1.00,1.00
2017.03.15 14:43:15.544,1.41296,1.41308,1.00,1.12
2017.03.15 14:43:18.796,1.41296,1.41307,1.00,1.00
2017.03.15 14:43:20.177,1.41297,1.4131,1.00,2.25
2017.03.15 14:43:21.690,1.41297,1.41311,1.00,2.25
2017.03.15 14:43:26.291,1.41297,1.41309,1.00,1.00
2017.03.15 14:43:28.052,1.41296,1.41309,1.00,1.00
2017.03.15 14:43:32.986,1.41296,1.41308,1.00,1.00
2017.03.15 14:43:34.115,1.41296,1.4131,1.00,1.12
2017.03.15 14:43:34.165,1.41298,1.41313,1.00,1.75
2017.03.15 14:43:34.216,1.41299,1.41315,1.00,2.25
2017.03.15 14:43:34.267,1.41303,1.41317,1.00,2.25
2017.03.15 14:43:34.418,1.41302,1.41316,1.00,1.00
2017.03.15 14:43:35.283,1.41301,1.41316,1.00,1.87
2017.03.15 14:43:39.204,1.41301,1.41315,1.00,1.00
2017.03.15 14:43:40.324,1.41301,1.41317,1.00,3.00
2017.03.15 14:43:43.281,1.41301,1.41314,1.00,1.00
2017.03.15 14:43:44.091,1.41301,1.41315,1.00,2.25
2017.03.15 14:43:44.345,1.41294,1.4131,1.12,1.00
2017.03.15 14:43:44.528,1.41291,1.41308,1.87,1.00
2017.03.15 14:43:44.579,1.41292,1.41306,1.00,1.00
2017.03.15 14:43:44.831,1.41292,1.41308,1.00,1.00
2017.03.15 14:43:45.394,1.41291,1.41308,1.12,1.00
2017.03.15 14:43:46.277,1.41291,1.41307,1.12,1.00
2017.03.15 14:43:47.045,1.41291,1.41306,1.87,1.00
2017.03.15 14:43:53.910,1.41292,1.41306,1.00,1.00
2017.03.15 14:43:54.123,1.4129,1.41307,1.12,1.00
2017.03.15 14:43:56.365,1.41292,1.41307,1.00,1.00
2017.03.15 14:43:56.517,1.41295,1.41312,1.37,1.12
2017.03.15 14:43:56.568,1.41294,1.4131,3.00,1.00
2017.03.15 14:43:56.669,1.41294,1.4131,1.87,1.00
2017.03.15 14:43:56.719,1.41294,1.41311,2.02,1.00
2017.03.15 14:43:57.023,1.41298,1.41311,1.05,1.00
2017.03.15 14:43:57.074,1.41297,1.41311,1.75,1.00
2017.03.15 14:43:57.726,1.41296,1.41312,1.75,1.00
2017.03.15 14:44:00.116,1.41296,1.41312,1.50,1.00
2017.03.15 14:44:06.437,1.41296,1.41313,3.00,1.00
2017.03.15 14:44:06.487,1.413,1.41313,1.00,1.00
2017.03.15 14:44:07.414,1.41301,1.41313,1.00,1.00
2017.03.15 14:44:08.598,1.41301,1.41314,1.00,1.00
2017.03.15 14:44:11.763,1.41301,1.41316,1.00,1.50
2017.03.15 14:44:11.965,1.41301,1.41318,1.50,1.00
2017.03.15 14:44:12.016,1.41303,1.41318,1.00,1.00
2017.03.15 14:44:12.561,1.41303,1.41319,1.00,1.00
2017.03.15 14:44:12.863,1.41305,1.4132,1.00,1.00
2017.03.15 14:44:13.169,1.41307,1.4132,1.00,1.00
2017.03.15 14:44:13.693,1.41308,1.4132,1.00,1.00
2017.03.15 14:44:14.657,1.41308,1.41322,1.00,1.00
2017.03.15 14:44:14.806,1.41313,1.41328,1.00,1.00
2017.03.15 14:44:14.907,1.41314,1.41331,1.50,1.12
2017.03.15 14:44:14.957,1.41314,1.41331,2.25,1.00
2017.03.15 14:44:15.581,1.41315,1.4133,1.50,1.00
2017.03.15 14:44:16.087,1.41317,1.4133,1.00,1.00
2017.03.15 14:44:16.667,1.41318,1.4133,1.00,1.00
2017.03.15 14:44:17.214,1.41319,1.4133,1.00,1.00
2017.03.15 14:44:17.754,1.41319,1.41331,1.00,1.50
2017.03.15 14:44:18.280,1.4132,1.41331,1.00,1.50
2017.03.15 14:44:19.708,1.41313,1.4133,1.75,1.00
2017.03.15 14:44:19.759,1.4132,1.4133,1.00,1.50
2017.03.15 14:44:19.810,1.41313,1.41328,1.50,1.00
2017.03.15 14:44:20.314,1.41313,1.41328,1.87,1.50
2017.03.15 14:44:20.914,1.41314,1.41328,1.00,1.50
2017.03.15 14:44:21.824,1.41314,1.41327,1.00,1.00
2017.03.15 14:44:24.305,1.41314,1.41328,1.00,1.00
2017.03.15 14:44:24.811,1.41314,1.41327,1.00,1.00
2017.03.15 14:44:30.794,1.41314,1.41325,1.00,1.00
2017.03.15 14:44:31.369,1.41314,1.41324,1.00,1.00
2017.03.15 14:44:31.420,1.41312,1.41323,1.00,1.00
2017.03.15 14:44:31.471,1.41307,1.41323,1.50,1.00
2017.03.15 14:44:31.682,1.41306,1.41321,2.25,1.00
2017.03.15 14:44:31.783,1.41306,1.41323,2.25,1.00
2017.03.15 14:44:31.935,1.41307,1.41321,1.12,1.00
2017.03.15 14:44:32.479,1.41307,1.41322,1.12,1.00
2017.03.15 14:44:41.051,1.41307,1.41321,1.00,1.00
2017.03.15 14:44:42.559,1.41307,1.41322,1.00,1.50
2017.03.15 14:44:43.133,1.41307,1.41321,1.00,1.00
2017.03.15 14:44:44.984,1.41307,1.41322,1.00,1.00
2017.03.15 14:44:47.717,1.41307,1.4132,1.00,1.00
2017.03.15 14:44:50.472,1.41307,1.41319,1.00,1.00
2017.03.15 14:44:50.839,1.41303,1.41318,1.50,1.00
2017.03.15 14:44:50.940,1.41302,1.41316,1.50,1.00
2017.03.15 14:44:51.041,1.41301,1.41317,1.00,1.50
2017.03.15 14:44:51.554,1.41302,1.41317,1.00,1.50
2017.03.15 14:44:52.702,1.41302,1.41316,1.50,1.00
2017.03.15 14:44:52.752,1.41304,1.41317,1.00,1.50
2017.03.15 14:45:02.013,1.41304,1.41314,1.00,1.00
2017.03.15 14:45:02.114,1.41297,1.41312,1.75,1.00
2017.03.15 14:45:02.165,1.41296,1.41311,1.00,1.00
2017.03.15 14:45:02.317,1.41294,1.41309,1.12,1.00
2017.03.15 14:45:02.957,1.41295,1.41309,1.00,1.00
2017.03.15 14:45:04.066,1.41298,1.41309,1.00,1.00
2017.03.15 14:45:04.333,1.41291,1.41308,3.00,1.00
2017.03.15 14:45:04.766,1.41291,1.41308,1.87,1.00
2017.03.15 14:45:05.339,1.41291,1.41307,1.12,1.00
2017.03.15 14:45:05.883,1.41291,1.41306,1.00,1.00
2017.03.15 14:45:06.636,1.41292,1.41306,1.00,1.00
2017.03.15 14:45:06.739,1.41292,1.41304,1.00,1.00
2017.03.15 14:45:16.355,1.41292,1.41303,1.00,1.00
2017.03.15 14:45:16.406,1.41292,1.41305,1.00,1.00
2017.03.15 14:45:16.507,1.41289,1.41305,1.12,1.00
2017.03.15 14:45:22.461,1.41289,1.41303,1.12,1.00
2017.03.15 14:45:26.566,1.41289,1.41305,1.12,1.00
2017.03.15 14:45:27.420,1.41289,1.41306,1.12,1.00
2017.03.15 14:45:27.974,1.41289,1.41306,1.50,1.00
2017.03.15 14:45:34.049,1.4129,1.41305,1.12,1.00
2017.03.15 14:45:34.201,1.41289,1.41303,1.00,1.50
2017.03.15 14:45:34.517,1.41289,1.41299,1.00,1.00
2017.03.15 14:45:34.908,1.4129,1.41302,1.00,1.12
2017.03.15 14:45:35.590,1.4129,1.41303,1.00,1.12
2017.03.15 14:45:35.691,1.41291,1.41301,1.00,1.00
2017.03.15 14:45:36.514,1.41291,1.41302,1.00,1.00
2017.03.15 14:45:39.371,1.41282,1.41298,2.25,1.00
2017.03.15 14:45:41.216,1.41285,1.41298,1.00,1.00
2017.03.15 14:45:42.017,1.41285,1.41297,1.87,1.00
2017.03.15 14:45:43.159,1.41286,1.41297,1.00,1.00
2017.03.15 14:45:47.003,1.41286,1.41296,1.00,1.00
2017.03.15 14:45:54.030,1.41286,1.41299,1.00,1.00
2017.03.15 14:46:04.205,1.41286,1.41298,1.12,1.00
2017.03.15 14:46:04.710,1.41286,1.41297,1.00,1.00
2017.03.15 14:46:05.750,1.41286,1.41303,1.00,1.12
2017.03.15 14:46:05.852,1.41286,1.41299,2.32,1.00
2017.03.15 14:46:05.953,1.41287,1.41299,1.20,1.00
2017.03.15 14:46:06.004,1.41287,1.41299,1.12,1.00
2017.03.15 14:46:06.281,1.41288,1.41301,1.12,1.00
2017.03.15 14:46:06.382,1.41289,1.41302,1.50,1.00
2017.03.15 14:46:06.917,1.41289,1.41301,1.50,1.00
2017.03.15 14:46:07.563,1.4129,1.41301,1.75,1.00
2017.03.15 14:46:07.614,1.4129,1.41303,1.75,1.00
2017.03.15 14:46:11.060,1.41289,1.41304,1.75,1.00
2017.03.15 14:46:13.650,1.41289,1.41304,1.75,1.00
2017.03.15 14:46:18.558,1.41289,1.41303,1.75,1.00
2017.03.15 14:46:20.292,1.41299,1.4131,1.50,1.00
2017.03.15 14:46:21.430,1.41297,1.41311,2.25,1.00
2017.03.15 14:46:21.969,1.41297,1.4131,2.25,1.00
2017.03.15 14:46:23.070,1.413,1.4131,1.00,1.00
2017.03.15 14:46:23.971,1.413,1.41312,1.00,1.00
2017.03.15 14:46:24.150,1.413,1.4131,1.00,1.00
2017.03.15 14:46:25.221,1.413,1.41312,1.00,1.00
2017.03.15 14:46:25.506,1.41297,1.4131,1.75,1.00
2017.03.15 14:46:25.658,1.41297,1.4131,1.12,1.00
2017.03.15 14:46:26.766,1.41298,1.4131,1.00,1.00
2017.03.15 14:46:30.550,1.41298,1.41309,1.00,1.00
2017.03.15 14:46:30.651,1.41298,1.41307,1.00,1.00
2017.03.15 14:46:30.803,1.41292,1.41305,1.50,1.00
2017.03.15 14:46:31.714,1.41293,1.41308,1.00,1.00
2017.03.15 14:46:41.684,1.41293,1.41305,1.00,1.00
2017.03.15 14:46:41.886,1.41293,1.41308,1.00,1.00
2017.03.15 14:46:44.673,1.41293,1.41307,1.00,1.00
2017.03.15 14:46:46.693,1.41293,1.41306,1.00,1.00
2017.03.15 14:46:49.171,1.41293,1.41307,1.00,1.00
2017.03.15 14:46:50.628,1.41293,1.41306,1.00,1.00
2017.03.15 14:46:52.130,1.41294,1.41308,1.50,1.00
2017.03.15 14:46:52.635,1.41296,1.41309,1.12,1.00
2017.03.15 14:46:53.865,1.41297,1.41309,1.00,1.00
2017.03.15 14:46:54.397,1.41294,1.41309,1.75,1.00
2017.03.15 14:46:55.066,1.41294,1.41307,1.75,1.00
2017.03.15 14:47:01.260,1.41293,1.41308,2.25,1.00
2017.03.15 14:47:03.632,1.41295,1.4131,1.50,1.00
2017.03.15 14:47:03.875,1.41297,1.41311,1.50,1.00
2017.03.15 14:47:04.181,1.41298,1.41312,1.75,1.00
2017.03.15 14:47:05.943,1.41297,1.41313,1.87,1.00
2017.03.15 14:47:08.227,1.41302,1.41311,1.00,1.00
2017.03.15 14:47:09.366,1.41301,1.41311,1.00,1.00
2017.03.15 14:47:10.266,1.41301,1.41309,1.00,1.00
2017.03.15 14:47:11.618,1.413,1.41309,1.00,1.00
2017.03.15 14:47:13.814,1.41299,1.41309,1.00,1.00
2017.03.15 14:47:19.573,1.413,1.41309,1.00,1.00
2017.03.15 14:47:20.208,1.41299,1.41309,1.00,1.00
2017.03.15 14:47:21.476,1.413,1.41309,1.00,1.00
2017.03.15 14:47:21.577,1.41301,1.41311,1.00,1.00
2017.03.15 14:47:22.123,1.41302,1.41312,1.00,1.00
2017.03.15 14:47:22.669,1.41301,1.41311,1.00,1.00
2017.03.15 14:47:24.463,1.41301,1.41317,1.00,1.00
2017.03.15 14:47:24.514,1.41301,1.41312,1.00,1.00
2017.03.15 14:47:29.082,1.41302,1.41312,1.00,1.00
2017.03.15 14:47:29.604,1.41301,1.41313,1.00,1.00
2017.03.15 14:47:30.130,1.41302,1.41313,1.00,1.00
2017.03.15 14:47:34.424,1.41303,1.41313,1.00,1.00
2017.03.15 14:47:35.763,1.413,1.41313,1.50,1.00
2017.03.15 14:47:37.208,1.41303,1.41313,1.00,1.00
2017.03.15 14:47:37.915,1.41303,1.41314,1.00,1.00
2017.03.15 14:47:38.016,1.41304,1.41316,1.00,1.00
2017.03.15 14:47:38.168,1.41303,1.41314,1.12,1.00
2017.03.15 14:47:39.268,1.41304,1.41314,1.00,1.00
2017.03.15 14:47:39.721,1.41302,1.41312,1.00,1.00
2017.03.15 14:47:39.772,1.41302,1.41314,1.00,1.00
2017.03.15 14:47:40.686,1.41303,1.41314,1.00,1.00
2017.03.15 14:47:41.275,1.41302,1.41314,1.00,1.00
2017.03.15 14:47:43.316,1.41301,1.41314,1.00,1.00
2017.03.15 14:47:45.030,1.41302,1.41314,1.00,1.00
2017.03.15 14:47:45.081,1.41304,1.41314,1.00,1.00
2017.03.15 14:47:45.754,1.41303,1.41315,1.00,1.00
2017.03.15 14:47:47.747,1.41304,1.41316,1.00,1.00
2017.03.15 14:47:49.354,1.41303,1.41316,1.00,1.00
2017.03.15 14:47:51.391,1.41299,1.41316,1.12,1.00
2017.03.15 14:47:52.017,1.41299,1.41315,2.62,1.00
2017.03.15 14:47:52.068,1.41304,1.41315,1.00,1.00
2017.03.15 14:47:52.118,1.41304,1.41317,1.00,1.00
2017.03.15 14:47:52.270,1.41306,1.41317,1.00,1.00
2017.03.15 14:47:52.422,1.41307,1.41319,1.00,1.00
2017.03.15 14:47:52.958,1.41306,1.41319,1.00,1.00
2017.03.15 14:47:53.485,1.41305,1.41317,1.12,1.00
2017.03.15 14:47:54.720,1.41306,1.41317,1.00,1.00
2017.03.15 14:47:56.030,1.41305,1.41317,1.00,1.00
2017.03.15 14:47:56.627,1.41304,1.41317,1.50,1.00
2017.03.15 14:47:57.151,1.41305,1.41317,1.00,1.00
2017.03.15 14:47:57.617,1.41308,1.41319,1.00,1.00
2017.03.15 14:47:58.217,1.41307,1.4132,1.00,1.00
2017.03.15 14:47:59.235,1.41308,1.4132,1.00,1.00
2017.03.15 14:48:03.374,1.41308,1.41319,1.00,1.00
2017.03.15 14:48:03.425,1.41304,1.41319,1.12,1.00
2017.03.15 14:48:03.778,1.413,1.41318,3.00,1.00
2017.03.15 14:48:04.131,1.41301,1.41316,1.12,1.00
2017.03.15 14:48:04.657,1.413,1.41316,3.00,1.00
2017.03.15 14:48:06.072,1.413,1.41316,3.00,1.00
2017.03.15 14:48:11.426,1.41302,1.41317,1.00,1.00
2017.03.15 14:48:18.038,1.41302,1.41318,2.25,1.00
2017.03.15 14:48:18.747,1.41301,1.41317,1.50,1.00
2017.03.15 14:48:19.068,1.41301,1.41315,1.50,1.00
2017.03.15 14:48:19.274,1.413,1.41315,1.00,1.00
2017.03.15 14:48:19.821,1.41299,1.41314,1.87,1.00
2017.03.15 14:48:26.137,1.413,1.41316,1.00,1.00
2017.03.15 14:48:28.555,1.41301,1.41316,1.00,1.00
2017.03.15 14:48:28.707,1.41303,1.41318,1.00,1.00
2017.03.15 14:48:29.613,1.41303,1.41319,1.00,1.00
2017.03.15 14:48:31.472,1.41303,1.41319,1.37,1.50
2017.03.15 14:48:35.913,1.41303,1.41318,1.50,1.00
2017.03.15 14:48:36.448,1.41303,1.41318,1.50,1.00
2017.03.15 14:48:36.785,1.41301,1.41316,1.87,1.00
2017.03.15 14:48:37.087,1.413,1.41314,1.12,1.00
2017.03.15 14:48:37.592,1.41299,1.41315,2.25,1.00
2017.03.15 14:48:38.736,1.41299,1.41316,2.25,1.50
2017.03.15 14:48:40.963,1.41299,1.41314,1.87,1.00
2017.03.15 14:48:41.472,1.41299,1.41315,1.50,1.00
2017.03.15 14:48:42.291,1.41299,1.41313,1.50,1.00
2017.03.15 14:48:48.573,1.41298,1.41314,2.25,1.00
2017.03.15 14:48:49.243,1.41298,1.41315,2.25,1.00
2017.03.15 14:48:53.563,1.41299,1.41316,4.12,1.50
2017.03.15 14:48:54.709,1.41299,1.41317,4.12,1.50
2017.03.15 14:48:55.013,1.413,1.41315,1.12,1.00
2017.03.15 14:48:57.230,1.41301,1.41317,1.00,1.00
2017.03.15 14:48:57.433,1.41303,1.41317,1.00,1.00
2017.03.15 14:48:57.995,1.41303,1.41318,1.87,1.00
2017.03.15 14:49:05.179,1.41301,1.41316,2.62,1.00
2017.03.15 14:49:10.723,1.41301,1.41315,1.75,1.00
2017.03.15 14:49:10.975,1.41299,1.41315,1.87,1.00
2017.03.15 14:49:12.396,1.41299,1.41314,1.87,1.00
2017.03.15 14:49:12.912,1.41299,1.41313,2.62,1.00
2017.03.15 14:49:13.464,1.41307,1.41317,1.00,1.50
2017.03.15 14:49:13.565,1.41301,1.41316,1.00,1.00
2017.03.15 14:49:14.200,1.41301,1.41317,1.12,2.25
2017.03.15 14:49:17.266,1.41302,1.41316,1.00,1.00
2017.03.15 14:49:23.261,1.41302,1.41315,1.00,1.00
2017.03.15 14:49:23.784,1.41302,1.41316,1.00,1.00
2017.03.15 14:49:24.480,1.41302,1.41317,1.00,1.50
2017.03.15 14:49:25.012,1.41303,1.41317,1.00,1.00
2017.03.15 14:49:26.011,1.41303,1.41316,1.00,1.00
2017.03.15 14:49:26.413,1.41304,1.41318,1.00,1.50
2017.03.15 14:49:26.665,1.41303,1.41316,1.00,1.00
2017.03.15 14:49:27.231,1.41303,1.41317,1.00,1.00
2017.03.15 14:49:27.892,1.41303,1.41316,1.00,1.00
2017.03.15 14:49:28.412,1.41304,1.41316,1.00,1.00
2017.03.15 14:49:30.714,1.41304,1.41315,1.00,1.00
2017.03.15 14:49:30.765,1.41302,1.41315,1.00,1.00
2017.03.15 14:49:31.301,1.41302,1.41314,1.00,1.00
2017.03.15 14:49:36.962,1.41302,1.41315,1.00,1.00
2017.03.15 14:49:37.262,1.41303,1.41317,1.00,1.50
2017.03.15 14:49:37.941,1.41304,1.41317,1.00,1.00
2017.03.15 14:49:40.764,1.41304,1.41318,1.00,1.00
2017.03.15 14:49:44.082,1.41304,1.4132,1.00,1.12
2017.03.15 14:49:44.133,1.41304,1.41317,1.00,1.00
2017.03.15 14:49:44.684,1.41304,1.41318,1.00,1.00
2017.03.15 14:49:45.211,1.41305,1.41318,1.00,1.50
2017.03.15 14:49:45.312,1.41302,1.41317,1.87,1.50
2017.03.15 14:49:45.514,1.41302,1.41315,1.00,1.00
2017.03.15 14:49:46.617,1.41302,1.41316,1.00,1.00
2017.03.15 14:49:47.166,1.41302,1.41315,1.00,1.00
2017.03.15 14:49:50.077,1.41302,1.41316,1.00,1.00
2017.03.15 14:49:50.380,1.41301,1.41313,1.00,1.50
2017.03.15 14:49:50.892,1.41301,1.41314,1.00,1.00
2017.03.15 14:49:52.865,1.41301,1.41313,1.00,1.00
2017.03.15 14:49:53.671,1.41301,1.41314,1.00,1.00
2017.03.15 14:49:54.191,1.41301,1.41315,1.00,1.50
2017.03.15 14:49:54.702,1.41301,1.41314,1.00,1.00
2017.03.15 14:49:59.432,1.41301,1.41315,1.00,1.50
2017.03.15 14:50:00.266,1.413,1.41315,1.00,1.00
2017.03.15 14:50:05.385,1.41301,1.41315,1.00,1.50
2017.03.15 14:50:07.591,1.41298,1.41313,1.50,1.00
2017.03.15 14:50:07.893,1.41296,1.4131,1.00,1.00
2017.03.15 14:50:08.196,1.41295,1.41307,1.00,1.00
2017.03.15 14:50:08.566,1.41293,1.41309,1.00,1.87
2017.03.15 14:50:09.117,1.41293,1.41307,1.00,1.00
2017.03.15 14:50:10.603,1.41294,1.41307,1.00,1.00
2017.03.15 14:50:11.684,1.41294,1.41308,1.00,1.00
2017.03.15 14:50:12.221,1.41293,1.41309,1.00,2.25
2017.03.15 14:50:14.758,1.41292,1.41306,1.00,1.00
2017.03.15 14:50:15.273,1.4129,1.41306,2.25,1.00
2017.03.15 14:50:16.016,1.4129,1.41306,1.00,1.50
2017.03.15 14:50:16.322,1.4129,1.41304,1.00,1.00
2017.03.15 14:50:16.675,1.41289,1.41301,1.12,1.00
2017.03.15 14:50:29.629,1.41298,1.41303,1.50,1.00
2017.03.15 14:50:29.789,1.413,1.4131,1.75,1.00
2017.03.15 14:50:29.840,1.413,1.41313,2.25,1.00
2017.03.15 14:50:29.941,1.413,1.41312,1.75,1.00
2017.03.15 14:50:30.042,1.41298,1.41311,1.87,1.00
2017.03.15 14:50:30.716,1.41298,1.41312,1.87,1.00
2017.03.15 14:50:31.844,1.41298,1.41311,1.75,1.00
2017.03.15 14:50:32.259,1.41301,1.41314,1.00,1.00
2017.03.15 14:50:32.310,1.41303,1.41316,1.00,1.00
2017.03.15 14:50:32.563,1.41303,1.41318,1.50,1.00
2017.03.15 14:50:32.613,1.41301,1.41315,1.50,1.00
2017.03.15 14:50:32.953,1.41298,1.41313,3.00,1.00
2017.03.15 14:50:33.661,1.41303,1.41315,1.00,1.00
2017.03.15 14:50:33.712,1.41303,1.41317,1.00,1.00
2017.03.15 14:50:33.914,1.41306,1.41319,1.00,1.00
2017.03.15 14:50:34.635,1.41306,1.4132,1.00,1.00
2017.03.15 14:50:38.673,1.41306,1.41322,1.00,1.00
2017.03.15 14:50:38.825,1.41306,1.4132,1.00,1.00
2017.03.15 14:50:41.622,1.41306,1.41322,1.12,1.00
2017.03.15 14:50:44.030,1.41307,1.41322,1.00,1.00
2017.03.15 14:50:44.683,1.41307,1.41321,1.00,1.00
2017.03.15 14:50:45.154,1.41307,1.41323,1.00,1.00
2017.03.15 14:50:46.508,1.41309,1.41323,1.00,2.25
2017.03.15 14:50:47.539,1.41305,1.41323,2.25,1.50
2017.03.15 14:50:47.590,1.41309,1.41323,1.00,2.25
2017.03.15 14:50:50.445,1.41309,1.41322,1.00,1.00
2017.03.15 14:50:51.740,1.41307,1.41322,1.12,1.00
2017.03.15 14:50:52.108,1.41309,1.41322,1.00,1.00
2017.03.15 14:50:52.767,1.41309,1.41323,1.00,1.50
2017.03.15 14:50:57.916,1.41309,1.41322,1.00,1.00
2017.03.15 14:50:59.015,1.41309,1.41323,1.00,1.50
2017.03.15 14:51:01.275,1.41309,1.41322,1.00,1.00
2017.03.15 14:51:19.809,1.41309,1.41323,1.00,1.50
2017.03.15 14:51:20.442,1.41308,1.41322,1.00,1.00
2017.03.15 14:51:29.828,1.41307,1.41321,1.12,1.50
2017.03.15 14:51:30.145,1.41299,1.4131,4.12,1.00
2017.03.15 14:51:30.246,1.41297,1.4131,1.00,1.00
2017.03.15 14:51:30.760,1.41296,1.4131,1.12,1.00
2017.03.15 14:51:31.379,1.41296,1.41309,1.00,1.00
2017.03.15 14:51:31.647,1.41294,1.41309,1.12,1.00
2017.03.15 14:51:31.986,1.41294,1.41307,1.12,1.00
2017.03.15 14:51:32.562,1.41294,1.41308,1.00,1.00
2017.03.15 14:51:32.613,1.41292,1.41308,1.00,1.00
2017.03.15 14:51:35.917,1.41293,1.41307,1.00,1.00
2017.03.15 14:51:36.767,1.41293,1.41306,1.00,1.00
2017.03.15 14:51:39.258,1.41292,1.41306,1.00,1.50
2017.03.15 14:51:41.869,1.41292,1.41307,1.00,1.50
2017.03.15 14:51:43.359,1.41292,1.41306,1.00,1.00
2017.03.15 14:51:44.923,1.41292,1.41307,1.00,1.00
2017.03.15 14:51:44.974,1.41291,1.41305,1.12,1.00
2017.03.15 14:51:45.075,1.41293,1.41308,1.00,1.50
2017.03.15 14:51:46.218,1.41293,1.41307,1.00,1.00
2017.03.15 14:51:46.611,1.41296,1.4131,1.00,1.87
2017.03.15 14:51:47.317,1.41291,1.41307,1.50,1.00
2017.03.15 14:51:47.867,1.41291,1.41306,1.00,1.00
2017.03.15 14:51:49.439,1.41291,1.41305,1.00,1.00
2017.03.15 14:51:52.603,1.4129,1.41305,1.00,1.50
2017.03.15 14:51:55.109,1.4129,1.41304,1.00,1.50
2017.03.15 14:51:56.690,1.4129,1.41303,1.00,1.00
2017.03.15 14:52:01.314,1.4129,1.41304,1.00,1.50
2017.03.15 14:52:01.516,1.41291,1.41306,1.00,1.00
2017.03.15 14:52:01.617,1.41294,1.41308,1.00,1.00
2017.03.15 14:52:02.371,1.41295,1.41308,1.00,1.00
2017.03.15 14:52:02.880,1.41294,1.41308,1.00,1.00
2017.03.15 14:52:04.066,1.41294,1.41309,1.00,1.50
2017.03.15 14:52:06.190,1.41295,1.4131,1.00,1.50
2017.03.15 14:52:09.137,1.41292,1.41305,1.50,1.00
2017.03.15 14:52:20.806,1.41298,1.41312,1.12,1.50
2017.03.15 14:52:20.919,1.41294,1.41309,3.00,1.00
2017.03.15 14:52:21.417,1.41294,1.41306,1.75,1.00
2017.03.15 14:52:22.027,1.41296,1.41311,1.12,1.00
2017.03.15 14:52:22.078,1.41294,1.41308,1.75,1.00
2017.03.15 14:52:23.122,1.413,1.4131,1.00,1.00
2017.03.15 14:52:23.173,1.41301,1.41314,1.00,1.00
2017.03.15 14:52:23.224,1.41296,1.41308,4.50,1.00
2017.03.15 14:52:23.740,1.41296,1.41308,1.50,1.00
2017.03.15 14:52:24.447,1.41296,1.41306,1.50,1.00
2017.03.15 14:52:25.154,1.41296,1.41306,1.00,1.00
2017.03.15 14:52:25.507,1.41293,1.41306,1.12,1.00
2017.03.15 14:52:26.496,1.41291,1.41305,1.12,1.00
2017.03.15 14:52:30.263,1.4129,1.41304,2.55,1.00
2017.03.15 14:52:35.021,1.41292,1.41303,1.50,1.00
2017.03.15 14:52:35.571,1.41289,1.41303,2.62,1.00
2017.03.15 14:52:38.670,1.4129,1.41302,1.37,1.00
2017.03.15 14:52:44.134,1.41289,1.41304,1.80,1.00
2017.03.15 14:52:45.312,1.41291,1.41305,1.87,1.00
2017.03.15 14:52:48.910,1.41291,1.41305,1.75,1.00
2017.03.15 14:52:53.821,1.41291,1.41306,1.87,1.00
2017.03.15 14:52:54.325,1.41293,1.41306,1.75,1.00
2017.03.15 14:52:54.685,1.41293,1.41308,1.75,1.00
2017.03.15 14:52:55.200,1.41293,1.41307,2.25,1.00
2017.03.15 14:52:55.695,1.41293,1.41309,1.75,1.00
2017.03.15 14:52:56.221,1.41293,1.41309,1.75,1.00
2017.03.15 14:52:57.993,1.41296,1.4131,1.50,1.00
2017.03.15 14:52:58.060,1.41297,1.41312,1.50,1.00
2017.03.15 14:52:58.211,1.41299,1.41312,1.00,1.00
2017.03.15 14:52:58.735,1.41299,1.41313,1.12,1.00
2017.03.15 14:52:59.393,1.41299,1.41314,1.50,1.00
2017.03.15 14:52:59.913,1.413,1.41315,1.37,1.00
2017.03.15 14:53:03.278,1.41299,1.41315,1.50,1.00
2017.03.15 14:53:03.581,1.41298,1.41312,1.50,1.00
2017.03.15 14:53:03.913,1.41297,1.4131,1.12,1.00
2017.03.15 14:53:04.713,1.41294,1.41309,1.75,1.00
2017.03.15 14:53:04.865,1.41294,1.41309,1.12,1.00
2017.03.15 14:53:05.167,1.41294,1.41307,1.12,1.00
2017.03.15 14:53:05.788,1.41292,1.41307,1.50,1.00
2017.03.15 14:53:08.008,1.41292,1.41305,1.12,1.00
2017.03.15 14:53:11.487,1.41291,1.41305,1.50,1.00
2017.03.15 14:53:11.990,1.41291,1.41305,2.25,1.00
2017.03.15 14:53:13.435,1.41291,1.41305,1.50,1.00
2017.03.15 14:53:14.158,1.41291,1.41305,2.25,1.00
2017.03.15 14:53:14.679,1.41291,1.41305,1.50,1.00
2017.03.15 14:53:15.464,1.41292,1.41305,1.12,1.00
2017.03.15 14:53:16.140,1.41292,1.41306,1.12,1.00
2017.03.15 14:53:16.476,1.41291,1.41304,1.12,1.00
2017.03.15 14:53:16.779,1.41289,1.41302,1.87,1.00
2017.03.15 14:53:18.917,1.4129,1.41304,1.50,1.00
2017.03.15 14:53:19.069,1.41292,1.41305,1.00,1.00
2017.03.15 14:53:19.974,1.41293,1.41306,1.00,1.00
2017.03.15 14:53:20.025,1.41293,1.41308,1.00,1.00
2017.03.15 14:53:20.193,1.41294,1.41308,2.25,1.00
2017.03.15 14:53:20.765,1.41294,1.41307,2.62,1.00
2017.03.15 14:53:21.312,1.41294,1.41309,2.25,1.00
2017.03.15 14:53:21.814,1.41294,1.41309,2.25,1.00
2017.03.15 14:53:22.712,1.41294,1.4131,2.25,1.00
2017.03.15 14:53:25.190,1.41296,1.41309,1.12,1.00
2017.03.15 14:53:27.797,1.41295,1.41308,1.50,1.00
2017.03.15 14:53:30.632,1.41295,1.41308,1.12,1.00
2017.03.15 14:53:30.949,1.41293,1.41306,1.75,1.00
2017.03.15 14:53:31.495,1.41292,1.41306,1.75,1.00
2017.03.15 14:53:32.250,1.41292,1.41307,1.75,1.00
2017.03.15 14:53:33.484,1.41291,1.41306,1.75,1.00
2017.03.15 14:53:35.338,1.41291,1.41306,1.50,1.00
2017.03.15 14:53:37.834,1.41291,1.41305,1.87,1.00
2017.03.15 14:53:38.151,1.41291,1.41303,1.50,1.00
2017.03.15 14:53:40.829,1.41291,1.41304,2.25,1.00
2017.03.15 14:53:42.673,1.41291,1.41305,2.25,1.00
2017.03.15 14:53:46.609,1.41292,1.41307,1.12,1.00
2017.03.15 14:53:47.140,1.41293,1.41307,2.25,1.00
2017.03.15 14:53:47.772,1.4129,1.41304,4.87,1.00
2017.03.15 14:53:47.873,1.4129,1.41304,1.12,1.00
2017.03.15 14:53:48.540,1.41291,1.41304,1.00,1.00
2017.03.15 14:53:49.117,1.41291,1.41303,1.00,1.00
2017.03.15 14:53:52.845,1.41289,1.41302,1.75,1.00
2017.03.15 14:53:56.358,1.41293,1.41305,1.00,1.00
2017.03.15 14:53:57.004,1.41293,1.41306,3.00,1.00
2017.03.15 14:53:57.674,1.41294,1.41306,2.25,1.00
2017.03.15 14:53:58.137,1.413,1.41315,1.00,3.00
2017.03.15 14:53:58.238,1.41298,1.41312,4.12,1.00
2017.03.15 14:53:58.339,1.41299,1.4131,3.37,1.00
2017.03.15 14:53:58.654,1.41299,1.41308,1.00,1.00
2017.03.15 14:53:59.144,1.41297,1.41308,1.00,1.00
2017.03.15 14:54:09.469,1.41297,1.41308,1.50,1.00
2017.03.15 14:54:39.553,1.41293,1.41305,2.25,1.00
2017.03.15 14:54:39.654,1.41293,1.41305,1.00,1.00
2017.03.15 14:54:39.755,1.41291,1.41305,2.25,1.00
2017.03.15 14:54:40.301,1.41292,1.41305,1.00,1.00
2017.03.15 14:54:40.901,1.41291,1.41305,1.12,1.00
2017.03.15 14:54:41.363,1.41291,1.41303,1.12,1.00
2017.03.15 14:54:48.734,1.41291,1.41303,1.87,1.00
2017.03.15 14:54:49.488,1.41291,1.41303,1.50,1.00
2017.03.15 14:54:51.081,1.41291,1.41303,2.25,1.00
2017.03.15 14:54:52.037,1.41292,1.41303,1.37,1.00
2017.03.15 14:54:53.937,1.41293,1.41306,1.12,1.00
2017.03.15 14:54:54.441,1.41292,1.41305,1.50,1.00
2017.03.15 14:54:55.694,1.41292,1.41305,1.00,1.00
2017.03.15 14:54:56.719,1.41291,1.41305,2.25,1.00
2017.03.15 14:54:57.912,1.41291,1.41303,1.12,1.00
2017.03.15 14:55:10.337,1.4129,1.41303,1.12,1.00
2017.03.15 14:55:10.877,1.4129,1.41302,1.12,1.00
2017.03.15 14:55:15.905,1.41291,1.41302,1.00,1.00
2017.03.15 14:55:20.658,1.41291,1.41308,1.00,1.00
2017.03.15 14:55:31.164,1.41291,1.41307,1.12,1.00
2017.03.15 14:55:31.369,1.41289,1.41307,1.87,1.00
2017.03.15 14:55:36.528,1.41288,1.41306,1.75,1.00
2017.03.15 14:55:38.024,1.41289,1.41306,1.00,1.12
2017.03.15 14:55:40.572,1.41289,1.41305,1.00,1.00
2017.03.15 14:55:41.104,1.41289,1.41306,1.12,1.00
2017.03.15 14:55:42.784,1.41289,1.41307,1.12,1.00
2017.03.15 14:55:45.574,1.41291,1.41307,1.00,1.00
2017.03.15 14:55:45.887,1.41292,1.41309,1.75,1.50
2017.03.15 14:55:46.438,1.41294,1.4131,1.75,1.00
2017.03.15 14:55:47.157,1.41294,1.4131,1.75,1.00
2017.03.15 14:55:49.588,1.41294,1.4131,1.75,1.00
2017.03.15 14:55:50.690,1.41292,1.4131,2.25,1.50
2017.03.15 14:55:52.254,1.41292,1.4131,1.75,1.50
2017.03.15 14:55:53.895,1.41293,1.41309,1.50,1.00
2017.03.15 14:56:01.339,1.41291,1.41309,2.25,1.00
2017.03.15 14:56:01.982,1.41292,1.4131,1.75,1.00
2017.03.15 14:56:07.544,1.41293,1.41311,2.25,1.50
2017.03.15 14:56:08.141,1.41293,1.4131,1.75,1.00
2017.03.15 14:56:10.120,1.41293,1.41309,1.75,1.00
2017.03.15 14:56:10.249,1.41291,1.41309,1.75,1.00
2017.03.15 14:56:19.091,1.41291,1.41309,1.75,1.00
2017.03.15 14:56:22.604,1.41291,1.41309,1.75,1.00
2017.03.15 14:56:23.419,1.4129,1.41306,2.25,1.00
2017.03.15 14:56:23.571,1.4129,1.41306,1.00,1.00
2017.03.15 14:56:24.085,1.41289,1.41306,1.12,1.00
2017.03.15 14:56:31.507,1.41288,1.41304,2.25,1.00
2017.03.15 14:56:35.438,1.41288,1.41304,1.12,1.00
2017.03.15 14:56:37.751,1.41286,1.41302,1.12,1.00
2017.03.15 14:56:38.331,1.41285,1.41301,1.87,1.00
2017.03.15 14:56:39.617,1.41285,1.41301,1.12,1.00
2017.03.15 14:56:46.961,1.41284,1.41301,1.87,1.00
2017.03.15 14:56:47.265,1.41279,1.41294,2.25,1.00
2017.03.15 14:56:47.769,1.41279,1.41295,2.25,1.00
2017.03.15 14:56:48.345,1.4128,1.41296,1.12,1.00
2017.03.15 14:56:48.890,1.41279,1.41296,1.12,1.00
2017.03.15 14:56:49.730,1.41279,1.41295,1.12,1.00
2017.03.15 14:56:50.667,1.41278,1.41294,2.25,1.00
2017.03.15 14:56:51.176,1.41278,1.41295,1.87,1.00
2017.03.15 14:56:52.826,1.41279,1.41294,1.00,1.00
2017.03.15 14:57:03.789,1.41279,1.41296,1.50,1.00
2017.03.15 14:57:04.291,1.4128,1.41295,1.12,1.00
2017.03.15 14:57:04.881,1.41281,1.41297,1.00,1.00
2017.03.15 14:57:05.836,1.4128,1.41296,1.12,1.00
2017.03.15 14:57:06.836,1.4128,1.41295,1.12,1.00
2017.03.15 14:57:13.445,1.41279,1.41294,1.50,1.00
2017.03.15 14:57:13.962,1.41279,1.41294,1.12,1.00
2017.03.15 14:57:17.040,1.41276,1.41292,1.75,1.00
2017.03.15 14:57:17.141,1.41275,1.4129,1.00,1.00
2017.03.15 14:57:17.445,1.41273,1.41288,1.50,1.00
2017.03.15 14:57:17.596,1.41272,1.41287,1.00,1.00
2017.03.15 14:57:19.382,1.41272,1.41286,1.00,1.00
2017.03.15 14:57:20.364,1.41272,1.41287,1.00,1.00
2017.03.15 14:57:20.906,1.41272,1.41288,1.00,1.00
2017.03.15 14:57:23.959,1.41272,1.41288,1.50,1.00
2017.03.15 14:57:28.569,1.41272,1.41287,1.12,1.00
2017.03.15 14:57:30.189,1.41272,1.41289,1.12,1.00
2017.03.15 14:57:30.738,1.41272,1.41289,1.50,1.00
2017.03.15 14:57:34.388,1.41274,1.41289,1.00,1.00
2017.03.15 14:57:34.524,1.41273,1.4129,3.00,1.00
2017.03.15 14:57:34.575,1.41275,1.41292,1.75,1.00
2017.03.15 14:57:34.626,1.41276,1.41294,2.62,1.00
2017.03.15 14:57:34.979,1.41278,1.41295,3.37,1.00
2017.03.15 14:57:35.484,1.41281,1.41297,1.12,1.00
2017.03.15 14:57:35.761,1.41283,1.41298,1.12,1.00
2017.03.15 14:57:36.535,1.41281,1.41299,2.62,1.00
2017.03.15 14:57:37.119,1.41281,1.41298,3.37,1.00
2017.03.15 14:57:39.703,1.41283,1.41299,1.12,1.00
2017.03.15 14:57:40.215,1.41284,1.413,1.00,1.00
2017.03.15 14:57:40.763,1.41283,1.413,1.50,1.00
2017.03.15 14:57:41.271,1.41283,1.41301,1.12,1.00
2017.03.15 14:57:42.588,1.41283,1.41299,1.87,1.00
2017.03.15 14:57:43.920,1.41283,1.41298,1.12,1.00
2017.03.15 14:57:46.204,1.41282,1.41298,1.12,1.00
2017.03.15 14:57:49.004,1.41281,1.41297,1.50,1.00
2017.03.15 14:57:49.306,1.4128,1.41295,2.25,1.00
2017.03.15 14:57:50.544,1.4128,1.41295,1.12,1.00
2017.03.15 14:57:51.619,1.41278,1.41295,1.87,1.00
2017.03.15 14:57:54.765,1.41279,1.41294,1.00,1.00
2017.03.15 14:57:57.462,1.41279,1.41295,2.62,1.00
2017.03.15 14:57:58.060,1.4128,1.41295,1.00,1.00
2017.03.15 14:58:02.326,1.4128,1.41293,1.00,1.00
2017.03.15 14:58:05.940,1.41278,1.41293,1.12,1.00
2017.03.15 14:58:11.964,1.41278,1.41292,1.00,1.00
2017.03.15 14:58:16.311,1.41277,1.41292,1.00,1.00
2017.03.15 14:58:16.900,1.41277,1.41293,1.00,1.00
2017.03.15 14:58:17.560,1.41277,1.41292,1.50,1.00
2017.03.15 14:58:20.288,1.41276,1.41292,1.87,1.00
2017.03.15 14:58:20.807,1.41276,1.41291,1.12,1.00
2017.03.15 14:58:20.908,1.41273,1.41283,1.75,1.00
2017.03.15 14:58:21.009,1.41269,1.41283,1.00,1.00
2017.03.15 14:58:21.189,1.41266,1.41281,1.12,1.00
2017.03.15 14:58:21.341,1.41266,1.41283,1.12,1.00
2017.03.15 14:58:21.542,1.41266,1.41281,1.12,1.00
2017.03.15 14:58:22.379,1.41265,1.4128,1.87,1.00
2017.03.15 14:58:22.911,1.41265,1.4128,2.62,1.00
2017.03.15 14:58:25.905,1.41265,1.4128,1.87,1.00
2017.03.15 14:58:26.468,1.41266,1.4128,1.12,1.00
2017.03.15 14:58:27.650,1.41266,1.41282,1.12,1.00
2017.03.15 14:58:28.252,1.41266,1.41282,1.50,1.00
2017.03.15 14:58:29.467,1.41267,1.41283,1.12,1.00
2017.03.15 14:58:30.083,1.41267,1.41284,1.12,1.00
2017.03.15 14:58:30.808,1.41267,1.41284,1.50,1.00
2017.03.15 14:58:30.909,1.41268,1.41286,1.12,1.00
2017.03.15 14:58:33.121,1.4127,1.41287,1.00,1.00
2017.03.15 14:58:33.625,1.4127,1.41288,3.00,1.00
2017.03.15 14:58:34.379,1.41271,1.41289,2.25,1.00
2017.03.15 14:58:34.897,1.41272,1.4129,1.87,1.00
2017.03.15 14:58:40.719,1.41273,1.4129,1.00,1.00
2017.03.15 14:58:41.356,1.41273,1.4129,1.50,1.00
2017.03.15 14:58:47.072,1.41272,1.4129,1.50,1.00
2017.03.15 14:58:47.398,1.41272,1.41288,1.50,1.00
2017.03.15 14:58:49.034,1.41272,1.4129,1.50,1.00
2017.03.15 14:58:49.460,1.41273,1.41288,1.12,1.00
2017.03.15 14:58:52.657,1.41272,1.4129,2.25,1.00
2017.03.15 14:58:53.686,1.41272,1.41288,1.50,1.00
2017.03.15 14:58:54.215,1.41272,1.41289,1.12,1.00
2017.03.15 14:58:55.613,1.41271,1.41288,1.50,1.00
2017.03.15 14:59:02.918,1.41271,1.41289,1.50,1.00
2017.03.15 14:59:03.459,1.41273,1.4129,1.12,1.00
2017.03.15 14:59:04.519,1.41273,1.4129,1.87,1.00
2017.03.15 14:59:05.556,1.41274,1.4129,1.00,1.00
2017.03.15 14:59:06.095,1.41274,1.4129,1.50,1.00
2017.03.15 14:59:07.035,1.41274,1.41291,1.50,1.00
2017.03.15 14:59:07.811,1.41275,1.41292,1.87,1.00
2017.03.15 14:59:09.157,1.41274,1.4129,1.50,1.00
2017.03.15 14:59:09.510,1.41273,1.41288,1.12,1.00
2017.03.15 14:59:10.011,1.41272,1.41288,1.12,1.00
2017.03.15 14:59:10.618,1.41272,1.41287,1.00,1.00
2017.03.15 14:59:11.138,1.41271,1.41287,1.00,1.00
2017.03.15 14:59:14.428,1.4127,1.41287,1.50,1.00
2017.03.15 14:59:16.196,1.4127,1.41285,1.50,1.00
2017.03.15 14:59:16.719,1.41271,1.41285,1.00,1.00
2017.03.15 14:59:25.513,1.41271,1.41286,1.00,1.00
2017.03.15 14:59:27.237,1.4127,1.41286,1.87,1.00
2017.03.15 14:59:29.771,1.41276,1.41292,2.25,1.75
2017.03.15 14:59:29.973,1.41274,1.4129,1.12,1.00
2017.03.15 14:59:30.280,1.41274,1.4129,1.75,1.00
2017.03.15 14:59:30.330,1.41275,1.41293,1.50,1.00
2017.03.15 14:59:30.840,1.41277,1.41292,1.12,1.00
2017.03.15 14:59:31.369,1.41277,1.41293,1.50,1.00
2017.03.15 14:59:37.548,1.41277,1.41294,1.50,1.00
2017.03.15 14:59:41.281,1.41277,1.41295,1.50,1.00
2017.03.15 14:59:42.114,1.41279,1.41295,1.00,1.00
2017.03.15 14:59:42.627,1.41279,1.41295,3.00,1.00
2017.03.15 14:59:44.386,1.41279,1.41296,3.00,1.00
2017.03.15 14:59:45.336,1.41279,1.41295,2.25,1.00
2017.03.15 14:59:45.487,1.41276,1.41293,2.25,1.00
2017.03.15 14:59:45.588,1.41276,1.41291,1.00,1.00
2017.03.15 14:59:45.790,1.41276,1.41291,1.75,1.00
2017.03.15 14:59:47.404,1.41276,1.41292,1.75,1.00
2017.03.15 14:59:50.384,1.41275,1.41293,2.25,1.50
2017.03.15 14:59:50.952,1.41275,1.41292,1.12,1.00
2017.03.15 14:59:51.839,1.41274,1.41292,1.12,1.50
2017.03.15 14:59:52.741,1.41273,1.41291,1.50,1.00
2017.03.15 14:59:53.685,1.41272,1.4129,2.25,1.00
2017.03.15 14:59:54.199,1.41274,1.41292,1.12,1.00
2017.03.15 14:59:54.685,1.41274,1.41292,1.75,1.00
2017.03.15 14:59:55.020,1.4128,1.41292,1.00,1.00
2017.03.15 14:59:55.071,1.41279,1.41295,2.25,1.50
2017.03.15 14:59:55.280,1.41281,1.41297,2.62,1.00
2017.03.15 14:59:55.432,1.41281,1.41299,2.62,1.00
2017.03.15 14:59:55.483,1.41281,1.41299,3.00,1.00
2017.03.15 14:59:56.017,1.41283,1.413,1.12,1.00
2017.03.15 14:59:56.319,1.41284,1.413,1.50,1.00
2017.03.15 14:59:57.238,1.41285,1.41302,1.50,1.00
2017.03.15 14:59:57.339,1.41288,1.41303,1.12,1.00
2017.03.15 14:59:57.440,1.41289,1.41306,1.50,1.00
2017.03.15 14:59:57.592,1.4129,1.41306,2.25,1.00
2017.03.15 14:59:57.895,1.4129,1.41306,1.00,1.00
2017.03.15 14:59:58.518,1.41288,1.41306,1.50,1.00
