2016.08.15 16:00:13.374,1.34254,1.34269,1.00,1.00
2016.08.15 16:00:17.639,1.34253,1.34269,1.00,1.00
2016.08.15 16:00:25.664,1.34252,1.34269,1.00,1.00
2016.08.15 16:00:26.028,1.34251,1.34267,1.10,1.00
2016.08.15 16:00:26.281,1.34251,1.34267,1.10,1.00
2016.08.15 16:00:26.435,1.34251,1.34267,1.10,1.00
2016.08.15 16:00:30.645,1.34251,1.34267,1.10,1.00
2016.08.15 16:00:31.135,1.34251,1.34267,1.10,1.00
2016.08.15 16:00:31.248,1.34251,1.34267,1.10,1.00
2016.08.15 16:00:31.566,1.34251,1.34267,1.10,1.00
2016.08.15 16:00:31.750,1.34251,1.34267,1.10,1.00
2016.08.15 16:00:31.801,1.34251,1.34267,1.57,1.00
2016.08.15 16:00:31.852,1.34251,1.34267,1.57,1.00
2016.08.15 16:00:32.159,1.34251,1.34267,1.57,1.00
2016.08.15 16:00:36.351,1.34251,1.34267,1.57,1.00
2016.08.15 16:00:41.227,1.34251,1.34267,1.10,1.00
2016.08.15 16:00:44.484,1.34251,1.34267,1.10,1.00
2016.08.15 16:00:45.087,1.34251,1.34267,1.57,1.00
2016.08.15 16:00:45.437,1.34251,1.34267,1.10,1.00
2016.08.15 16:00:46.100,1.34252,1.34267,1.00,1.00
2016.08.15 16:00:46.802,1.34253,1.34267,1.00,1.00
2016.08.15 16:00:47.055,1.34251,1.34267,1.10,1.00
2016.08.15 16:00:48.698,1.34251,1.34267,1.10,1.00
2016.08.15 16:00:48.776,1.34251,1.34267,1.10,1.00
2016.08.15 16:00:50.744,1.34253,1.34267,1.00,1.00
2016.08.15 16:01:00.606,1.34252,1.34267,1.00,1.00
2016.08.15 16:01:03.057,1.34252,1.34267,1.50,1.00
2016.08.15 16:01:03.246,1.34252,1.34267,1.00,1.00
2016.08.15 16:01:06.563,1.34252,1.34267,1.50,1.00
2016.08.15 16:01:09.874,1.34252,1.34267,1.00,1.00
2016.08.15 16:01:10.697,1.34253,1.34267,1.00,1.00
2016.08.15 16:01:21.191,1.34252,1.34267,1.00,1.00
2016.08.15 16:01:26.379,1.34252,1.34275,1.00,1.10
2016.08.15 16:01:27.721,1.34252,1.34277,1.00,2.62
2016.08.15 16:01:27.822,1.34252,1.34276,1.00,1.50
2016.08.15 16:01:28.189,1.34252,1.34276,1.00,1.12
2016.08.15 16:01:29.170,1.34252,1.34276,1.00,1.50
2016.08.15 16:01:29.321,1.34252,1.34266,1.00,1.00
2016.08.15 16:01:37.632,1.3425,1.34266,1.57,1.00
2016.08.15 16:01:37.734,1.34248,1.34264,1.87,1.00
2016.08.15 16:01:37.785,1.3426,1.34264,1.00,1.00
2016.08.15 16:01:37.835,1.34261,1.34276,1.00,2.62
2016.08.15 16:01:37.886,1.34262,1.34276,1.00,1.87
2016.08.15 16:01:37.937,1.34262,1.34274,1.00,1.00
2016.08.15 16:01:37.988,1.34259,1.34274,1.00,1.00
2016.08.15 16:01:38.038,1.34258,1.34277,1.00,1.00
2016.08.15 16:01:38.140,1.34257,1.34273,1.00,1.00
2016.08.15 16:01:38.190,1.34257,1.34273,1.00,1.00
2016.08.15 16:01:38.241,1.34255,1.34271,1.10,1.00
2016.08.15 16:01:38.517,1.34255,1.34271,1.00,1.00
2016.08.15 16:01:38.851,1.34253,1.34269,1.12,1.00
2016.08.15 16:01:38.902,1.34253,1.34269,1.00,1.00
2016.08.15 16:01:39.222,1.34251,1.34267,1.12,1.00
2016.08.15 16:01:39.324,1.34249,1.34266,1.10,1.00
2016.08.15 16:01:39.425,1.34248,1.34266,1.87,1.00
2016.08.15 16:01:39.526,1.3425,1.34266,1.00,1.00
2016.08.15 16:01:39.711,1.3425,1.34266,1.00,1.00
2016.08.15 16:01:40.241,1.34242,1.3426,1.50,1.00
2016.08.15 16:01:40.292,1.34241,1.3426,1.00,1.00
2016.08.15 16:01:40.394,1.34244,1.3426,1.21,1.00
2016.08.15 16:01:40.445,1.34247,1.34266,1.00,1.50
2016.08.15 16:01:40.496,1.34254,1.34266,1.27,1.50
2016.08.15 16:01:40.546,1.34254,1.34267,1.35,1.00
2016.08.15 16:01:40.597,1.34251,1.34267,2.25,1.00
2016.08.15 16:01:40.648,1.34251,1.34267,1.57,1.00
2016.08.15 16:01:40.699,1.34251,1.34267,1.57,1.00
2016.08.15 16:01:40.750,1.3425,1.34265,1.12,1.00
2016.08.15 16:01:40.800,1.34249,1.34265,2.25,1.00
2016.08.15 16:01:40.902,1.34249,1.34265,1.50,1.00
2016.08.15 16:01:41.164,1.34249,1.34265,1.50,1.00
2016.08.15 16:01:41.341,1.34248,1.34261,1.75,1.00
2016.08.15 16:01:41.392,1.34248,1.34261,1.00,1.00
2016.08.15 16:01:41.664,1.34242,1.34257,1.00,1.00
2016.08.15 16:01:41.715,1.34248,1.34257,1.00,1.00
2016.08.15 16:01:41.770,1.34258,1.34267,1.00,1.87
2016.08.15 16:01:41.821,1.34259,1.34268,1.37,1.75
2016.08.15 16:01:41.872,1.34258,1.34268,1.87,1.00
2016.08.15 16:01:41.923,1.34268,1.34287,1.00,1.00
2016.08.15 16:01:41.974,1.34268,1.34287,1.00,1.00
2016.08.15 16:01:42.051,1.34263,1.34287,1.10,1.12
2016.08.15 16:01:42.102,1.34262,1.34287,1.12,1.12
2016.08.15 16:01:42.204,1.34262,1.34287,1.12,1.50
2016.08.15 16:01:42.305,1.34261,1.34286,1.50,1.10
2016.08.15 16:01:42.407,1.34261,1.34287,1.10,3.00
2016.08.15 16:01:42.508,1.3426,1.34286,1.20,1.87
2016.08.15 16:01:42.760,1.34261,1.34285,1.00,1.50
2016.08.15 16:01:42.862,1.34261,1.34279,1.00,1.00
2016.08.15 16:01:43.560,1.34262,1.34281,1.00,1.00
2016.08.15 16:01:43.611,1.34262,1.34281,1.50,1.00
2016.08.15 16:01:43.662,1.34262,1.34281,1.00,1.00
2016.08.15 16:01:44.455,1.34261,1.34274,1.50,1.00
2016.08.15 16:01:44.511,1.34258,1.34274,1.00,1.00
2016.08.15 16:01:44.663,1.34256,1.34273,2.32,1.00
2016.08.15 16:01:44.714,1.34258,1.34273,1.00,1.00
2016.08.15 16:01:44.815,1.34256,1.34273,1.12,1.00
2016.08.15 16:01:44.866,1.34253,1.34271,1.95,1.00
2016.08.15 16:01:44.917,1.34253,1.34271,1.00,1.50
2016.08.15 16:01:44.968,1.34252,1.34266,1.00,1.00
2016.08.15 16:01:45.019,1.3425,1.34266,1.10,1.00
2016.08.15 16:01:45.069,1.3425,1.34267,1.00,1.12
2016.08.15 16:01:45.120,1.34242,1.34265,1.75,1.12
2016.08.15 16:01:45.171,1.34242,1.34265,1.00,1.12
2016.08.15 16:01:45.222,1.34242,1.34264,1.00,1.00
2016.08.15 16:01:45.608,1.34243,1.34264,1.00,1.00
2016.08.15 16:01:46.325,1.34243,1.34257,1.00,1.00
2016.08.15 16:01:46.957,1.34241,1.34257,1.50,1.00
2016.08.15 16:01:47.042,1.34242,1.34257,1.00,1.00
2016.08.15 16:01:48.136,1.34241,1.34257,1.50,1.00
2016.08.15 16:01:48.238,1.34242,1.34258,1.00,1.00
2016.08.15 16:01:48.289,1.34242,1.34258,1.00,1.00
2016.08.15 16:01:48.339,1.34243,1.34258,1.00,1.00
2016.08.15 16:01:48.441,1.34242,1.34258,1.00,1.00
2016.08.15 16:01:49.430,1.34251,1.34265,1.45,1.00
2016.08.15 16:01:49.481,1.34253,1.34268,1.15,1.00
2016.08.15 16:01:49.532,1.34254,1.34269,1.50,1.00
2016.08.15 16:01:49.583,1.34256,1.34274,1.12,1.00
2016.08.15 16:01:49.634,1.34258,1.34281,1.00,1.12
2016.08.15 16:01:49.685,1.34258,1.34281,1.12,1.00
2016.08.15 16:01:49.736,1.3426,1.34281,1.00,1.00
2016.08.15 16:01:49.787,1.3426,1.34281,1.12,1.00
2016.08.15 16:01:50.036,1.34261,1.34281,1.10,1.00
2016.08.15 16:01:50.138,1.34261,1.34281,1.12,1.00
2016.08.15 16:01:50.239,1.34263,1.34281,1.00,1.00
2016.08.15 16:01:50.340,1.34262,1.34281,1.10,1.00
2016.08.15 16:01:50.478,1.34262,1.34277,1.10,1.00
2016.08.15 16:01:50.874,1.3426,1.34277,1.87,1.00
2016.08.15 16:01:51.229,1.3426,1.34277,2.62,1.00
2016.08.15 16:01:51.280,1.3426,1.34277,2.62,1.00
2016.08.15 16:01:51.331,1.34264,1.34277,1.00,1.00
2016.08.15 16:01:51.382,1.34264,1.34279,1.00,1.00
2016.08.15 16:01:51.534,1.34263,1.34279,1.75,1.00
2016.08.15 16:01:52.672,1.3426,1.34277,1.00,1.00
2016.08.15 16:01:52.723,1.34258,1.34274,1.12,1.00
2016.08.15 16:01:52.874,1.34258,1.34274,1.10,1.00
2016.08.15 16:01:54.064,1.34258,1.34274,1.57,1.00
2016.08.15 16:01:54.165,1.34258,1.34274,1.10,1.00
2016.08.15 16:01:54.820,1.34255,1.34273,2.25,1.00
2016.08.15 16:01:54.871,1.34255,1.34273,2.25,1.00
2016.08.15 16:01:55.320,1.34255,1.34273,1.75,1.00
2016.08.15 16:01:56.285,1.34254,1.34272,2.25,1.00
2016.08.15 16:01:57.241,1.34254,1.34272,1.50,1.00
2016.08.15 16:01:57.292,1.34254,1.3427,1.50,1.00
2016.08.15 16:01:59.225,1.34254,1.3427,2.25,1.00
2016.08.15 16:02:01.685,1.34255,1.34273,1.12,1.00
2016.08.15 16:02:03.233,1.34255,1.34273,1.87,1.00
2016.08.15 16:02:03.766,1.34255,1.3427,1.12,1.00
2016.08.15 16:02:03.816,1.34254,1.3427,1.50,1.00
2016.08.15 16:02:05.050,1.34254,1.3427,1.10,1.00
2016.08.15 16:02:11.193,1.34252,1.34269,1.87,1.00
2016.08.15 16:02:11.244,1.34252,1.34269,1.50,1.00
2016.08.15 16:02:14.313,1.34252,1.34269,1.12,1.00
2016.08.15 16:02:17.369,1.34252,1.34269,1.87,1.00
2016.08.15 16:02:17.875,1.34255,1.34269,1.50,1.00
2016.08.15 16:02:17.977,1.34257,1.34269,1.00,1.00
2016.08.15 16:02:18.028,1.34257,1.34272,1.00,1.00
2016.08.15 16:02:18.079,1.3426,1.34272,1.50,1.00
2016.08.15 16:02:18.424,1.3426,1.34272,1.00,1.00
2016.08.15 16:02:21.522,1.3426,1.3427,1.00,1.00
2016.08.15 16:02:21.572,1.34253,1.3427,1.50,1.00
2016.08.15 16:02:26.214,1.34253,1.34269,1.50,1.00
2016.08.15 16:02:26.865,1.34252,1.34269,1.75,1.00
2016.08.15 16:02:26.968,1.3425,1.34269,2.62,1.00
2016.08.15 16:02:27.018,1.3425,1.34267,1.12,1.00
2016.08.15 16:02:27.069,1.34249,1.34267,1.50,1.00
2016.08.15 16:02:27.139,1.34247,1.34264,2.62,1.00
2016.08.15 16:02:27.190,1.34247,1.34264,1.50,1.00
2016.08.15 16:02:27.240,1.34245,1.34263,1.12,1.00
2016.08.15 16:02:27.291,1.34245,1.34263,1.87,1.00
2016.08.15 16:02:27.444,1.34244,1.3426,1.12,1.00
2016.08.15 16:02:27.495,1.34243,1.3426,1.75,1.00
2016.08.15 16:02:27.853,1.34242,1.3426,1.75,1.00
2016.08.15 16:02:29.394,1.34242,1.3426,2.25,1.00
2016.08.15 16:02:29.445,1.34242,1.34258,1.75,1.00
2016.08.15 16:02:29.496,1.34242,1.34258,1.10,1.00
2016.08.15 16:02:29.597,1.3424,1.34258,2.25,1.00
2016.08.15 16:02:29.709,1.3424,1.34258,1.12,1.00
2016.08.15 16:02:30.813,1.34254,1.34258,1.00,1.00
2016.08.15 16:02:30.864,1.34254,1.34264,1.00,1.00
2016.08.15 16:02:30.915,1.34251,1.34264,1.00,1.00
2016.08.15 16:02:31.016,1.34251,1.34264,1.12,1.00
2016.08.15 16:02:31.067,1.34253,1.3427,1.00,1.00
2016.08.15 16:02:31.168,1.34253,1.3427,1.10,1.00
2016.08.15 16:02:31.620,1.3425,1.34273,1.12,1.50
2016.08.15 16:02:31.671,1.34249,1.34273,1.12,2.25
2016.08.15 16:02:31.774,1.34248,1.34273,1.87,2.62
2016.08.15 16:02:31.950,1.34249,1.34265,1.75,1.00
2016.08.15 16:02:32.049,1.34249,1.34265,1.12,1.00
2016.08.15 16:02:32.151,1.34249,1.34265,1.00,1.00
2016.08.15 16:02:32.456,1.34247,1.34263,1.12,1.00
2016.08.15 16:02:32.507,1.34245,1.34263,1.75,1.00
2016.08.15 16:02:33.016,1.34245,1.34263,1.12,1.00
2016.08.15 16:02:33.123,1.34245,1.34263,1.12,1.00
2016.08.15 16:02:34.075,1.34244,1.3426,1.50,1.00
2016.08.15 16:02:34.126,1.34244,1.3426,1.12,1.00
2016.08.15 16:02:34.177,1.34242,1.34258,1.75,1.00
2016.08.15 16:02:34.227,1.34242,1.34258,1.12,1.00
2016.08.15 16:02:34.329,1.34242,1.34258,1.10,1.00
2016.08.15 16:02:34.430,1.34242,1.34258,1.10,1.00
2016.08.15 16:02:34.481,1.3424,1.34256,1.50,1.00
2016.08.15 16:02:34.736,1.34239,1.34256,2.25,1.00
2016.08.15 16:02:34.787,1.34239,1.34256,1.87,1.00
2016.08.15 16:02:35.253,1.34239,1.34256,1.87,1.00
2016.08.15 16:02:35.457,1.34239,1.34253,1.12,1.00
2016.08.15 16:02:35.507,1.34238,1.34253,1.50,1.00
2016.08.15 16:02:35.558,1.34238,1.34253,1.10,1.00
2016.08.15 16:02:37.829,1.34237,1.34253,1.12,1.00
2016.08.15 16:02:37.881,1.34238,1.34253,1.10,1.00
2016.08.15 16:02:39.429,1.34239,1.34253,1.00,1.00
2016.08.15 16:02:39.480,1.34247,1.34261,1.00,1.10
2016.08.15 16:02:39.531,1.34247,1.34265,1.00,1.75
2016.08.15 16:02:39.582,1.34246,1.34263,1.50,1.50
2016.08.15 16:02:39.632,1.34246,1.34263,1.57,1.00
2016.08.15 16:02:39.683,1.34245,1.34263,1.87,1.00
2016.08.15 16:02:39.734,1.34249,1.34263,1.10,1.00
2016.08.15 16:02:39.785,1.34249,1.3426,1.10,1.00
2016.08.15 16:02:39.836,1.34244,1.3426,2.25,1.00
2016.08.15 16:02:39.888,1.34244,1.3426,2.25,1.00
2016.08.15 16:02:40.161,1.3425,1.3426,1.00,1.00
2016.08.15 16:02:40.262,1.3425,1.3426,1.50,1.00
2016.08.15 16:02:40.415,1.34251,1.3426,1.00,1.00
2016.08.15 16:02:41.249,1.34251,1.34262,1.00,1.00
2016.08.15 16:02:42.782,1.34251,1.34266,1.00,1.00
2016.08.15 16:02:42.833,1.3425,1.34266,1.57,1.00
2016.08.15 16:02:42.884,1.34252,1.34269,1.00,1.00
2016.08.15 16:02:42.934,1.34252,1.34269,1.50,1.00
2016.08.15 16:02:43.376,1.34252,1.34269,1.00,1.00
2016.08.15 16:02:43.598,1.34251,1.34268,1.10,1.00
2016.08.15 16:02:43.649,1.34249,1.34268,2.25,1.00
2016.08.15 16:02:43.700,1.34249,1.34265,1.50,1.00
2016.08.15 16:02:43.751,1.34247,1.34265,1.75,1.00
2016.08.15 16:02:43.801,1.34244,1.34263,2.25,1.00
2016.08.15 16:02:43.903,1.34243,1.3426,2.62,1.00
2016.08.15 16:02:44.004,1.34243,1.3426,1.75,1.00
2016.08.15 16:02:44.055,1.34241,1.34258,2.62,1.00
2016.08.15 16:02:44.105,1.34242,1.34258,1.10,1.00
2016.08.15 16:02:44.207,1.34241,1.34258,1.87,1.00
2016.08.15 16:02:44.768,1.34241,1.34258,1.57,1.00
2016.08.15 16:02:46.593,1.34241,1.34256,1.10,1.00
2016.08.15 16:02:46.644,1.34239,1.34256,3.00,1.00
2016.08.15 16:02:47.294,1.34239,1.34256,2.25,1.00
2016.08.15 16:02:47.346,1.34239,1.34256,1.50,1.00
2016.08.15 16:02:47.396,1.34239,1.34256,1.50,1.00
2016.08.15 16:02:47.447,1.34239,1.34256,1.10,1.00
2016.08.15 16:02:48.472,1.34237,1.34254,2.25,1.00
2016.08.15 16:02:48.522,1.3424,1.34254,1.00,1.00
2016.08.15 16:02:48.573,1.34246,1.34263,1.00,1.00
2016.08.15 16:02:48.624,1.3425,1.34263,1.00,1.00
2016.08.15 16:02:48.675,1.3425,1.34264,1.00,1.10
2016.08.15 16:02:48.726,1.34248,1.34264,1.57,1.00
2016.08.15 16:02:48.777,1.3425,1.34264,1.00,1.00
2016.08.15 16:02:48.828,1.34253,1.34264,1.00,1.00
2016.08.15 16:02:48.879,1.34253,1.34266,1.00,1.00
2016.08.15 16:02:49.033,1.34251,1.34266,1.50,1.00
2016.08.15 16:02:49.084,1.34251,1.3427,1.12,1.00
2016.08.15 16:02:49.135,1.34251,1.3427,1.87,1.00
2016.08.15 16:02:49.186,1.34251,1.3427,2.62,1.00
2016.08.15 16:02:49.236,1.34253,1.3427,1.00,1.00
2016.08.15 16:02:49.586,1.34253,1.3427,1.10,1.00
2016.08.15 16:02:49.637,1.34252,1.3427,1.12,1.00
2016.08.15 16:02:49.840,1.34253,1.3427,1.10,1.00
2016.08.15 16:02:50.399,1.34254,1.3427,1.00,1.00
2016.08.15 16:02:51.935,1.34254,1.3427,1.10,1.00
2016.08.15 16:02:52.037,1.34252,1.3427,1.50,1.00
2016.08.15 16:02:52.088,1.34252,1.34266,1.50,1.00
2016.08.15 16:02:52.185,1.3425,1.34266,1.75,1.00
2016.08.15 16:02:52.236,1.3425,1.34266,1.75,1.00
2016.08.15 16:02:52.286,1.3425,1.34266,1.75,1.00
2016.08.15 16:02:52.601,1.3425,1.34266,1.12,1.00
2016.08.15 16:02:54.691,1.34246,1.34264,2.25,1.00
2016.08.15 16:02:54.742,1.34246,1.34264,1.75,1.00
2016.08.15 16:02:54.793,1.34244,1.34262,2.62,1.00
2016.08.15 16:02:54.843,1.34244,1.34262,2.25,1.00
2016.08.15 16:02:54.894,1.34244,1.34262,1.87,1.00
2016.08.15 16:02:54.945,1.34244,1.34262,1.12,1.00
2016.08.15 16:02:54.996,1.34241,1.34258,3.37,1.00
2016.08.15 16:02:55.047,1.34241,1.34258,3.00,1.00
2016.08.15 16:02:55.149,1.34241,1.34258,2.25,1.00
2016.08.15 16:02:55.250,1.34241,1.34258,1.10,1.00
2016.08.15 16:02:55.301,1.3424,1.34256,1.12,1.00
2016.08.15 16:02:55.352,1.3424,1.34256,1.87,1.00
2016.08.15 16:02:55.661,1.3424,1.34256,1.12,1.00
2016.08.15 16:02:55.713,1.34239,1.34256,2.25,1.00
2016.08.15 16:02:55.918,1.34239,1.34256,1.57,1.00
2016.08.15 16:02:56.280,1.34239,1.34255,1.10,1.00
2016.08.15 16:02:57.769,1.34239,1.34255,1.10,1.00
2016.08.15 16:02:57.820,1.34236,1.34252,1.12,1.00
2016.08.15 16:02:57.871,1.34233,1.34252,2.62,1.00
2016.08.15 16:02:57.922,1.34233,1.34247,1.12,1.00
2016.08.15 16:02:57.972,1.34232,1.34247,1.10,1.00
2016.08.15 16:02:58.074,1.3423,1.34247,2.25,1.00
2016.08.15 16:02:58.374,1.34231,1.34245,1.10,1.00
2016.08.15 16:02:58.430,1.34238,1.34252,1.00,1.12
2016.08.15 16:02:58.531,1.34241,1.34254,1.12,1.00
2016.08.15 16:02:58.582,1.34233,1.34256,3.37,1.50
2016.08.15 16:02:58.633,1.34233,1.34255,1.87,1.00
2016.08.15 16:02:58.684,1.34231,1.34255,1.87,1.00
2016.08.15 16:02:58.734,1.34231,1.34255,1.37,1.00
2016.08.15 16:02:58.785,1.3423,1.34255,1.87,1.00
2016.08.15 16:02:58.836,1.3423,1.34255,1.87,1.00
2016.08.15 16:02:58.887,1.3423,1.34255,1.75,1.00
2016.08.15 16:02:58.938,1.34229,1.34255,1.87,1.00
2016.08.15 16:02:59.231,1.34229,1.34254,1.75,1.00
2016.08.15 16:02:59.282,1.34228,1.34254,2.25,1.00
2016.08.15 16:02:59.390,1.34228,1.34252,2.25,1.12
2016.08.15 16:02:59.440,1.34228,1.34252,2.25,1.12
2016.08.15 16:02:59.762,1.34228,1.3425,2.25,1.00
2016.08.15 16:03:00.604,1.34228,1.34248,2.25,1.00
2016.08.15 16:03:00.656,1.34228,1.34248,2.25,1.00
2016.08.15 16:03:00.758,1.34229,1.34248,1.12,1.00
2016.08.15 16:03:00.810,1.34229,1.34253,1.12,1.37
2016.08.15 16:03:00.862,1.34228,1.34251,1.57,1.00
2016.08.15 16:03:01.015,1.34228,1.34243,1.10,1.00
2016.08.15 16:03:01.066,1.34228,1.34243,1.12,1.00
2016.08.15 16:03:02.286,1.34226,1.34243,3.00,1.00
2016.08.15 16:03:02.849,1.34228,1.34243,1.12,1.00
2016.08.15 16:03:02.950,1.34226,1.34243,2.25,1.00
2016.08.15 16:03:03.191,1.34226,1.34243,1.50,1.00
2016.08.15 16:03:06.256,1.34226,1.34243,1.50,1.00
2016.08.15 16:03:06.460,1.34226,1.34243,2.25,1.00
2016.08.15 16:03:06.612,1.34226,1.34243,2.25,1.00
2016.08.15 16:03:07.023,1.34226,1.34243,2.25,1.00
2016.08.15 16:03:07.661,1.34226,1.34243,2.25,1.00
2016.08.15 16:03:07.712,1.34226,1.34243,1.50,1.00
2016.08.15 16:03:09.726,1.34226,1.34243,2.25,1.00
2016.08.15 16:03:10.469,1.34226,1.34243,1.50,1.00
2016.08.15 16:03:10.570,1.34227,1.34243,1.12,1.00
2016.08.15 16:03:12.543,1.34225,1.34243,1.75,1.00
2016.08.15 16:03:12.594,1.34225,1.34243,1.75,1.00
2016.08.15 16:03:13.430,1.34224,1.34243,3.00,1.00
2016.08.15 16:03:13.531,1.34226,1.34243,1.50,1.00
2016.08.15 16:03:14.100,1.34226,1.34241,1.50,1.00
2016.08.15 16:03:14.462,1.34233,1.3425,1.12,1.00
2016.08.15 16:03:14.513,1.3423,1.34248,2.25,1.00
2016.08.15 16:03:14.564,1.3423,1.34248,2.25,1.00
2016.08.15 16:03:15.912,1.3423,1.34248,2.25,1.00
2016.08.15 16:03:16.142,1.3423,1.34245,1.75,1.00
2016.08.15 16:03:16.243,1.3423,1.34245,1.50,1.00
2016.08.15 16:03:19.009,1.34229,1.34245,2.62,1.00
2016.08.15 16:03:19.990,1.34229,1.34245,2.25,1.00
2016.08.15 16:03:20.041,1.34229,1.34245,2.25,1.00
2016.08.15 16:03:20.092,1.34243,1.34247,1.00,1.00
2016.08.15 16:03:20.143,1.34243,1.34257,1.00,1.10
2016.08.15 16:03:20.194,1.34244,1.34261,1.10,1.00
2016.08.15 16:03:20.245,1.34244,1.34256,1.10,1.00
2016.08.15 16:03:20.296,1.34237,1.34256,3.75,1.00
2016.08.15 16:03:20.346,1.34237,1.34256,1.75,1.00
2016.08.15 16:03:21.008,1.34235,1.34254,2.25,1.00
2016.08.15 16:03:21.059,1.34235,1.34254,1.75,1.00
2016.08.15 16:03:21.313,1.34235,1.34254,1.50,1.00
2016.08.15 16:03:23.262,1.34233,1.34252,1.75,1.00
2016.08.15 16:03:23.417,1.34232,1.34249,1.50,1.00
2016.08.15 16:03:24.804,1.34232,1.34249,1.12,1.00
2016.08.15 16:03:25.348,1.3423,1.34248,1.75,1.00
2016.08.15 16:03:25.972,1.3423,1.34248,2.25,1.00
2016.08.15 16:03:26.416,1.34231,1.34248,1.50,1.00
2016.08.15 16:03:27.266,1.3423,1.34248,2.25,1.00
2016.08.15 16:03:30.172,1.34231,1.34248,1.50,1.00
2016.08.15 16:03:30.274,1.34232,1.34248,1.12,1.00
2016.08.15 16:03:31.885,1.34231,1.34248,1.50,1.00
2016.08.15 16:03:31.986,1.34232,1.34248,1.12,1.00
2016.08.15 16:03:35.706,1.34233,1.34248,1.10,1.00
2016.08.15 16:03:35.807,1.34234,1.34248,1.00,1.00
2016.08.15 16:03:36.557,1.34234,1.34249,1.00,1.00
2016.08.15 16:03:39.807,1.34234,1.34249,1.00,1.00
2016.08.15 16:03:40.010,1.34234,1.34249,1.00,1.00
2016.08.15 16:03:40.163,1.34236,1.34252,1.00,1.00
2016.08.15 16:03:40.440,1.34236,1.34252,1.10,1.00
2016.08.15 16:03:40.491,1.34236,1.34252,1.10,1.00
2016.08.15 16:03:41.528,1.34237,1.34252,1.00,1.00
2016.08.15 16:03:41.579,1.34237,1.34252,1.00,1.00
2016.08.15 16:03:41.630,1.34236,1.34252,1.10,1.00
2016.08.15 16:03:42.215,1.34236,1.34252,1.10,1.00
2016.08.15 16:03:42.288,1.34236,1.34252,1.10,1.00
2016.08.15 16:03:43.839,1.34236,1.34251,1.10,1.00
2016.08.15 16:03:46.143,1.34238,1.34251,1.00,1.00
2016.08.15 16:03:54.504,1.34237,1.34251,1.00,1.00
2016.08.15 16:03:55.258,1.34234,1.34249,1.37,1.00
2016.08.15 16:03:55.308,1.34232,1.34249,1.75,1.00
2016.08.15 16:03:55.359,1.34229,1.34245,2.62,1.00
2016.08.15 16:03:55.410,1.34227,1.34245,1.50,1.00
2016.08.15 16:03:55.461,1.34226,1.34242,1.75,1.00
2016.08.15 16:03:55.512,1.34226,1.34242,1.12,1.00
2016.08.15 16:03:55.709,1.34226,1.34242,1.00,1.00
2016.08.15 16:03:56.051,1.34224,1.3424,1.87,1.00
2016.08.15 16:03:56.101,1.34224,1.3424,1.57,1.00
2016.08.15 16:03:56.460,1.34224,1.34239,1.10,1.00
2016.08.15 16:04:05.489,1.34223,1.34239,1.12,1.00
2016.08.15 16:04:09.852,1.34222,1.34239,1.50,1.00
2016.08.15 16:04:09.953,1.34222,1.34239,1.50,1.00
2016.08.15 16:04:10.004,1.34221,1.34238,1.87,1.00
2016.08.15 16:04:10.055,1.34221,1.34238,1.20,1.00
2016.08.15 16:04:10.156,1.34221,1.34238,1.57,1.00
2016.08.15 16:04:11.105,1.34221,1.34238,1.20,1.00
2016.08.15 16:04:15.065,1.34221,1.34238,1.10,1.00
2016.08.15 16:04:19.445,1.34221,1.34238,1.20,1.00
2016.08.15 16:04:26.864,1.34221,1.34238,1.10,1.00
2016.08.15 16:04:27.327,1.34221,1.34238,1.57,1.00
2016.08.15 16:04:29.098,1.34221,1.34238,1.10,1.00
2016.08.15 16:04:29.546,1.34221,1.34238,1.20,1.00
2016.08.15 16:04:32.112,1.34223,1.34238,1.00,1.00
2016.08.15 16:04:37.241,1.34222,1.34238,1.00,1.00
2016.08.15 16:04:37.700,1.34223,1.34238,1.00,1.00
2016.08.15 16:04:40.743,1.34223,1.34238,1.00,1.00
2016.08.15 16:04:41.414,1.34221,1.34238,1.10,1.00
2016.08.15 16:04:42.321,1.34223,1.34238,1.00,1.00
2016.08.15 16:04:43.395,1.34223,1.34238,1.10,1.00
2016.08.15 16:04:44.070,1.34223,1.34239,1.10,1.00
2016.08.15 16:04:47.422,1.34222,1.34239,1.12,1.00
2016.08.15 16:04:54.893,1.34222,1.34239,1.12,1.00
2016.08.15 16:04:56.335,1.34223,1.34239,1.10,1.00
2016.08.15 16:05:00.184,1.34221,1.34239,2.25,1.00
2016.08.15 16:05:02.402,1.34221,1.34239,2.25,1.00
2016.08.15 16:05:03.890,1.34225,1.34239,1.00,1.00
2016.08.15 16:05:03.962,1.34225,1.34244,1.00,1.00
2016.08.15 16:05:04.013,1.34225,1.34244,1.00,1.00
2016.08.15 16:05:04.064,1.34226,1.34247,1.00,1.12
2016.08.15 16:05:04.115,1.34226,1.34247,1.00,1.12
2016.08.15 16:05:04.165,1.34227,1.34247,1.00,1.00
2016.08.15 16:05:04.555,1.34226,1.34247,1.00,1.00
2016.08.15 16:05:04.829,1.34226,1.34249,1.50,1.00
2016.08.15 16:05:10.190,1.34226,1.34249,1.00,1.00
2016.08.15 16:05:11.594,1.34226,1.34247,1.00,1.00
2016.08.15 16:05:17.467,1.34226,1.34247,1.50,1.00
2016.08.15 16:05:18.080,1.34226,1.34247,1.00,1.00
2016.08.15 16:05:32.320,1.34225,1.34251,1.10,1.87
2016.08.15 16:05:32.370,1.34234,1.34251,1.00,1.00
2016.08.15 16:05:32.421,1.34238,1.34253,1.00,1.12
2016.08.15 16:05:32.495,1.34241,1.34254,1.00,1.00
2016.08.15 16:05:32.597,1.34239,1.34254,1.50,1.00
2016.08.15 16:05:33.079,1.34243,1.34254,1.00,1.00
2016.08.15 16:05:33.130,1.34243,1.34264,1.50,1.00
2016.08.15 16:05:39.964,1.34244,1.34264,1.00,1.00
2016.08.15 16:05:46.813,1.34245,1.34267,1.50,1.00
2016.08.15 16:05:48.252,1.34245,1.34267,1.00,1.00
2016.08.15 16:05:48.303,1.34246,1.34267,1.00,1.00
2016.08.15 16:05:48.368,1.34246,1.34266,1.00,1.00
2016.08.15 16:05:48.419,1.34244,1.34264,1.10,1.00
2016.08.15 16:05:48.470,1.34243,1.34264,1.57,1.00
2016.08.15 16:05:48.520,1.34243,1.34264,1.10,1.00
2016.08.15 16:05:48.571,1.34243,1.34264,1.00,1.00
2016.08.15 16:05:48.622,1.34242,1.34264,1.57,1.00
2016.08.15 16:05:48.883,1.34242,1.34264,1.50,1.00
2016.08.15 16:05:48.934,1.34242,1.34262,1.50,1.00
2016.08.15 16:05:48.984,1.34242,1.34262,1.00,1.50
2016.08.15 16:05:51.324,1.34242,1.34262,1.00,1.00
2016.08.15 16:05:52.291,1.34241,1.34262,1.00,1.00
2016.08.15 16:05:52.342,1.34241,1.34261,1.00,1.00
2016.08.15 16:05:52.393,1.34241,1.34261,1.00,1.00
2016.08.15 16:05:52.494,1.34237,1.34259,1.00,1.50
2016.08.15 16:05:52.551,1.34236,1.34258,1.00,1.87
2016.08.15 16:05:52.602,1.34232,1.34254,1.50,1.00
2016.08.15 16:05:52.653,1.34231,1.34254,1.12,1.00
2016.08.15 16:05:52.754,1.34231,1.34254,1.12,1.00
2016.08.15 16:05:53.589,1.34231,1.34254,1.12,1.00
2016.08.15 16:05:53.943,1.34231,1.34254,1.87,1.00
2016.08.15 16:05:56.380,1.34241,1.34254,1.00,1.00
2016.08.15 16:05:56.430,1.34245,1.34261,1.00,1.00
2016.08.15 16:05:56.633,1.34245,1.34266,1.00,1.50
2016.08.15 16:05:57.706,1.34245,1.34266,1.00,1.50
2016.08.15 16:06:01.657,1.34245,1.34266,1.00,1.00
2016.08.15 16:06:01.708,1.34245,1.34266,1.50,1.00
2016.08.15 16:06:03.552,1.34245,1.34266,1.50,1.00
2016.08.15 16:06:03.793,1.34245,1.34266,1.12,1.00
2016.08.15 16:06:08.736,1.34245,1.34266,1.87,1.00
2016.08.15 16:06:11.260,1.34245,1.34266,1.12,1.00
2016.08.15 16:06:11.325,1.34245,1.34266,1.75,1.00
2016.08.15 16:06:11.429,1.3424,1.34261,2.25,1.00
2016.08.15 16:06:11.480,1.3424,1.34261,1.50,1.00
2016.08.15 16:06:11.722,1.3424,1.34261,1.00,1.00
2016.08.15 16:06:11.773,1.3424,1.34261,1.00,1.50
2016.08.15 16:06:12.529,1.3424,1.34261,1.00,1.50
2016.08.15 16:06:12.583,1.3424,1.34261,1.00,1.00
2016.08.15 16:06:12.634,1.34238,1.34259,1.00,1.00
2016.08.15 16:06:32.016,1.34241,1.34259,1.00,1.00
2016.08.15 16:06:32.067,1.34245,1.34262,1.00,1.10
2016.08.15 16:06:32.118,1.34246,1.34263,1.00,1.00
2016.08.15 16:06:32.169,1.34247,1.34267,1.00,1.00
2016.08.15 16:06:32.219,1.34251,1.34267,1.00,1.00
2016.08.15 16:06:32.321,1.34252,1.34267,1.10,1.00
2016.08.15 16:06:32.371,1.34255,1.34276,1.00,1.00
2016.08.15 16:06:32.473,1.34255,1.34276,1.00,1.00
2016.08.15 16:06:33.194,1.34255,1.34276,1.00,1.00
2016.08.15 16:06:33.245,1.34255,1.34276,1.00,1.00
2016.08.15 16:06:33.346,1.34255,1.34276,1.10,1.00
2016.08.15 16:06:35.754,1.34255,1.34276,1.10,1.50
2016.08.15 16:06:40.725,1.34259,1.34276,1.00,1.50
2016.08.15 16:06:40.776,1.34259,1.34276,1.50,1.00
2016.08.15 16:06:40.827,1.34263,1.34282,1.10,1.50
2016.08.15 16:06:40.877,1.34268,1.34283,1.00,1.00
2016.08.15 16:06:40.928,1.34268,1.34283,1.50,1.00
2016.08.15 16:06:40.979,1.34265,1.34285,3.37,1.00
2016.08.15 16:06:41.030,1.34265,1.34283,1.87,1.00
2016.08.15 16:06:41.080,1.34261,1.34282,1.75,1.00
2016.08.15 16:06:41.131,1.34261,1.34282,1.10,1.00
2016.08.15 16:06:41.771,1.34258,1.34281,1.75,1.00
2016.08.15 16:06:45.444,1.34259,1.34281,1.50,1.00
2016.08.15 16:06:45.647,1.34258,1.34281,2.25,1.00
2016.08.15 16:06:45.974,1.3426,1.34283,1.87,1.00
2016.08.15 16:06:46.968,1.3426,1.34283,2.25,1.00
2016.08.15 16:06:47.019,1.34263,1.34286,2.25,1.00
2016.08.15 16:06:47.070,1.34263,1.34286,2.62,1.00
2016.08.15 16:06:51.783,1.34263,1.34286,2.62,1.00
2016.08.15 16:06:52.332,1.34269,1.34286,1.00,1.00
2016.08.15 16:06:52.382,1.34269,1.34286,1.00,1.00
2016.08.15 16:06:52.433,1.34272,1.34291,1.00,1.87
2016.08.15 16:06:52.484,1.34274,1.34293,1.00,1.00
2016.08.15 16:06:52.535,1.34276,1.34298,1.50,1.75
2016.08.15 16:06:52.586,1.34277,1.34298,1.12,1.39
2016.08.15 16:06:52.654,1.3428,1.34298,1.00,1.39
2016.08.15 16:06:52.705,1.34281,1.34304,1.00,1.50
2016.08.15 16:06:52.985,1.34283,1.34306,1.50,2.25
2016.08.15 16:06:53.036,1.34282,1.34303,1.12,1.50
2016.08.15 16:06:53.137,1.34282,1.34303,1.00,1.50
2016.08.15 16:06:53.755,1.34282,1.34303,1.00,1.00
2016.08.15 16:06:54.487,1.34282,1.34302,1.00,1.00
2016.08.15 16:06:55.531,1.34282,1.34303,1.00,1.00
2016.08.15 16:06:56.832,1.3428,1.34303,1.12,1.00
2016.08.15 16:06:58.186,1.3428,1.34303,1.12,1.00
2016.08.15 16:06:58.237,1.3428,1.34303,1.12,1.50
2016.08.15 16:06:58.926,1.3428,1.34303,1.12,1.00
2016.08.15 16:07:10.444,1.3428,1.34303,1.12,1.50
2016.08.15 16:07:18.699,1.3428,1.34303,1.12,1.00
2016.08.15 16:07:22.074,1.3428,1.34303,1.12,2.25
2016.08.15 16:07:24.504,1.3428,1.34302,1.12,1.00
2016.08.15 16:07:24.850,1.3428,1.34298,1.12,1.00
2016.08.15 16:07:24.901,1.34278,1.34297,1.75,1.00
2016.08.15 16:07:24.952,1.34278,1.34297,1.50,1.00
2016.08.15 16:07:25.053,1.34278,1.34297,1.00,1.00
2016.08.15 16:07:28.491,1.34275,1.34297,1.50,1.00
2016.08.15 16:07:28.542,1.34275,1.34297,1.12,1.00
2016.08.15 16:07:28.643,1.34275,1.34297,1.12,1.00
2016.08.15 16:07:32.626,1.34275,1.34294,1.12,1.00
2016.08.15 16:07:32.728,1.34274,1.34293,1.50,1.00
2016.08.15 16:07:32.829,1.34269,1.34292,1.12,1.50
2016.08.15 16:07:32.880,1.34269,1.34292,1.12,1.50
2016.08.15 16:07:32.930,1.34269,1.34289,1.12,1.00
2016.08.15 16:07:32.981,1.34269,1.34289,1.00,1.00
2016.08.15 16:07:33.082,1.34269,1.34289,1.00,1.00
2016.08.15 16:07:33.133,1.34269,1.34292,1.00,2.62
2016.08.15 16:07:33.238,1.34269,1.3429,1.00,1.00
2016.08.15 16:07:33.506,1.34269,1.3429,1.00,1.00
2016.08.15 16:07:33.557,1.34267,1.34288,1.12,1.00
2016.08.15 16:07:34.928,1.34267,1.34288,1.12,1.00
2016.08.15 16:07:37.439,1.3427,1.34288,1.00,1.00
2016.08.15 16:07:37.541,1.34278,1.34295,1.00,1.12
2016.08.15 16:07:37.592,1.34278,1.34296,1.10,1.00
2016.08.15 16:07:37.910,1.34271,1.34294,1.00,1.12
2016.08.15 16:07:38.157,1.34266,1.34293,3.00,1.10
2016.08.15 16:07:38.208,1.34266,1.34293,2.62,1.10
2016.08.15 16:07:39.088,1.34266,1.34293,2.62,1.57
2016.08.15 16:07:39.240,1.34268,1.34291,1.10,1.00
2016.08.15 16:07:39.341,1.34268,1.34291,1.00,1.50
2016.08.15 16:07:39.443,1.34268,1.34291,1.00,1.57
2016.08.15 16:07:39.544,1.34268,1.34291,1.00,1.57
2016.08.15 16:07:40.414,1.34268,1.34291,1.00,1.57
2016.08.15 16:07:40.515,1.34266,1.34287,1.10,1.00
2016.08.15 16:07:40.566,1.34266,1.34287,1.50,1.00
2016.08.15 16:07:41.918,1.34267,1.3429,1.12,1.50
2016.08.15 16:07:41.988,1.34267,1.3429,1.12,1.00
2016.08.15 16:07:42.139,1.34267,1.3429,1.12,1.50
2016.08.15 16:07:42.190,1.34267,1.3429,1.12,1.50
2016.08.15 16:07:42.548,1.34267,1.3429,1.12,1.00
2016.08.15 16:07:43.231,1.34267,1.3429,1.12,1.50
2016.08.15 16:07:45.611,1.34267,1.3429,1.12,1.00
2016.08.15 16:07:45.661,1.34275,1.34291,1.00,1.10
2016.08.15 16:07:45.712,1.34277,1.34299,1.00,1.75
2016.08.15 16:07:45.763,1.34277,1.34299,1.00,1.37
2016.08.15 16:07:45.814,1.34281,1.34299,1.00,1.00
2016.08.15 16:07:45.865,1.34281,1.34299,1.00,1.00
2016.08.15 16:07:45.916,1.34281,1.34299,1.10,1.00
2016.08.15 16:07:45.967,1.34281,1.34301,1.10,1.00
2016.08.15 16:07:46.018,1.34279,1.34302,1.50,1.00
2016.08.15 16:07:46.069,1.34279,1.34302,1.10,1.10
2016.08.15 16:07:46.171,1.34279,1.34302,1.00,1.10
2016.08.15 16:07:47.108,1.34279,1.34302,1.50,1.10
2016.08.15 16:07:47.801,1.34279,1.34302,1.00,1.10
2016.08.15 16:07:47.876,1.34279,1.34302,1.10,1.10
2016.08.15 16:07:47.927,1.34279,1.34302,1.57,1.10
2016.08.15 16:07:48.246,1.34279,1.34302,1.10,1.10
2016.08.15 16:07:48.310,1.34279,1.34302,1.57,1.10
2016.08.15 16:07:48.683,1.34279,1.34302,1.10,1.10
2016.08.15 16:07:53.117,1.34279,1.34302,1.57,1.10
2016.08.15 16:07:55.992,1.34279,1.34302,1.57,1.10
2016.08.15 16:07:56.924,1.34279,1.34302,1.10,1.10
2016.08.15 16:07:57.127,1.34279,1.34301,1.10,1.00
2016.08.15 16:07:57.178,1.34279,1.34301,1.00,1.00
2016.08.15 16:07:57.330,1.3428,1.34301,1.00,1.00
2016.08.15 16:07:57.380,1.3428,1.34301,1.00,1.00
2016.08.15 16:08:00.131,1.3428,1.34301,1.00,1.50
2016.08.15 16:08:00.940,1.3428,1.343,1.00,1.00
2016.08.15 16:08:00.991,1.3428,1.343,1.00,1.00
2016.08.15 16:08:03.785,1.3428,1.34301,1.00,1.50
2016.08.15 16:08:03.886,1.3428,1.343,1.00,1.00
2016.08.15 16:08:07.240,1.3428,1.34301,1.00,1.50
2016.08.15 16:08:07.947,1.3428,1.34301,1.00,1.00
2016.08.15 16:08:09.199,1.3428,1.343,1.00,1.00
2016.08.15 16:08:09.745,1.3428,1.34301,1.00,1.00
2016.08.15 16:08:10.528,1.3428,1.343,1.00,1.00
2016.08.15 16:08:10.994,1.3428,1.343,1.00,1.00
2016.08.15 16:08:11.754,1.3428,1.34301,1.00,1.50
2016.08.15 16:08:11.855,1.3428,1.343,1.00,1.00
2016.08.15 16:08:11.956,1.34278,1.34299,1.00,1.00
2016.08.15 16:08:13.810,1.34278,1.34299,1.00,1.00
2016.08.15 16:08:16.867,1.34278,1.34298,1.00,1.00
2016.08.15 16:08:17.768,1.34278,1.343,1.00,1.10
2016.08.15 16:08:18.066,1.34275,1.34297,1.50,1.00
2016.08.15 16:08:18.117,1.34275,1.34297,1.50,1.00
2016.08.15 16:08:18.306,1.34275,1.34298,1.50,1.00
2016.08.15 16:08:19.896,1.34275,1.34298,1.50,1.50
2016.08.15 16:08:21.610,1.34275,1.34297,1.50,1.00
2016.08.15 16:08:22.236,1.34275,1.34297,1.10,1.00
2016.08.15 16:08:22.629,1.34275,1.34297,1.10,1.00
2016.08.15 16:08:23.019,1.34275,1.34298,1.10,2.25
2016.08.15 16:08:30.251,1.34275,1.34298,1.10,1.50
2016.08.15 16:08:31.905,1.34275,1.34297,1.10,1.00
2016.08.15 16:08:37.921,1.34275,1.34298,1.10,1.50
2016.08.15 16:08:38.967,1.34275,1.34297,1.10,1.00
2016.08.15 16:08:42.930,1.34275,1.34298,1.10,1.00
2016.08.15 16:08:43.031,1.34275,1.34298,1.10,1.50
2016.08.15 16:08:43.751,1.34275,1.34298,1.10,1.00
2016.08.15 16:08:43.802,1.34275,1.34298,1.57,1.00
2016.08.15 16:08:49.622,1.34276,1.34298,1.00,1.00
2016.08.15 16:08:50.292,1.34277,1.343,1.00,1.57
2016.08.15 16:08:50.343,1.34277,1.343,1.10,1.57
2016.08.15 16:08:51.031,1.34277,1.343,1.57,1.10
2016.08.15 16:08:51.425,1.34277,1.343,1.57,1.10
2016.08.15 16:08:52.121,1.34278,1.34301,1.00,1.87
2016.08.15 16:08:52.171,1.34278,1.34301,1.10,1.57
2016.08.15 16:08:53.609,1.34278,1.34301,1.10,1.10
2016.08.15 16:08:56.313,1.34278,1.34301,1.10,1.57
2016.08.15 16:09:02.303,1.34278,1.34301,1.10,1.10
2016.08.15 16:09:02.563,1.34278,1.34301,1.10,1.57
2016.08.15 16:09:02.664,1.34278,1.343,1.10,1.00
2016.08.15 16:09:11.435,1.34278,1.34301,1.10,1.57
2016.08.15 16:09:11.542,1.34278,1.343,1.10,1.00
2016.08.15 16:09:11.595,1.34278,1.343,1.10,1.00
2016.08.15 16:09:17.461,1.34278,1.34299,1.10,1.00
2016.08.15 16:09:29.569,1.34278,1.343,1.10,1.00
2016.08.15 16:09:32.191,1.34278,1.343,1.10,1.00
2016.08.15 16:09:36.091,1.34278,1.34299,1.10,1.00
2016.08.15 16:09:36.431,1.34278,1.34301,1.10,2.32
2016.08.15 16:09:37.762,1.34276,1.34299,1.50,1.00
2016.08.15 16:09:39.535,1.34276,1.34299,1.50,1.50
2016.08.15 16:09:39.586,1.34276,1.34299,1.10,1.50
2016.08.15 16:09:41.488,1.34276,1.34299,1.10,1.00
2016.08.15 16:09:41.616,1.34276,1.34299,1.10,1.50
2016.08.15 16:09:45.744,1.34276,1.34299,1.10,1.00
2016.08.15 16:09:45.795,1.34276,1.34299,1.10,1.50
2016.08.15 16:09:49.128,1.34276,1.34299,1.10,2.25
2016.08.15 16:09:49.395,1.34276,1.34299,1.10,1.50
2016.08.15 16:09:50.494,1.34276,1.34299,1.10,2.25
2016.08.15 16:09:59.918,1.34277,1.34299,1.00,1.50
2016.08.15 16:09:59.969,1.34277,1.34299,1.50,1.00
2016.08.15 16:10:00.020,1.34281,1.34304,1.00,2.25
2016.08.15 16:10:00.123,1.34284,1.34305,1.00,1.50
2016.08.15 16:10:00.225,1.34285,1.34305,1.00,1.50
2016.08.15 16:10:00.275,1.34285,1.34305,1.00,1.00
2016.08.15 16:10:00.326,1.34284,1.34305,1.50,1.00
2016.08.15 16:10:00.377,1.34284,1.34305,1.50,1.00
2016.08.15 16:10:04.206,1.34284,1.34305,1.00,1.00
2016.08.15 16:10:05.859,1.34285,1.34305,1.00,1.00
2016.08.15 16:10:11.286,1.34285,1.34305,1.00,1.00
2016.08.15 16:10:11.676,1.34287,1.34307,1.00,1.00
2016.08.15 16:10:12.147,1.34285,1.34307,1.57,1.00
2016.08.15 16:10:13.257,1.34286,1.34307,1.00,1.00
2016.08.15 16:10:13.411,1.34286,1.34308,1.00,1.00
2016.08.15 16:10:13.462,1.34288,1.34309,1.50,1.00
2016.08.15 16:10:13.614,1.34288,1.34309,1.50,1.00
2016.08.15 16:10:13.972,1.3429,1.34312,1.00,1.12
2016.08.15 16:10:14.023,1.3429,1.34312,1.00,1.10
2016.08.15 16:10:14.373,1.34289,1.34312,1.00,1.57
2016.08.15 16:10:14.992,1.34289,1.34312,1.00,1.57
2016.08.15 16:10:15.093,1.34289,1.34309,1.00,1.00
2016.08.15 16:10:15.194,1.34288,1.34307,1.00,1.00
2016.08.15 16:10:15.296,1.34288,1.34308,1.00,1.00
2016.08.15 16:10:15.477,1.34286,1.34307,1.00,1.50
2016.08.15 16:10:15.578,1.34283,1.34306,1.12,1.00
2016.08.15 16:10:17.225,1.34283,1.34306,1.12,1.50
2016.08.15 16:10:18.921,1.3429,1.34306,1.00,1.50
2016.08.15 16:10:18.971,1.34293,1.34311,1.00,1.50
2016.08.15 16:10:19.022,1.34294,1.34312,1.00,1.75
2016.08.15 16:10:19.073,1.34299,1.34312,1.50,1.00
2016.08.15 16:10:19.124,1.34299,1.34317,1.87,1.00
2016.08.15 16:10:19.175,1.3431,1.34318,1.00,1.00
2016.08.15 16:10:19.226,1.3431,1.34331,1.00,3.37
2016.08.15 16:10:19.276,1.34315,1.34336,1.00,1.50
2016.08.15 16:10:19.378,1.34315,1.34336,1.00,1.00
2016.08.15 16:10:19.630,1.34315,1.34334,1.00,1.00
2016.08.15 16:10:19.962,1.34315,1.34334,1.00,1.00
2016.08.15 16:10:20.013,1.34312,1.34333,1.10,1.00
2016.08.15 16:10:21.185,1.34312,1.34333,1.10,1.50
2016.08.15 16:10:21.287,1.34312,1.34332,1.10,1.00
2016.08.15 16:10:22.487,1.34312,1.34333,1.10,1.00
2016.08.15 16:10:24.003,1.34312,1.34333,1.10,1.50
2016.08.15 16:10:25.274,1.34312,1.34333,1.10,1.00
2016.08.15 16:10:25.529,1.34312,1.34333,1.10,1.00
2016.08.15 16:10:25.580,1.34312,1.34333,1.10,1.50
2016.08.15 16:10:25.630,1.3431,1.34331,1.50,1.00
2016.08.15 16:10:25.681,1.3431,1.34331,1.12,1.00
2016.08.15 16:10:34.095,1.3431,1.34331,1.12,1.00
2016.08.15 16:10:34.247,1.3431,1.34331,1.00,1.00
2016.08.15 16:10:59.378,1.3431,1.34331,1.00,1.00
2016.08.15 16:11:26.050,1.34306,1.34332,1.87,1.10
2016.08.15 16:11:26.101,1.3431,1.34331,1.00,1.00
2016.08.15 16:11:29.398,1.3431,1.34331,1.00,1.00
2016.08.15 16:11:38.581,1.3431,1.34331,1.00,1.00
2016.08.15 16:11:59.924,1.3431,1.34331,1.00,1.00
2016.08.15 16:11:59.975,1.3431,1.34331,1.00,1.50
2016.08.15 16:12:00.076,1.3431,1.3433,1.00,1.00
2016.08.15 16:12:00.178,1.3431,1.3433,1.00,1.00
2016.08.15 16:12:05.125,1.3431,1.3433,1.00,1.00
2016.08.15 16:12:11.021,1.3431,1.3433,1.00,1.50
2016.08.15 16:12:12.464,1.34308,1.34329,1.00,1.00
2016.08.15 16:12:25.781,1.34308,1.34329,1.00,1.50
2016.08.15 16:12:27.879,1.34308,1.34328,1.00,1.00
2016.08.15 16:12:28.959,1.34308,1.34326,1.00,1.00
2016.08.15 16:12:29.619,1.34308,1.34324,1.00,1.00
2016.08.15 16:12:40.672,1.34308,1.34324,1.00,1.00
2016.08.15 16:12:42.551,1.34305,1.34324,1.12,1.00
2016.08.15 16:12:44.496,1.34305,1.34324,1.10,1.00
2016.08.15 16:12:47.777,1.34305,1.34324,1.00,1.00
2016.08.15 16:12:57.630,1.34304,1.34324,1.57,1.00
2016.08.15 16:12:57.827,1.34304,1.34324,1.10,1.00
2016.08.15 16:12:57.980,1.34301,1.34324,1.75,1.50
2016.08.15 16:12:58.030,1.34301,1.34322,1.75,1.00
2016.08.15 16:12:58.132,1.343,1.34321,1.12,1.00
2016.08.15 16:12:58.212,1.343,1.34321,1.12,1.00
2016.08.15 16:12:58.263,1.34297,1.3432,1.87,1.00
2016.08.15 16:12:58.314,1.34297,1.34318,1.12,1.50
2016.08.15 16:12:58.385,1.34296,1.34317,1.10,1.50
2016.08.15 16:12:58.487,1.34296,1.34317,1.00,1.50
2016.08.15 16:12:58.588,1.34296,1.34317,1.00,1.50
2016.08.15 16:12:59.511,1.34296,1.34317,1.00,1.00
2016.08.15 16:12:59.961,1.34295,1.34317,1.00,1.00
2016.08.15 16:13:00.645,1.34295,1.34316,1.00,1.00
2016.08.15 16:13:00.696,1.34293,1.34316,1.87,1.00
2016.08.15 16:13:09.327,1.34293,1.34316,1.87,1.50
2016.08.15 16:13:15.553,1.34294,1.34316,1.10,1.00
2016.08.15 16:13:15.654,1.34293,1.34316,1.87,1.00
2016.08.15 16:13:18.563,1.34292,1.34313,1.50,1.00
2016.08.15 16:13:18.614,1.34292,1.34313,1.50,1.00
2016.08.15 16:13:18.665,1.34288,1.3431,2.25,1.00
2016.08.15 16:13:18.715,1.34288,1.3431,1.57,1.00
2016.08.15 16:13:18.766,1.34288,1.34311,1.57,1.50
2016.08.15 16:13:18.817,1.34288,1.34311,1.57,1.57
2016.08.15 16:13:20.269,1.34289,1.3431,1.00,1.50
2016.08.15 16:13:20.371,1.34289,1.3431,1.50,1.10
2016.08.15 16:13:20.737,1.34289,1.3431,1.00,1.10
2016.08.15 16:13:22.778,1.34289,1.3431,1.50,1.10
2016.08.15 16:13:27.568,1.34289,1.34309,1.00,1.00
2016.08.15 16:13:28.584,1.34288,1.34309,1.50,1.00
2016.08.15 16:13:29.795,1.34289,1.34309,1.00,1.00
2016.08.15 16:13:30.698,1.34287,1.3431,1.10,1.10
2016.08.15 16:13:30.800,1.34287,1.3431,1.00,1.50
2016.08.15 16:13:31.064,1.34287,1.3431,1.50,2.25
2016.08.15 16:13:32.000,1.34287,1.34309,1.00,1.12
2016.08.15 16:13:39.194,1.34291,1.3431,1.00,1.00
2016.08.15 16:13:42.590,1.34291,1.34311,1.00,1.10
2016.08.15 16:13:51.229,1.34291,1.34311,1.00,1.10
2016.08.15 16:13:51.280,1.34294,1.34311,1.00,1.10
2016.08.15 16:13:51.382,1.34294,1.34311,1.00,1.00
2016.08.15 16:13:52.913,1.34293,1.34311,1.00,1.00
2016.08.15 16:13:57.003,1.34292,1.34311,1.00,1.00
2016.08.15 16:13:58.143,1.34293,1.34311,1.00,1.00
2016.08.15 16:14:00.013,1.34293,1.34312,1.00,1.00
2016.08.15 16:14:01.944,1.34292,1.34312,1.00,1.00
2016.08.15 16:14:03.015,1.34291,1.34312,1.50,1.00
2016.08.15 16:14:06.846,1.34292,1.34312,1.00,1.00
2016.08.15 16:14:10.807,1.34293,1.34312,1.00,1.00
2016.08.15 16:14:19.411,1.34294,1.34312,1.00,1.00
2016.08.15 16:14:19.833,1.34296,1.34312,1.00,1.00
2016.08.15 16:14:25.456,1.34295,1.34312,1.00,1.00
2016.08.15 16:14:27.045,1.34293,1.34312,1.00,1.00
2016.08.15 16:14:37.860,1.34294,1.34312,1.00,1.00
2016.08.15 16:14:47.074,1.34295,1.34312,1.00,1.00
2016.08.15 16:14:47.588,1.34295,1.34312,1.00,1.00
2016.08.15 16:14:47.690,1.34292,1.34312,1.10,1.00
2016.08.15 16:14:47.791,1.34291,1.34312,1.12,1.00
2016.08.15 16:14:47.842,1.34291,1.34312,1.10,1.00
2016.08.15 16:14:48.602,1.34292,1.34312,1.00,1.00
2016.08.15 16:14:48.873,1.34291,1.34312,1.57,1.00
2016.08.15 16:14:57.913,1.34291,1.34314,1.57,1.10
2016.08.15 16:14:59.481,1.34289,1.3431,1.00,1.00
2016.08.15 16:14:59.582,1.34289,1.3431,1.00,1.50
2016.08.15 16:15:00.369,1.34289,1.3431,1.00,1.50
2016.08.15 16:15:00.420,1.34287,1.34307,1.00,1.00
2016.08.15 16:15:00.470,1.34287,1.34307,1.00,1.00
2016.08.15 16:15:00.622,1.34284,1.34307,1.50,1.00
2016.08.15 16:15:01.696,1.34285,1.34307,1.00,1.00
2016.08.15 16:15:02.218,1.34286,1.34307,1.00,1.00
2016.08.15 16:15:11.307,1.34287,1.34307,1.00,1.00
2016.08.15 16:15:11.408,1.34285,1.34307,1.00,1.00
2016.08.15 16:15:12.763,1.34286,1.34307,1.00,1.00
2016.08.15 16:15:17.483,1.34292,1.3431,1.00,1.12
2016.08.15 16:15:17.534,1.34292,1.3431,1.00,1.10
2016.08.15 16:15:21.196,1.34292,1.3431,1.00,1.10
2016.08.15 16:15:21.247,1.3429,1.3431,1.00,1.00
2016.08.15 16:15:21.399,1.3429,1.34311,1.50,1.00
2016.08.15 16:15:21.450,1.34291,1.34311,1.00,1.00
2016.08.15 16:15:30.785,1.34291,1.34311,1.00,1.00
2016.08.15 16:15:39.632,1.3429,1.34311,1.50,1.00
2016.08.15 16:15:41.183,1.34292,1.34311,1.00,1.00
2016.08.15 16:15:42.184,1.34291,1.34311,1.00,1.00
2016.08.15 16:15:43.744,1.34292,1.34311,1.00,1.00
2016.08.15 16:15:51.419,1.34292,1.34311,1.00,1.00
2016.08.15 16:15:53.965,1.34291,1.34311,1.00,1.00
2016.08.15 16:15:55.403,1.34292,1.34311,1.00,1.00
2016.08.15 16:15:57.979,1.34291,1.34311,1.00,1.00
2016.08.15 16:15:59.268,1.3429,1.34311,1.50,1.00
2016.08.15 16:16:01.408,1.3429,1.34311,1.50,1.12
2016.08.15 16:16:01.509,1.3429,1.34311,1.00,1.12
2016.08.15 16:16:19.301,1.3429,1.34311,1.50,1.12
2016.08.15 16:16:19.404,1.3429,1.34311,1.00,1.12
2016.08.15 16:16:21.449,1.34289,1.34313,1.00,1.75
2016.08.15 16:16:22.259,1.34289,1.3431,1.50,1.10
2016.08.15 16:16:33.060,1.34289,1.3431,1.00,1.10
2016.08.15 16:16:35.938,1.3429,1.3431,1.00,1.10
2016.08.15 16:16:36.973,1.34289,1.3431,1.50,1.10
2016.08.15 16:16:39.236,1.34289,1.3431,1.00,1.10
2016.08.15 16:16:47.848,1.34289,1.3431,1.50,1.10
2016.08.15 16:16:47.949,1.3429,1.3431,1.00,1.10
2016.08.15 16:16:48.152,1.34289,1.34307,1.00,1.00
2016.08.15 16:16:48.213,1.34287,1.34307,1.12,1.00
2016.08.15 16:16:48.263,1.34287,1.34307,1.00,1.00
2016.08.15 16:16:48.365,1.34287,1.34307,1.00,1.00
2016.08.15 16:16:53.834,1.34284,1.34305,1.87,1.00
2016.08.15 16:16:54.114,1.34273,1.34294,1.12,1.50
2016.08.15 16:16:54.166,1.34271,1.34294,2.25,1.50
2016.08.15 16:16:54.217,1.34271,1.34294,1.87,1.50
2016.08.15 16:16:54.268,1.34271,1.34293,1.12,1.00
2016.08.15 16:16:54.318,1.34271,1.34293,1.00,1.00
2016.08.15 16:16:54.369,1.34271,1.34294,1.00,1.50
2016.08.15 16:16:54.901,1.34271,1.34294,1.00,1.50
2016.08.15 16:16:55.312,1.34269,1.34292,1.87,1.00
2016.08.15 16:16:55.363,1.34271,1.34292,1.00,1.00
2016.08.15 16:16:55.414,1.34271,1.34292,1.00,1.10
2016.08.15 16:16:55.465,1.34269,1.34292,1.57,1.10
2016.08.15 16:16:56.599,1.34269,1.34292,1.57,1.57
2016.08.15 16:16:58.905,1.3427,1.34292,1.00,1.10
2016.08.15 16:16:59.447,1.34271,1.34292,1.00,1.10
2016.08.15 16:17:00.287,1.34272,1.34292,1.00,1.10
2016.08.15 16:17:01.482,1.34271,1.34292,1.50,1.10
2016.08.15 16:17:05.247,1.34271,1.34292,1.00,1.10
2016.08.15 16:17:05.298,1.34271,1.34292,1.50,1.10
2016.08.15 16:17:07.815,1.34271,1.34292,2.25,1.10
2016.08.15 16:17:07.866,1.34271,1.34296,1.50,1.75
2016.08.15 16:17:07.917,1.34281,1.34297,1.00,1.87
2016.08.15 16:17:07.967,1.34281,1.34301,1.00,1.12
2016.08.15 16:17:08.018,1.34282,1.34301,1.00,1.00
2016.08.15 16:17:08.069,1.34284,1.34305,1.10,1.00
2016.08.15 16:17:08.122,1.34284,1.34305,1.10,1.00
2016.08.15 16:17:08.217,1.34284,1.34305,1.57,1.00
2016.08.15 16:17:10.758,1.34284,1.34305,1.57,1.50
2016.08.15 16:17:11.488,1.34284,1.34303,1.57,1.00
2016.08.15 16:17:13.053,1.34284,1.34303,1.10,1.00
2016.08.15 16:17:17.404,1.34284,1.34303,1.00,1.00
2016.08.15 16:17:17.505,1.34282,1.34303,1.00,1.00
2016.08.15 16:17:17.556,1.3428,1.34301,1.87,1.00
2016.08.15 16:17:17.607,1.3428,1.34301,1.12,1.00
2016.08.15 16:17:17.657,1.3428,1.34301,1.00,1.00
2016.08.15 16:17:18.438,1.3428,1.34301,1.00,1.50
2016.08.15 16:17:18.845,1.3428,1.34301,1.00,1.00
2016.08.15 16:17:19.895,1.3428,1.34301,1.50,1.00
2016.08.15 16:17:20.093,1.3428,1.34301,2.25,1.00
2016.08.15 16:17:23.986,1.3428,1.34301,1.50,1.00
2016.08.15 16:17:24.037,1.34281,1.34301,1.00,1.00
2016.08.15 16:17:24.138,1.34283,1.34301,1.00,1.00
2016.08.15 16:17:25.326,1.34282,1.34301,1.00,1.00
2016.08.15 16:17:25.428,1.34283,1.34301,1.00,1.00
2016.08.15 16:17:26.443,1.34284,1.34301,1.00,1.00
2016.08.15 16:17:27.390,1.34281,1.34301,1.12,1.00
2016.08.15 16:17:27.647,1.34283,1.34301,1.00,1.00
2016.08.15 16:17:28.286,1.34283,1.34302,1.00,1.00
2016.08.15 16:17:30.857,1.34282,1.34302,1.10,1.00
2016.08.15 16:17:31.458,1.34282,1.34301,1.10,1.00
2016.08.15 16:17:32.727,1.34282,1.34298,1.10,1.00
2016.08.15 16:17:33.171,1.34281,1.34298,1.87,1.00
2016.08.15 16:17:34.528,1.34281,1.34302,1.87,1.00
2016.08.15 16:17:35.659,1.34282,1.34302,1.10,1.00
2016.08.15 16:17:35.760,1.34283,1.34302,1.00,1.00
2016.08.15 16:17:36.464,1.34282,1.34302,1.10,1.00
2016.08.15 16:17:36.588,1.34281,1.34302,1.87,1.00
2016.08.15 16:17:44.805,1.34284,1.34302,1.00,1.00
2016.08.15 16:17:45.161,1.34282,1.34302,1.10,1.00
2016.08.15 16:18:00.915,1.34281,1.34302,1.87,1.00
2016.08.15 16:18:04.658,1.34281,1.34302,1.87,1.50
2016.08.15 16:18:04.710,1.34283,1.34302,1.00,1.50
2016.08.15 16:18:05.285,1.3428,1.34297,1.00,1.00
2016.08.15 16:18:05.383,1.34279,1.34297,1.00,1.50
2016.08.15 16:18:05.435,1.34279,1.34297,1.00,1.00
2016.08.15 16:18:05.638,1.34279,1.34296,1.50,1.00
2016.08.15 16:18:05.790,1.34279,1.34297,1.00,1.00
2016.08.15 16:18:05.942,1.34276,1.34297,1.00,1.50
2016.08.15 16:18:06.194,1.34276,1.34297,1.00,1.00
2016.08.15 16:18:06.245,1.34274,1.34295,1.00,1.00
2016.08.15 16:18:06.296,1.34274,1.34295,1.00,1.00
2016.08.15 16:18:06.347,1.34279,1.34295,1.00,1.00
2016.08.15 16:18:06.549,1.34279,1.34295,1.50,1.00
2016.08.15 16:18:06.651,1.34278,1.34295,1.00,1.00
2016.08.15 16:18:06.702,1.34278,1.34298,1.00,2.25
2016.08.15 16:18:06.753,1.3428,1.34298,1.00,1.50
2016.08.15 16:18:06.803,1.3428,1.34298,1.00,1.00
2016.08.15 16:18:06.905,1.3428,1.34297,1.00,1.00
2016.08.15 16:18:07.006,1.3428,1.34301,1.50,1.87
2016.08.15 16:18:07.296,1.3428,1.34299,1.00,1.00
2016.08.15 16:18:07.391,1.3428,1.34299,1.50,1.00
2016.08.15 16:18:07.493,1.3428,1.34299,1.50,1.00
2016.08.15 16:18:07.543,1.3428,1.343,1.00,1.00
2016.08.15 16:18:08.076,1.3428,1.343,1.00,1.00
2016.08.15 16:18:08.126,1.3428,1.34301,1.00,1.10
2016.08.15 16:18:10.211,1.3428,1.34301,1.00,1.00
2016.08.15 16:18:10.263,1.34281,1.34303,1.00,1.87
2016.08.15 16:18:11.194,1.34282,1.34303,1.00,1.87
2016.08.15 16:18:14.597,1.34282,1.34303,1.00,1.87
2016.08.15 16:18:20.369,1.3428,1.34302,1.50,1.10
2016.08.15 16:18:21.358,1.34282,1.34303,1.00,1.12
2016.08.15 16:18:23.158,1.34282,1.34303,1.00,1.87
2016.08.15 16:18:23.217,1.3428,1.34303,1.50,1.87
2016.08.15 16:18:23.267,1.34281,1.34303,1.00,2.62
2016.08.15 16:18:25.114,1.34281,1.34303,1.00,2.62
2016.08.15 16:18:25.370,1.34281,1.34301,1.00,1.00
2016.08.15 16:18:25.422,1.34284,1.34301,1.00,1.00
2016.08.15 16:18:27.167,1.34284,1.34303,1.00,1.00
2016.08.15 16:18:48.720,1.3428,1.34303,2.25,1.00
2016.08.15 16:18:49.275,1.3428,1.34301,2.25,1.00
2016.08.15 16:18:50.284,1.3428,1.34301,1.57,1.00
2016.08.15 16:18:58.442,1.3428,1.34301,1.10,1.00
2016.08.15 16:19:45.360,1.3428,1.34301,1.00,1.00
2016.08.15 16:19:49.229,1.34278,1.34303,1.12,1.00
2016.08.15 16:19:50.693,1.3428,1.34303,1.00,1.00
2016.08.15 16:19:53.079,1.3428,1.34301,1.50,1.00
2016.08.15 16:20:18.350,1.3428,1.34301,1.00,1.00
2016.08.15 16:20:18.401,1.3428,1.34301,1.00,1.00
2016.08.15 16:20:18.452,1.34276,1.34297,1.75,1.00
2016.08.15 16:20:18.502,1.34276,1.34297,1.10,1.00
2016.08.15 16:20:18.553,1.34274,1.34294,1.50,1.00
2016.08.15 16:20:18.604,1.34274,1.34294,1.00,1.00
2016.08.15 16:20:19.343,1.34274,1.34293,1.00,1.00
2016.08.15 16:20:19.669,1.34272,1.34294,1.12,1.00
2016.08.15 16:20:19.770,1.34271,1.34294,1.50,1.00
2016.08.15 16:20:20.959,1.34271,1.34292,1.12,1.00
2016.08.15 16:20:22.124,1.34271,1.34292,1.12,1.00
2016.08.15 16:20:22.175,1.34271,1.34294,1.87,1.50
2016.08.15 16:20:22.426,1.34272,1.34295,1.12,1.50
2016.08.15 16:20:22.579,1.34272,1.34295,1.10,1.57
2016.08.15 16:20:24.368,1.3427,1.34291,2.25,1.00
2016.08.15 16:20:24.419,1.3427,1.34291,1.87,1.00
2016.08.15 16:20:24.470,1.3427,1.34291,1.12,1.50
2016.08.15 16:20:24.571,1.3427,1.34291,1.12,1.00
2016.08.15 16:20:25.573,1.3427,1.34291,1.87,1.00
2016.08.15 16:20:33.651,1.3427,1.34291,1.00,1.00
2016.08.15 16:20:37.214,1.3427,1.34291,1.00,1.00
2016.08.15 16:20:43.510,1.34268,1.34291,1.50,1.00
2016.08.15 16:20:44.854,1.34268,1.34291,2.25,1.00
2016.08.15 16:20:44.905,1.34281,1.34302,1.00,1.50
2016.08.15 16:20:44.955,1.34281,1.34302,1.00,1.00
2016.08.15 16:20:45.006,1.34282,1.34305,1.57,1.00
2016.08.15 16:20:45.108,1.34284,1.34305,1.00,1.00
2016.08.15 16:20:45.212,1.34285,1.34306,1.00,1.00
2016.08.15 16:20:45.974,1.34285,1.34306,1.00,1.00
2016.08.15 16:20:46.024,1.34285,1.34306,1.00,1.00
2016.08.15 16:20:47.939,1.34285,1.34305,1.00,1.00
2016.08.15 16:20:51.747,1.34285,1.34305,1.00,1.00
2016.08.15 16:20:51.798,1.34286,1.34305,1.00,1.00
2016.08.15 16:20:51.950,1.34286,1.34305,1.10,1.00
2016.08.15 16:20:52.356,1.34285,1.34305,1.12,1.00
2016.08.15 16:21:44.600,1.34285,1.34305,1.00,1.00
2016.08.15 16:21:45.434,1.34283,1.34305,1.12,1.00
2016.08.15 16:21:45.975,1.34284,1.34305,1.10,1.50
2016.08.15 16:21:47.047,1.34284,1.34305,1.10,1.50
2016.08.15 16:21:47.199,1.34283,1.34302,1.12,1.00
2016.08.15 16:21:47.250,1.34283,1.34302,1.00,1.00
2016.08.15 16:21:48.459,1.34283,1.34301,1.00,1.00
2016.08.15 16:21:48.510,1.34283,1.34301,1.00,1.00
2016.08.15 16:21:49.118,1.34283,1.34298,1.00,1.00
2016.08.15 16:21:49.296,1.34283,1.34298,1.00,1.00
2016.08.15 16:21:59.491,1.3428,1.34298,1.10,1.00
2016.08.15 16:21:59.779,1.34278,1.34295,1.37,1.00
2016.08.15 16:21:59.830,1.34272,1.34295,1.75,1.50
2016.08.15 16:21:59.931,1.34272,1.34295,1.10,1.57
2016.08.15 16:21:59.982,1.34272,1.34294,1.10,1.00
2016.08.15 16:22:00.032,1.3427,1.34293,2.25,1.00
2016.08.15 16:22:00.083,1.3427,1.34293,1.50,1.50
2016.08.15 16:22:00.134,1.34269,1.34291,1.12,1.00
2016.08.15 16:22:00.185,1.3427,1.34291,1.57,1.00
2016.08.15 16:22:00.236,1.3427,1.34293,2.25,1.00
2016.08.15 16:22:00.288,1.34272,1.34293,1.00,1.00
2016.08.15 16:22:00.339,1.34272,1.34293,1.00,1.00
2016.08.15 16:22:00.390,1.34276,1.34293,1.00,1.00
2016.08.15 16:22:00.440,1.34276,1.34295,1.00,1.00
2016.08.15 16:22:00.491,1.34274,1.34295,1.00,1.00
2016.08.15 16:22:00.593,1.34277,1.34295,1.00,1.00
2016.08.15 16:22:00.644,1.34277,1.34297,1.00,1.10
2016.08.15 16:22:00.695,1.34275,1.34297,1.00,1.10
2016.08.15 16:22:00.796,1.34275,1.34297,1.00,1.10
2016.08.15 16:22:01.335,1.34275,1.34297,1.00,1.87
2016.08.15 16:22:02.238,1.34275,1.34297,1.00,1.87
2016.08.15 16:22:02.880,1.34274,1.34297,1.50,1.12
2016.08.15 16:22:02.931,1.34274,1.34296,1.00,1.10
2016.08.15 16:22:04.188,1.34273,1.34296,1.10,1.10
2016.08.15 16:22:05.384,1.34273,1.34295,1.10,1.00
2016.08.15 16:22:05.435,1.34272,1.34292,1.12,1.00
2016.08.15 16:22:06.596,1.34272,1.34292,1.12,1.00
2016.08.15 16:22:07.624,1.34272,1.34292,1.12,1.00
2016.08.15 16:22:08.262,1.34272,1.34292,1.10,1.00
2016.08.15 16:22:13.683,1.34272,1.34293,1.57,1.00
2016.08.15 16:22:13.798,1.34272,1.34293,1.10,1.00
2016.08.15 16:22:13.848,1.34273,1.34295,1.00,1.10
2016.08.15 16:22:16.212,1.34273,1.34296,1.00,1.87
2016.08.15 16:22:16.489,1.34273,1.34294,1.00,1.10
2016.08.15 16:22:17.203,1.34273,1.34295,1.00,1.12
2016.08.15 16:22:22.454,1.34273,1.34293,1.00,1.00
2016.08.15 16:22:22.911,1.34272,1.34293,1.00,1.00
2016.08.15 16:22:23.012,1.34272,1.34293,1.57,1.00
2016.08.15 16:22:24.260,1.34273,1.34293,1.00,1.00
2016.08.15 16:22:28.679,1.34273,1.34296,1.50,1.87
2016.08.15 16:22:33.242,1.34273,1.34295,1.50,1.10
2016.08.15 16:22:37.719,1.34273,1.34296,1.50,1.12
2016.08.15 16:22:39.755,1.34273,1.34296,1.50,1.00
2016.08.15 16:22:40.897,1.34275,1.34298,1.00,1.87
2016.08.15 16:22:43.066,1.34275,1.34298,1.00,1.50
2016.08.15 16:22:44.126,1.34277,1.34298,1.00,1.50
2016.08.15 16:22:44.177,1.34281,1.34298,1.00,1.00
2016.08.15 16:22:44.278,1.34283,1.34304,1.50,1.00
2016.08.15 16:22:44.380,1.34285,1.34308,1.00,1.00
2016.08.15 16:22:44.488,1.34285,1.34308,1.00,1.50
2016.08.15 16:22:45.667,1.34285,1.34308,1.00,2.25
2016.08.15 16:22:46.147,1.34285,1.34307,1.00,1.00
2016.08.15 16:22:47.288,1.34285,1.34305,1.00,1.00
2016.08.15 16:23:04.784,1.34285,1.34305,1.00,1.00
2016.08.15 16:23:24.817,1.34285,1.34305,1.00,1.00
2016.08.15 16:23:29.403,1.34285,1.34308,1.00,1.00
2016.08.15 16:23:30.268,1.34285,1.34308,1.00,1.00
2016.08.15 16:23:30.463,1.34285,1.34308,1.10,1.50
2016.08.15 16:23:30.958,1.34285,1.34308,1.75,1.50
2016.08.15 16:23:31.009,1.3429,1.34308,1.00,1.00
2016.08.15 16:23:31.060,1.3429,1.34308,1.00,1.50
2016.08.15 16:23:31.111,1.34286,1.34308,1.50,1.50
2016.08.15 16:23:31.162,1.34286,1.34308,1.50,1.00
2016.08.15 16:23:31.213,1.34288,1.34308,1.00,1.00
2016.08.15 16:23:31.764,1.34289,1.34308,1.00,1.00
2016.08.15 16:23:40.828,1.34285,1.34308,1.87,1.50
2016.08.15 16:23:40.879,1.34287,1.34308,1.10,1.00
2016.08.15 16:23:40.930,1.34287,1.34305,1.00,1.00
2016.08.15 16:23:40.981,1.34285,1.34305,1.10,1.00
2016.08.15 16:23:41.032,1.34285,1.34306,1.10,1.50
2016.08.15 16:23:41.340,1.34285,1.34306,1.10,1.00
2016.08.15 16:23:42.416,1.34285,1.34306,1.10,1.50
2016.08.15 16:23:42.467,1.34285,1.34306,1.00,1.50
2016.08.15 16:23:43.897,1.34283,1.34306,1.10,1.50
2016.08.15 16:23:43.948,1.34283,1.34304,1.10,1.00
2016.08.15 16:23:43.998,1.34283,1.34304,1.00,1.50
2016.08.15 16:23:44.150,1.34283,1.34304,1.00,1.00
2016.08.15 16:23:44.872,1.34283,1.34303,1.00,1.00
2016.08.15 16:23:44.958,1.34281,1.34302,1.00,1.00
2016.08.15 16:23:46.420,1.34281,1.34302,1.00,1.00
2016.08.15 16:23:46.471,1.3429,1.34303,1.00,1.00
2016.08.15 16:23:46.522,1.3429,1.34313,1.00,1.87
2016.08.15 16:23:46.572,1.343,1.34313,1.00,1.50
2016.08.15 16:23:46.623,1.343,1.34317,1.00,1.00
2016.08.15 16:23:46.674,1.34298,1.34317,1.12,1.00
2016.08.15 16:23:46.724,1.34298,1.34317,1.00,1.00
2016.08.15 16:23:46.972,1.34298,1.34316,1.00,1.50
2016.08.15 16:23:47.023,1.34292,1.34315,1.00,1.12
2016.08.15 16:23:48.128,1.34292,1.34315,1.00,1.87
2016.08.15 16:23:53.034,1.34292,1.34314,1.00,1.10
2016.08.15 16:23:57.781,1.34292,1.34315,1.00,1.87
2016.08.15 16:23:57.933,1.34292,1.34315,1.00,1.87
2016.08.15 16:23:58.852,1.34292,1.34315,1.00,1.87
2016.08.15 16:24:06.848,1.34292,1.34315,1.50,1.12
2016.08.15 16:24:12.877,1.34292,1.34315,1.00,1.87
2016.08.15 16:24:13.949,1.34293,1.34315,1.00,1.12
2016.08.15 16:24:15.758,1.34293,1.34316,1.00,1.50
2016.08.15 16:24:15.859,1.34293,1.34316,1.00,2.25
2016.08.15 16:24:20.363,1.34293,1.34316,1.00,1.50
2016.08.15 16:24:20.414,1.34293,1.34316,1.00,1.00
2016.08.15 16:24:24.220,1.34293,1.34316,1.00,1.00
2016.08.15 16:24:24.271,1.34295,1.34316,1.00,1.00
2016.08.15 16:24:24.322,1.34295,1.34318,1.50,1.12
2016.08.15 16:24:24.372,1.34298,1.34318,1.00,1.00
2016.08.15 16:24:24.423,1.34298,1.34318,1.00,1.00
2016.08.15 16:24:24.474,1.34296,1.34318,1.10,1.00
2016.08.15 16:24:24.575,1.34297,1.34318,1.00,1.00
2016.08.15 16:24:28.916,1.34297,1.34319,1.00,1.50
2016.08.15 16:24:34.997,1.34297,1.34319,1.00,1.50
2016.08.15 16:24:45.465,1.34297,1.34319,1.10,1.50
2016.08.15 16:24:46.347,1.34297,1.34319,1.10,1.50
2016.08.15 16:24:47.652,1.34297,1.34319,2.25,1.00
2016.08.15 16:24:47.704,1.34302,1.34321,1.00,1.00
2016.08.15 16:24:47.755,1.34303,1.34323,1.00,1.12
2016.08.15 16:24:47.806,1.34303,1.34325,1.00,1.75
2016.08.15 16:24:48.141,1.34307,1.34326,1.00,1.12
2016.08.15 16:24:48.769,1.34307,1.34326,1.00,1.10
2016.08.15 16:24:48.874,1.34307,1.34326,1.00,1.00
2016.08.15 16:24:49.108,1.34307,1.34326,1.00,1.50
2016.08.15 16:24:49.728,1.34308,1.34326,1.00,1.50
2016.08.15 16:24:49.779,1.34306,1.34324,1.00,1.00
2016.08.15 16:24:50.712,1.34304,1.34324,1.57,1.00
2016.08.15 16:24:51.706,1.34304,1.34324,1.10,1.00
2016.08.15 16:24:51.757,1.34306,1.34324,1.00,1.00
2016.08.15 16:24:56.217,1.34304,1.34324,1.10,1.00
2016.08.15 16:24:57.992,1.34304,1.34324,1.10,1.50
2016.08.15 16:24:58.757,1.34305,1.34324,1.00,1.50
2016.08.15 16:24:59.184,1.34305,1.34324,1.50,1.50
2016.08.15 16:25:03.011,1.34305,1.34324,1.50,1.00
2016.08.15 16:25:05.834,1.34305,1.34324,1.00,1.00
2016.08.15 16:25:15.393,1.34305,1.34324,1.50,1.00
2016.08.15 16:25:15.495,1.34305,1.34324,1.00,1.00
2016.08.15 16:25:16.456,1.34306,1.34324,1.00,1.00
2016.08.15 16:25:18.366,1.34306,1.34326,1.00,1.00
2016.08.15 16:25:18.417,1.34309,1.34328,1.00,1.00
2016.08.15 16:25:18.744,1.34318,1.3433,1.00,1.00
2016.08.15 16:25:18.796,1.3432,1.34341,1.00,1.10
2016.08.15 16:25:18.846,1.3432,1.34342,1.00,1.12
2016.08.15 16:25:18.948,1.3432,1.34342,1.00,1.00
2016.08.15 16:25:18.998,1.34319,1.34342,1.50,1.50
2016.08.15 16:25:19.049,1.34321,1.34342,1.00,1.00
2016.08.15 16:25:19.100,1.34321,1.34344,1.00,1.57
2016.08.15 16:25:22.015,1.34321,1.34341,1.00,1.00
2016.08.15 16:25:23.665,1.3432,1.34341,1.00,1.50
2016.08.15 16:25:23.767,1.3432,1.34338,1.00,1.00
2016.08.15 16:25:24.121,1.34314,1.34334,1.10,1.00
2016.08.15 16:25:24.665,1.34314,1.34335,1.10,1.00
2016.08.15 16:25:25.105,1.34314,1.34335,1.00,1.00
2016.08.15 16:25:25.277,1.34314,1.34334,1.00,1.00
2016.08.15 16:25:25.856,1.34311,1.34334,1.57,1.50
2016.08.15 16:25:25.958,1.34311,1.34334,1.50,1.50
2016.08.15 16:25:26.059,1.34311,1.34334,1.50,1.57
2016.08.15 16:25:26.573,1.34311,1.34334,1.00,1.57
2016.08.15 16:25:26.775,1.34311,1.34334,1.00,1.10
2016.08.15 16:25:29.042,1.3431,1.34333,1.50,1.00
2016.08.15 16:25:29.092,1.3431,1.34333,1.00,1.00
2016.08.15 16:25:29.171,1.34311,1.34333,1.00,1.00
2016.08.15 16:25:34.562,1.34311,1.34333,1.00,1.12
2016.08.15 16:25:34.612,1.3431,1.34333,1.00,1.12
2016.08.15 16:25:35.107,1.3431,1.34333,1.50,1.87
2016.08.15 16:25:35.881,1.3431,1.34333,1.00,1.12
2016.08.15 16:25:44.092,1.3431,1.34331,1.00,1.00
2016.08.15 16:25:44.521,1.3431,1.34331,1.50,1.00
2016.08.15 16:25:44.898,1.34311,1.34331,1.00,1.00
2016.08.15 16:25:44.999,1.3431,1.34331,1.50,1.00
2016.08.15 16:25:49.354,1.34311,1.34331,1.00,1.00
2016.08.15 16:25:50.752,1.34312,1.34331,1.00,1.00
2016.08.15 16:25:51.061,1.3431,1.34331,1.50,1.00
2016.08.15 16:25:52.221,1.34311,1.34331,1.00,1.00
2016.08.15 16:25:53.193,1.34312,1.34331,1.00,1.00
2016.08.15 16:25:59.121,1.34312,1.34334,1.00,1.50
2016.08.15 16:26:00.674,1.34311,1.34334,1.50,2.25
2016.08.15 16:26:01.080,1.34311,1.34334,1.50,1.50
2016.08.15 16:26:01.851,1.34313,1.34334,1.00,1.50
2016.08.15 16:26:06.240,1.34311,1.34334,1.00,1.50
2016.08.15 16:26:14.028,1.34311,1.34334,1.00,1.50
2016.08.15 16:26:14.078,1.34311,1.34334,1.50,1.50
2016.08.15 16:26:14.637,1.34313,1.34336,1.57,1.10
2016.08.15 16:26:15.551,1.34316,1.34336,1.00,1.00
2016.08.15 16:26:15.703,1.34316,1.34338,1.00,1.12
2016.08.15 16:26:16.010,1.34316,1.34338,1.10,1.00
2016.08.15 16:26:16.373,1.34317,1.34338,1.00,1.00
2016.08.15 16:26:16.424,1.34319,1.3434,1.00,1.12
2016.08.15 16:26:16.774,1.34319,1.3434,1.00,1.10
2016.08.15 16:26:20.365,1.3432,1.3434,1.00,1.10
2016.08.15 16:26:20.653,1.34321,1.34344,1.10,1.57
2016.08.15 16:26:20.704,1.34324,1.34345,1.00,1.12
2016.08.15 16:26:20.755,1.34324,1.34345,1.10,1.00
2016.08.15 16:26:20.805,1.34326,1.34348,1.00,1.00
2016.08.15 16:26:20.856,1.34326,1.34348,1.10,1.00
2016.08.15 16:26:21.861,1.34328,1.34348,1.00,1.00
2016.08.15 16:26:21.912,1.34328,1.34351,1.57,1.00
2016.08.15 16:26:21.963,1.34329,1.34351,1.00,1.00
2016.08.15 16:26:23.911,1.34329,1.34351,1.12,1.00
2016.08.15 16:26:24.012,1.34329,1.34349,1.12,1.00
2016.08.15 16:26:24.371,1.34329,1.34352,1.12,1.50
2016.08.15 16:26:25.166,1.34329,1.3435,1.12,1.00
2016.08.15 16:26:26.307,1.3433,1.3435,1.10,1.00
2016.08.15 16:26:26.982,1.3433,1.34351,1.10,1.50
2016.08.15 16:26:27.033,1.3433,1.34351,1.10,1.50
2016.08.15 16:26:28.920,1.34331,1.34351,1.00,1.00
2016.08.15 16:26:29.536,1.34331,1.3435,1.00,1.00
2016.08.15 16:26:32.675,1.34331,1.34352,1.00,1.50
2016.08.15 16:26:32.777,1.34331,1.3435,1.00,1.00
2016.08.15 16:26:35.781,1.34331,1.34351,1.00,1.00
2016.08.15 16:26:36.483,1.34331,1.3435,1.00,1.00
2016.08.15 16:26:36.682,1.34331,1.34352,1.00,1.50
2016.08.15 16:26:36.783,1.34331,1.34351,1.00,1.00
2016.08.15 16:26:37.902,1.34331,1.34349,1.00,1.00
2016.08.15 16:26:38.004,1.34331,1.34351,1.00,1.00
2016.08.15 16:26:56.005,1.34331,1.34351,1.00,1.00
2016.08.15 16:26:56.056,1.34329,1.34349,1.12,1.00
2016.08.15 16:26:56.107,1.34329,1.34349,1.12,1.00
2016.08.15 16:26:56.157,1.34328,1.34347,1.10,1.00
2016.08.15 16:26:56.208,1.34328,1.34348,1.10,1.00
2016.08.15 16:26:56.259,1.34328,1.34348,1.00,1.00
2016.08.15 16:26:56.310,1.34328,1.34346,1.00,1.00
2016.08.15 16:26:56.506,1.34328,1.34346,1.00,1.00
2016.08.15 16:26:56.798,1.34325,1.34346,1.00,1.50
2016.08.15 16:26:56.909,1.34325,1.34344,1.00,1.00
2016.08.15 16:26:56.973,1.34324,1.34344,1.10,1.00
2016.08.15 16:26:57.176,1.34324,1.34343,1.00,1.00
2016.08.15 16:26:57.277,1.34321,1.34342,1.12,1.00
2016.08.15 16:26:58.356,1.34321,1.34344,1.12,1.50
2016.08.15 16:26:58.443,1.34321,1.34343,1.12,1.00
2016.08.15 16:26:58.595,1.34321,1.34344,1.00,1.00
2016.08.15 16:26:58.646,1.34321,1.34343,1.50,1.00
2016.08.15 16:26:58.748,1.34321,1.34344,1.00,1.50
2016.08.15 16:26:59.247,1.3432,1.34343,1.10,1.00
2016.08.15 16:26:59.715,1.34322,1.34343,1.00,1.00
2016.08.15 16:26:59.816,1.34321,1.34343,1.00,1.00
2016.08.15 16:27:00.196,1.3432,1.34343,1.57,1.00
2016.08.15 16:27:00.298,1.3432,1.34343,1.57,1.00
2016.08.15 16:27:01.464,1.3432,1.34343,1.10,1.00
2016.08.15 16:27:01.515,1.3432,1.34343,1.10,1.00
2016.08.15 16:27:02.156,1.3432,1.34343,1.10,1.50
2016.08.15 16:27:02.521,1.3432,1.34343,1.57,1.00
2016.08.15 16:27:04.164,1.3432,1.34342,1.10,1.00
2016.08.15 16:27:05.431,1.3432,1.34343,1.10,1.00
2016.08.15 16:27:05.532,1.3432,1.34342,1.57,1.00
2016.08.15 16:27:07.767,1.3432,1.34343,1.10,1.00
2016.08.15 16:27:12.181,1.34318,1.34341,2.25,1.00
2016.08.15 16:27:12.251,1.34318,1.34341,1.57,1.00
2016.08.15 16:27:12.751,1.34318,1.34341,1.10,1.00
2016.08.15 16:27:14.113,1.34319,1.3434,1.00,1.00
2016.08.15 16:27:14.164,1.34319,1.3434,1.00,1.50
2016.08.15 16:27:14.215,1.34319,1.3434,1.00,1.50
2016.08.15 16:27:15.947,1.34319,1.3434,1.50,1.00
2016.08.15 16:27:20.177,1.34319,1.3434,1.00,1.00
2016.08.15 16:27:20.243,1.34319,1.3434,1.00,1.50
2016.08.15 16:27:21.264,1.34319,1.3434,1.00,1.00
2016.08.15 16:27:21.366,1.34319,1.3434,1.50,1.00
2016.08.15 16:27:22.628,1.34319,1.3434,1.00,1.00
2016.08.15 16:27:29.284,1.3432,1.3434,1.00,1.00
2016.08.15 16:27:29.569,1.34319,1.3434,1.00,1.00
2016.08.15 16:27:34.172,1.3432,1.3434,1.00,1.00
2016.08.15 16:27:34.274,1.34319,1.3434,1.00,1.00
2016.08.15 16:27:45.787,1.3432,1.3434,1.00,1.00
2016.08.15 16:27:46.577,1.34319,1.3434,1.00,1.00
2016.08.15 16:27:46.678,1.3432,1.3434,1.00,1.00
2016.08.15 16:27:47.154,1.34322,1.34343,1.00,2.25
2016.08.15 16:27:50.086,1.34322,1.34342,1.00,1.12
2016.08.15 16:27:51.382,1.34322,1.34343,1.00,1.50
2016.08.15 16:27:52.615,1.34322,1.34342,1.00,1.12
2016.08.15 16:27:56.029,1.34322,1.34343,1.00,1.50
2016.08.15 16:27:58.694,1.34322,1.34343,1.00,2.25
2016.08.15 16:27:58.745,1.34319,1.34342,1.00,1.12
2016.08.15 16:28:00.255,1.34319,1.3434,1.00,1.00
2016.08.15 16:28:00.326,1.34319,1.3434,1.50,1.00
2016.08.15 16:28:00.428,1.34319,1.3434,1.00,1.00
2016.08.15 16:28:08.308,1.3432,1.3434,1.00,1.00
2016.08.15 16:28:08.884,1.34321,1.34344,1.00,1.75
2016.08.15 16:28:08.935,1.34321,1.34344,1.00,2.25
2016.08.15 16:28:09.314,1.34321,1.34344,1.50,2.25
2016.08.15 16:28:09.518,1.34321,1.34344,1.50,1.10
2016.08.15 16:28:09.620,1.34321,1.34344,1.50,1.10
2016.08.15 16:28:09.721,1.34323,1.34344,1.00,1.10
2016.08.15 16:28:09.773,1.34323,1.34344,1.00,1.00
2016.08.15 16:28:10.318,1.34324,1.34344,1.00,1.00
2016.08.15 16:28:11.068,1.34323,1.34344,1.00,1.00
2016.08.15 16:28:11.615,1.34321,1.34344,1.50,1.00
2016.08.15 16:28:16.237,1.34322,1.34344,1.00,1.00
2016.08.15 16:28:19.438,1.34324,1.34344,1.00,1.00
2016.08.15 16:28:19.866,1.34322,1.34344,1.00,1.00
2016.08.15 16:28:19.968,1.34324,1.34344,1.00,1.00
2016.08.15 16:28:20.296,1.34326,1.34348,1.00,1.10
2016.08.15 16:28:20.398,1.34328,1.34349,1.00,1.12
2016.08.15 16:28:20.449,1.34328,1.34349,1.00,1.10
2016.08.15 16:28:25.655,1.34328,1.34349,1.00,1.57
2016.08.15 16:28:26.155,1.34328,1.34349,1.00,1.10
2016.08.15 16:28:26.484,1.34328,1.34349,1.00,1.57
2016.08.15 16:28:27.333,1.34328,1.34346,1.00,1.00
2016.08.15 16:28:27.384,1.34321,1.34342,1.75,1.00
2016.08.15 16:28:27.435,1.34321,1.34341,1.75,1.00
2016.08.15 16:28:27.486,1.34317,1.3434,1.12,1.00
2016.08.15 16:28:27.537,1.34317,1.3434,1.12,1.50
2016.08.15 16:28:27.588,1.34317,1.3434,1.50,2.25
2016.08.15 16:28:27.761,1.34317,1.34337,1.00,1.50
2016.08.15 16:28:27.812,1.34317,1.34337,1.50,1.50
2016.08.15 16:28:27.863,1.34317,1.34338,1.50,1.00
2016.08.15 16:28:27.914,1.34316,1.34337,1.50,1.00
2016.08.15 16:28:27.965,1.34316,1.34337,1.00,1.00
2016.08.15 16:28:28.016,1.34316,1.34337,1.10,1.00
2016.08.15 16:28:28.117,1.34316,1.34337,1.50,1.00
2016.08.15 16:28:29.118,1.34318,1.34339,1.10,2.25
2016.08.15 16:28:29.169,1.34318,1.34339,1.10,1.50
2016.08.15 16:28:42.508,1.34318,1.34339,1.10,1.00
2016.08.15 16:28:44.393,1.34318,1.34341,1.10,1.00
2016.08.15 16:28:50.678,1.34318,1.34341,1.87,1.00
2016.08.15 16:28:57.589,1.3432,1.34341,1.00,1.00
2016.08.15 16:28:59.420,1.3432,1.34341,1.50,1.00
2016.08.15 16:28:59.605,1.3432,1.34341,1.00,1.00
2016.08.15 16:29:05.110,1.3432,1.34341,1.50,1.00
2016.08.15 16:29:10.660,1.3432,1.34341,1.50,1.00
2016.08.15 16:29:11.962,1.34322,1.34343,1.00,1.50
2016.08.15 16:29:12.286,1.34322,1.34343,1.00,1.00
2016.08.15 16:29:13.304,1.34322,1.34343,1.00,1.50
2016.08.15 16:29:14.454,1.34324,1.34343,1.00,1.00
2016.08.15 16:29:16.864,1.34321,1.34343,1.10,1.00
2016.08.15 16:29:17.222,1.34321,1.34344,1.10,1.50
2016.08.15 16:29:17.353,1.34321,1.34344,1.10,2.25
2016.08.15 16:29:17.950,1.34321,1.34342,1.10,1.00
2016.08.15 16:29:18.418,1.34321,1.34342,1.10,1.00
2016.08.15 16:29:18.620,1.34321,1.34342,1.00,1.00
2016.08.15 16:29:18.671,1.34321,1.34342,1.00,1.50
2016.08.15 16:29:19.290,1.34319,1.34342,1.87,1.50
2016.08.15 16:29:29.068,1.34323,1.34342,1.00,1.00
2016.08.15 16:29:29.599,1.34323,1.34343,1.00,1.00
2016.08.15 16:29:32.468,1.34323,1.34342,1.00,1.00
2016.08.15 16:29:33.012,1.34323,1.34341,1.00,1.00
2016.08.15 16:29:33.295,1.34323,1.34341,1.00,1.50
2016.08.15 16:29:33.871,1.34323,1.34341,1.00,1.00
2016.08.15 16:29:34.376,1.3432,1.3434,1.10,1.00
2016.08.15 16:29:34.664,1.3432,1.34341,1.10,1.50
2016.08.15 16:29:35.159,1.3432,1.3434,1.10,1.00
2016.08.15 16:29:36.248,1.3432,1.3434,1.10,1.50
2016.08.15 16:29:36.299,1.3432,1.3434,1.10,1.00
2016.08.15 16:29:36.350,1.3432,1.3434,1.00,1.00
2016.08.15 16:29:40.400,1.3432,1.34341,1.00,1.50
2016.08.15 16:29:41.855,1.3432,1.34341,1.00,1.00
2016.08.15 16:29:44.231,1.3432,1.3434,1.00,1.00
2016.08.15 16:29:44.281,1.3432,1.3434,1.00,1.50
2016.08.15 16:29:44.488,1.34319,1.3434,1.00,2.25
2016.08.15 16:29:46.594,1.34319,1.3434,1.00,1.50
2016.08.15 16:29:46.892,1.34319,1.3434,1.00,1.00
2016.08.15 16:29:54.022,1.34319,1.3434,1.00,1.50
2016.08.15 16:30:13.582,1.34319,1.3434,1.00,1.00
2016.08.15 16:30:15.316,1.34319,1.3434,1.50,1.00
2016.08.15 16:30:16.952,1.34319,1.34342,1.50,1.87
2016.08.15 16:30:17.294,1.34319,1.34342,1.57,1.57
2016.08.15 16:30:20.335,1.34322,1.34342,1.00,1.00
2016.08.15 16:30:20.387,1.34322,1.34344,1.00,1.10
2016.08.15 16:30:20.484,1.34324,1.34344,1.00,1.00
2016.08.15 16:30:20.535,1.34327,1.34344,1.00,1.00
2016.08.15 16:30:21.041,1.3433,1.34344,1.00,1.00
2016.08.15 16:30:21.095,1.34329,1.3435,1.00,1.50
2016.08.15 16:30:21.828,1.34329,1.3435,1.00,1.00
2016.08.15 16:30:22.812,1.34329,1.3435,1.00,1.50
2016.08.15 16:30:23.014,1.34329,1.3435,1.00,1.00
2016.08.15 16:30:26.823,1.34329,1.3435,1.00,1.50
2016.08.15 16:30:34.844,1.34329,1.3435,1.00,1.00
2016.08.15 16:30:34.948,1.34329,1.3435,1.00,1.50
2016.08.15 16:30:36.367,1.34329,1.3435,1.00,2.25
2016.08.15 16:30:37.447,1.34329,1.34348,1.00,1.00
2016.08.15 16:30:37.748,1.34329,1.3435,1.00,1.50
2016.08.15 16:30:41.113,1.34328,1.34349,1.10,1.00
2016.08.15 16:30:41.214,1.34328,1.34349,1.10,1.00
2016.08.15 16:30:54.925,1.34328,1.34349,1.10,1.50
2016.08.15 16:30:55.190,1.34328,1.34349,1.10,1.00
2016.08.15 16:30:56.655,1.34328,1.34348,1.10,1.00
2016.08.15 16:30:57.045,1.34328,1.34349,1.10,1.50
2016.08.15 16:30:58.895,1.34328,1.34349,1.10,1.00
2016.08.15 16:31:00.932,1.34328,1.34349,1.10,1.50
2016.08.15 16:31:06.145,1.34328,1.34349,1.10,1.00
2016.08.15 16:31:10.048,1.34329,1.34349,1.00,1.00
2016.08.15 16:31:10.993,1.34328,1.34349,1.57,1.00
2016.08.15 16:31:14.886,1.34342,1.3436,1.12,1.00
2016.08.15 16:31:14.937,1.34342,1.3436,1.57,1.00
2016.08.15 16:31:14.987,1.34345,1.3436,1.00,1.00
2016.08.15 16:31:15.038,1.34345,1.34365,1.00,1.00
2016.08.15 16:31:15.260,1.34345,1.34368,1.00,2.62
2016.08.15 16:31:15.317,1.34345,1.34368,1.50,2.62
2016.08.15 16:31:15.368,1.34345,1.34368,1.50,2.25
2016.08.15 16:31:16.436,1.34345,1.34368,1.50,3.00
2016.08.15 16:31:17.190,1.34345,1.34367,1.50,1.00
2016.08.15 16:31:18.278,1.34345,1.34366,1.50,1.00
2016.08.15 16:31:18.367,1.34345,1.34364,1.50,1.00
2016.08.15 16:31:30.940,1.34345,1.34364,1.00,1.00
2016.08.15 16:31:38.728,1.34345,1.34364,1.00,1.00
2016.08.15 16:31:53.779,1.34345,1.34364,1.50,1.00
2016.08.15 16:32:01.225,1.34345,1.34364,1.50,1.00
2016.08.15 16:32:01.276,1.34345,1.34366,1.50,1.00
2016.08.15 16:32:01.327,1.34339,1.34362,3.75,1.00
2016.08.15 16:32:01.378,1.34339,1.34362,2.62,1.00
2016.08.15 16:32:01.428,1.34341,1.34361,1.00,1.00
2016.08.15 16:32:01.530,1.34341,1.34361,1.00,1.00
2016.08.15 16:32:01.580,1.34341,1.34361,1.00,1.10
2016.08.15 16:32:01.631,1.34341,1.3436,1.00,1.00
2016.08.15 16:32:01.732,1.34341,1.34359,1.00,1.00
2016.08.15 16:32:01.834,1.34339,1.34358,1.50,1.00
2016.08.15 16:32:01.884,1.3434,1.34358,1.00,1.00
2016.08.15 16:32:02.338,1.34339,1.34359,1.00,1.00
2016.08.15 16:32:02.388,1.34339,1.34359,1.50,1.00
2016.08.15 16:32:03.468,1.34339,1.34359,1.50,1.00
2016.08.15 16:32:04.036,1.34339,1.34359,2.25,1.00
2016.08.15 16:32:06.186,1.34339,1.34359,2.25,1.00
2016.08.15 16:32:06.237,1.34343,1.34363,1.00,1.57
2016.08.15 16:32:06.288,1.34343,1.34364,1.00,1.00
2016.08.15 16:32:06.339,1.34345,1.34366,1.00,1.50
2016.08.15 16:32:06.542,1.34345,1.34366,1.10,1.50
2016.08.15 16:32:07.077,1.34345,1.34366,1.10,2.25
2016.08.15 16:32:07.676,1.34345,1.34365,1.10,1.00
2016.08.15 16:32:08.343,1.34345,1.34363,1.10,1.00
2016.08.15 16:33:01.725,1.34345,1.34363,1.00,1.00
2016.08.15 16:33:06.624,1.34344,1.34363,1.10,1.00
2016.08.15 16:33:08.187,1.3434,1.34363,2.62,1.00
2016.08.15 16:33:08.247,1.3434,1.34363,1.87,1.00
2016.08.15 16:33:08.460,1.3434,1.34367,1.87,1.00
2016.08.15 16:33:11.509,1.34345,1.34366,1.00,1.00
2016.08.15 16:33:38.601,1.34345,1.34366,1.00,1.50
2016.08.15 16:33:45.117,1.34345,1.34366,1.00,1.50
2016.08.15 16:33:50.740,1.34345,1.34366,1.00,1.50
2016.08.15 16:33:52.443,1.34345,1.34366,1.00,1.50
2016.08.15 16:33:53.565,1.34345,1.34366,1.00,1.50
2016.08.15 16:33:53.666,1.34345,1.34366,1.00,1.50
2016.08.15 16:33:54.352,1.34345,1.34366,1.00,1.50
2016.08.15 16:33:55.053,1.34345,1.34366,1.00,1.50
2016.08.15 16:33:56.858,1.34345,1.34366,1.10,1.50
2016.08.15 16:33:59.099,1.34345,1.34366,1.10,1.00
2016.08.15 16:34:02.280,1.34345,1.34366,1.10,1.00
2016.08.15 16:34:02.637,1.34345,1.34366,1.10,1.00
2016.08.15 16:34:09.097,1.34345,1.34366,1.10,1.50
2016.08.15 16:34:10.492,1.34345,1.34366,1.10,1.50
2016.08.15 16:34:11.533,1.34344,1.34366,1.12,1.00
2016.08.15 16:34:19.592,1.34344,1.34367,1.12,1.50
2016.08.15 16:34:24.772,1.34344,1.34367,1.12,1.50
2016.08.15 16:34:27.323,1.34344,1.34367,1.12,1.50
2016.08.15 16:34:33.320,1.34344,1.34362,1.12,1.00
2016.08.15 16:34:33.371,1.3434,1.34362,1.87,1.00
2016.08.15 16:34:33.422,1.3434,1.3436,1.12,1.00
2016.08.15 16:34:33.473,1.3434,1.3436,1.10,1.00
2016.08.15 16:34:33.524,1.3434,1.34362,1.10,1.00
2016.08.15 16:34:35.430,1.3434,1.3436,1.10,1.00
2016.08.15 16:34:35.481,1.3434,1.3436,1.00,1.00
2016.08.15 16:34:35.532,1.3434,1.34361,1.00,1.00
2016.08.15 16:34:35.583,1.34336,1.34357,1.50,1.00
2016.08.15 16:34:35.634,1.34336,1.34357,1.50,1.00
2016.08.15 16:34:35.785,1.34336,1.34357,1.10,1.00
2016.08.15 16:34:37.355,1.34336,1.34357,1.10,1.00
2016.08.15 16:34:37.457,1.34336,1.34357,1.00,1.00
2016.08.15 16:34:37.930,1.34336,1.34357,1.00,1.00
2016.08.15 16:34:42.625,1.34342,1.34357,1.00,1.00
2016.08.15 16:34:42.675,1.34344,1.34364,1.00,2.40
2016.08.15 16:34:42.726,1.34345,1.34365,1.00,1.65
2016.08.15 16:34:42.777,1.34346,1.34368,1.00,2.40
2016.08.15 16:34:42.828,1.34346,1.34368,1.00,1.25
2016.08.15 16:34:44.264,1.34346,1.34366,1.00,1.15
2016.08.15 16:34:44.864,1.34346,1.34365,1.00,1.15
2016.08.15 16:34:45.686,1.34346,1.34363,1.00,1.00
2016.08.15 16:35:27.492,1.34346,1.34363,1.50,1.00
2016.08.15 16:35:32.658,1.34346,1.34363,1.00,1.00
2016.08.15 16:35:45.700,1.34346,1.34365,1.00,1.00
2016.08.15 16:35:46.348,1.34344,1.34365,1.12,1.00
2016.08.15 16:35:46.449,1.34344,1.34365,1.12,1.00
2016.08.15 16:35:46.550,1.34344,1.34365,1.12,1.00
2016.08.15 16:36:16.556,1.34344,1.34365,1.12,1.00
2016.08.15 16:36:20.863,1.34344,1.34365,1.12,1.00
2016.08.15 16:36:24.774,1.34344,1.34365,1.12,1.00
2016.08.15 16:36:31.384,1.34344,1.34365,1.12,1.00
2016.08.15 16:36:32.725,1.34341,1.34366,1.12,1.00
2016.08.15 16:36:36.398,1.34341,1.34367,1.12,1.00
2016.08.15 16:36:37.018,1.34343,1.34366,1.12,1.00
2016.08.15 16:36:46.391,1.34343,1.34366,1.12,1.50
2016.08.15 16:36:56.621,1.34343,1.34366,1.12,1.00
2016.08.15 16:37:16.998,1.34343,1.34366,1.12,1.50
2016.08.15 16:37:27.493,1.34343,1.34366,1.12,1.00
2016.08.15 16:37:28.367,1.34343,1.34366,1.50,1.00
2016.08.15 16:37:37.493,1.34343,1.34366,1.50,1.50
2016.08.15 16:37:47.596,1.34343,1.34366,1.50,1.00
2016.08.15 16:37:57.598,1.34343,1.34366,1.50,1.50
2016.08.15 16:38:08.092,1.34343,1.34366,1.50,1.00
2016.08.15 16:38:28.599,1.34343,1.34366,1.50,1.50
2016.08.15 16:38:37.275,1.34344,1.34365,1.12,1.00
2016.08.15 16:38:44.850,1.34344,1.34365,1.12,1.00
2016.08.15 16:38:53.715,1.34344,1.34365,1.12,1.00
2016.08.15 16:38:53.766,1.34344,1.34363,1.12,1.00
2016.08.15 16:39:04.831,1.34344,1.34363,1.12,1.00
2016.08.15 16:39:18.375,1.34344,1.34363,1.10,1.00
2016.08.15 16:39:18.753,1.34344,1.34363,1.10,1.00
2016.08.15 16:39:24.461,1.34344,1.34363,1.10,1.00
2016.08.15 16:39:24.906,1.34344,1.34363,1.10,1.00
2016.08.15 16:39:53.722,1.34344,1.34367,1.10,1.50
2016.08.15 16:40:11.292,1.34344,1.34366,1.10,1.00
2016.08.15 16:40:13.377,1.34344,1.34366,1.12,1.00
2016.08.15 16:40:15.781,1.34341,1.34366,1.75,1.00
2016.08.15 16:40:17.736,1.34345,1.34366,1.10,1.50
2016.08.15 16:40:21.401,1.34345,1.34366,1.10,1.00
2016.08.15 16:40:32.089,1.34345,1.34366,1.10,1.50
2016.08.15 16:40:52.930,1.34345,1.34366,1.10,1.00
2016.08.15 16:41:02.904,1.34345,1.34366,1.10,1.50
2016.08.15 16:41:13.164,1.34345,1.34366,1.10,1.00
2016.08.15 16:41:17.736,1.34341,1.34367,1.75,1.00
2016.08.15 16:41:17.992,1.34344,1.34367,1.12,1.50
2016.08.15 16:41:19.693,1.34344,1.34367,1.12,1.50
2016.08.15 16:41:22.999,1.34344,1.34366,1.12,1.00
2016.08.15 16:41:24.812,1.34344,1.34366,1.12,1.00
2016.08.15 16:41:28.714,1.34344,1.34366,1.12,1.00
2016.08.15 16:41:30.518,1.34344,1.34366,1.12,1.00
2016.08.15 16:41:31.260,1.34344,1.34366,1.12,1.50
2016.08.15 16:41:31.732,1.34344,1.34364,1.12,1.00
2016.08.15 16:41:43.998,1.34344,1.34364,1.12,1.00
2016.08.15 16:42:01.642,1.34344,1.34364,1.12,1.00
2016.08.15 16:42:04.649,1.34344,1.34364,1.12,1.00
2016.08.15 16:42:13.927,1.34344,1.34367,1.12,1.50
2016.08.15 16:42:14.342,1.34344,1.34367,1.12,1.50
2016.08.15 16:42:14.597,1.34344,1.34367,1.12,1.50
2016.08.15 16:42:14.698,1.34344,1.34367,1.12,1.50
2016.08.15 16:42:14.749,1.34344,1.34367,1.12,1.00
2016.08.15 16:42:14.800,1.34348,1.34369,1.00,1.50
2016.08.15 16:42:15.101,1.34359,1.34373,1.20,1.00
2016.08.15 16:42:15.205,1.34359,1.34373,1.12,1.00
2016.08.15 16:42:15.307,1.34359,1.34381,1.12,1.00
2016.08.15 16:42:15.358,1.34359,1.34379,1.12,1.00
2016.08.15 16:42:15.410,1.34359,1.34377,1.12,1.00
2016.08.15 16:42:15.461,1.34359,1.34377,1.12,1.50
2016.08.15 16:42:15.513,1.34357,1.34375,1.00,1.00
2016.08.15 16:42:15.614,1.34357,1.34375,1.00,1.00
2016.08.15 16:42:15.920,1.34353,1.34375,1.10,1.00
2016.08.15 16:42:15.970,1.34353,1.34375,1.10,1.50
2016.08.15 16:42:16.072,1.34353,1.34375,1.00,1.50
2016.08.15 16:42:16.282,1.34353,1.34374,1.00,1.00
2016.08.15 16:42:17.357,1.34353,1.34373,1.00,1.00
2016.08.15 16:42:18.630,1.34351,1.34372,1.87,1.00
2016.08.15 16:42:18.681,1.34351,1.34373,1.12,1.00
2016.08.15 16:42:19.227,1.34351,1.34372,1.10,1.00
2016.08.15 16:42:19.329,1.34349,1.34371,1.50,1.00
2016.08.15 16:42:19.380,1.34349,1.34371,1.12,1.00
2016.08.15 16:42:19.988,1.34349,1.3437,1.12,1.00
2016.08.15 16:42:20.558,1.34349,1.3437,1.00,1.00
2016.08.15 16:42:21.080,1.34349,1.34368,1.00,1.00
2016.08.15 16:42:21.131,1.34348,1.34368,1.10,1.00
2016.08.15 16:42:29.592,1.34348,1.34368,1.10,1.00
2016.08.15 16:42:39.597,1.34348,1.34368,1.10,1.00
2016.08.15 16:42:44.238,1.34348,1.34371,1.10,1.00
2016.08.15 16:42:45.333,1.34348,1.34371,1.10,1.00
2016.08.15 16:42:45.445,1.34348,1.34371,1.10,1.00
2016.08.15 16:42:46.125,1.34349,1.34372,1.00,1.00
2016.08.15 16:42:49.346,1.34349,1.34372,1.00,1.00
2016.08.15 16:42:54.654,1.34349,1.34372,1.10,1.00
2016.08.15 16:42:56.910,1.34349,1.34372,1.10,1.00
2016.08.15 16:42:59.312,1.34349,1.34372,1.10,1.00
2016.08.15 16:43:03.600,1.34349,1.34372,1.10,1.50
2016.08.15 16:43:04.411,1.34349,1.34372,1.10,1.00
2016.08.15 16:43:04.462,1.34349,1.34372,1.10,1.00
2016.08.15 16:43:04.663,1.34349,1.34372,1.10,1.00
2016.08.15 16:43:04.713,1.34349,1.34372,1.57,1.00
2016.08.15 16:43:04.764,1.34349,1.34372,1.57,1.00
2016.08.15 16:43:04.897,1.34349,1.34372,1.57,1.00
2016.08.15 16:43:04.999,1.34349,1.34372,1.57,1.00
2016.08.15 16:43:05.664,1.34349,1.34372,1.57,1.00
2016.08.15 16:43:05.715,1.34349,1.34372,1.10,1.00
2016.08.15 16:43:05.766,1.34349,1.34372,1.10,1.00
2016.08.15 16:43:05.952,1.34349,1.34372,1.57,1.00
2016.08.15 16:43:06.002,1.34352,1.34372,1.10,1.00
2016.08.15 16:43:06.053,1.34352,1.34372,1.57,1.00
2016.08.15 16:43:06.104,1.34357,1.34375,1.00,1.00
2016.08.15 16:43:06.155,1.34357,1.3438,1.00,1.50
2016.08.15 16:43:06.206,1.3436,1.34383,1.10,1.50
2016.08.15 16:43:06.307,1.3436,1.34383,1.10,1.50
2016.08.15 16:43:06.575,1.3436,1.34383,1.50,2.25
2016.08.15 16:43:07.110,1.3436,1.34383,1.50,3.00
2016.08.15 16:43:07.161,1.3436,1.34383,1.50,2.25
2016.08.15 16:43:07.304,1.3436,1.34381,1.50,1.00
2016.08.15 16:43:08.096,1.3436,1.3438,1.50,1.00
2016.08.15 16:43:09.065,1.3436,1.3438,1.12,1.00
2016.08.15 16:43:11.115,1.3436,1.3438,1.12,1.00
2016.08.15 16:43:18.017,1.3436,1.34381,1.12,1.00
2016.08.15 16:43:18.313,1.34362,1.34383,1.00,1.50
2016.08.15 16:43:18.395,1.34362,1.34383,1.00,1.50
2016.08.15 16:43:19.288,1.34362,1.34383,1.00,2.25
2016.08.15 16:43:19.628,1.34362,1.34383,1.00,1.50
2016.08.15 16:43:22.551,1.34362,1.34383,1.00,1.00
2016.08.15 16:43:23.051,1.34362,1.34383,1.10,1.00
2016.08.15 16:43:24.240,1.34362,1.34383,1.10,1.00
2016.08.15 16:43:24.794,1.34362,1.34383,1.10,1.00
2016.08.15 16:43:25.411,1.34362,1.34383,1.10,1.00
2016.08.15 16:43:25.513,1.34362,1.34383,1.10,1.00
2016.08.15 16:43:26.214,1.34362,1.34383,1.10,1.50
2016.08.15 16:43:27.326,1.34362,1.34383,1.00,1.00
2016.08.15 16:43:27.494,1.34362,1.34383,1.00,1.50
2016.08.15 16:43:27.893,1.34362,1.34381,1.00,1.00
2016.08.15 16:43:28.096,1.34362,1.34383,1.00,1.50
2016.08.15 16:43:28.198,1.34362,1.34382,1.00,1.00
2016.08.15 16:43:30.604,1.34362,1.34383,1.00,1.50
2016.08.15 16:43:31.192,1.34361,1.34382,1.10,1.00
2016.08.15 16:43:31.242,1.34361,1.34382,1.10,1.00
2016.08.15 16:43:37.112,1.34361,1.34382,1.10,1.00
2016.08.15 16:43:37.314,1.34361,1.34382,1.10,1.00
2016.08.15 16:43:46.166,1.34361,1.34382,1.10,1.00
2016.08.15 16:43:47.358,1.34361,1.34382,1.10,1.00
2016.08.15 16:43:48.519,1.34361,1.34382,1.10,1.50
2016.08.15 16:43:55.469,1.34361,1.34381,1.10,1.00
2016.08.15 16:44:01.253,1.3436,1.34381,1.12,1.50
2016.08.15 16:44:02.444,1.3436,1.34381,1.12,1.00
2016.08.15 16:44:08.678,1.3436,1.34381,1.12,1.00
2016.08.15 16:44:09.881,1.3436,1.34381,1.12,1.00
2016.08.15 16:44:10.087,1.3436,1.34381,1.12,1.00
2016.08.15 16:44:16.256,1.34361,1.34384,1.10,1.57
2016.08.15 16:44:17.247,1.34361,1.34384,1.10,2.32
2016.08.15 16:44:18.201,1.34361,1.34384,1.10,1.57
2016.08.15 16:44:19.592,1.34361,1.34384,1.10,2.32
2016.08.15 16:44:19.706,1.34361,1.34384,1.10,1.57
2016.08.15 16:44:19.757,1.34364,1.34384,1.00,1.57
2016.08.15 16:44:19.823,1.34372,1.3439,1.50,1.00
2016.08.15 16:44:19.874,1.34379,1.3439,1.00,1.00
2016.08.15 16:44:19.925,1.3438,1.34395,1.37,1.00
2016.08.15 16:44:19.976,1.34383,1.34395,1.00,1.00
2016.08.15 16:44:20.027,1.34384,1.34406,1.12,1.00
2016.08.15 16:44:20.077,1.34389,1.3441,1.00,2.25
2016.08.15 16:44:20.128,1.34389,1.3441,1.12,1.00
2016.08.15 16:44:20.179,1.34389,1.3441,1.12,1.00
2016.08.15 16:44:20.282,1.34391,1.34412,1.00,1.00
2016.08.15 16:44:20.383,1.34391,1.34413,1.10,1.00
2016.08.15 16:44:21.126,1.34391,1.34413,1.10,1.00
2016.08.15 16:44:21.309,1.34391,1.34413,1.10,1.00
2016.08.15 16:44:21.461,1.34391,1.34412,1.10,1.00
2016.08.15 16:44:21.512,1.34391,1.34414,1.10,1.50
2016.08.15 16:44:21.614,1.34391,1.34414,1.10,1.00
2016.08.15 16:44:22.889,1.34391,1.34414,1.10,1.50
2016.08.15 16:44:24.017,1.34391,1.34414,1.10,1.00
2016.08.15 16:44:24.068,1.34391,1.34414,1.10,1.00
2016.08.15 16:44:24.355,1.34391,1.34414,1.10,1.50
2016.08.15 16:44:25.120,1.34391,1.34413,1.10,1.00
2016.08.15 16:44:25.221,1.34391,1.34413,1.10,1.00
2016.08.15 16:44:26.255,1.34391,1.34414,1.10,1.57
2016.08.15 16:44:26.767,1.34391,1.34414,1.10,1.57
2016.08.15 16:44:27.336,1.34391,1.34414,1.10,1.57
2016.08.15 16:44:27.387,1.34391,1.34414,1.10,1.10
2016.08.15 16:44:29.080,1.34391,1.34414,1.10,1.57
2016.08.15 16:44:29.684,1.34391,1.34414,1.87,1.00
2016.08.15 16:44:30.284,1.34391,1.34414,1.87,1.00
2016.08.15 16:44:30.335,1.34391,1.34414,1.12,1.00
2016.08.15 16:44:30.900,1.34391,1.34414,1.12,1.00
2016.08.15 16:44:31.002,1.34391,1.34414,1.12,1.50
2016.08.15 16:44:31.103,1.34391,1.34414,1.12,1.00
2016.08.15 16:44:31.204,1.34391,1.34414,1.12,1.00
2016.08.15 16:44:31.306,1.34394,1.34415,1.00,1.57
2016.08.15 16:44:31.408,1.34394,1.34415,1.00,1.50
2016.08.15 16:44:31.983,1.34394,1.34415,1.00,1.00
2016.08.15 16:44:32.933,1.34394,1.34415,1.00,1.50
2016.08.15 16:44:33.086,1.34394,1.34415,1.00,1.00
2016.08.15 16:44:33.500,1.34395,1.34415,1.00,1.00
2016.08.15 16:44:33.551,1.34395,1.34416,1.00,1.00
2016.08.15 16:44:33.602,1.34395,1.34416,1.00,1.50
2016.08.15 16:44:33.703,1.34392,1.34412,1.10,1.00
2016.08.15 16:44:34.044,1.34392,1.34412,1.00,1.00
2016.08.15 16:44:36.915,1.3439,1.34413,1.50,1.50
2016.08.15 16:44:36.966,1.3439,1.34413,1.12,1.50
2016.08.15 16:44:37.017,1.3439,1.34412,1.10,1.00
2016.08.15 16:44:37.127,1.3439,1.34412,1.20,1.00
2016.08.15 16:44:38.088,1.3439,1.34412,1.12,1.10
2016.08.15 16:44:38.139,1.3439,1.34413,1.12,1.87
2016.08.15 16:44:38.938,1.3439,1.34413,1.12,2.62
2016.08.15 16:44:39.039,1.3439,1.34411,1.12,1.00
2016.08.15 16:44:44.162,1.3439,1.34411,1.12,1.00
2016.08.15 16:44:44.212,1.3439,1.34411,1.00,1.00
2016.08.15 16:44:46.300,1.34388,1.34411,1.50,1.50
2016.08.15 16:44:49.010,1.34388,1.3441,1.50,1.00
2016.08.15 16:44:54.392,1.34388,1.3441,2.25,1.00
2016.08.15 16:44:54.920,1.34388,1.34411,2.25,1.50
2016.08.15 16:44:56.022,1.34388,1.3441,2.25,1.00
2016.08.15 16:44:59.125,1.34388,1.34411,2.25,1.00
2016.08.15 16:45:04.991,1.34388,1.34411,2.25,1.50
2016.08.15 16:45:14.067,1.34388,1.34411,2.25,1.00
2016.08.15 16:45:17.274,1.34388,1.34411,2.62,1.00
2016.08.15 16:45:24.252,1.34388,1.3441,2.62,1.00
2016.08.15 16:45:24.997,1.34388,1.3441,1.87,1.00
2016.08.15 16:45:26.871,1.34388,1.3441,1.50,1.00
2016.08.15 16:45:26.922,1.34388,1.34411,1.50,1.00
2016.08.15 16:45:27.804,1.34388,1.34411,1.87,1.00
2016.08.15 16:45:28.216,1.34388,1.34411,1.50,1.00
2016.08.15 16:45:28.348,1.34389,1.34411,1.10,1.00
2016.08.15 16:45:33.331,1.34389,1.34411,1.00,1.00
2016.08.15 16:45:33.707,1.34389,1.34411,1.00,1.50
2016.08.15 16:45:36.853,1.34388,1.34411,1.85,1.00
2016.08.15 16:45:45.276,1.34388,1.34411,2.32,1.00
2016.08.15 16:45:46.518,1.34391,1.34412,1.00,1.50
2016.08.15 16:46:01.096,1.34391,1.34412,1.00,2.25
2016.08.15 16:46:01.149,1.34386,1.34407,1.00,1.50
2016.08.15 16:46:01.200,1.34386,1.34407,1.00,1.50
2016.08.15 16:46:01.251,1.34386,1.34407,1.00,1.57
2016.08.15 16:46:01.352,1.34386,1.34405,1.00,1.00
2016.08.15 16:46:02.324,1.34382,1.34405,1.00,1.00
2016.08.15 16:46:02.426,1.34382,1.34404,1.00,1.00
2016.08.15 16:46:03.137,1.34382,1.34403,1.00,1.00
2016.08.15 16:46:19.169,1.34382,1.34402,1.00,1.00
2016.08.15 16:46:19.220,1.34382,1.34402,1.00,1.50
2016.08.15 16:46:19.271,1.34379,1.34398,1.20,1.00
2016.08.15 16:46:19.899,1.34371,1.34392,1.12,1.00
2016.08.15 16:46:19.949,1.34371,1.34392,1.10,1.00
2016.08.15 16:46:20.051,1.34371,1.34392,1.00,1.00
2016.08.15 16:46:20.304,1.34371,1.34392,1.00,1.12
2016.08.15 16:46:21.990,1.34368,1.3439,1.10,1.00
2016.08.15 16:46:22.041,1.34368,1.3439,1.00,1.10
2016.08.15 16:46:22.092,1.34366,1.34387,1.12,1.00
2016.08.15 16:46:22.143,1.34366,1.34387,1.00,1.00
2016.08.15 16:46:22.587,1.34363,1.34386,1.10,1.57
2016.08.15 16:46:24.289,1.34363,1.34385,1.10,1.00
2016.08.15 16:46:26.321,1.34363,1.34385,1.10,1.00
2016.08.15 16:46:26.422,1.34363,1.34385,1.00,1.10
2016.08.15 16:46:30.727,1.34363,1.34385,3.00,1.10
2016.08.15 16:46:30.778,1.34366,1.34389,1.00,2.25
2016.08.15 16:46:30.829,1.34373,1.34392,2.62,1.57
2016.08.15 16:46:30.880,1.34378,1.34393,1.00,1.12
2016.08.15 16:46:30.930,1.34378,1.34401,1.00,1.75
2016.08.15 16:46:30.981,1.34377,1.34398,1.12,1.00
2016.08.15 16:46:31.032,1.34377,1.34398,1.12,1.00
2016.08.15 16:46:31.084,1.34377,1.34398,1.00,1.50
2016.08.15 16:46:31.186,1.34377,1.34398,1.00,1.50
2016.08.15 16:46:31.288,1.34377,1.34397,1.00,1.00
2016.08.15 16:46:31.575,1.34375,1.34396,1.00,1.00
2016.08.15 16:46:39.395,1.34372,1.34395,1.12,1.50
2016.08.15 16:46:39.497,1.34372,1.34394,1.12,1.00
2016.08.15 16:46:39.548,1.34372,1.34394,1.10,1.00
2016.08.15 16:46:40.918,1.34372,1.34395,1.10,1.10
2016.08.15 16:46:41.019,1.34372,1.34395,1.10,1.57
2016.08.15 16:46:42.016,1.34371,1.34392,1.12,1.00
2016.08.15 16:46:46.607,1.34371,1.34394,1.12,1.50
2016.08.15 16:46:52.524,1.34371,1.34394,1.00,1.00
2016.08.15 16:46:52.601,1.34371,1.34394,1.00,1.50
2016.08.15 16:46:53.402,1.34371,1.34394,1.00,1.00
2016.08.15 16:46:53.504,1.34371,1.34392,1.00,1.00
2016.08.15 16:46:56.708,1.34371,1.34394,1.00,1.50
2016.08.15 16:46:58.124,1.34371,1.34392,1.00,1.00
2016.08.15 16:46:58.818,1.34371,1.34393,1.00,1.00
2016.08.15 16:47:01.412,1.34371,1.34394,1.00,1.00
2016.08.15 16:47:01.513,1.34371,1.34393,1.00,1.00
2016.08.15 16:47:02.732,1.34371,1.34392,1.00,1.00
2016.08.15 16:47:38.682,1.34371,1.34392,1.00,1.50
2016.08.15 16:47:45.901,1.34371,1.34392,1.00,1.00
2016.08.15 16:47:46.704,1.34371,1.34394,1.00,1.50
2016.08.15 16:47:48.651,1.34373,1.34394,1.00,1.50
2016.08.15 16:47:48.703,1.34379,1.34401,1.00,1.75
2016.08.15 16:47:48.772,1.34379,1.34402,1.00,1.12
2016.08.15 16:47:49.952,1.34379,1.34402,1.00,1.12
2016.08.15 16:47:50.003,1.34378,1.344,1.20,1.00
2016.08.15 16:47:50.054,1.34377,1.34398,1.50,1.00
2016.08.15 16:47:50.104,1.34376,1.34397,1.12,1.50
2016.08.15 16:47:50.155,1.34374,1.34397,1.87,1.50
2016.08.15 16:47:52.229,1.34374,1.34397,1.57,1.57
2016.08.15 16:47:56.613,1.34378,1.34397,1.00,1.10
2016.08.15 16:47:56.714,1.34381,1.34397,1.00,1.10
2016.08.15 16:47:56.765,1.34381,1.34397,1.75,1.00
2016.08.15 16:47:56.816,1.34389,1.34403,1.00,2.25
2016.08.15 16:47:57.327,1.34395,1.34414,1.50,3.00
2016.08.15 16:47:57.378,1.34397,1.34419,1.00,1.00
2016.08.15 16:47:57.874,1.34397,1.34419,1.00,1.00
2016.08.15 16:47:57.976,1.34397,1.34419,1.00,1.00
2016.08.15 16:47:58.027,1.34399,1.34421,1.00,1.87
2016.08.15 16:47:58.078,1.34399,1.34421,1.00,1.00
2016.08.15 16:47:58.180,1.34399,1.3442,1.00,1.10
2016.08.15 16:47:58.231,1.34399,1.34418,1.00,1.00
2016.08.15 16:47:58.282,1.34399,1.34418,1.00,1.00
2016.08.15 16:47:58.730,1.34399,1.34416,1.00,1.00
2016.08.15 16:47:59.294,1.34399,1.34415,1.00,1.00
2016.08.15 16:48:00.574,1.34395,1.34415,1.00,1.00
2016.08.15 16:48:10.625,1.34395,1.34412,1.00,1.00
2016.08.15 16:48:10.676,1.3439,1.34412,1.00,1.00
2016.08.15 16:48:10.727,1.3439,1.34411,1.00,1.10
2016.08.15 16:48:11.031,1.3439,1.34411,1.00,1.10
2016.08.15 16:48:11.132,1.3439,1.34413,1.00,1.50
2016.08.15 16:48:11.183,1.3439,1.34413,1.00,1.75
2016.08.15 16:48:11.285,1.3439,1.34413,1.00,1.10
2016.08.15 16:48:11.335,1.3439,1.34413,1.00,1.10
2016.08.15 16:48:13.095,1.3439,1.34413,1.00,1.10
2016.08.15 16:48:44.471,1.3439,1.34413,1.00,1.57
2016.08.15 16:48:45.148,1.3439,1.34412,1.00,1.00
2016.08.15 16:48:47.082,1.34389,1.34412,1.00,1.50
2016.08.15 16:48:49.654,1.34389,1.34412,1.00,1.50
2016.08.15 16:48:51.632,1.34389,1.34412,1.00,1.00
2016.08.15 16:49:07.027,1.34389,1.34412,1.10,1.10
2016.08.15 16:49:32.598,1.34389,1.34412,1.57,1.10
2016.08.15 16:49:39.815,1.34389,1.34412,1.57,1.57
2016.08.15 16:49:43.758,1.34389,1.34412,1.10,1.57
2016.08.15 16:49:47.284,1.34388,1.34412,1.12,1.10
2016.08.15 16:49:50.243,1.34389,1.34412,1.10,1.57
2016.08.15 16:49:50.506,1.34389,1.34412,1.57,1.57
2016.08.15 16:49:53.990,1.34389,1.34412,1.10,1.57
2016.08.15 16:49:54.040,1.34389,1.34412,1.10,1.10
2016.08.15 16:49:54.282,1.34392,1.34413,1.00,1.12
2016.08.15 16:49:54.333,1.34395,1.34413,1.00,1.00
2016.08.15 16:49:54.384,1.34395,1.34413,1.00,1.00
2016.08.15 16:50:17.066,1.34392,1.34413,1.12,1.00
2016.08.15 16:50:54.283,1.34392,1.34415,1.12,1.00
2016.08.15 16:51:12.784,1.34392,1.34415,1.10,1.10
2016.08.15 16:51:17.345,1.3439,1.34419,1.50,1.12
2016.08.15 16:51:19.082,1.34389,1.34419,1.75,1.12
2016.08.15 16:51:19.132,1.34389,1.34419,1.75,1.12
2016.08.15 16:51:19.183,1.34389,1.34415,1.75,1.10
2016.08.15 16:51:20.531,1.34391,1.34414,1.12,1.00
2016.08.15 16:51:21.907,1.34391,1.34414,1.12,1.00
2016.08.15 16:51:21.958,1.34391,1.34411,1.12,1.00
2016.08.15 16:51:23.196,1.34391,1.34409,1.12,1.00
2016.08.15 16:51:24.821,1.34391,1.34409,1.12,1.00
2016.08.15 16:51:30.236,1.34391,1.34409,1.12,1.00
2016.08.15 16:51:30.437,1.34391,1.34414,1.12,1.00
2016.08.15 16:51:31.923,1.34391,1.34413,1.12,1.00
2016.08.15 16:51:36.448,1.34391,1.34413,1.12,1.00
2016.08.15 16:51:37.149,1.34391,1.34413,1.12,1.00
2016.08.15 16:51:45.724,1.34391,1.34412,1.12,1.00
2016.08.15 16:51:46.123,1.34391,1.34414,1.12,1.50
2016.08.15 16:51:49.543,1.34391,1.34412,1.12,1.00
2016.08.15 16:51:49.595,1.3439,1.3441,1.50,1.00
2016.08.15 16:51:49.645,1.3439,1.3441,1.00,1.00
2016.08.15 16:51:49.697,1.3439,1.3441,1.00,1.00
2016.08.15 16:51:49.904,1.3439,1.34406,1.00,1.00
2016.08.15 16:51:50.006,1.34385,1.34409,1.12,1.00
2016.08.15 16:51:50.057,1.34385,1.34409,1.00,1.10
2016.08.15 16:51:50.108,1.3439,1.3441,1.00,1.12
2016.08.15 16:51:50.209,1.34386,1.34408,3.00,1.00
2016.08.15 16:51:50.260,1.34385,1.34408,2.25,1.00
2016.08.15 16:51:50.542,1.3439,1.34411,1.00,1.00
2016.08.15 16:51:51.517,1.3439,1.34411,1.00,1.00
2016.08.15 16:51:52.305,1.3439,1.34411,1.00,1.00
2016.08.15 16:51:52.812,1.3439,1.34411,1.00,1.00
2016.08.15 16:52:01.427,1.3439,1.34411,1.00,1.00
2016.08.15 16:52:02.404,1.3439,1.34411,1.00,1.00
2016.08.15 16:52:04.797,1.3439,1.34411,1.00,1.00
2016.08.15 16:52:05.554,1.3439,1.34411,1.00,1.50
2016.08.15 16:52:06.823,1.3439,1.34409,1.00,1.00
2016.08.15 16:52:07.598,1.3439,1.34409,1.00,1.00
2016.08.15 16:52:16.123,1.3439,1.34411,1.00,1.00
2016.08.15 16:52:20.620,1.3439,1.34411,1.00,1.00
2016.08.15 16:52:32.223,1.34389,1.34414,1.10,3.00
2016.08.15 16:52:45.854,1.34389,1.34414,1.00,2.62
2016.08.15 16:53:18.192,1.34389,1.34414,1.00,1.87
2016.08.15 16:53:21.370,1.34389,1.34414,1.00,1.12
2016.08.15 16:53:26.639,1.34389,1.34414,1.00,1.87
2016.08.15 16:53:32.352,1.34387,1.34414,1.87,1.12
2016.08.15 16:53:32.403,1.34387,1.34414,2.62,1.87
2016.08.15 16:53:33.904,1.34387,1.34414,2.32,2.25
2016.08.15 16:53:34.144,1.34387,1.34404,1.50,1.00
2016.08.15 16:53:34.194,1.34383,1.344,1.12,1.00
2016.08.15 16:53:34.245,1.3438,1.344,1.00,1.00
2016.08.15 16:53:34.347,1.34378,1.34398,1.00,1.00
2016.08.15 16:53:34.852,1.34378,1.34399,1.00,1.00
2016.08.15 16:53:35.297,1.34378,1.34398,1.00,1.00
2016.08.15 16:53:35.348,1.34373,1.34396,1.75,1.00
2016.08.15 16:53:35.399,1.34373,1.34395,1.75,1.00
2016.08.15 16:53:35.449,1.34368,1.34391,2.25,1.00
2016.08.15 16:53:35.500,1.34368,1.34391,1.75,1.00
2016.08.15 16:53:35.602,1.34368,1.34391,1.50,1.00
2016.08.15 16:53:35.703,1.34368,1.34391,1.10,1.00
2016.08.15 16:53:35.815,1.34368,1.34391,1.00,1.00
2016.08.15 16:53:36.766,1.34366,1.34389,1.10,1.00
2016.08.15 16:53:37.495,1.34366,1.34389,1.10,1.00
2016.08.15 16:53:37.546,1.34364,1.34387,1.12,1.00
2016.08.15 16:53:37.647,1.34362,1.34385,1.50,1.00
2016.08.15 16:53:38.018,1.34362,1.34384,1.00,1.10
2016.08.15 16:53:38.068,1.34359,1.3438,1.50,1.00
2016.08.15 16:53:38.119,1.34359,1.3438,1.10,1.00
2016.08.15 16:53:38.763,1.34359,1.3438,1.10,1.00
2016.08.15 16:54:24.032,1.34359,1.3438,1.10,1.00
2016.08.15 16:54:24.138,1.34359,1.3438,1.10,1.00
2016.08.15 16:54:24.189,1.34361,1.34384,1.00,1.57
2016.08.15 16:54:24.239,1.34361,1.34384,1.00,1.57
2016.08.15 16:54:25.337,1.34361,1.34384,1.00,1.57
2016.08.15 16:54:25.439,1.34361,1.34384,1.00,1.57
2016.08.15 16:54:25.540,1.34361,1.34384,1.10,1.57
2016.08.15 16:54:26.253,1.34361,1.34384,1.10,2.32
2016.08.15 16:54:27.569,1.34361,1.34384,1.10,1.57
2016.08.15 16:54:27.869,1.34361,1.34384,1.10,2.32
2016.08.15 16:54:32.496,1.34361,1.34382,1.10,1.00
2016.08.15 16:54:36.463,1.34361,1.34382,1.10,1.50
2016.08.15 16:54:37.148,1.34361,1.34382,1.10,1.00
2016.08.15 16:55:05.620,1.34361,1.34382,1.10,1.00
2016.08.15 16:55:05.722,1.34361,1.34382,1.10,1.00
2016.08.15 16:55:05.773,1.34365,1.34387,1.00,2.25
2016.08.15 16:55:05.823,1.34365,1.34388,1.00,1.00
2016.08.15 16:55:06.963,1.34365,1.34388,1.00,1.00
2016.08.15 16:55:07.014,1.34365,1.34388,1.00,1.00
2016.08.15 16:55:07.065,1.34368,1.34389,1.00,1.00
2016.08.15 16:55:07.116,1.34368,1.34389,1.00,1.00
2016.08.15 16:55:07.484,1.34369,1.34392,1.00,1.57
2016.08.15 16:55:07.536,1.34369,1.3439,1.00,1.00
2016.08.15 16:55:09.980,1.34369,1.3439,1.10,1.00
2016.08.15 16:55:10.082,1.34366,1.34389,1.75,1.50
2016.08.15 16:55:10.133,1.34366,1.34389,1.12,1.00
2016.08.15 16:55:10.235,1.34366,1.34389,1.12,1.50
2016.08.15 16:55:10.337,1.34366,1.34388,1.10,1.00
2016.08.15 16:55:10.490,1.34364,1.34387,1.50,1.00
2016.08.15 16:55:10.541,1.34364,1.34386,1.10,1.00
2016.08.15 16:55:12.105,1.34364,1.34387,1.10,1.50
2016.08.15 16:55:19.572,1.34361,1.34382,1.10,1.00
2016.08.15 16:55:20.025,1.3436,1.34382,1.12,1.00
2016.08.15 16:55:20.177,1.3436,1.34383,1.12,1.00
2016.08.15 16:55:21.007,1.3436,1.34383,1.12,1.50
2016.08.15 16:55:27.656,1.3436,1.34383,1.12,1.00
2016.08.15 16:55:27.706,1.34359,1.34382,1.12,1.00
2016.08.15 16:55:27.757,1.34359,1.34382,1.12,1.50
2016.08.15 16:55:28.427,1.34359,1.34382,1.12,1.00
2016.08.15 16:55:28.545,1.34361,1.34384,1.00,1.50
2016.08.15 16:55:28.596,1.34361,1.34384,1.00,1.50
2016.08.15 16:55:29.154,1.34361,1.34384,1.00,2.25
2016.08.15 16:55:29.548,1.34361,1.34384,1.00,1.50
2016.08.15 16:55:30.210,1.34361,1.34384,1.00,1.00
2016.08.15 16:55:30.262,1.34361,1.34384,1.10,1.00
2016.08.15 16:55:32.689,1.34361,1.34384,1.10,1.00
2016.08.15 16:55:32.892,1.34361,1.34384,1.50,1.00
2016.08.15 16:55:35.016,1.34363,1.34386,1.10,1.00
2016.08.15 16:55:35.596,1.34363,1.34386,1.10,1.00
2016.08.15 16:55:35.647,1.34364,1.34387,1.00,1.00
2016.08.15 16:55:36.216,1.34365,1.34387,1.00,1.00
2016.08.15 16:55:38.462,1.34365,1.34387,1.00,1.07
2016.08.15 16:55:41.082,1.34365,1.34388,1.00,2.32
2016.08.15 16:55:43.345,1.34365,1.34388,1.00,2.32
2016.08.15 16:55:48.592,1.34365,1.34388,1.00,1.07
2016.08.15 16:55:48.996,1.34365,1.34388,1.00,1.07
2016.08.15 16:55:49.108,1.34365,1.34388,1.00,1.07
2016.08.15 16:55:49.159,1.34365,1.34388,1.00,1.57
2016.08.15 16:55:49.397,1.34365,1.34388,1.00,1.57
2016.08.15 16:55:55.695,1.34365,1.34388,1.00,2.32
2016.08.15 16:56:06.265,1.34365,1.34388,1.00,1.57
2016.08.15 16:56:07.519,1.34365,1.34388,1.00,1.07
2016.08.15 16:56:08.215,1.34365,1.34387,1.00,1.07
2016.08.15 16:56:16.398,1.34365,1.34388,1.00,1.07
2016.08.15 16:56:16.601,1.34365,1.34388,1.00,1.57
2016.08.15 16:56:25.450,1.34365,1.34388,1.00,1.07
2016.08.15 16:56:26.294,1.34365,1.34387,1.00,1.07
2016.08.15 16:56:34.423,1.34365,1.34388,1.00,1.57
2016.08.15 16:56:34.525,1.34365,1.34387,1.00,1.07
2016.08.15 16:56:36.596,1.34361,1.34387,1.75,1.07
2016.08.15 16:56:36.764,1.34361,1.34387,1.75,1.07
2016.08.15 16:56:36.865,1.34361,1.34387,1.75,1.07
2016.08.15 16:56:36.915,1.34359,1.34387,2.62,1.07
2016.08.15 16:56:36.982,1.34366,1.34387,1.00,1.57
2016.08.15 16:56:37.033,1.34366,1.34387,1.00,1.07
2016.08.15 16:56:37.148,1.34366,1.34385,1.00,1.07
2016.08.15 16:56:46.589,1.34366,1.34387,1.00,1.57
2016.08.15 16:56:46.690,1.34366,1.34387,1.00,1.07
2016.08.15 16:56:47.744,1.34366,1.34387,1.00,1.07
2016.08.15 16:56:54.702,1.34366,1.34387,1.00,1.07
2016.08.15 16:56:59.401,1.34366,1.34387,1.00,1.07
2016.08.15 16:57:00.303,1.34366,1.34387,1.00,1.07
2016.08.15 16:57:00.745,1.34366,1.34387,1.00,1.07
2016.08.15 16:57:01.050,1.3437,1.34391,1.00,1.20
2016.08.15 16:57:01.101,1.3437,1.34393,1.10,1.10
2016.08.15 16:57:01.365,1.3437,1.34393,1.10,1.00
2016.08.15 16:57:01.416,1.3437,1.34393,1.10,1.00
2016.08.15 16:57:01.518,1.3437,1.34393,1.10,1.00
2016.08.15 16:57:02.321,1.3437,1.34393,1.10,1.00
2016.08.15 16:57:02.659,1.3437,1.34393,1.00,1.00
2016.08.15 16:57:03.164,1.3437,1.34393,1.00,1.50
2016.08.15 16:57:07.070,1.3437,1.34393,1.00,1.00
2016.08.15 16:57:07.171,1.3437,1.34393,1.00,1.50
2016.08.15 16:57:13.937,1.3437,1.34393,1.00,1.50
2016.08.15 16:57:13.987,1.3437,1.34393,1.00,1.00
2016.08.15 16:57:14.038,1.3437,1.34393,1.00,1.00
2016.08.15 16:57:15.051,1.3437,1.34393,1.12,1.00
2016.08.15 16:57:15.153,1.3437,1.34393,1.12,1.00
2016.08.15 16:57:17.885,1.34372,1.34393,1.00,1.00
2016.08.15 16:57:18.256,1.34372,1.34395,1.10,1.57
2016.08.15 16:57:19.092,1.34372,1.34395,1.10,1.10
2016.08.15 16:57:26.954,1.34372,1.34395,1.10,1.57
2016.08.15 16:57:27.005,1.34372,1.34395,1.10,1.10
2016.08.15 16:57:27.055,1.34372,1.34395,1.10,1.10
2016.08.15 16:57:29.057,1.34372,1.34395,1.10,1.10
2016.08.15 16:57:29.618,1.34372,1.34395,1.12,1.00
2016.08.15 16:57:29.788,1.34372,1.34395,1.12,1.00
2016.08.15 16:57:30.961,1.34377,1.34397,1.00,1.00
2016.08.15 16:57:31.012,1.34377,1.34395,1.00,1.00
2016.08.15 16:57:32.436,1.34377,1.34396,1.00,1.00
2016.08.15 16:57:34.316,1.34377,1.34395,1.00,1.00
2016.08.15 16:57:38.411,1.34375,1.34395,1.10,1.00
2016.08.15 16:57:38.461,1.34375,1.34396,1.10,1.50
2016.08.15 16:57:38.664,1.34375,1.34395,1.10,1.00
2016.08.15 16:57:43.173,1.34375,1.34396,1.10,1.00
2016.08.15 16:57:45.234,1.34374,1.34395,1.12,1.00
2016.08.15 16:57:45.335,1.34376,1.34397,1.10,1.00
2016.08.15 16:57:48.860,1.34376,1.34397,1.10,1.00
2016.08.15 16:57:54.059,1.34376,1.34399,1.10,1.57
2016.08.15 16:57:54.160,1.34376,1.34398,1.10,1.00
2016.08.15 16:57:55.694,1.34376,1.34398,1.10,1.00
2016.08.15 16:57:55.745,1.34376,1.34397,1.10,1.00
2016.08.15 16:57:57.064,1.34376,1.34396,1.10,1.00
2016.08.15 16:57:57.681,1.34376,1.34397,1.10,1.00
2016.08.15 16:57:58.500,1.34376,1.34397,1.10,1.00
2016.08.15 16:58:00.678,1.34376,1.34395,1.10,1.00
2016.08.15 16:58:05.210,1.34376,1.34396,1.10,1.00
2016.08.15 16:58:05.261,1.34376,1.34398,1.10,1.00
2016.08.15 16:58:06.053,1.34376,1.34398,1.10,1.00
2016.08.15 16:58:06.154,1.34376,1.34398,1.10,1.00
2016.08.15 16:58:06.205,1.34376,1.34397,1.10,1.00
2016.08.15 16:58:06.762,1.34376,1.34397,1.10,1.00
2016.08.15 16:58:13.918,1.34376,1.34397,1.10,1.00
2016.08.15 16:58:14.020,1.34376,1.34398,1.10,1.00
2016.08.15 16:58:14.173,1.34376,1.34398,1.12,1.00
2016.08.15 16:58:14.325,1.34376,1.34399,1.12,1.50
2016.08.15 16:58:14.427,1.34376,1.34397,1.12,1.00
2016.08.15 16:58:15.070,1.34376,1.34398,1.12,1.00
2016.08.15 16:58:17.979,1.34378,1.34398,1.00,1.00
2016.08.15 16:58:18.230,1.34378,1.34398,1.00,1.00
2016.08.15 16:58:18.329,1.34378,1.34398,1.00,1.00
2016.08.15 16:58:19.235,1.34378,1.34399,1.00,1.50
2016.08.15 16:58:19.387,1.34378,1.34398,1.00,1.00
2016.08.15 16:58:19.761,1.34378,1.34399,1.00,1.50
2016.08.15 16:58:19.812,1.34378,1.34401,1.00,1.87
2016.08.15 16:58:19.863,1.34378,1.34401,1.12,1.50
2016.08.15 16:58:19.914,1.34378,1.34401,1.12,1.00
2016.08.15 16:58:20.334,1.34378,1.34401,1.12,1.00
2016.08.15 16:58:20.384,1.34378,1.34401,1.12,1.00
2016.08.15 16:58:20.629,1.3438,1.34401,1.00,1.00
2016.08.15 16:58:21.059,1.3438,1.34401,1.00,1.00
2016.08.15 16:58:21.110,1.3438,1.34401,1.50,1.00
2016.08.15 16:58:21.160,1.34381,1.34401,1.00,1.00
2016.08.15 16:58:21.706,1.34388,1.34411,1.10,1.00
2016.08.15 16:58:23.293,1.34388,1.34411,1.10,1.50
2016.08.15 16:58:25.258,1.34388,1.34411,1.10,1.00
2016.08.15 16:58:25.362,1.34388,1.3441,1.10,1.00
2016.08.15 16:58:25.413,1.34388,1.34405,1.10,1.00
2016.08.15 16:58:25.514,1.34385,1.34405,1.12,1.00
2016.08.15 16:58:27.108,1.34385,1.34406,1.12,1.00
2016.08.15 16:58:27.159,1.34385,1.34406,1.10,1.00
2016.08.15 16:58:27.209,1.34385,1.34407,1.10,1.00
2016.08.15 16:58:28.401,1.34385,1.34406,1.10,1.00
2016.08.15 16:58:30.203,1.34385,1.34407,1.10,1.00
2016.08.15 16:58:36.310,1.34385,1.34408,1.10,1.57
2016.08.15 16:58:37.750,1.34385,1.34408,1.10,1.57
2016.08.15 16:58:41.002,1.34385,1.34408,1.10,1.57
2016.08.15 16:58:45.325,1.34385,1.34406,1.10,1.00
2016.08.15 16:58:48.010,1.34384,1.34406,1.12,1.00
2016.08.15 16:58:51.731,1.34384,1.34407,1.12,1.50
2016.08.15 16:58:51.867,1.34384,1.34407,1.10,1.57
2016.08.15 16:58:56.518,1.34384,1.34406,1.10,1.00
2016.08.15 16:58:57.038,1.34384,1.34404,1.10,1.00
2016.08.15 16:58:57.340,1.34382,1.34405,1.50,1.00
2016.08.15 16:58:57.543,1.34382,1.34405,1.50,1.00
2016.08.15 16:58:58.244,1.34382,1.34404,1.50,1.00
2016.08.15 16:59:00.543,1.34382,1.34405,1.50,1.00
2016.08.15 16:59:00.809,1.34382,1.34405,1.00,1.00
2016.08.15 16:59:01.305,1.34382,1.34405,1.00,1.50
2016.08.15 16:59:01.753,1.34382,1.34403,1.00,1.00
2016.08.15 16:59:02.456,1.34382,1.34404,1.00,1.00
2016.08.15 16:59:03.018,1.34382,1.34404,1.00,1.00
2016.08.15 16:59:03.069,1.3438,1.34403,1.12,1.00
2016.08.15 16:59:10.538,1.3438,1.34403,1.12,1.00
2016.08.15 16:59:11.139,1.3438,1.34403,1.12,1.00
2016.08.15 16:59:11.940,1.3438,1.34403,1.12,1.00
2016.08.15 16:59:12.804,1.3438,1.34403,1.12,1.00
2016.08.15 16:59:13.501,1.34378,1.34397,1.12,1.50
2016.08.15 16:59:13.552,1.34377,1.34397,1.75,1.69
2016.08.15 16:59:13.815,1.34377,1.34395,1.00,1.00
2016.08.15 16:59:13.866,1.34374,1.34395,1.00,1.00
2016.08.15 16:59:13.993,1.34374,1.34396,1.00,1.00
2016.08.15 16:59:14.044,1.34374,1.34396,1.00,1.00
2016.08.15 16:59:14.146,1.34374,1.34395,1.00,1.00
2016.08.15 16:59:14.196,1.34371,1.34392,1.50,1.00
2016.08.15 16:59:14.247,1.34371,1.34392,1.50,1.00
2016.08.15 16:59:14.349,1.34371,1.34392,1.00,1.00
2016.08.15 16:59:14.450,1.34371,1.34392,1.00,1.10
2016.08.15 16:59:16.460,1.34371,1.34392,1.00,1.57
2016.08.15 16:59:16.682,1.34369,1.3439,1.10,1.00
2016.08.15 16:59:16.734,1.34369,1.3439,1.00,1.00
2016.08.15 16:59:17.695,1.34369,1.3439,1.00,1.00
2016.08.15 16:59:18.105,1.34367,1.3439,1.12,1.00
2016.08.15 16:59:18.206,1.34367,1.3439,1.12,1.50
2016.08.15 16:59:18.307,1.34367,1.3439,1.12,1.00
2016.08.15 16:59:25.716,1.34365,1.34386,1.75,1.00
2016.08.15 16:59:25.767,1.34365,1.34386,1.12,1.00
2016.08.15 16:59:26.083,1.34365,1.34386,1.12,1.00
2016.08.15 16:59:26.235,1.34365,1.34386,1.00,1.50
2016.08.15 16:59:26.286,1.34362,1.34385,1.50,1.00
2016.08.15 16:59:26.336,1.34362,1.34385,1.50,1.50
2016.08.15 16:59:26.387,1.34362,1.34385,1.50,1.50
2016.08.15 16:59:26.438,1.34362,1.34381,1.50,1.00
2016.08.15 16:59:26.539,1.34362,1.34382,1.10,1.00
2016.08.15 16:59:27.069,1.34362,1.34383,1.10,1.00
2016.08.15 16:59:27.120,1.34362,1.34383,1.10,1.00
2016.08.15 16:59:27.627,1.34362,1.34384,1.10,1.00
2016.08.15 16:59:28.222,1.34362,1.34383,1.10,1.00
2016.08.15 16:59:28.320,1.34362,1.34383,1.10,1.00
2016.08.15 16:59:28.376,1.34362,1.34383,1.10,1.00
2016.08.15 16:59:28.497,1.34362,1.34384,1.10,1.00
2016.08.15 16:59:28.630,1.34359,1.34382,1.75,1.00
2016.08.15 16:59:28.681,1.34359,1.34382,1.75,1.00
2016.08.15 16:59:28.777,1.34361,1.34382,1.12,1.50
2016.08.15 16:59:28.828,1.34361,1.34382,1.10,1.50
2016.08.15 16:59:30.134,1.34361,1.34382,1.10,1.00
2016.08.15 16:59:33.087,1.3436,1.34381,1.12,1.00
2016.08.15 16:59:40.041,1.3436,1.34381,1.12,1.50
2016.08.15 16:59:43.050,1.3436,1.34381,1.12,1.00
2016.08.15 16:59:50.515,1.34358,1.34381,1.75,1.00
2016.08.15 16:59:58.040,1.34358,1.34381,1.75,1.50
