2014.09.10 23:00:01.590,1.26273,1.26324,1.12,1.62
2014.09.10 23:00:03.331,1.26273,1.26324,1.00,1.37
2014.09.10 23:00:03.432,1.26274,1.26334,1.37,1.12
2014.09.10 23:00:03.533,1.26275,1.26344,1.37,1.37
2014.09.10 23:00:03.736,1.26289,1.26354,1.00,1.56
2014.09.10 23:00:04.045,1.26303,1.26354,1.00,1.19
2014.09.10 23:00:04.197,1.26303,1.26355,1.00,1.69
2014.09.10 23:00:04.830,1.26311,1.26355,1.00,1.69
2014.09.10 23:00:05.337,1.26311,1.26355,1.00,1.00
2014.09.10 23:00:05.876,1.26316,1.26355,1.00,1.00
2014.09.10 23:00:06.895,1.26317,1.26355,1.00,1.00
2014.09.10 23:00:08.832,1.26314,1.26355,1.00,1.00
2014.09.10 23:00:09.582,1.26315,1.26355,1.00,1.25
2014.09.10 23:00:17.848,1.26313,1.26355,1.00,1.00
2014.09.10 23:00:18.861,1.26314,1.26355,1.00,1.00
2014.09.10 23:00:19.520,1.26314,1.26355,1.00,1.69
2014.09.10 23:00:30.071,1.26314,1.26355,1.00,1.00
2014.09.10 23:00:30.172,1.26315,1.26359,1.00,1.69
2014.09.10 23:00:31.172,1.26317,1.26359,1.00,1.25
2014.09.10 23:00:32.188,1.26317,1.26359,1.00,1.69
2014.09.10 23:00:34.160,1.26315,1.26359,1.00,1.69
2014.09.10 23:00:34.687,1.26315,1.26358,1.00,1.19
2014.09.10 23:00:35.188,1.26314,1.26358,1.00,1.19
2014.09.10 23:00:36.465,1.26314,1.26355,1.00,1.00
2014.09.10 23:00:37.189,1.26312,1.26355,1.37,1.00
2014.09.10 23:00:38.145,1.26312,1.26355,1.00,1.25
2014.09.10 23:00:38.489,1.26312,1.26354,1.00,1.19
2014.09.10 23:00:39.251,1.26311,1.26354,1.00,1.19
2014.09.10 23:00:40.216,1.26311,1.26353,1.00,1.19
2014.09.10 23:00:42.123,1.26309,1.26353,1.37,1.19
2014.09.10 23:00:42.907,1.26309,1.26352,1.00,1.19
2014.09.10 23:00:43.481,1.2631,1.26352,1.00,1.19
2014.09.10 23:00:44.134,1.26309,1.26352,1.00,1.19
2014.09.10 23:00:44.638,1.2631,1.26353,1.00,1.19
2014.09.10 23:00:45.142,1.26309,1.26353,1.00,1.19
2014.09.10 23:00:46.211,1.26309,1.26351,1.00,1.19
2014.09.10 23:00:48.218,1.26308,1.26353,1.00,1.19
2014.09.10 23:00:49.196,1.26308,1.26351,1.00,1.19
2014.09.10 23:00:49.762,1.26309,1.26351,1.00,1.19
2014.09.10 23:00:51.249,1.26309,1.26353,1.00,1.19
2014.09.10 23:00:51.813,1.26308,1.26353,1.00,1.19
2014.09.10 23:00:52.148,1.2631,1.26353,1.00,1.19
2014.09.10 23:00:52.937,1.26309,1.26353,1.00,1.19
2014.09.10 23:00:53.756,1.26308,1.26352,1.00,1.19
2014.09.10 23:01:00.471,1.2631,1.26352,1.00,1.19
2014.09.10 23:01:03.218,1.26308,1.26352,1.00,1.19
2014.09.10 23:01:04.239,1.2631,1.26353,1.00,1.19
2014.09.10 23:01:05.277,1.2631,1.26352,1.00,1.19
2014.09.10 23:01:06.236,1.2631,1.26352,1.00,1.25
2014.09.10 23:01:06.931,1.26312,1.26352,1.00,1.25
2014.09.10 23:01:07.438,1.26311,1.26353,1.00,1.19
2014.09.10 23:01:08.151,1.26312,1.26353,1.00,1.19
2014.09.10 23:01:08.797,1.26312,1.26351,1.00,1.19
2014.09.10 23:01:09.164,1.2631,1.26351,1.00,1.19
2014.09.10 23:01:09.818,1.2631,1.26352,1.00,1.19
2014.09.10 23:01:10.171,1.26312,1.26352,1.00,1.19
2014.09.10 23:01:11.186,1.2631,1.26352,1.00,1.19
2014.09.10 23:01:11.757,1.2631,1.26353,1.00,1.19
2014.09.10 23:01:12.190,1.26312,1.26353,1.00,1.19
2014.09.10 23:01:16.264,1.26312,1.26352,1.00,1.19
2014.09.10 23:01:17.227,1.26312,1.26353,1.00,1.19
2014.09.10 23:01:19.231,1.26312,1.26355,1.00,1.69
2014.09.10 23:01:20.210,1.26313,1.26355,1.00,1.69
2014.09.10 23:01:21.239,1.26312,1.26354,1.00,1.19
2014.09.10 23:01:22.254,1.26312,1.26355,1.00,1.69
2014.09.10 23:01:28.039,1.26314,1.26354,1.00,1.25
2014.09.10 23:01:28.999,1.26314,1.26354,1.00,1.69
2014.09.10 23:01:31.088,1.26314,1.26354,1.12,1.25
2014.09.10 23:01:39.023,1.26316,1.26354,1.00,1.00
2014.09.10 23:01:39.883,1.26314,1.26354,1.12,1.00
2014.09.10 23:01:40.897,1.26316,1.26354,1.00,1.00
2014.09.10 23:01:50.856,1.26314,1.26354,1.12,1.00
2014.09.10 23:01:51.882,1.26315,1.26354,1.00,1.00
2014.09.10 23:01:57.112,1.26316,1.26354,1.00,1.00
2014.09.10 23:01:58.620,1.26317,1.26354,1.00,1.00
2014.09.10 23:02:05.864,1.26317,1.26353,1.12,1.19
2014.09.10 23:02:07.019,1.26315,1.26354,1.37,1.00
2014.09.10 23:02:12.307,1.26316,1.26354,1.12,1.00
2014.09.10 23:02:12.962,1.26316,1.26354,1.00,1.69
2014.09.10 23:02:25.189,1.26317,1.26354,1.00,1.69
2014.09.10 23:02:27.199,1.26315,1.26353,1.37,1.25
2014.09.10 23:02:28.006,1.26315,1.26354,1.37,1.25
2014.09.10 23:02:36.019,1.26316,1.26353,1.12,1.19
2014.09.10 23:02:40.981,1.26316,1.26354,1.12,1.00
2014.09.10 23:02:43.184,1.26316,1.26354,1.12,1.69
2014.09.10 23:02:45.488,1.26316,1.26354,1.12,1.00
2014.09.10 23:02:56.049,1.26315,1.26354,1.00,1.25
2014.09.10 23:02:56.662,1.26316,1.26354,1.00,1.25
2014.09.10 23:03:03.241,1.26315,1.26354,1.12,1.25
2014.09.10 23:03:04.457,1.26316,1.26354,1.00,1.25
2014.09.10 23:03:07.989,1.26317,1.26354,1.00,1.00
2014.09.10 23:03:14.392,1.26318,1.26354,1.00,1.00
2014.09.10 23:03:15.384,1.26317,1.26354,1.00,1.25
2014.09.10 23:03:16.386,1.26318,1.26354,1.00,1.00
2014.09.10 23:03:17.010,1.26317,1.26354,1.00,1.00
2014.09.10 23:03:21.978,1.26317,1.26355,1.00,1.00
2014.09.10 23:03:25.989,1.26317,1.26354,1.00,1.19
2014.09.10 23:03:26.721,1.26316,1.26354,1.00,1.19
2014.09.10 23:03:27.105,1.26316,1.26355,1.00,1.00
2014.09.10 23:03:37.468,1.26318,1.26355,1.00,1.25
2014.09.10 23:03:39.466,1.26317,1.26355,1.00,1.00
2014.09.10 23:03:43.312,1.26317,1.26354,1.00,1.19
2014.09.10 23:03:44.430,1.26317,1.26355,1.00,1.25
2014.09.10 23:03:45.419,1.26317,1.26355,1.00,1.69
2014.09.10 23:03:47.196,1.26317,1.26355,1.00,1.00
2014.09.10 23:03:54.031,1.26317,1.26351,1.00,1.19
2014.09.10 23:03:54.234,1.26298,1.26332,1.12,1.12
2014.09.10 23:03:54.335,1.26298,1.26324,1.12,1.00
2014.09.10 23:03:54.558,1.26298,1.2633,1.12,1.00
2014.09.10 23:03:54.684,1.26298,1.26328,1.12,1.00
2014.09.10 23:03:54.844,1.26291,1.26328,1.37,1.25
2014.09.10 23:03:55.098,1.26291,1.26324,1.37,1.00
2014.09.10 23:03:55.149,1.26291,1.26324,1.37,1.00
2014.09.10 23:03:55.846,1.26288,1.26324,2.06,1.00
2014.09.10 23:03:57.942,1.26289,1.26324,1.31,1.00
2014.09.10 23:03:58.947,1.26288,1.26324,1.19,1.00
2014.09.10 23:04:04.453,1.26289,1.26324,1.19,1.00
2014.09.10 23:04:22.662,1.26288,1.26324,2.06,1.25
2014.09.10 23:04:46.533,1.26289,1.26324,1.19,1.00
2014.09.10 23:04:49.137,1.26288,1.26324,1.62,1.00
2014.09.10 23:04:59.755,1.2629,1.26324,1.25,1.00
2014.09.10 23:05:01.993,1.26289,1.26324,1.25,1.00
2014.09.10 23:05:08.596,1.26289,1.26327,1.25,1.69
2014.09.10 23:05:09.507,1.26289,1.26327,1.69,1.69
2014.09.10 23:05:09.813,1.26289,1.26323,1.69,1.00
2014.09.10 23:05:16.988,1.26291,1.26323,1.19,1.00
2014.09.10 23:05:17.578,1.2629,1.26323,1.69,1.25
2014.09.10 23:05:18.128,1.26289,1.26323,1.25,1.00
2014.09.10 23:05:36.729,1.26288,1.26326,1.69,1.25
2014.09.10 23:05:38.088,1.26288,1.26323,1.69,1.00
2014.09.10 23:05:40.929,1.2629,1.26323,1.19,1.00
2014.09.10 23:05:42.035,1.26289,1.26323,1.19,1.00
2014.09.10 23:05:59.981,1.26289,1.26327,1.19,1.00
2014.09.10 23:06:00.963,1.26289,1.26326,1.19,1.19
2014.09.10 23:06:01.578,1.26289,1.26323,1.19,1.00
2014.09.10 23:06:09.429,1.26289,1.26323,2.06,1.00
2014.09.10 23:06:09.616,1.2629,1.26325,1.19,1.00
2014.09.10 23:06:10.497,1.26289,1.26325,1.19,1.69
2014.09.10 23:06:14.185,1.26289,1.26325,1.25,1.69
2014.09.10 23:06:16.719,1.26289,1.26325,1.19,1.25
2014.09.10 23:06:18.903,1.26289,1.26324,1.19,1.00
2014.09.10 23:06:34.451,1.26288,1.26324,1.19,1.00
2014.09.10 23:06:35.460,1.26288,1.26324,2.06,1.00
2014.09.10 23:06:36.040,1.26289,1.26324,1.25,1.00
2014.09.10 23:06:52.688,1.26289,1.26324,1.19,1.00
2014.09.10 23:07:06.634,1.26289,1.26326,1.19,1.69
2014.09.10 23:07:06.846,1.26289,1.26323,1.19,1.00
2014.09.10 23:07:11.047,1.26288,1.26323,1.25,1.00
2014.09.10 23:07:11.637,1.26289,1.26325,1.00,1.69
2014.09.10 23:07:12.950,1.26289,1.26325,1.69,1.00
2014.09.10 23:07:13.881,1.26289,1.26326,1.19,1.00
2014.09.10 23:07:14.423,1.2629,1.26323,1.19,1.00
2014.09.10 23:07:15.431,1.26288,1.26323,1.69,1.00
2014.09.10 23:07:25.755,1.26289,1.26323,1.69,1.00
2014.09.10 23:07:30.940,1.2629,1.26323,1.31,1.00
2014.09.10 23:07:34.390,1.26289,1.26323,1.25,1.00
2014.09.10 23:07:35.356,1.26287,1.26323,2.06,1.00
2014.09.10 23:07:36.374,1.26289,1.26323,1.25,1.00
2014.09.10 23:07:37.489,1.26289,1.26323,1.69,1.00
2014.09.10 23:07:40.890,1.26288,1.26323,2.06,1.00
2014.09.10 23:07:43.348,1.26289,1.26323,1.37,1.00
2014.09.10 23:07:43.930,1.26288,1.26323,1.69,1.00
2014.09.10 23:07:51.986,1.26289,1.26323,1.19,1.00
2014.09.10 23:07:53.006,1.26288,1.26323,2.06,1.00
2014.09.10 23:07:59.682,1.26289,1.26323,1.19,1.00
2014.09.10 23:08:02.526,1.2629,1.26323,1.19,1.69
2014.09.10 23:08:03.627,1.26288,1.26323,2.06,1.00
2014.09.10 23:08:06.539,1.26287,1.26323,2.06,1.00
2014.09.10 23:08:07.541,1.26288,1.26323,1.69,1.00
2014.09.10 23:08:08.538,1.26288,1.26323,1.25,1.00
2014.09.10 23:08:09.398,1.26289,1.26323,1.00,1.00
2014.09.10 23:08:09.942,1.26289,1.26324,1.19,1.00
2014.09.10 23:08:11.516,1.26288,1.26324,1.69,1.25
2014.09.10 23:08:24.665,1.26289,1.26324,1.19,1.00
2014.09.10 23:08:26.026,1.2629,1.26324,1.19,1.00
2014.09.10 23:08:26.128,1.26291,1.26322,1.19,1.25
2014.09.10 23:08:27.145,1.26289,1.26324,1.00,1.00
2014.09.10 23:08:28.037,1.26287,1.26324,1.69,1.00
2014.09.10 23:08:29.008,1.26288,1.26324,2.06,1.00
2014.09.10 23:08:39.450,1.26287,1.26323,1.37,1.00
2014.09.10 23:08:39.551,1.26287,1.26319,1.37,1.00
2014.09.10 23:08:42.444,1.26286,1.2632,1.37,1.00
2014.09.10 23:08:44.405,1.26288,1.2632,1.00,1.00
2014.09.10 23:09:11.022,1.26287,1.2632,1.00,1.00
2014.09.10 23:09:12.088,1.26286,1.2632,1.12,1.00
2014.09.10 23:09:12.804,1.26287,1.2632,1.00,1.00
2014.09.10 23:09:14.023,1.26286,1.2632,1.12,1.00
2014.09.10 23:09:14.530,1.26286,1.2632,1.37,1.00
2014.09.10 23:09:14.844,1.26278,1.2632,1.37,1.00
2014.09.10 23:09:15.813,1.26279,1.2632,1.00,1.00
2014.09.10 23:09:16.813,1.26277,1.2632,1.37,1.00
2014.09.10 23:09:20.835,1.26277,1.26317,1.00,1.19
2014.09.10 23:09:21.137,1.2627,1.26299,1.00,1.00
2014.09.10 23:09:21.289,1.26261,1.26299,1.50,1.00
2014.09.10 23:09:22.023,1.2626,1.26299,1.37,1.00
2014.09.10 23:09:23.051,1.26258,1.26299,1.37,1.00
2014.09.10 23:09:31.365,1.26257,1.26299,1.12,1.00
2014.09.10 23:09:31.466,1.26267,1.26313,1.00,2.44
2014.09.10 23:09:31.718,1.26267,1.26313,1.37,1.19
2014.09.10 23:09:32.044,1.26279,1.2632,1.00,1.00
2014.09.10 23:09:32.670,1.26286,1.2632,1.00,1.00
2014.09.10 23:09:33.675,1.26287,1.2632,1.00,1.00
2014.09.10 23:09:34.482,1.26286,1.2632,1.12,1.00
2014.09.10 23:09:34.944,1.26288,1.2632,1.00,1.00
2014.09.10 23:09:37.752,1.26288,1.26319,1.00,1.00
2014.09.10 23:09:39.663,1.26285,1.26319,1.12,1.00
2014.09.10 23:09:40.649,1.26286,1.26319,1.00,1.00
2014.09.10 23:09:41.968,1.26285,1.26319,1.12,1.00
2014.09.10 23:09:43.551,1.26284,1.26319,1.00,1.00
2014.09.10 23:09:43.703,1.26287,1.26319,1.00,1.00
2014.09.10 23:09:44.591,1.26286,1.26319,1.00,1.00
2014.09.10 23:09:53.113,1.26286,1.26319,1.00,1.69
2014.09.10 23:09:54.117,1.26286,1.26319,1.00,1.00
2014.09.10 23:09:55.083,1.26284,1.26319,1.37,1.00
2014.09.10 23:09:57.433,1.26284,1.26319,1.00,1.00
2014.09.10 23:09:57.977,1.26285,1.26319,1.00,1.00
2014.09.10 23:09:58.501,1.26284,1.26319,1.12,1.00
2014.09.10 23:10:00.951,1.26286,1.26319,1.00,1.00
2014.09.10 23:10:01.954,1.26285,1.26319,1.00,1.00
2014.09.10 23:10:02.437,1.26285,1.26319,1.37,1.00
2014.09.10 23:10:05.460,1.26285,1.26319,1.00,1.00
2014.09.10 23:10:05.561,1.26285,1.26319,1.37,1.00
2014.09.10 23:10:05.662,1.26285,1.26319,1.12,1.00
2014.09.10 23:10:07.982,1.26287,1.26319,1.00,1.00
2014.09.10 23:10:08.847,1.26287,1.26319,1.37,1.00
2014.09.10 23:10:09.355,1.26286,1.2632,1.37,1.00
2014.09.10 23:10:10.065,1.26287,1.2632,1.12,1.00
2014.09.10 23:10:10.958,1.26287,1.2632,2.62,1.00
2014.09.10 23:10:11.290,1.26288,1.26322,1.37,1.00
2014.09.10 23:10:12.273,1.26289,1.26322,1.62,1.00
2014.09.10 23:10:12.805,1.26289,1.26322,1.62,1.00
2014.09.10 23:10:16.578,1.26288,1.26322,1.12,1.00
2014.09.10 23:10:17.080,1.26286,1.26322,1.00,1.00
2014.09.10 23:10:17.684,1.26287,1.26323,1.00,1.00
2014.09.10 23:10:18.193,1.26287,1.26323,1.37,1.00
2014.09.10 23:10:33.594,1.26288,1.26321,1.12,1.19
2014.09.10 23:10:34.663,1.26288,1.26323,1.12,1.69
2014.09.10 23:10:41.094,1.26287,1.2632,1.00,1.19
2014.09.10 23:10:44.528,1.26287,1.26321,1.00,1.19
2014.09.10 23:10:46.481,1.26287,1.26322,1.00,1.19
2014.09.10 23:10:47.083,1.26288,1.26322,1.00,1.19
2014.09.10 23:10:47.784,1.26288,1.26321,1.00,1.19
2014.09.10 23:10:52.993,1.26288,1.26323,1.00,1.00
2014.09.10 23:10:54.104,1.26287,1.26323,1.12,1.25
2014.09.10 23:10:56.132,1.26287,1.26322,1.12,1.19
2014.09.10 23:10:58.202,1.26287,1.26323,1.12,1.25
2014.09.10 23:10:59.718,1.26286,1.26323,1.12,1.25
2014.09.10 23:11:00.296,1.26287,1.26323,1.00,1.25
2014.09.10 23:11:02.320,1.26288,1.26323,1.00,1.00
2014.09.10 23:11:04.802,1.26287,1.26323,1.00,1.00
2014.09.10 23:11:11.844,1.26288,1.26323,1.00,1.00
2014.09.10 23:11:12.645,1.26289,1.26323,1.00,1.00
2014.09.10 23:11:13.413,1.26288,1.26323,1.00,1.00
2014.09.10 23:11:14.261,1.26287,1.26323,1.12,1.69
2014.09.10 23:11:18.034,1.26287,1.26323,1.12,1.25
2014.09.10 23:11:19.606,1.26288,1.26323,1.00,1.25
2014.09.10 23:11:27.078,1.26288,1.26322,1.00,1.19
2014.09.10 23:11:27.625,1.26287,1.26322,1.12,1.19
2014.09.10 23:11:28.555,1.26288,1.26322,1.00,1.19
2014.09.10 23:11:28.605,1.26288,1.26323,1.00,1.25
2014.09.10 23:11:34.705,1.2628,1.26307,1.12,1.00
2014.09.10 23:11:34.756,1.26278,1.26307,1.00,1.37
2014.09.10 23:11:34.857,1.26262,1.26308,1.87,1.37
2014.09.10 23:11:35.008,1.26259,1.26308,1.00,1.50
2014.09.10 23:11:35.109,1.26251,1.26307,1.37,1.37
2014.09.10 23:11:36.024,1.26248,1.26306,1.62,1.37
2014.09.10 23:11:37.042,1.26245,1.26303,2.81,1.00
2014.09.10 23:11:37.984,1.26245,1.26302,1.31,1.00
2014.09.10 23:11:38.867,1.26244,1.26302,1.62,1.00
2014.09.10 23:11:39.793,1.26245,1.26302,1.31,1.25
2014.09.10 23:11:42.904,1.26245,1.26303,1.31,2.06
2014.09.10 23:11:43.882,1.26246,1.26303,1.19,2.06
2014.09.10 23:11:54.801,1.26245,1.26303,1.12,1.37
2014.09.10 23:11:54.851,1.26245,1.26303,1.12,1.37
2014.09.10 23:11:56.014,1.26242,1.26299,1.37,1.31
2014.09.10 23:11:56.852,1.26242,1.26299,1.12,1.31
2014.09.10 23:11:57.806,1.2624,1.26296,2.81,1.19
2014.09.10 23:12:01.913,1.26243,1.26294,1.19,1.19
2014.09.10 23:12:03.263,1.26242,1.26294,1.31,1.19
2014.09.10 23:12:05.820,1.26238,1.26293,1.31,1.19
2014.09.10 23:12:05.871,1.26238,1.2629,1.31,1.00
2014.09.10 23:12:06.191,1.26238,1.26293,1.31,1.19
2014.09.10 23:12:06.414,1.26238,1.2629,1.31,1.00
2014.09.10 23:12:06.669,1.26238,1.26293,1.31,1.19
2014.09.10 23:12:07.724,1.26237,1.26296,1.37,1.19
2014.09.10 23:12:08.771,1.26237,1.26296,1.37,1.56
2014.09.10 23:12:09.082,1.26237,1.26286,1.62,1.00
2014.09.10 23:12:09.573,1.26236,1.26286,1.56,1.00
2014.09.10 23:12:10.678,1.26235,1.26285,1.56,1.19
2014.09.10 23:12:16.468,1.26243,1.26285,1.00,1.19
2014.09.10 23:12:17.006,1.26239,1.26285,1.25,1.19
2014.09.10 23:12:17.542,1.26238,1.26286,1.19,1.00
2014.09.10 23:12:17.643,1.26238,1.26293,1.19,1.00
2014.09.10 23:12:17.694,1.26238,1.26295,1.19,1.31
2014.09.10 23:12:21.949,1.2624,1.26297,1.19,1.56
2014.09.10 23:12:22.950,1.26239,1.26297,1.69,1.56
2014.09.10 23:12:27.057,1.26239,1.26296,1.25,1.56
2014.09.10 23:12:29.061,1.26239,1.26297,1.69,1.56
2014.09.10 23:12:32.904,1.26239,1.26297,1.69,1.56
2014.09.10 23:12:33.847,1.26241,1.26297,1.25,1.19
2014.09.10 23:12:36.173,1.26242,1.26299,1.19,1.69
2014.09.10 23:12:41.205,1.26242,1.26297,1.19,1.19
2014.09.10 23:13:04.646,1.26242,1.26299,1.19,2.06
2014.09.10 23:13:10.427,1.26242,1.26297,1.19,1.31
2014.09.10 23:13:11.428,1.26242,1.26299,1.31,1.69
2014.09.10 23:13:26.152,1.26242,1.26298,1.31,1.19
2014.09.10 23:13:27.153,1.26242,1.26299,1.31,1.69
2014.09.10 23:13:31.304,1.26241,1.26299,2.06,1.25
2014.09.10 23:13:32.308,1.26243,1.26298,1.19,1.19
2014.09.10 23:13:34.577,1.26246,1.26299,1.19,1.00
2014.09.10 23:13:34.881,1.26254,1.26308,1.37,2.06
2014.09.10 23:13:35.565,1.26257,1.26308,1.56,1.31
2014.09.10 23:13:36.331,1.26257,1.26309,2.81,1.19
2014.09.10 23:13:36.683,1.26259,1.26311,1.31,1.19
2014.09.10 23:13:37.685,1.26262,1.26309,1.19,1.19
2014.09.10 23:13:38.691,1.26262,1.26311,1.19,1.19
2014.09.10 23:13:49.086,1.26257,1.26314,4.31,1.00
2014.09.10 23:13:49.773,1.2626,1.26315,1.00,1.00
2014.09.10 23:13:52.091,1.26263,1.26313,1.19,1.19
2014.09.10 23:13:52.962,1.26263,1.26313,1.19,1.56
2014.09.10 23:13:53.266,1.26262,1.26309,1.19,1.19
2014.09.10 23:13:54.218,1.26263,1.26307,1.19,1.19
2014.09.10 23:13:55.599,1.26262,1.26307,1.19,1.19
2014.09.10 23:13:56.933,1.26262,1.26307,1.19,1.25
2014.09.10 23:13:59.754,1.26262,1.26307,1.25,1.19
2014.09.10 23:14:00.815,1.26263,1.26308,1.19,1.19
2014.09.10 23:14:06.178,1.26261,1.26305,1.19,1.19
2014.09.10 23:14:07.180,1.26264,1.26308,1.19,1.19
2014.09.10 23:14:08.183,1.26263,1.26307,1.19,1.19
2014.09.10 23:14:11.891,1.26265,1.26308,1.25,1.19
2014.09.10 23:14:12.893,1.26264,1.26308,1.25,1.19
2014.09.10 23:14:14.300,1.26263,1.26307,1.19,1.19
2014.09.10 23:14:17.179,1.26261,1.26307,1.19,1.19
2014.09.10 23:14:18.188,1.26262,1.26308,1.19,1.19
2014.09.10 23:14:20.704,1.26262,1.26306,1.19,1.19
2014.09.10 23:14:21.664,1.26263,1.26307,1.19,1.19
2014.09.10 23:14:24.471,1.26261,1.26307,1.19,1.19
2014.09.10 23:14:25.469,1.26263,1.26307,1.19,1.19
2014.09.10 23:14:31.281,1.26264,1.26307,1.19,1.19
2014.09.10 23:14:34.022,1.26263,1.26306,1.25,1.19
2014.09.10 23:14:34.987,1.26263,1.26308,1.19,1.19
2014.09.10 23:14:36.290,1.26265,1.26306,1.19,1.25
2014.09.10 23:14:39.735,1.26262,1.26307,1.19,1.19
2014.09.10 23:14:40.735,1.26263,1.26308,1.19,1.19
2014.09.10 23:14:41.744,1.26263,1.26307,1.19,1.19
2014.09.10 23:14:43.546,1.26263,1.26308,1.19,1.19
2014.09.10 23:14:47.313,1.26262,1.26305,1.19,1.19
2014.09.10 23:14:50.941,1.26263,1.26306,1.19,1.19
2014.09.10 23:14:51.959,1.26264,1.26307,1.19,1.19
2014.09.10 23:14:56.864,1.26262,1.26307,1.19,1.19
2014.09.10 23:14:59.759,1.26264,1.26307,1.19,1.19
2014.09.10 23:15:02.563,1.26262,1.26307,1.19,1.19
2014.09.10 23:15:07.500,1.26263,1.26308,1.19,1.19
2014.09.10 23:15:12.065,1.2626,1.26315,1.00,1.87
2014.09.10 23:15:13.169,1.26261,1.26311,1.19,1.19
2014.09.10 23:15:20.806,1.26263,1.26308,1.19,1.19
2014.09.10 23:15:21.917,1.26262,1.26307,1.19,1.19
2014.09.10 23:15:25.946,1.26263,1.26308,1.19,1.19
2014.09.10 23:15:27.233,1.26263,1.26306,1.19,1.25
2014.09.10 23:15:29.141,1.26264,1.26307,1.19,1.19
2014.09.10 23:15:32.657,1.26262,1.26307,1.31,1.19
2014.09.10 23:15:33.755,1.26263,1.26307,1.19,1.19
2014.09.10 23:15:37.656,1.26262,1.26306,1.31,1.19
2014.09.10 23:15:38.209,1.26263,1.26306,1.62,1.19
2014.09.10 23:15:38.539,1.26266,1.26306,1.37,1.69
2014.09.10 23:15:39.129,1.26264,1.26306,1.19,1.19
2014.09.10 23:15:39.230,1.26264,1.26306,1.56,1.19
2014.09.10 23:15:40.769,1.26266,1.26308,1.62,2.06
2014.09.10 23:15:41.283,1.26266,1.26308,1.62,1.69
2014.09.10 23:15:44.321,1.26268,1.26302,1.12,1.00
2014.09.10 23:15:44.940,1.26266,1.26306,1.56,1.00
2014.09.10 23:15:45.587,1.26266,1.26305,2.06,1.25
2014.09.10 23:15:46.102,1.26266,1.26305,2.06,1.25
2014.09.10 23:15:46.758,1.26267,1.26306,1.37,1.00
2014.09.10 23:15:47.450,1.26267,1.26307,1.12,1.00
2014.09.10 23:15:48.032,1.26267,1.26307,1.37,1.00
2014.09.10 23:15:53.589,1.26268,1.26308,1.12,1.31
2014.09.10 23:15:57.360,1.26267,1.26307,1.37,1.19
2014.09.10 23:15:59.448,1.26267,1.26308,2.06,1.19
2014.09.10 23:16:01.907,1.26267,1.26308,2.06,1.25
2014.09.10 23:16:02.823,1.26267,1.26306,2.06,1.00
2014.09.10 23:16:03.150,1.26267,1.26302,1.37,1.00
2014.09.10 23:16:03.831,1.26266,1.26305,1.37,1.12
2014.09.10 23:16:05.581,1.26266,1.26307,2.44,1.25
2014.09.10 23:16:06.583,1.26266,1.26307,2.81,1.25
2014.09.10 23:16:06.903,1.26267,1.26301,1.00,1.00
2014.09.10 23:16:07.470,1.26266,1.26304,1.00,1.00
2014.09.10 23:16:08.228,1.26266,1.26304,1.00,1.37
2014.09.10 23:16:08.524,1.26266,1.26305,1.87,1.00
2014.09.10 23:16:08.778,1.26266,1.26301,1.87,1.00
2014.09.10 23:16:09.504,1.26266,1.26305,1.31,1.69
2014.09.10 23:16:10.418,1.26266,1.26305,2.81,1.25
2014.09.10 23:16:10.724,1.26266,1.26301,2.44,1.00
2014.09.10 23:16:11.537,1.26266,1.26305,2.06,2.06
2014.09.10 23:16:12.540,1.26267,1.263,1.00,1.00
2014.09.10 23:16:13.576,1.26266,1.26305,1.62,1.62
2014.09.10 23:16:14.543,1.26266,1.26305,1.69,1.00
2014.09.10 23:16:14.644,1.26266,1.26301,2.44,1.00
2014.09.10 23:16:15.578,1.26266,1.26305,2.06,1.37
2014.09.10 23:16:16.533,1.26266,1.26305,2.06,1.00
2014.09.10 23:16:17.447,1.26266,1.26306,2.06,1.69
2014.09.10 23:16:17.751,1.26267,1.263,1.31,1.00
2014.09.10 23:16:18.375,1.26266,1.26304,1.69,1.12
2014.09.10 23:16:18.877,1.26266,1.26305,2.06,1.00
2014.09.10 23:16:19.993,1.26266,1.26306,1.37,1.12
2014.09.10 23:16:21.106,1.26267,1.26307,1.31,2.06
2014.09.10 23:16:21.410,1.26267,1.26302,1.31,1.00
2014.09.10 23:16:22.187,1.26267,1.26306,1.19,1.25
2014.09.10 23:16:22.238,1.26265,1.26306,1.69,1.69
2014.09.10 23:16:22.882,1.26265,1.26306,2.06,2.06
2014.09.10 23:16:23.288,1.26265,1.26307,2.06,1.19
2014.09.10 23:16:24.895,1.26267,1.26307,1.00,1.69
2014.09.10 23:16:25.313,1.26267,1.26302,1.25,1.00
2014.09.10 23:16:26.099,1.26267,1.26304,1.25,1.37
2014.09.10 23:16:26.701,1.26266,1.26304,1.25,1.37
2014.09.10 23:16:27.105,1.26265,1.263,2.06,1.00
2014.09.10 23:16:27.607,1.26266,1.26299,2.06,1.00
2014.09.10 23:16:28.056,1.26266,1.26304,1.31,1.31
2014.09.10 23:16:28.757,1.26265,1.26307,2.06,1.56
2014.09.10 23:16:28.861,1.26265,1.26307,2.06,1.56
2014.09.10 23:16:29.063,1.26266,1.26299,1.25,1.00
2014.09.10 23:16:29.962,1.26265,1.26307,2.06,1.19
2014.09.10 23:16:30.835,1.26265,1.26308,1.12,2.06
2014.09.10 23:16:30.885,1.26265,1.26308,1.37,2.06
2014.09.10 23:16:31.247,1.26265,1.263,2.06,1.00
2014.09.10 23:16:31.912,1.26266,1.26303,1.37,1.37
2014.09.10 23:16:32.882,1.26266,1.26303,1.37,1.00
2014.09.10 23:16:33.903,1.26265,1.26304,2.06,1.12
2014.09.10 23:16:34.913,1.26265,1.26304,2.06,1.00
2014.09.10 23:16:36.794,1.26265,1.26305,2.81,2.06
2014.09.10 23:16:37.319,1.26266,1.26305,1.56,1.31
2014.09.10 23:16:41.578,1.26265,1.26304,2.81,1.00
2014.09.10 23:17:06.447,1.26266,1.26304,1.87,1.69
2014.09.10 23:17:08.123,1.26266,1.26304,1.37,1.12
2014.09.10 23:17:12.113,1.26267,1.26305,1.12,1.69
2014.09.10 23:17:33.978,1.26266,1.26307,2.06,2.06
2014.09.10 23:17:39.587,1.26266,1.26307,1.87,1.31
2014.09.10 23:17:40.963,1.26266,1.26306,1.87,1.00
2014.09.10 23:17:42.573,1.26267,1.26307,1.31,1.25
2014.09.10 23:17:43.418,1.26267,1.26306,1.31,1.00
2014.09.10 23:17:44.830,1.26266,1.26308,2.81,1.69
2014.09.10 23:17:46.768,1.26267,1.26306,1.31,1.00
2014.09.10 23:17:46.819,1.26268,1.26306,1.31,1.25
2014.09.10 23:17:48.717,1.26266,1.26308,2.81,1.69
2014.09.10 23:17:49.693,1.26266,1.26308,2.81,1.69
2014.09.10 23:17:53.719,1.26266,1.26308,2.06,1.00
2014.09.10 23:17:54.702,1.26267,1.26306,1.12,1.00
2014.09.10 23:17:59.627,1.26266,1.2631,1.75,1.94
2014.09.10 23:18:19.896,1.26265,1.26309,1.37,1.69
2014.09.10 23:18:20.200,1.26265,1.26299,2.44,1.12
2014.09.10 23:18:20.507,1.26265,1.26302,1.62,2.44
2014.09.10 23:18:21.155,1.26265,1.26298,1.62,1.12
2014.09.10 23:18:21.697,1.26263,1.26297,2.06,1.25
2014.09.10 23:18:22.210,1.26263,1.26296,2.06,1.12
2014.09.10 23:18:40.931,1.26265,1.26299,1.12,1.62
2014.09.10 23:18:42.040,1.26265,1.263,1.69,1.94
2014.09.10 23:18:49.796,1.26265,1.263,2.44,1.69
2014.09.10 23:18:49.897,1.26265,1.26302,2.06,1.69
2014.09.10 23:18:49.948,1.26269,1.26299,1.00,1.12
2014.09.10 23:18:53.766,1.26269,1.26299,1.69,1.31
2014.09.10 23:18:55.999,1.26269,1.26299,1.00,1.31
2014.09.10 23:19:01.782,1.26269,1.26293,1.00,1.19
2014.09.10 23:19:02.084,1.26256,1.26279,1.37,1.37
2014.09.10 23:19:02.638,1.26252,1.26279,2.44,1.00
2014.09.10 23:19:02.739,1.26255,1.26286,1.50,1.12
2014.09.10 23:19:02.790,1.26263,1.26288,1.00,2.62
2014.09.10 23:19:03.042,1.26264,1.26289,1.00,1.00
2014.09.10 23:19:03.093,1.26264,1.26292,1.00,1.12
2014.09.10 23:19:03.770,1.26264,1.26296,1.00,1.12
2014.09.10 23:19:04.283,1.26264,1.26299,1.00,1.94
2014.09.10 23:19:04.822,1.26264,1.26295,1.37,1.12
2014.09.10 23:19:06.708,1.26264,1.263,1.37,1.94
2014.09.10 23:19:07.214,1.26264,1.26296,1.37,1.50
2014.09.10 23:19:13.086,1.26264,1.26296,1.75,1.87
2014.09.10 23:19:13.187,1.26267,1.26301,2.25,1.37
2014.09.10 23:19:13.238,1.26268,1.26301,1.94,1.00
2014.09.10 23:19:14.203,1.26269,1.26303,1.69,1.94
2014.09.10 23:19:15.236,1.2627,1.26304,1.56,1.56
2014.09.10 23:19:15.337,1.2627,1.26304,3.19,1.19
2014.09.10 23:19:15.675,1.26276,1.26304,2.25,2.81
2014.09.10 23:19:43.822,1.26278,1.26304,1.75,1.87
2014.09.10 23:20:03.937,1.26279,1.26303,1.69,1.25
2014.09.10 23:20:06.763,1.26278,1.26304,1.75,2.62
2014.09.10 23:20:14.324,1.26278,1.26304,1.50,2.62
2014.09.10 23:20:14.425,1.26274,1.263,1.37,1.00
2014.09.10 23:20:14.526,1.26267,1.26302,1.12,1.94
2014.09.10 23:20:14.990,1.26267,1.26302,1.00,1.94
2014.09.10 23:20:22.683,1.26267,1.263,1.00,1.58
2014.09.10 23:20:23.012,1.26267,1.26296,1.75,1.02
2014.09.10 23:20:23.063,1.26285,1.26303,3.00,1.50
2014.09.10 23:20:23.164,1.26285,1.26307,3.00,1.12
2014.09.10 23:20:23.315,1.26287,1.26309,1.87,2.81
2014.09.10 23:20:23.517,1.26288,1.26317,1.37,1.21
2014.09.10 23:20:23.619,1.26288,1.26317,1.37,1.58
2014.09.10 23:20:24.453,1.26286,1.26317,4.87,1.58
2014.09.10 23:20:25.384,1.26286,1.26315,4.87,1.33
2014.09.10 23:20:29.296,1.26287,1.26313,1.37,1.19
2014.09.10 23:20:31.662,1.26288,1.26312,1.62,1.19
2014.09.10 23:20:32.363,1.26287,1.26314,1.37,1.25
2014.09.10 23:20:33.967,1.26287,1.26313,1.37,1.25
2014.09.10 23:20:37.271,1.26287,1.26312,1.62,1.25
2014.09.10 23:20:38.521,1.26287,1.26316,1.37,1.64
2014.09.10 23:20:41.249,1.26287,1.26316,1.37,1.64
2014.09.10 23:20:43.656,1.26287,1.26315,1.37,1.65
2014.09.10 23:20:44.924,1.26287,1.26313,1.37,1.31
2014.09.10 23:20:50.418,1.26287,1.26318,1.37,1.14
2014.09.10 23:21:01.056,1.26288,1.2631,1.56,1.25
2014.09.10 23:21:02.606,1.26288,1.2631,1.56,1.25
2014.09.10 23:21:02.707,1.26288,1.26312,1.62,1.31
2014.09.10 23:21:02.808,1.26287,1.26314,2.00,2.81
2014.09.10 23:21:11.319,1.26287,1.26314,1.75,3.00
2014.09.10 23:21:12.351,1.26286,1.2631,4.50,1.62
2014.09.10 23:21:12.402,1.26286,1.26304,3.00,1.50
2014.09.10 23:21:12.705,1.26286,1.26302,1.80,1.25
2014.09.10 23:21:12.806,1.26284,1.26303,1.00,2.44
2014.09.10 23:21:13.233,1.26286,1.26303,1.80,2.81
2014.09.10 23:21:13.384,1.26277,1.26303,3.00,2.44
2014.09.10 23:21:13.736,1.2628,1.26301,1.35,1.19
2014.09.10 23:21:14.272,1.2628,1.26301,1.35,1.19
2014.09.10 23:21:14.832,1.2628,1.26298,1.35,1.00
2014.09.10 23:21:15.397,1.2628,1.26298,1.35,1.00
2014.09.10 23:21:15.907,1.2628,1.26298,1.35,1.00
2014.09.10 23:21:16.212,1.2628,1.26295,1.35,1.00
2014.09.10 23:21:16.702,1.26281,1.26293,1.35,1.00
2014.09.10 23:21:17.876,1.26286,1.26293,1.80,1.00
2014.09.10 23:21:18.847,1.26285,1.26293,1.80,1.00
2014.09.10 23:21:22.792,1.26278,1.26293,1.97,1.00
2014.09.10 23:21:22.843,1.26278,1.26293,1.60,1.00
2014.09.10 23:21:22.894,1.26278,1.26293,1.00,2.25
2014.09.10 23:21:23.425,1.26276,1.26293,2.19,3.19
2014.09.10 23:21:23.662,1.26276,1.26293,2.56,2.25
2014.09.10 23:21:54.162,1.26279,1.26293,1.62,1.50
2014.09.10 23:21:54.213,1.26279,1.26303,1.62,1.00
2014.09.10 23:21:54.314,1.2628,1.26318,1.37,2.44
2014.09.10 23:21:54.465,1.26282,1.26318,1.50,1.94
2014.09.10 23:21:55.192,1.26282,1.26318,1.12,1.56
2014.09.10 23:21:55.472,1.26282,1.26318,1.12,1.56
2014.09.10 23:21:56.334,1.26284,1.2632,1.00,1.62
2014.09.10 23:21:57.342,1.26283,1.2632,2.06,1.56
2014.09.10 23:21:57.869,1.26285,1.2632,1.25,1.56
2014.09.10 23:22:02.780,1.26285,1.26306,1.25,1.00
2014.09.10 23:22:02.831,1.26283,1.26306,1.12,1.00
2014.09.10 23:22:02.881,1.26277,1.26297,1.50,1.08
2014.09.10 23:22:02.982,1.26266,1.26287,1.87,1.12
2014.09.10 23:22:03.033,1.26261,1.26283,1.87,1.50
2014.09.10 23:22:05.166,1.26264,1.26283,1.19,1.50
2014.09.10 23:22:05.216,1.2627,1.26297,1.00,1.12
2014.09.10 23:22:05.317,1.2627,1.26302,1.00,1.12
2014.09.10 23:22:05.418,1.26265,1.26302,1.37,1.12
2014.09.10 23:22:05.571,1.26266,1.26298,1.00,1.00
2014.09.10 23:22:05.741,1.26271,1.26298,1.00,1.00
2014.09.10 23:22:05.989,1.26271,1.26309,1.00,1.75
2014.09.10 23:22:06.307,1.26271,1.2631,1.00,1.46
2014.09.10 23:22:06.801,1.26271,1.26309,1.12,1.12
2014.09.10 23:22:07.814,1.26271,1.26312,1.37,1.12
2014.09.10 23:22:08.311,1.26271,1.26312,1.62,1.94
2014.09.10 23:22:09.846,1.26271,1.26311,1.62,2.00
2014.09.10 23:22:18.422,1.26271,1.26314,1.37,2.06
2014.09.10 23:22:18.967,1.26271,1.26314,1.37,2.06
2014.09.10 23:22:19.438,1.26271,1.26314,1.37,2.06
2014.09.10 23:22:21.469,1.26271,1.26314,1.37,1.65
2014.09.10 23:22:26.175,1.26272,1.26312,1.56,1.94
2014.09.10 23:22:27.302,1.26272,1.26311,1.56,1.69
2014.09.10 23:22:28.214,1.26271,1.2631,2.06,1.56
2014.09.10 23:22:28.976,1.26271,1.2631,2.06,1.94
2014.09.10 23:22:54.183,1.26276,1.26309,1.25,1.69
2014.09.10 23:22:55.216,1.26271,1.26311,1.69,1.94
2014.09.10 23:22:55.761,1.26271,1.26311,1.69,1.94
2014.09.10 23:22:56.267,1.26271,1.26311,1.62,1.56
2014.09.10 23:22:56.905,1.26271,1.26303,1.62,2.81
2014.09.10 23:22:57.006,1.2627,1.263,1.31,1.12
2014.09.10 23:22:57.227,1.26266,1.26299,2.06,1.31
2014.09.10 23:22:58.194,1.26266,1.26299,1.62,2.06
2014.09.10 23:22:58.920,1.26266,1.26299,1.62,1.31
2014.09.10 23:23:00.951,1.26266,1.26299,2.06,2.06
2014.09.10 23:23:03.464,1.26266,1.26299,1.62,1.25
2014.09.10 23:23:04.443,1.26266,1.26299,1.62,2.06
2014.09.10 23:23:26.173,1.26266,1.26298,1.37,1.00
2014.09.10 23:23:28.002,1.26266,1.26297,2.06,1.00
2014.09.10 23:23:29.054,1.26266,1.26297,1.31,1.00
2014.09.10 23:23:40.984,1.26266,1.26296,1.31,1.12
2014.09.10 23:23:50.751,1.26266,1.26297,1.62,1.31
2014.09.10 23:23:51.054,1.2628,1.26303,2.25,1.19
2014.09.10 23:23:51.105,1.2628,1.26303,1.50,1.19
2014.09.10 23:23:51.389,1.26271,1.26303,1.12,1.19
2014.09.10 23:23:52.120,1.26272,1.26303,1.69,1.19
2014.09.10 23:23:52.900,1.26275,1.26303,1.69,1.25
2014.09.10 23:23:53.159,1.26275,1.26294,1.69,1.00
2014.09.10 23:23:53.412,1.26271,1.26294,1.25,1.00
2014.09.10 23:23:54.007,1.26271,1.26297,1.25,1.00
2014.09.10 23:23:54.643,1.26271,1.26296,1.19,1.00
2014.09.10 23:23:56.101,1.26273,1.26296,1.19,1.00
2014.09.10 23:23:56.421,1.26273,1.26294,1.19,1.00
2014.09.10 23:23:57.104,1.26271,1.26294,1.25,1.00
2014.09.10 23:23:57.205,1.26271,1.26296,1.25,1.00
2014.09.10 23:23:57.256,1.26271,1.26294,1.25,1.00
2014.09.10 23:23:59.423,1.26272,1.26294,1.19,1.00
2014.09.10 23:24:00.889,1.26272,1.26296,1.19,1.00
2014.09.10 23:24:01.849,1.26273,1.26294,1.25,1.00
2014.09.10 23:24:02.254,1.26273,1.26298,1.25,1.00
2014.09.10 23:24:02.852,1.26273,1.263,1.25,1.19
2014.09.10 23:24:03.419,1.26274,1.26301,1.19,1.31
2014.09.10 23:24:04.637,1.26274,1.26303,1.56,1.69
2014.09.10 23:24:05.655,1.26274,1.26303,1.56,1.69
2014.09.10 23:24:11.498,1.26275,1.26303,1.69,1.25
2014.09.10 23:24:11.801,1.26279,1.26304,1.12,1.50
2014.09.10 23:24:12.589,1.26279,1.26304,2.06,2.44
2014.09.10 23:24:13.235,1.2628,1.26304,1.25,1.50
2014.09.10 23:24:13.946,1.2628,1.26303,1.25,1.00
2014.09.10 23:24:25.362,1.26278,1.26299,1.50,1.19
2014.09.10 23:24:25.463,1.26268,1.26289,1.25,1.00
2014.09.10 23:24:25.715,1.26267,1.26289,3.19,1.37
2014.09.10 23:24:26.035,1.26267,1.26283,3.19,1.50
2014.09.10 23:24:41.499,1.26267,1.26283,2.81,1.50
2014.09.10 23:24:55.370,1.26271,1.26289,1.25,1.37
2014.09.10 23:24:55.421,1.26273,1.26292,1.19,1.00
2014.09.10 23:24:55.474,1.26273,1.26298,1.19,1.56
2014.09.10 23:24:55.525,1.26271,1.26301,1.00,1.12
2014.09.10 23:24:55.627,1.2627,1.263,1.62,1.37
2014.09.10 23:24:56.016,1.26272,1.26303,1.19,2.44
2014.09.10 23:24:56.117,1.26273,1.26303,1.31,2.44
2014.09.10 23:24:57.090,1.26274,1.26303,1.25,2.81
2014.09.10 23:25:05.959,1.26273,1.26303,1.12,1.50
2014.09.10 23:25:06.009,1.26275,1.26303,1.25,1.87
2014.09.10 23:25:06.864,1.26275,1.26303,1.25,1.87
2014.09.10 23:25:07.706,1.26276,1.26303,1.25,1.50
2014.09.10 23:25:08.024,1.26272,1.26289,1.00,1.50
2014.09.10 23:25:08.125,1.2627,1.2629,1.00,3.00
2014.09.10 23:25:08.176,1.2627,1.26295,1.00,1.00
2014.09.10 23:25:08.227,1.26273,1.26295,1.25,1.00
2014.09.10 23:25:11.176,1.26272,1.26292,1.19,1.00
2014.09.10 23:25:14.827,1.26272,1.26296,1.19,1.00
2014.09.10 23:25:17.703,1.26273,1.26302,1.25,1.56
2014.09.10 23:25:17.754,1.26273,1.26302,1.31,1.19
2014.09.10 23:25:18.636,1.26273,1.26301,2.06,1.19
2014.09.10 23:25:19.639,1.26273,1.26303,1.31,2.44
2014.09.10 23:25:20.502,1.26273,1.26303,1.31,2.81
2014.09.10 23:25:20.805,1.26271,1.26291,1.56,1.37
2014.09.10 23:25:23.031,1.26271,1.26295,1.19,1.31
2014.09.10 23:25:23.132,1.26267,1.26299,3.19,1.00
2014.09.10 23:25:23.985,1.26267,1.26303,3.94,3.19
2014.09.10 23:25:24.187,1.26271,1.26299,1.31,1.25
2014.09.10 23:25:31.465,1.26271,1.26301,1.31,2.06
2014.09.10 23:25:31.566,1.26267,1.2629,3.37,1.19
2014.09.10 23:25:31.869,1.26255,1.2628,2.00,1.37
2014.09.10 23:25:33.576,1.26256,1.26279,1.56,1.00
2014.09.10 23:25:33.677,1.26258,1.26283,2.06,1.50
2014.09.10 23:25:33.778,1.26263,1.26288,1.19,1.00
2014.09.10 23:25:34.090,1.26263,1.26291,1.94,1.12
2014.09.10 23:25:34.636,1.26263,1.26292,1.94,1.12
2014.09.10 23:25:34.687,1.26263,1.26292,1.19,1.50
2014.09.10 23:25:34.889,1.26262,1.26292,1.69,1.50
2014.09.10 23:25:36.368,1.26263,1.26292,1.19,1.50
2014.09.10 23:25:37.970,1.26265,1.26292,1.19,1.50
2014.09.10 23:25:52.091,1.26262,1.26292,1.00,1.50
2014.09.10 23:25:52.192,1.26265,1.26292,1.19,1.50
2014.09.10 23:26:02.093,1.26265,1.26292,1.56,1.12
2014.09.10 23:26:02.194,1.26264,1.26292,1.19,1.50
2014.09.10 23:26:04.951,1.26265,1.26292,1.19,1.50
2014.09.10 23:26:12.927,1.26262,1.26292,1.00,1.50
2014.09.10 23:26:13.056,1.26264,1.26292,1.19,1.50
2014.09.10 23:26:20.941,1.26263,1.26292,1.19,1.50
2014.09.10 23:26:24.846,1.26264,1.26292,1.19,1.50
2014.09.10 23:26:44.875,1.26265,1.26292,1.19,1.50
2014.09.10 23:27:03.610,1.26262,1.26292,1.19,1.50
2014.09.10 23:27:04.529,1.26262,1.26292,1.19,1.50
2014.09.10 23:27:13.247,1.26267,1.26292,1.25,1.50
2014.09.10 23:27:14.572,1.26264,1.26292,1.19,1.50
2014.09.10 23:27:18.357,1.26265,1.26292,1.19,1.50
2014.09.10 23:27:21.435,1.26264,1.26292,1.19,1.50
2014.09.10 23:27:24.943,1.26265,1.26292,1.19,1.50
2014.09.10 23:27:27.347,1.26267,1.26292,1.19,1.50
2014.09.10 23:27:38.292,1.26263,1.26292,1.19,1.50
2014.09.10 23:27:40.514,1.26264,1.26292,1.19,1.50
2014.09.10 23:27:41.088,1.26264,1.26294,1.19,2.25
2014.09.10 23:27:42.678,1.26265,1.26294,1.19,2.25
2014.09.10 23:28:00.880,1.26265,1.26291,1.19,1.50
2014.09.10 23:28:00.931,1.26261,1.26291,1.12,1.50
2014.09.10 23:28:01.048,1.26265,1.26291,1.19,1.50
2014.09.10 23:28:53.342,1.26267,1.26291,1.19,1.50
2014.09.10 23:28:53.443,1.26264,1.26291,1.19,1.50
2014.09.10 23:29:00.829,1.26264,1.26294,1.19,2.25
2014.09.10 23:29:00.930,1.26261,1.26294,1.00,2.25
2014.09.10 23:29:01.031,1.26262,1.26294,1.19,2.25
2014.09.10 23:29:07.427,1.26265,1.26294,1.19,2.25
2014.09.10 23:29:20.992,1.26267,1.2629,1.25,1.00
2014.09.10 23:29:24.955,1.26264,1.2629,1.19,1.00
2014.09.10 23:29:32.867,1.26265,1.2629,1.19,1.00
2014.09.10 23:30:01.821,1.26265,1.2629,1.25,1.00
2014.09.10 23:30:01.922,1.26268,1.2629,1.25,1.00
2014.09.10 23:30:04.909,1.26264,1.2629,1.25,1.00
2014.09.10 23:30:11.840,1.26269,1.26294,1.19,2.44
2014.09.10 23:30:13.021,1.26269,1.26291,1.19,1.00
2014.09.10 23:30:14.088,1.26264,1.26291,1.19,1.50
2014.09.10 23:30:14.291,1.26265,1.26291,1.19,1.69
2014.09.10 23:30:15.102,1.26265,1.26291,1.56,1.56
2014.09.10 23:30:20.952,1.26266,1.26291,1.56,1.12
2014.09.10 23:30:21.103,1.26266,1.26289,1.62,1.19
2014.09.10 23:30:23.663,1.26266,1.26291,1.62,2.06
2014.09.10 23:30:24.702,1.26265,1.2629,1.62,1.19
2014.09.10 23:30:26.471,1.26265,1.26288,1.56,1.25
2014.09.10 23:30:29.779,1.26266,1.26291,1.62,1.31
2014.09.10 23:30:33.690,1.26264,1.2629,1.69,1.19
2014.09.10 23:30:33.791,1.26264,1.2629,1.19,1.31
2014.09.10 23:30:40.207,1.26261,1.26296,1.19,2.06
2014.09.10 23:30:40.342,1.26265,1.26291,1.19,1.69
2014.09.10 23:30:42.913,1.26265,1.26289,1.25,1.25
2014.09.10 23:30:51.331,1.26269,1.26293,1.19,1.94
2014.09.10 23:30:51.432,1.26262,1.26295,1.25,1.94
2014.09.10 23:30:51.533,1.26265,1.26291,1.19,1.69
2014.09.10 23:30:59.246,1.26264,1.26293,1.19,1.94
2014.09.10 23:30:59.869,1.26264,1.26293,1.19,1.94
2014.09.10 23:31:00.399,1.26265,1.26291,1.19,1.31
2014.09.10 23:31:14.679,1.2627,1.26294,1.19,1.94
2014.09.10 23:31:34.254,1.2627,1.26292,1.19,1.00
2014.09.10 23:31:36.218,1.26267,1.26291,1.25,1.19
2014.09.10 23:31:37.330,1.26266,1.26291,1.25,1.19
2014.09.10 23:31:38.359,1.26266,1.2629,1.19,1.19
2014.09.10 23:31:41.928,1.26269,1.26292,1.19,1.25
2014.09.10 23:31:44.733,1.2627,1.26292,1.19,1.00
2014.09.10 23:31:53.376,1.2627,1.26294,2.06,1.56
2014.09.10 23:31:53.679,1.26276,1.26299,2.81,1.25
2014.09.10 23:31:53.962,1.26278,1.26301,1.19,1.25
2014.09.10 23:31:56.056,1.26278,1.26303,1.19,1.19
2014.09.10 23:31:57.859,1.26278,1.26302,1.19,1.19
2014.09.10 23:32:11.659,1.26277,1.26304,1.31,3.94
2014.09.10 23:32:11.966,1.26277,1.26304,1.62,3.94
2014.09.10 23:32:21.083,1.26278,1.26302,1.62,1.19
2014.09.10 23:32:22.104,1.26276,1.26297,1.50,1.19
2014.09.10 23:32:22.430,1.26262,1.26283,1.94,1.50
2014.09.10 23:32:29.415,1.26264,1.26292,2.06,2.06
2014.09.10 23:32:29.466,1.26264,1.26292,2.06,2.00
2014.09.10 23:32:29.941,1.26264,1.2629,2.44,1.87
2014.09.10 23:32:30.443,1.26264,1.26291,1.69,1.50
2014.09.10 23:32:31.293,1.26265,1.26291,1.19,1.50
2014.09.10 23:32:32.295,1.26266,1.26295,1.19,1.69
2014.09.10 23:32:32.403,1.26266,1.26293,1.19,1.12
2014.09.10 23:32:32.795,1.26271,1.26293,1.25,1.12
2014.09.10 23:32:33.105,1.26276,1.263,2.06,1.19
2014.09.10 23:32:34.499,1.26278,1.26302,1.31,1.19
2014.09.10 23:32:35.600,1.26279,1.26301,1.25,1.25
2014.09.10 23:32:42.008,1.26279,1.26303,1.25,1.19
2014.09.10 23:32:51.175,1.26278,1.26302,1.31,1.19
2014.09.10 23:32:52.470,1.26279,1.26301,1.19,1.25
2014.09.10 23:32:53.830,1.26279,1.26301,1.19,1.19
2014.09.10 23:32:59.740,1.26279,1.26301,1.19,1.25
2014.09.10 23:33:14.724,1.26279,1.26301,1.94,1.25
2014.09.10 23:33:14.775,1.26282,1.26304,1.56,2.25
2014.09.10 23:33:23.516,1.26282,1.26304,1.62,3.19
2014.09.10 23:33:27.595,1.26276,1.26296,1.87,1.56
2014.09.10 23:33:27.899,1.26262,1.26283,1.69,1.50
2014.09.10 23:33:42.089,1.26265,1.26283,1.31,2.25
2014.09.10 23:33:47.323,1.26263,1.26283,1.62,2.25
2014.09.10 23:33:48.627,1.26262,1.26283,1.19,1.50
2014.09.10 23:33:48.728,1.2627,1.26291,1.00,1.00
2014.09.10 23:33:49.263,1.26271,1.26291,1.00,1.00
2014.09.10 23:33:49.617,1.26271,1.26293,1.00,1.12
2014.09.10 23:33:50.144,1.2627,1.26293,1.00,1.12
2014.09.10 23:33:50.581,1.26267,1.26296,1.00,2.00
2014.09.10 23:33:51.354,1.26267,1.26294,1.69,1.62
2014.09.10 23:33:51.532,1.26267,1.26294,1.69,1.31
2014.09.10 23:33:52.563,1.26268,1.26295,1.25,1.69
2014.09.10 23:33:53.549,1.26267,1.26296,1.69,1.56
2014.09.10 23:33:54.538,1.26269,1.26296,1.19,1.56
2014.09.10 23:33:55.540,1.26269,1.26297,1.19,1.69
2014.09.10 23:33:59.874,1.26268,1.26298,1.31,1.19
2014.09.10 23:34:00.407,1.26268,1.26298,1.62,1.19
2014.09.10 23:34:00.994,1.26268,1.26298,2.00,1.19
2014.09.10 23:34:01.698,1.26272,1.26302,1.31,1.94
2014.09.10 23:34:08.073,1.2627,1.26297,2.44,1.25
2014.09.10 23:34:08.376,1.2627,1.26293,1.62,1.31
2014.09.10 23:34:09.265,1.26268,1.26291,1.94,1.25
2014.09.10 23:34:09.367,1.26268,1.26291,1.19,1.25
2014.09.10 23:34:10.370,1.26268,1.26293,1.25,1.69
2014.09.10 23:34:11.400,1.26268,1.26291,1.19,1.25
2014.09.10 23:34:11.501,1.26268,1.26291,1.56,1.25
2014.09.10 23:34:12.471,1.26269,1.26291,1.62,1.19
2014.09.10 23:34:13.073,1.26269,1.26291,1.25,1.19
2014.09.10 23:34:13.604,1.26267,1.26291,1.62,2.06
2014.09.10 23:34:24.992,1.26267,1.26292,1.62,1.56
2014.09.10 23:34:27.496,1.2627,1.26293,1.31,1.56
2014.09.10 23:34:37.515,1.26271,1.26294,1.19,2.81
2014.09.10 23:34:42.124,1.26271,1.26294,1.25,2.06
2014.09.10 23:34:42.326,1.26267,1.2629,1.25,1.19
2014.09.10 23:34:57.454,1.2627,1.26291,1.25,1.00
2014.09.10 23:34:58.526,1.26268,1.26291,1.19,1.69
2014.09.10 23:35:12.099,1.26268,1.26291,1.19,1.62
2014.09.10 23:35:12.805,1.26271,1.26293,1.25,1.50
2014.09.10 23:35:21.232,1.26272,1.26293,1.19,1.50
2014.09.10 23:35:21.294,1.26267,1.2629,1.19,1.62
2014.09.10 23:35:25.902,1.26266,1.26291,1.19,1.69
2014.09.10 23:35:42.157,1.26266,1.26291,1.19,1.31
2014.09.10 23:35:46.634,1.26268,1.26292,1.19,1.69
2014.09.10 23:36:12.242,1.26268,1.26292,1.19,1.69
2014.09.10 23:36:13.090,1.26267,1.26292,1.25,2.44
2014.09.10 23:36:17.499,1.26269,1.26294,1.25,3.56
2014.09.10 23:36:22.308,1.26267,1.2629,1.25,1.56
2014.09.10 23:36:35.036,1.26268,1.26292,1.19,2.00
2014.09.10 23:36:40.850,1.26269,1.26292,1.19,1.94
2014.09.10 23:36:56.318,1.26265,1.26292,1.25,1.50
2014.09.10 23:36:56.419,1.26267,1.26292,1.25,2.44
2014.09.10 23:37:01.091,1.26265,1.26289,1.25,1.31
2014.09.10 23:37:05.098,1.26267,1.2629,1.19,1.62
2014.09.10 23:37:07.602,1.2627,1.26294,1.25,2.81
2014.09.10 23:37:17.519,1.26271,1.26294,1.25,2.62
2014.09.10 23:37:21.972,1.26268,1.26293,1.19,1.94
2014.09.10 23:37:44.670,1.26271,1.26292,1.25,1.50
2014.09.10 23:37:58.424,1.26268,1.26292,1.25,2.44
2014.09.10 23:37:59.442,1.26269,1.26292,1.19,2.44
2014.09.10 23:38:15.005,1.26269,1.26292,1.19,2.44
2014.09.10 23:38:18.439,1.26272,1.26292,1.25,1.50
2014.09.10 23:38:19.466,1.26268,1.26292,1.19,1.69
2014.09.10 23:38:27.545,1.2627,1.26292,1.19,1.50
2014.09.10 23:38:34.788,1.26272,1.26292,1.25,1.50
2014.09.10 23:38:36.289,1.2627,1.26292,1.19,2.44
2014.09.10 23:38:42.354,1.2627,1.26292,1.19,2.44
2014.09.10 23:38:44.680,1.26272,1.26292,1.19,1.50
2014.09.10 23:38:51.390,1.2627,1.26292,1.19,2.44
2014.09.10 23:38:51.592,1.26267,1.2629,1.19,1.25
2014.09.10 23:38:56.038,1.26267,1.26292,1.19,1.69
2014.09.10 23:39:02.113,1.26266,1.26289,1.19,1.19
2014.09.10 23:39:02.214,1.26265,1.26287,1.00,1.25
2014.09.10 23:39:03.240,1.26263,1.26287,1.19,1.25
2014.09.10 23:39:03.416,1.26266,1.2629,1.25,1.19
2014.09.10 23:39:04.620,1.26264,1.2629,1.19,1.19
2014.09.10 23:39:05.628,1.26265,1.2629,1.19,1.25
2014.09.10 23:39:26.191,1.2627,1.26295,1.19,2.00
2014.09.10 23:39:32.002,1.26268,1.2629,1.25,1.19
2014.09.10 23:39:32.103,1.26264,1.26291,1.25,1.31
2014.09.10 23:39:33.105,1.26266,1.26291,1.19,1.31
2014.09.10 23:39:41.933,1.26266,1.26296,1.19,1.12
2014.09.10 23:39:42.521,1.26266,1.26293,1.25,1.94
2014.09.10 23:39:43.824,1.26266,1.26293,1.25,1.94
2014.09.10 23:39:45.828,1.26269,1.26291,1.19,1.56
2014.09.10 23:39:47.151,1.2627,1.26292,1.19,1.25
2014.09.10 23:39:48.571,1.26268,1.26292,2.44,1.25
2014.09.10 23:40:12.422,1.26268,1.26292,2.81,1.25
2014.09.10 23:40:14.994,1.26268,1.26293,1.87,1.12
2014.09.10 23:40:15.178,1.26268,1.26293,2.25,1.00
2014.09.10 23:40:38.893,1.26267,1.26294,2.00,1.50
2014.09.10 23:40:39.851,1.26266,1.26294,1.75,2.81
2014.09.10 23:40:40.177,1.26266,1.26292,2.44,1.31
2014.09.10 23:40:40.893,1.26266,1.26292,2.44,1.62
2014.09.10 23:40:40.945,1.26266,1.26292,1.69,1.69
2014.09.10 23:40:41.959,1.26267,1.26291,1.19,1.31
2014.09.10 23:40:57.778,1.26266,1.2629,1.19,1.25
2014.09.10 23:41:04.192,1.26269,1.26294,1.25,3.19
2014.09.10 23:41:07.599,1.26271,1.26294,1.19,3.00
2014.09.10 23:41:11.552,1.26268,1.26292,1.25,1.69
2014.09.10 23:41:15.133,1.26266,1.2629,1.19,1.25
2014.09.10 23:41:17.620,1.2627,1.26294,1.25,3.94
2014.09.10 23:41:27.641,1.26271,1.26294,1.19,3.00
2014.09.10 23:41:34.283,1.26269,1.26291,1.19,1.31
2014.09.10 23:41:37.663,1.26268,1.26293,1.19,1.94
2014.09.10 23:41:40.871,1.26268,1.26293,1.19,3.19
2014.09.10 23:41:41.673,1.26268,1.26293,1.19,1.94
2014.09.10 23:41:41.972,1.26268,1.2629,1.25,1.19
2014.09.10 23:41:56.406,1.2627,1.26292,1.19,2.25
2014.09.10 23:41:56.507,1.26265,1.26294,1.69,2.44
2014.09.10 23:41:56.607,1.26268,1.26292,1.19,1.69
2014.09.10 23:41:57.603,1.26268,1.2629,1.25,1.19
2014.09.10 23:41:59.206,1.26268,1.26292,1.25,2.44
2014.09.10 23:42:08.590,1.26267,1.26291,1.25,1.19
2014.09.10 23:42:14.932,1.26267,1.26291,1.25,1.56
2014.09.10 23:42:17.691,1.26269,1.26292,1.19,1.50
2014.09.10 23:42:20.201,1.26265,1.26292,1.25,1.50
2014.09.10 23:42:20.302,1.26268,1.26292,1.19,1.69
2014.09.10 23:43:17.023,1.26268,1.26292,1.19,1.56
2014.09.10 23:43:22.649,1.26265,1.26293,1.00,1.50
2014.09.10 23:43:23.608,1.26268,1.2629,1.19,1.31
2014.09.10 23:43:25.134,1.26266,1.2629,1.69,1.31
2014.09.10 23:43:28.011,1.26268,1.26293,1.25,1.94
2014.09.10 23:43:28.948,1.26269,1.26291,1.19,1.56
2014.09.10 23:44:05.082,1.26268,1.2629,1.19,1.31
2014.09.10 23:44:15.115,1.26268,1.26292,1.19,1.62
2014.09.10 23:44:19.253,1.26269,1.26293,1.25,2.44
2014.09.10 23:44:25.214,1.26267,1.26291,1.19,1.62
2014.09.10 23:44:28.821,1.26268,1.26293,1.19,2.44
2014.09.10 23:44:42.752,1.26268,1.2629,1.19,1.25
2014.09.10 23:44:43.961,1.26267,1.26293,1.19,1.50
2014.09.10 23:44:44.979,1.2627,1.26292,1.25,1.69
2014.09.10 23:44:47.174,1.26268,1.26292,1.19,1.69
2014.09.10 23:44:55.372,1.26268,1.26292,1.19,2.44
2014.09.10 23:44:55.693,1.26268,1.26292,1.56,1.62
2014.09.10 23:45:03.886,1.26268,1.26292,1.19,1.69
2014.09.10 23:45:03.937,1.26268,1.2629,1.19,1.19
2014.09.10 23:45:04.895,1.26269,1.26293,1.25,2.44
2014.09.10 23:45:09.935,1.26268,1.2629,1.19,1.25
2014.09.10 23:45:17.360,1.26267,1.26291,1.19,1.69
2014.09.10 23:45:21.860,1.26269,1.26292,1.25,1.69
2014.09.10 23:45:42.760,1.2627,1.26294,1.19,2.44
2014.09.10 23:45:44.412,1.2627,1.26294,1.56,2.06
2014.09.10 23:46:03.304,1.26271,1.26294,1.31,1.62
2014.09.10 23:47:04.201,1.26266,1.263,1.50,1.12
2014.09.10 23:47:22.888,1.26271,1.26291,1.19,1.00
2014.09.10 23:47:22.989,1.26269,1.26291,1.19,1.69
2014.09.10 23:48:00.929,1.26269,1.26291,1.25,1.00
2014.09.10 23:48:00.979,1.26269,1.26293,1.62,1.56
2014.09.10 23:48:04.304,1.26269,1.26293,1.62,1.21
2014.09.10 23:48:04.820,1.26268,1.2629,1.62,1.19
2014.09.10 23:48:06.524,1.26268,1.2629,1.56,1.25
2014.09.10 23:48:08.428,1.26267,1.26292,1.56,1.25
2014.09.10 23:48:12.878,1.26267,1.26292,1.19,1.62
2014.09.10 23:48:14.739,1.2627,1.26293,1.19,1.87
2014.09.10 23:48:20.851,1.26267,1.26292,1.25,1.56
2014.09.10 23:48:21.995,1.26268,1.2629,1.25,1.56
2014.09.10 23:48:34.476,1.2627,1.26292,1.19,1.37
2014.09.10 23:48:45.096,1.26267,1.26291,1.19,1.56
2014.09.10 23:48:49.403,1.26268,1.26292,1.19,2.06
2014.09.10 23:48:55.214,1.2627,1.26292,1.25,1.37
2014.09.10 23:48:57.817,1.26271,1.26292,1.19,1.37
2014.09.10 23:49:23.320,1.26269,1.26292,1.25,1.62
2014.09.10 23:49:24.117,1.26267,1.26289,2.81,1.69
2014.09.10 23:49:24.419,1.26267,1.26284,1.25,1.50
2014.09.10 23:49:24.470,1.26267,1.26286,1.25,1.00
2014.09.10 23:49:24.672,1.26267,1.26289,1.62,1.19
2014.09.10 23:49:25.220,1.26266,1.2629,1.56,1.69
2014.09.10 23:49:26.112,1.26266,1.2629,1.19,1.31
2014.09.10 23:49:26.666,1.26268,1.2629,1.25,1.31
2014.09.10 23:49:38.043,1.2627,1.26293,1.19,2.62
2014.09.10 23:49:41.049,1.26271,1.26293,1.19,2.62
2014.09.10 23:49:44.655,1.26273,1.26293,1.25,2.62
2014.09.10 23:50:15.614,1.26267,1.26292,1.25,1.56
2014.09.10 23:50:16.616,1.26268,1.2629,1.25,1.31
2014.09.10 23:50:19.963,1.26267,1.26291,1.19,1.56
2014.09.10 23:50:20.926,1.26268,1.2629,1.25,1.31
2014.09.10 23:50:24.533,1.26266,1.2629,1.00,1.31
2014.09.10 23:50:25.254,1.26264,1.2629,1.19,1.31
2014.09.10 23:50:25.634,1.26267,1.2629,1.25,1.31
2014.09.10 23:50:29.257,1.26267,1.2629,1.19,1.31
2014.09.10 23:50:30.376,1.26268,1.26291,1.19,1.56
2014.09.10 23:50:32.783,1.26267,1.26292,1.25,2.06
2014.09.10 23:51:05.312,1.26268,1.2629,1.19,1.31
2014.09.10 23:51:14.331,1.26267,1.2629,1.19,1.31
2014.09.10 23:51:15.446,1.26266,1.26291,1.25,1.56
2014.09.10 23:51:25.696,1.26267,1.26291,1.50,1.19
2014.09.10 23:51:26.554,1.26269,1.26291,1.19,1.25
2014.09.10 23:51:30.597,1.26271,1.26293,1.19,1.50
2014.09.10 23:51:30.918,1.26274,1.26293,1.37,1.50
2014.09.10 23:51:32.956,1.26276,1.26294,1.50,1.87
2014.09.10 23:51:43.164,1.26276,1.26294,1.87,1.50
2014.09.10 23:52:15.713,1.26276,1.26294,1.87,1.50
2014.09.10 23:52:26.164,1.26281,1.26294,1.37,1.50
2014.09.10 23:52:26.214,1.26281,1.26296,1.37,1.00
2014.09.10 23:52:26.265,1.26281,1.26296,1.12,1.00
2014.09.10 23:52:26.366,1.26279,1.26296,1.25,1.00
2014.09.10 23:52:26.669,1.26277,1.26296,1.87,1.00
2014.09.10 23:52:32.556,1.26277,1.26299,1.87,2.06
2014.09.10 23:55:18.344,1.2629,1.26299,1.00,1.37
2014.09.10 23:55:18.445,1.2628,1.26299,1.37,1.37
2014.09.10 23:55:27.562,1.2628,1.26299,1.69,1.00
2014.09.10 23:55:27.613,1.26291,1.26299,1.19,1.00
2014.09.10 23:55:27.664,1.26292,1.2631,1.19,1.37
2014.09.10 23:55:27.715,1.26287,1.2631,1.56,1.37
2014.09.10 23:55:27.816,1.26295,1.26312,1.00,1.37
2014.09.10 23:55:27.866,1.26295,1.26317,1.00,1.37
2014.09.10 23:55:27.968,1.26295,1.26318,1.00,2.25
2014.09.10 23:55:28.474,1.26296,1.26318,1.00,1.50
2014.09.10 23:55:28.576,1.26296,1.2632,1.00,1.12
2014.09.10 23:55:28.779,1.26293,1.26321,1.69,2.06
2014.09.10 23:55:29.032,1.26296,1.26321,1.00,1.69
2014.09.10 23:55:29.958,1.26296,1.26321,1.69,1.25
2014.09.10 23:55:32.326,1.26297,1.26324,1.19,1.69
2014.09.10 23:55:38.741,1.26297,1.26325,1.25,2.81
2014.09.10 23:55:39.691,1.26297,1.26323,1.25,1.00
2014.09.10 23:55:39.993,1.26298,1.26324,1.19,1.25
2014.09.10 23:55:43.049,1.26296,1.26325,2.06,1.69
2014.09.10 23:55:44.098,1.263,1.26325,1.19,1.25
2014.09.10 23:55:44.401,1.26303,1.26326,1.19,1.25
2014.09.10 23:55:44.553,1.26304,1.26329,1.00,1.69
2014.09.10 23:55:45.095,1.26302,1.26328,1.19,1.62
2014.09.10 23:55:45.711,1.26302,1.26329,1.19,1.31
2014.09.10 23:55:46.404,1.26302,1.26329,1.25,1.31
2014.09.10 23:55:46.909,1.26302,1.26328,1.19,1.25
2014.09.10 23:55:48.362,1.263,1.2633,2.44,1.62
2014.09.10 23:55:48.413,1.26305,1.2633,1.00,1.62
2014.09.10 23:55:52.377,1.26305,1.2633,1.69,1.37
2014.09.10 23:55:53.380,1.26306,1.2633,1.19,2.06
2014.09.10 23:55:56.789,1.26306,1.26331,1.25,2.81
2014.09.10 23:55:57.792,1.26307,1.2633,1.19,1.62
2014.09.10 23:55:58.864,1.26307,1.2633,1.19,1.25
2014.09.10 23:56:11.663,1.26305,1.2633,1.00,1.00
2014.09.10 23:56:15.433,1.26305,1.26331,1.00,1.12
2014.09.10 23:56:16.096,1.26305,1.26331,1.00,1.37
2014.09.10 23:56:22.448,1.26308,1.2633,1.25,1.31
2014.09.10 23:56:22.564,1.26305,1.26331,1.00,1.87
2014.09.10 23:56:26.495,1.26305,1.26331,1.69,1.56
2014.09.10 23:56:27.858,1.26305,1.26331,1.69,1.56
2014.09.10 23:56:28.061,1.26308,1.26333,1.19,3.37
2014.09.10 23:56:28.163,1.26308,1.26333,1.19,1.00
2014.09.10 23:56:28.214,1.26311,1.26333,1.00,1.00
2014.09.10 23:56:28.265,1.26311,1.26335,1.25,1.00
2014.09.10 23:56:28.825,1.26311,1.26336,1.00,1.12
2014.09.10 23:56:29.330,1.2631,1.26338,1.00,1.19
2014.09.10 23:56:32.485,1.2631,1.26339,1.69,1.19
2014.09.10 23:56:33.508,1.26311,1.2634,1.25,1.31
2014.09.10 23:56:34.498,1.26311,1.2634,1.19,1.31
2014.09.10 23:56:35.658,1.26312,1.2634,1.62,1.56
2014.09.10 23:56:37.880,1.26315,1.26341,1.25,1.37
2014.09.10 23:56:40.908,1.2631,1.26341,1.94,1.37
2014.09.10 23:56:41.653,1.26314,1.26342,1.25,2.44
2014.09.10 23:56:42.774,1.26314,1.26335,1.25,1.50
2014.09.10 23:56:42.926,1.26311,1.26335,1.19,1.50
2014.09.10 23:56:42.976,1.26311,1.26328,1.19,1.50
2014.09.10 23:56:43.128,1.26309,1.26328,1.25,1.50
2014.09.10 23:56:43.279,1.26308,1.26324,1.69,1.00
2014.09.10 23:56:43.431,1.26302,1.26323,1.69,1.00
2014.09.10 23:56:44.281,1.26302,1.26322,1.69,2.25
2014.09.10 23:56:44.674,1.26302,1.26322,1.19,2.25
2014.09.10 23:56:45.343,1.26301,1.26323,1.19,2.25
2014.09.10 23:56:46.733,1.26302,1.26323,1.19,2.25
2014.09.10 23:56:47.314,1.26302,1.26322,1.19,1.50
2014.09.10 23:56:48.116,1.26303,1.26322,1.19,1.50
2014.09.10 23:56:48.798,1.26303,1.26321,1.19,1.00
2014.09.10 23:56:49.302,1.26303,1.26321,1.25,1.00
2014.09.10 23:56:49.412,1.26303,1.26323,1.25,2.25
2014.09.10 23:56:51.347,1.26303,1.26322,1.25,2.25
2014.09.10 23:56:57.748,1.26302,1.26323,1.56,1.50
2014.09.10 23:56:57.900,1.26302,1.26323,1.19,1.87
2014.09.10 23:56:57.951,1.26301,1.26318,1.69,1.50
2014.09.10 23:56:59.882,1.26301,1.26317,1.69,1.50
2014.09.10 23:57:08.886,1.26301,1.26318,1.69,2.62
2014.09.10 23:57:10.348,1.26301,1.26318,1.00,2.62
2014.09.10 23:57:28.152,1.26301,1.26317,1.00,1.50
2014.09.10 23:57:39.894,1.26301,1.26319,1.00,2.62
2014.09.10 23:57:48.184,1.26299,1.26319,1.25,2.25
2014.09.10 23:57:51.042,1.26298,1.26319,1.25,2.25
2014.09.10 23:57:51.159,1.263,1.26319,1.19,2.25
2014.09.10 23:57:51.884,1.263,1.26318,1.19,2.25
2014.09.10 23:57:57.955,1.26299,1.26318,1.19,2.25
2014.09.10 23:58:01.080,1.26301,1.26318,1.25,2.25
2014.09.10 23:58:02.264,1.26299,1.26318,1.19,2.25
2014.09.10 23:58:05.269,1.263,1.26318,1.19,2.25
2014.09.10 23:58:09.476,1.26299,1.26318,1.19,2.25
2014.09.10 23:58:10.489,1.263,1.26318,1.19,2.25
2014.09.10 23:58:13.483,1.26299,1.26318,1.25,2.25
2014.09.10 23:58:17.300,1.26301,1.26318,1.25,2.25
2014.09.10 23:58:23.254,1.26301,1.26318,1.19,2.25
2014.09.10 23:58:24.307,1.263,1.26318,1.25,2.25
2014.09.10 23:58:28.916,1.26297,1.26318,2.81,2.25
2014.09.10 23:58:30.551,1.26298,1.26318,1.19,2.25
2014.09.10 23:58:41.174,1.26299,1.26318,1.19,2.25
2014.09.10 23:58:44.047,1.26299,1.26318,1.31,2.62
2014.09.10 23:58:49.814,1.26293,1.26318,1.69,2.25
2014.09.10 23:58:49.916,1.26299,1.26318,1.25,2.25
2014.09.10 23:58:52.811,1.26297,1.26318,1.19,2.25
2014.09.10 23:59:09.062,1.26299,1.26318,1.25,1.50
2014.09.10 23:59:13.587,1.26295,1.26318,1.62,2.62
2014.09.10 23:59:14.585,1.26297,1.26318,1.56,2.62
2014.09.10 23:59:16.852,1.26298,1.26318,1.31,2.62
2014.09.10 23:59:17.898,1.26297,1.26318,1.56,2.62
2014.09.10 23:59:23.629,1.26297,1.26317,2.81,1.50
2014.09.10 23:59:27.883,1.26298,1.26317,1.19,1.50
2014.09.10 23:59:31.282,1.26298,1.26318,1.19,2.25
2014.09.10 23:59:42.811,1.26299,1.26318,1.19,1.50
2014.09.10 23:59:43.412,1.26301,1.26318,1.25,1.50
2014.09.10 23:59:47.827,1.26298,1.2632,1.62,2.62
2014.09.10 23:59:49.838,1.263,1.26321,1.19,1.37
2014.09.10 23:59:50.781,1.263,1.26321,1.19,1.00
2014.09.10 23:59:51.736,1.263,1.26321,1.25,2.44
2014.09.10 23:59:59.046,1.26296,1.26321,1.87,2.25
2014.09.10 23:59:59.147,1.26298,1.26321,1.19,2.25
