2014.09.23 04:00:12.198,1.26751,1.26764,1.31,2.25
2014.09.23 04:00:18.868,1.26752,1.26764,1.25,1.50
2014.09.23 04:00:29.384,1.26753,1.26764,1.19,1.50
2014.09.23 04:00:33.389,1.26754,1.26764,1.19,1.50
2014.09.23 04:00:33.490,1.26752,1.26764,1.25,1.50
2014.09.23 04:00:33.797,1.26752,1.2676,1.25,1.00
2014.09.23 04:00:34.099,1.26755,1.2676,1.25,1.00
2014.09.23 04:00:34.150,1.26755,1.2677,1.25,1.91
2014.09.23 04:00:34.201,1.26759,1.2677,1.25,1.30
2014.09.23 04:00:34.503,1.26756,1.26764,1.87,1.00
2014.09.23 04:00:34.644,1.26756,1.26764,2.06,1.00
2014.09.23 04:00:35.223,1.26756,1.26764,2.06,1.00
2014.09.23 04:00:48.293,1.26754,1.26764,1.00,1.00
2014.09.23 04:00:48.394,1.26754,1.26764,2.06,1.00
2014.09.23 04:00:59.420,1.26754,1.26764,1.56,1.00
2014.09.23 04:01:00.648,1.26756,1.26764,1.25,1.00
2014.09.23 04:01:02.672,1.26755,1.26764,1.31,1.00
2014.09.23 04:01:05.807,1.26755,1.2677,1.31,1.00
2014.09.23 04:01:05.857,1.26756,1.2677,1.56,1.00
2014.09.23 04:01:05.958,1.26757,1.2677,1.69,1.00
2014.09.23 04:01:23.491,1.26758,1.2677,1.25,1.00
2014.09.23 04:01:38.366,1.26758,1.2677,1.19,1.00
2014.09.23 04:01:40.225,1.26757,1.2677,3.19,1.00
2014.09.23 04:01:45.536,1.26757,1.2677,2.25,1.69
2014.09.23 04:01:45.637,1.26751,1.26763,1.56,1.00
2014.09.23 04:01:45.806,1.2675,1.2676,1.62,1.00
2014.09.23 04:01:45.907,1.26757,1.26767,1.50,1.19
2014.09.23 04:01:45.957,1.26757,1.2677,1.87,1.00
2014.09.23 04:01:46.159,1.26756,1.2677,1.31,1.25
2014.09.23 04:01:46.210,1.26756,1.26764,1.31,1.00
2014.09.23 04:01:46.876,1.26754,1.26764,1.62,1.00
2014.09.23 04:01:48.266,1.26754,1.26769,1.62,1.19
2014.09.23 04:01:48.467,1.26756,1.2677,1.56,1.00
2014.09.23 04:01:48.619,1.26756,1.2677,1.31,1.00
2014.09.23 04:01:48.828,1.26756,1.26763,1.00,1.00
2014.09.23 04:01:48.929,1.26754,1.2676,1.25,1.00
2014.09.23 04:01:49.383,1.26753,1.26764,1.12,1.00
2014.09.23 04:01:49.434,1.26753,1.26764,1.37,1.00
2014.09.23 04:01:51.326,1.26753,1.26764,1.25,1.00
2014.09.23 04:01:51.377,1.26755,1.26769,1.25,1.25
2014.09.23 04:01:51.579,1.26755,1.26764,1.56,1.00
2014.09.23 04:01:52.157,1.26753,1.26764,1.62,1.00
2014.09.23 04:01:55.868,1.26751,1.2676,1.31,1.00
2014.09.23 04:01:59.518,1.26748,1.2676,2.06,1.00
2014.09.23 04:02:27.074,1.2675,1.2676,1.62,1.00
2014.09.23 04:02:45.819,1.26752,1.26764,1.37,1.69
2014.09.23 04:02:45.920,1.26754,1.26764,1.56,1.50
2014.09.23 04:02:46.223,1.26757,1.26764,1.19,2.25
2014.09.23 04:02:46.274,1.26755,1.26764,1.62,2.25
2014.09.23 04:02:53.448,1.26755,1.26768,1.62,1.00
2014.09.23 04:02:54.166,1.26755,1.26771,1.62,1.00
2014.09.23 04:02:54.433,1.26757,1.26773,1.87,2.25
2014.09.23 04:02:55.367,1.26759,1.26774,2.44,1.00
2014.09.23 04:02:55.670,1.26764,1.26774,1.37,1.00
2014.09.23 04:02:56.174,1.26763,1.26774,1.37,1.00
2014.09.23 04:02:56.426,1.26763,1.26774,1.12,1.00
2014.09.23 04:02:56.952,1.26761,1.26774,1.31,1.00
2014.09.23 04:02:57.467,1.26761,1.26773,1.31,1.00
2014.09.23 04:02:59.100,1.2676,1.26773,2.44,1.00
2014.09.23 04:02:59.202,1.26758,1.26773,1.31,1.69
2014.09.23 04:02:59.437,1.26758,1.26773,1.69,1.69
2014.09.23 04:03:07.321,1.26759,1.26774,1.56,1.69
2014.09.23 04:03:08.649,1.26757,1.26774,1.94,1.69
2014.09.23 04:03:21.849,1.26757,1.26774,1.94,1.69
2014.09.23 04:03:23.553,1.26757,1.26774,2.00,3.19
2014.09.23 04:03:24.279,1.26757,1.26774,1.62,3.19
2014.09.23 04:03:25.260,1.26757,1.26772,1.56,1.25
2014.09.23 04:03:25.595,1.26756,1.26771,2.62,1.19
2014.09.23 04:03:25.646,1.26756,1.26767,1.87,1.00
2014.09.23 04:03:25.697,1.26753,1.26767,1.50,1.25
2014.09.23 04:03:25.798,1.26749,1.26766,1.94,1.19
2014.09.23 04:03:25.899,1.26749,1.26766,2.81,1.19
2014.09.23 04:03:26.000,1.26753,1.26768,1.56,1.25
2014.09.23 04:03:29.112,1.26752,1.26767,1.56,1.25
2014.09.23 04:03:29.792,1.26752,1.26767,1.56,1.25
2014.09.23 04:03:30.325,1.26754,1.26769,1.62,1.19
2014.09.23 04:03:30.375,1.26754,1.26769,1.62,1.19
2014.09.23 04:03:30.426,1.26754,1.2677,1.56,1.25
2014.09.23 04:03:30.477,1.26754,1.26771,1.31,1.19
2014.09.23 04:03:30.888,1.26754,1.26771,1.56,1.69
2014.09.23 04:03:31.242,1.26754,1.26771,1.69,1.69
2014.09.23 04:03:32.198,1.26755,1.2677,1.62,1.19
2014.09.23 04:03:33.283,1.26753,1.2677,1.56,1.25
2014.09.23 04:03:41.324,1.26753,1.26768,1.50,1.19
2014.09.23 04:03:41.426,1.2675,1.26765,1.56,1.25
2014.09.23 04:03:42.601,1.2675,1.26765,1.56,1.19
2014.09.23 04:03:44.528,1.2675,1.26765,1.56,1.19
2014.09.23 04:03:45.284,1.26753,1.26765,1.00,1.19
2014.09.23 04:03:45.335,1.26753,1.26766,1.50,1.00
2014.09.23 04:03:45.436,1.26754,1.26769,1.31,1.19
2014.09.23 04:03:45.638,1.26754,1.26769,1.62,1.19
2014.09.23 04:03:48.012,1.26755,1.2677,1.62,1.19
2014.09.23 04:03:51.804,1.26755,1.26768,1.62,1.00
2014.09.23 04:03:51.955,1.26752,1.26767,1.37,1.19
2014.09.23 04:03:52.107,1.26753,1.26767,1.37,1.19
2014.09.23 04:03:52.157,1.26753,1.26768,1.37,1.25
2014.09.23 04:03:52.689,1.26753,1.2677,2.06,1.19
2014.09.23 04:03:52.739,1.26753,1.2677,2.44,1.19
2014.09.23 04:03:53.523,1.26755,1.2677,1.56,1.25
2014.09.23 04:03:54.536,1.26755,1.2677,1.62,1.19
2014.09.23 04:03:59.936,1.26756,1.26772,1.56,1.00
2014.09.23 04:04:00.820,1.26755,1.26772,2.06,1.25
2014.09.23 04:04:10.957,1.26754,1.26773,1.12,3.00
2014.09.23 04:04:21.748,1.26753,1.26773,3.19,3.19
2014.09.23 04:04:21.799,1.26754,1.26771,1.56,1.25
2014.09.23 04:04:24.784,1.26754,1.2677,1.62,1.25
2014.09.23 04:04:26.006,1.26754,1.2677,1.69,1.25
2014.09.23 04:04:27.836,1.26754,1.26771,1.69,1.25
2014.09.23 04:04:28.057,1.26754,1.26771,1.56,1.25
2014.09.23 04:04:29.593,1.26754,1.26771,1.62,1.19
2014.09.23 04:04:30.121,1.26754,1.26771,1.62,1.19
2014.09.23 04:04:33.400,1.26754,1.26771,1.56,1.25
2014.09.23 04:04:37.754,1.26755,1.26771,1.56,1.19
2014.09.23 04:04:40.725,1.26753,1.26772,1.50,1.25
2014.09.23 04:05:09.872,1.26752,1.26771,1.94,1.19
2014.09.23 04:05:16.186,1.26752,1.26771,1.94,1.25
2014.09.23 04:05:18.106,1.26751,1.26772,2.81,1.00
2014.09.23 04:05:29.716,1.26753,1.26772,1.69,1.69
2014.09.23 04:05:31.920,1.26754,1.26771,1.62,1.19
2014.09.23 04:05:33.363,1.26753,1.2677,1.62,1.19
2014.09.23 04:05:36.528,1.26753,1.26769,1.56,1.19
2014.09.23 04:05:37.630,1.26752,1.26771,1.69,1.25
2014.09.23 04:05:44.463,1.26752,1.2677,1.69,1.25
2014.09.23 04:05:46.580,1.26753,1.2677,1.62,1.19
2014.09.23 04:05:51.660,1.26752,1.26772,1.69,1.69
2014.09.23 04:05:53.263,1.26752,1.2677,1.69,1.25
2014.09.23 04:05:54.603,1.26752,1.2677,1.69,1.19
2014.09.23 04:05:59.701,1.26752,1.26768,1.69,1.19
2014.09.23 04:05:59.751,1.26752,1.26768,1.62,1.19
2014.09.23 04:06:06.745,1.26753,1.26768,2.06,1.19
2014.09.23 04:06:07.754,1.26753,1.2677,2.06,1.19
2014.09.23 04:06:09.646,1.26753,1.26766,1.12,1.25
2014.09.23 04:06:10.201,1.2675,1.26763,2.06,1.50
2014.09.23 04:06:18.642,1.2675,1.26764,1.62,1.25
2014.09.23 04:06:19.192,1.26752,1.26769,2.44,1.19
2014.09.23 04:06:19.702,1.26752,1.26769,1.69,1.19
2014.09.23 04:06:20.984,1.26752,1.26769,1.69,1.25
2014.09.23 04:06:25.154,1.26752,1.26769,1.25,1.25
2014.09.23 04:06:26.066,1.26752,1.26772,1.00,1.56
2014.09.23 04:06:29.771,1.26752,1.2677,1.37,1.25
2014.09.23 04:06:33.471,1.26753,1.26769,1.31,1.25
2014.09.23 04:06:43.590,1.26753,1.26769,1.31,1.25
2014.09.23 04:06:48.747,1.26752,1.26773,1.37,2.62
2014.09.23 04:06:48.847,1.26752,1.2677,2.06,1.19
2014.09.23 04:06:59.713,1.26752,1.2677,2.06,1.19
2014.09.23 04:07:00.031,1.26755,1.26769,1.31,1.25
2014.09.23 04:07:04.930,1.26752,1.26771,2.06,1.19
2014.09.23 04:07:25.706,1.26752,1.26773,1.62,3.19
2014.09.23 04:07:28.016,1.26752,1.26772,2.06,1.19
2014.09.23 04:07:28.582,1.26752,1.2677,2.06,1.25
2014.09.23 04:07:33.122,1.26754,1.26768,1.62,1.19
2014.09.23 04:07:34.993,1.26754,1.26771,1.37,1.19
2014.09.23 04:07:44.410,1.26754,1.26772,1.37,1.19
2014.09.23 04:07:49.621,1.26754,1.26772,1.37,1.25
2014.09.23 04:08:05.851,1.26754,1.26769,1.37,1.19
2014.09.23 04:08:05.952,1.26754,1.26771,1.37,1.19
2014.09.23 04:08:12.463,1.26754,1.2677,2.06,1.19
2014.09.23 04:08:17.475,1.26754,1.26772,1.37,1.19
2014.09.23 04:08:22.184,1.26754,1.26772,1.62,1.25
2014.09.23 04:08:29.833,1.26754,1.26773,1.37,3.19
2014.09.23 04:08:59.852,1.26753,1.26772,1.62,1.19
2014.09.23 04:09:00.973,1.26753,1.26772,1.62,1.19
2014.09.23 04:09:03.705,1.26754,1.26769,1.62,1.19
2014.09.23 04:09:08.605,1.26754,1.26769,1.56,1.25
2014.09.23 04:09:19.100,1.26754,1.26768,1.62,1.25
2014.09.23 04:09:19.201,1.26752,1.26771,2.44,1.25
2014.09.23 04:09:26.902,1.26754,1.2677,1.62,1.19
2014.09.23 04:09:27.004,1.26752,1.26773,1.57,3.56
2014.09.23 04:09:27.199,1.26754,1.2677,1.56,1.19
2014.09.23 04:09:34.713,1.26753,1.2677,1.56,1.25
2014.09.23 04:09:40.021,1.26753,1.2677,1.62,1.19
2014.09.23 04:09:40.122,1.26752,1.26773,1.37,3.56
2014.09.23 04:09:40.223,1.26752,1.26772,2.06,1.19
2014.09.23 04:09:46.331,1.26753,1.26768,1.56,1.19
2014.09.23 04:09:51.778,1.26752,1.26773,2.06,4.31
2014.09.23 04:09:59.932,1.26752,1.26773,1.69,3.56
2014.09.23 04:10:00.583,1.26752,1.26771,1.69,1.25
2014.09.23 04:10:03.280,1.26754,1.26768,1.62,1.25
2014.09.23 04:10:11.092,1.26752,1.26772,1.69,1.00
2014.09.23 04:10:11.700,1.26753,1.2677,1.62,1.19
2014.09.23 04:10:14.808,1.26753,1.26768,1.56,1.25
2014.09.23 04:10:16.792,1.26752,1.2677,1.69,1.69
2014.09.23 04:10:19.894,1.26752,1.26769,1.69,1.69
2014.09.23 04:10:29.988,1.26754,1.26768,1.62,1.00
2014.09.23 04:10:30.154,1.26754,1.26772,1.37,1.25
2014.09.23 04:10:30.255,1.26754,1.2677,1.62,1.25
2014.09.23 04:10:31.358,1.26755,1.2677,2.06,1.19
2014.09.23 04:10:38.231,1.26755,1.26773,1.12,2.81
2014.09.23 04:10:40.330,1.26755,1.26772,1.12,1.25
2014.09.23 04:10:47.228,1.26753,1.26773,1.37,2.44
2014.09.23 04:10:47.746,1.26755,1.26772,1.62,1.19
2014.09.23 04:10:54.762,1.26755,1.26772,1.56,1.25
2014.09.23 04:10:55.779,1.26755,1.26772,1.56,1.25
2014.09.23 04:10:56.967,1.26755,1.26773,1.62,1.69
2014.09.23 04:11:00.389,1.26755,1.26773,1.62,1.69
2014.09.23 04:11:03.795,1.26756,1.26771,1.56,1.19
2014.09.23 04:11:03.896,1.26755,1.26773,1.56,2.44
2014.09.23 04:11:05.705,1.26757,1.26772,1.56,1.25
2014.09.23 04:11:08.004,1.26754,1.26773,1.69,1.50
2014.09.23 04:11:18.993,1.26755,1.26775,1.56,1.19
2014.09.23 04:11:23.829,1.26753,1.26775,2.44,1.31
2014.09.23 04:11:30.003,1.26754,1.26776,1.94,2.06
2014.09.23 04:11:31.838,1.26754,1.26776,1.94,2.06
2014.09.23 04:11:33.755,1.26757,1.26772,1.62,1.19
2014.09.23 04:11:43.677,1.26758,1.26775,1.56,1.69
2014.09.23 04:11:44.921,1.26755,1.26775,2.00,1.25
2014.09.23 04:11:51.744,1.26756,1.26775,1.69,1.69
2014.09.23 04:11:52.099,1.26756,1.26772,1.69,1.25
2014.09.23 04:11:53.503,1.26757,1.26773,1.62,1.25
2014.09.23 04:11:58.414,1.26758,1.26773,1.62,1.19
2014.09.23 04:12:04.366,1.26755,1.26776,2.44,1.19
2014.09.23 04:12:09.642,1.26757,1.26774,1.56,1.19
2014.09.23 04:12:13.192,1.26757,1.26775,1.62,1.19
2014.09.23 04:12:14.289,1.26757,1.26774,1.62,1.19
2014.09.23 04:12:20.803,1.26758,1.26773,1.56,1.19
2014.09.23 04:12:20.904,1.26758,1.26773,1.56,1.19
2014.09.23 04:12:21.227,1.26756,1.26771,2.06,1.19
2014.09.23 04:12:30.095,1.26756,1.26771,1.56,1.19
2014.09.23 04:12:30.146,1.26756,1.26772,1.62,1.25
2014.09.23 04:12:40.638,1.26756,1.26773,1.69,1.19
2014.09.23 04:12:40.940,1.26756,1.26773,1.25,1.19
2014.09.23 04:12:42.029,1.26756,1.26773,1.62,1.19
2014.09.23 04:12:43.746,1.26755,1.26773,2.44,1.25
2014.09.23 04:12:44.148,1.26755,1.26773,1.69,1.25
2014.09.23 04:12:47.225,1.26755,1.26773,2.06,1.25
2014.09.23 04:12:47.552,1.26757,1.26772,1.62,1.19
2014.09.23 04:12:49.029,1.26757,1.26772,1.31,1.19
2014.09.23 04:12:51.032,1.26756,1.26771,1.56,1.19
2014.09.23 04:12:51.082,1.26756,1.26773,1.62,1.19
2014.09.23 04:12:51.434,1.26756,1.26773,1.25,1.19
2014.09.23 04:12:52.534,1.26756,1.26773,1.62,1.19
2014.09.23 04:12:54.164,1.26756,1.26773,1.62,1.19
2014.09.23 04:12:55.069,1.26755,1.26772,2.06,1.19
2014.09.23 04:12:56.198,1.26755,1.26772,2.06,1.25
2014.09.23 04:12:59.179,1.26755,1.26772,2.06,1.19
2014.09.23 04:12:59.699,1.26755,1.26772,2.06,1.19
2014.09.23 04:13:01.683,1.26756,1.26772,1.37,1.19
2014.09.23 04:13:04.788,1.26756,1.26771,2.06,1.25
2014.09.23 04:13:06.598,1.26756,1.26773,2.06,1.19
2014.09.23 04:13:08.386,1.26756,1.26773,1.62,1.19
2014.09.23 04:13:09.706,1.26755,1.26772,2.06,1.19
2014.09.23 04:13:12.642,1.26755,1.26767,1.00,1.25
2014.09.23 04:13:13.145,1.26753,1.26767,1.62,1.25
2014.09.23 04:13:13.665,1.26751,1.26767,1.37,1.19
2014.09.23 04:13:17.222,1.26751,1.26765,1.62,1.25
2014.09.23 04:13:18.244,1.26751,1.26766,2.06,1.25
2014.09.23 04:13:20.129,1.26754,1.2677,1.75,2.44
2014.09.23 04:13:20.561,1.26754,1.26773,2.06,1.56
2014.09.23 04:13:20.662,1.26754,1.26773,2.81,1.19
2014.09.23 04:13:31.469,1.26757,1.26772,2.06,2.44
2014.09.23 04:13:32.078,1.26757,1.26772,1.50,1.69
2014.09.23 04:13:40.312,1.26757,1.26772,1.50,1.00
2014.09.23 04:13:40.728,1.26757,1.26772,1.62,1.25
2014.09.23 04:13:43.279,1.26757,1.26771,1.50,1.25
2014.09.23 04:13:43.330,1.26757,1.26769,1.12,1.00
2014.09.23 04:13:43.481,1.26753,1.26767,1.62,1.19
2014.09.23 04:13:45.061,1.26752,1.26765,1.62,1.00
2014.09.23 04:13:45.971,1.26751,1.26763,1.62,1.50
2014.09.23 04:13:54.401,1.26753,1.26763,1.37,1.50
2014.09.23 04:13:54.452,1.26753,1.26769,1.62,1.00
2014.09.23 04:13:57.015,1.26754,1.26771,2.06,1.19
2014.09.23 04:13:57.130,1.26754,1.26771,2.06,1.19
2014.09.23 04:13:57.864,1.26753,1.26768,2.06,1.25
2014.09.23 04:13:58.375,1.26753,1.26768,1.56,1.25
2014.09.23 04:13:59.120,1.26752,1.26767,1.56,1.25
2014.09.23 04:14:00.230,1.26752,1.26768,1.69,1.25
2014.09.23 04:14:04.136,1.26751,1.26768,2.06,1.25
2014.09.23 04:14:04.264,1.26749,1.26767,1.62,1.56
2014.09.23 04:14:04.567,1.26744,1.26756,1.37,1.25
2014.09.23 04:14:04.668,1.26742,1.26756,1.37,1.25
2014.09.23 04:14:04.820,1.26751,1.26756,1.00,1.00
2014.09.23 04:14:04.870,1.26751,1.26759,1.00,1.00
2014.09.23 04:14:04.972,1.26751,1.26767,1.00,1.00
2014.09.23 04:14:05.097,1.26754,1.26769,1.00,1.37
2014.09.23 04:14:05.148,1.26754,1.26774,1.00,2.06
2014.09.23 04:14:05.505,1.26756,1.26774,1.00,2.81
2014.09.23 04:14:06.543,1.26756,1.26769,1.00,1.19
2014.09.23 04:14:06.694,1.26753,1.26769,1.12,1.19
2014.09.23 04:14:07.200,1.2675,1.26768,2.06,1.31
2014.09.23 04:14:07.301,1.26749,1.26767,1.12,1.31
2014.09.23 04:14:07.352,1.26749,1.26762,1.00,1.19
2014.09.23 04:14:07.486,1.26747,1.2676,1.12,1.00
2014.09.23 04:14:07.536,1.26744,1.26758,2.06,1.25
2014.09.23 04:14:08.362,1.26744,1.2676,2.06,1.00
2014.09.23 04:14:08.883,1.26745,1.26759,2.06,1.25
2014.09.23 04:14:09.971,1.26745,1.26761,1.37,1.69
2014.09.23 04:14:10.954,1.26745,1.26759,2.06,1.25
2014.09.23 04:14:12.275,1.26745,1.2676,1.37,1.25
2014.09.23 04:14:14.666,1.26745,1.26759,1.37,1.19
2014.09.23 04:14:17.372,1.26745,1.26759,1.37,1.25
2014.09.23 04:14:20.379,1.26745,1.26761,1.37,1.69
2014.09.23 04:14:20.682,1.26745,1.26759,1.00,1.19
2014.09.23 04:14:21.683,1.26745,1.26757,1.00,1.19
2014.09.23 04:14:23.035,1.26743,1.26757,1.31,1.19
2014.09.23 04:14:24.618,1.26744,1.26756,1.00,1.25
2014.09.23 04:14:26.705,1.26744,1.26758,1.12,1.19
2014.09.23 04:14:27.441,1.26744,1.26754,1.12,1.50
2014.09.23 04:14:27.912,1.26736,1.26754,1.62,1.50
2014.09.23 04:14:28.063,1.26734,1.26751,1.94,1.00
2014.09.23 04:14:28.114,1.26734,1.2675,1.56,1.25
2014.09.23 04:14:28.215,1.26732,1.2675,1.62,1.25
2014.09.23 04:14:28.543,1.26732,1.26747,1.62,1.19
2014.09.23 04:14:32.116,1.2673,1.26748,1.69,1.25
2014.09.23 04:14:32.217,1.2673,1.26747,2.06,1.19
2014.09.23 04:14:32.268,1.2673,1.26743,2.06,1.50
2014.09.23 04:14:32.771,1.26727,1.26742,3.19,1.25
2014.09.23 04:14:33.444,1.26727,1.26742,1.56,1.25
2014.09.23 04:14:33.813,1.26728,1.26742,1.25,1.25
2014.09.23 04:14:34.397,1.26729,1.26743,1.25,2.44
2014.09.23 04:14:34.967,1.26729,1.26743,1.19,1.69
2014.09.23 04:14:36.001,1.26728,1.26743,1.62,1.50
2014.09.23 04:14:39.660,1.26728,1.26743,2.06,1.50
2014.09.23 04:14:39.761,1.26729,1.26745,1.62,1.25
2014.09.23 04:14:41.204,1.26729,1.26745,1.62,1.25
2014.09.23 04:14:42.171,1.2673,1.26747,1.56,1.25
2014.09.23 04:14:46.081,1.26729,1.26749,2.44,1.19
2014.09.23 04:14:47.208,1.2673,1.26748,1.62,1.19
2014.09.23 04:14:55.898,1.26731,1.26748,1.56,1.25
2014.09.23 04:14:57.816,1.26731,1.2675,1.62,1.69
2014.09.23 04:15:00.187,1.26731,1.2675,1.69,1.69
2014.09.23 04:15:00.726,1.26733,1.26749,1.56,1.19
2014.09.23 04:15:02.630,1.26732,1.2675,1.56,1.69
2014.09.23 04:15:07.643,1.26733,1.2675,1.62,1.25
2014.09.23 04:15:22.005,1.26732,1.26748,1.56,1.25
2014.09.23 04:15:22.237,1.26732,1.26748,1.56,1.25
2014.09.23 04:15:22.980,1.26731,1.26746,1.56,1.25
2014.09.23 04:15:23.713,1.26731,1.26746,1.56,1.25
2014.09.23 04:15:24.227,1.2673,1.26746,1.56,1.19
2014.09.23 04:15:24.996,1.26728,1.26746,2.06,1.25
2014.09.23 04:15:25.504,1.26728,1.26746,2.81,1.25
2014.09.23 04:15:26.293,1.26729,1.26744,1.56,1.25
2014.09.23 04:15:30.289,1.26729,1.26744,1.31,1.25
2014.09.23 04:15:33.707,1.26728,1.26744,1.69,1.25
2014.09.23 04:15:35.912,1.26728,1.26741,1.00,1.25
2014.09.23 04:15:36.720,1.26728,1.26743,1.25,1.19
2014.09.23 04:15:37.862,1.26728,1.26744,1.25,1.25
2014.09.23 04:15:48.759,1.26728,1.26743,1.00,1.25
2014.09.23 04:15:54.434,1.26728,1.26745,1.00,1.31
2014.09.23 04:15:55.562,1.26728,1.26743,1.25,1.50
2014.09.23 04:16:02.435,1.26728,1.26744,1.00,2.81
2014.09.23 04:16:03.720,1.26728,1.26742,1.25,1.31
2014.09.23 04:16:10.212,1.26728,1.26744,1.00,2.81
2014.09.23 04:16:10.793,1.26728,1.26742,1.00,1.31
2014.09.23 04:16:11.497,1.26728,1.26743,1.00,2.81
2014.09.23 04:16:21.755,1.26728,1.26739,1.00,1.25
2014.09.23 04:16:21.856,1.26728,1.26743,1.00,2.06
2014.09.23 04:16:22.425,1.26728,1.26742,1.00,1.31
2014.09.23 04:16:30.307,1.26728,1.26742,1.00,1.56
2014.09.23 04:16:30.358,1.26728,1.26737,1.00,1.25
2014.09.23 04:16:32.840,1.26728,1.26738,1.00,1.25
2014.09.23 04:16:34.244,1.26728,1.26741,1.00,1.56
2014.09.23 04:16:45.228,1.26727,1.26743,1.00,1.87
2014.09.23 04:16:46.457,1.26725,1.2674,2.06,1.31
2014.09.23 04:16:47.331,1.26728,1.2674,1.00,1.31
2014.09.23 04:16:47.974,1.26726,1.26741,2.06,1.62
2014.09.23 04:16:52.110,1.26726,1.2674,1.12,1.31
2014.09.23 04:16:57.920,1.26726,1.26738,1.12,1.19
2014.09.23 04:16:58.120,1.26726,1.2674,1.12,1.31
2014.09.23 04:17:00.325,1.26726,1.2674,1.12,1.31
2014.09.23 04:17:01.528,1.26726,1.26743,2.06,1.62
2014.09.23 04:17:02.930,1.26726,1.26744,1.12,2.81
2014.09.23 04:17:04.039,1.26726,1.26741,1.69,1.31
2014.09.23 04:17:09.490,1.26726,1.26743,1.07,1.37
2014.09.23 04:17:24.591,1.26726,1.26743,2.00,2.06
2014.09.23 04:17:27.881,1.26726,1.26743,1.07,2.06
2014.09.23 04:17:30.211,1.26726,1.26741,1.07,2.06
2014.09.23 04:17:30.879,1.26727,1.26741,1.00,2.06
2014.09.23 04:17:32.312,1.26727,1.2674,1.00,1.25
2014.09.23 04:17:32.949,1.26727,1.2674,1.00,1.62
2014.09.23 04:17:33.467,1.26727,1.26741,1.00,1.69
2014.09.23 04:17:35.505,1.26727,1.26738,1.00,1.19
2014.09.23 04:17:35.606,1.26727,1.2674,1.00,1.69
2014.09.23 04:17:36.611,1.26727,1.26739,1.00,1.19
2014.09.23 04:17:37.649,1.26727,1.2674,1.00,1.19
2014.09.23 04:17:38.565,1.26728,1.2674,1.00,3.94
2014.09.23 04:17:39.922,1.26728,1.26739,1.00,1.19
2014.09.23 04:17:41.026,1.26728,1.26736,1.00,1.19
2014.09.23 04:17:41.936,1.26728,1.26736,1.00,1.00
2014.09.23 04:17:42.572,1.26728,1.26735,1.00,1.00
2014.09.23 04:17:43.331,1.26728,1.26736,1.00,1.00
2014.09.23 04:17:43.954,1.26728,1.26735,1.00,1.00
2014.09.23 04:17:45.177,1.26728,1.26736,1.00,1.00
2014.09.23 04:17:46.562,1.26728,1.26735,1.00,1.00
2014.09.23 04:17:47.134,1.26728,1.26736,1.00,1.00
2014.09.23 04:17:48.116,1.26728,1.2674,1.00,3.94
2014.09.23 04:17:48.167,1.26726,1.2674,1.00,3.94
2014.09.23 04:17:48.277,1.26726,1.26736,1.00,1.00
2014.09.23 04:17:48.588,1.26726,1.2674,1.00,3.94
2014.09.23 04:17:52.803,1.26726,1.26735,1.00,1.00
2014.09.23 04:17:53.522,1.26725,1.26735,1.00,1.00
2014.09.23 04:17:54.051,1.26724,1.26738,1.25,1.31
2014.09.23 04:17:54.842,1.26724,1.26738,2.06,1.31
2014.09.23 04:17:55.199,1.26725,1.26743,1.00,1.62
2014.09.23 04:17:55.379,1.26725,1.2674,1.19,1.62
2014.09.23 04:17:56.900,1.26726,1.26742,1.69,1.62
2014.09.23 04:17:57.152,1.26726,1.26742,1.19,1.62
2014.09.23 04:17:57.203,1.26725,1.26741,1.25,1.62
2014.09.23 04:17:58.560,1.26725,1.26741,1.62,1.56
2014.09.23 04:17:58.711,1.26728,1.26743,1.19,1.62
2014.09.23 04:17:59.125,1.26727,1.26742,1.50,1.62
2014.09.23 04:17:59.649,1.26726,1.26742,1.25,1.62
2014.09.23 04:18:00.154,1.26726,1.26743,1.69,2.81
2014.09.23 04:18:00.660,1.26725,1.26741,1.25,1.62
2014.09.23 04:18:02.134,1.26727,1.26743,1.69,2.81
2014.09.23 04:18:02.698,1.26725,1.26742,1.19,1.56
2014.09.23 04:18:03.216,1.26725,1.26742,1.19,1.56
2014.09.23 04:18:03.739,1.26726,1.26741,1.25,1.31
2014.09.23 04:18:06.072,1.26727,1.26741,1.00,1.31
2014.09.23 04:18:06.375,1.26727,1.26743,3.56,2.81
2014.09.23 04:18:06.476,1.26727,1.26743,1.25,2.81
2014.09.23 04:18:06.527,1.26725,1.26741,1.25,1.62
2014.09.23 04:18:07.281,1.26727,1.26741,1.00,1.62
2014.09.23 04:18:07.483,1.26727,1.26744,1.00,2.81
2014.09.23 04:18:08.012,1.26727,1.26742,1.19,1.31
2014.09.23 04:18:08.736,1.26726,1.26743,1.31,3.56
2014.09.23 04:18:09.430,1.26728,1.26743,1.25,1.87
2014.09.23 04:18:09.949,1.26727,1.26743,1.25,2.81
2014.09.23 04:18:10.131,1.26726,1.26741,1.31,1.19
2014.09.23 04:18:11.354,1.26726,1.26742,2.06,1.31
2014.09.23 04:18:11.895,1.26726,1.26741,1.31,1.25
2014.09.23 04:18:12.747,1.26726,1.26741,1.19,1.31
2014.09.23 04:18:13.350,1.26727,1.26743,1.25,2.81
2014.09.23 04:18:13.871,1.26727,1.26742,1.19,1.31
2014.09.23 04:18:14.740,1.26727,1.26742,1.19,1.31
2014.09.23 04:18:15.200,1.26727,1.26743,1.19,1.25
2014.09.23 04:18:16.214,1.26728,1.26745,1.69,1.56
2014.09.23 04:18:19.221,1.26728,1.26745,1.00,1.56
2014.09.23 04:18:22.027,1.26728,1.26744,1.00,1.31
2014.09.23 04:18:23.430,1.26728,1.26743,1.00,1.19
2014.09.23 04:18:24.946,1.26728,1.26743,1.25,1.25
2014.09.23 04:18:25.952,1.26728,1.26745,1.25,1.56
2014.09.23 04:18:30.423,1.26727,1.26747,3.19,1.62
2014.09.23 04:18:31.154,1.26727,1.26744,3.19,1.56
2014.09.23 04:18:33.154,1.26727,1.26743,1.69,2.81
2014.09.23 04:18:34.298,1.26727,1.26743,1.25,1.87
2014.09.23 04:18:35.659,1.26728,1.26743,1.25,2.81
2014.09.23 04:18:37.571,1.26727,1.26743,1.00,1.87
2014.09.23 04:18:39.200,1.26727,1.26745,1.69,1.56
2014.09.23 04:18:41.172,1.26727,1.26744,1.25,1.56
2014.09.23 04:18:49.435,1.26727,1.26743,1.00,1.31
2014.09.23 04:18:50.914,1.26727,1.26745,1.25,1.62
2014.09.23 04:19:00.505,1.26727,1.26743,1.00,1.87
2014.09.23 04:19:17.586,1.26726,1.26743,1.25,1.87
2014.09.23 04:19:21.997,1.26728,1.26743,1.19,1.87
2014.09.23 04:19:23.501,1.26727,1.26743,1.25,2.06
2014.09.23 04:19:24.046,1.26728,1.26743,1.25,2.06
2014.09.23 04:19:27.259,1.26729,1.26744,1.19,1.87
2014.09.23 04:19:30.014,1.26727,1.26744,1.25,1.87
2014.09.23 04:19:32.419,1.26728,1.26744,1.19,1.87
2014.09.23 04:19:33.734,1.26729,1.26744,1.19,1.87
2014.09.23 04:19:51.767,1.26726,1.26741,1.00,1.31
2014.09.23 04:19:51.969,1.26728,1.26744,1.25,2.81
2014.09.23 04:19:52.056,1.26726,1.26743,1.69,1.56
2014.09.23 04:19:52.107,1.26726,1.26743,1.69,1.56
2014.09.23 04:19:53.795,1.26726,1.26741,1.69,1.56
2014.09.23 04:20:00.273,1.26726,1.26743,1.00,1.37
2014.09.23 04:20:00.787,1.26726,1.2674,1.69,1.62
2014.09.23 04:20:01.352,1.26727,1.26741,1.25,1.19
2014.09.23 04:20:01.900,1.26726,1.26742,1.69,2.06
2014.09.23 04:20:02.221,1.26726,1.26742,1.25,2.06
2014.09.23 04:20:02.725,1.26727,1.26742,1.00,1.62
2014.09.23 04:20:03.243,1.26726,1.26742,1.25,2.06
2014.09.23 04:20:04.164,1.26726,1.2674,2.44,1.25
2014.09.23 04:20:04.472,1.26727,1.26744,1.69,2.81
2014.09.23 04:20:04.775,1.26726,1.26742,1.25,2.06
2014.09.23 04:20:05.329,1.26727,1.26742,1.00,1.62
2014.09.23 04:20:06.097,1.26725,1.26741,1.25,2.06
2014.09.23 04:20:06.148,1.26725,1.26741,1.25,2.06
2014.09.23 04:20:06.576,1.26725,1.26741,1.25,1.25
2014.09.23 04:20:07.109,1.26726,1.26741,1.19,1.19
2014.09.23 04:20:07.426,1.26726,1.2674,1.19,1.62
2014.09.23 04:20:08.180,1.26727,1.26742,1.25,1.56
2014.09.23 04:20:08.974,1.26727,1.26742,1.25,2.06
2014.09.23 04:20:09.513,1.26728,1.26744,1.00,2.81
2014.09.23 04:20:10.000,1.26726,1.26742,1.69,1.37
2014.09.23 04:20:10.619,1.26726,1.26743,1.31,1.69
2014.09.23 04:20:11.800,1.26727,1.26743,1.00,1.69
2014.09.23 04:20:12.002,1.26727,1.26743,1.00,1.62
2014.09.23 04:20:12.526,1.26725,1.26742,1.19,1.37
2014.09.23 04:20:13.392,1.26726,1.26743,1.62,1.62
2014.09.23 04:20:13.593,1.26729,1.26744,1.00,2.81
2014.09.23 04:20:13.795,1.26727,1.26742,1.25,1.37
2014.09.23 04:20:15.101,1.26726,1.26742,1.25,1.37
2014.09.23 04:20:15.983,1.26727,1.26743,1.00,1.56
2014.09.23 04:20:16.134,1.26726,1.26744,1.00,2.81
2014.09.23 04:20:16.235,1.26724,1.26741,1.00,1.62
2014.09.23 04:20:16.301,1.26722,1.26741,2.44,1.62
2014.09.23 04:20:16.452,1.26724,1.26739,1.00,2.06
2014.09.23 04:20:16.562,1.26722,1.26739,1.31,2.06
2014.09.23 04:20:16.766,1.26724,1.26739,1.19,1.37
2014.09.23 04:20:16.867,1.26721,1.26739,1.19,1.37
2014.09.23 04:20:16.968,1.26724,1.26739,1.25,1.37
2014.09.23 04:20:17.103,1.26724,1.26739,1.25,1.12
2014.09.23 04:20:19.850,1.26723,1.26734,1.19,1.00
2014.09.23 04:20:19.951,1.2672,1.26734,1.19,1.12
2014.09.23 04:20:20.141,1.2672,1.26734,1.19,2.62
2014.09.23 04:20:21.241,1.26719,1.26734,1.19,3.56
2014.09.23 04:20:22.444,1.26718,1.26734,1.19,2.81
2014.09.23 04:20:23.647,1.26718,1.26733,1.19,1.62
2014.09.23 04:20:25.351,1.26718,1.26733,1.19,1.62
2014.09.23 04:20:26.590,1.2672,1.26734,1.19,2.06
2014.09.23 04:20:30.596,1.2672,1.26736,1.19,1.62
2014.09.23 04:20:34.394,1.26719,1.26735,1.19,1.62
2014.09.23 04:20:38.282,1.26719,1.26733,1.19,1.12
2014.09.23 04:20:39.986,1.26719,1.26733,1.19,2.81
2014.09.23 04:20:41.037,1.26719,1.26733,1.19,3.19
2014.09.23 04:20:41.138,1.26715,1.26729,1.69,1.37
2014.09.23 04:20:41.410,1.26716,1.26729,1.19,1.37
2014.09.23 04:20:41.667,1.26718,1.26732,1.19,1.25
2014.09.23 04:20:41.834,1.2672,1.26732,1.19,1.00
2014.09.23 04:20:45.161,1.2672,1.26732,1.19,1.37
2014.09.23 04:20:45.750,1.2672,1.26732,1.19,1.00
2014.09.23 04:20:46.433,1.26719,1.26732,1.25,1.00
2014.09.23 04:20:52.316,1.26717,1.26724,2.06,1.00
2014.09.23 04:20:52.505,1.2671,1.26724,1.25,2.25
2014.09.23 04:20:52.606,1.26707,1.26724,1.69,3.56
2014.09.23 04:20:55.132,1.26707,1.26723,1.69,1.31
2014.09.23 04:20:57.335,1.26707,1.26722,1.00,1.19
2014.09.23 04:20:57.960,1.26707,1.26722,1.00,1.56
2014.09.23 04:21:01.746,1.26707,1.2672,1.00,1.31
2014.09.23 04:21:02.280,1.26707,1.26722,1.00,1.56
2014.09.23 04:21:04.471,1.26707,1.2672,1.00,1.31
2014.09.23 04:21:05.124,1.26706,1.2672,1.25,1.31
2014.09.23 04:21:05.175,1.26706,1.26724,1.31,2.62
2014.09.23 04:21:05.276,1.26708,1.26723,1.69,1.56
2014.09.23 04:21:09.102,1.26708,1.26722,1.25,1.31
2014.09.23 04:21:11.170,1.26708,1.26723,1.69,1.56
2014.09.23 04:21:13.101,1.26708,1.26717,1.00,1.00
2014.09.23 04:21:13.305,1.26701,1.26717,1.00,1.37
2014.09.23 04:21:14.000,1.267,1.26717,1.69,2.06
2014.09.23 04:21:17.221,1.26699,1.26716,1.25,1.56
2014.09.23 04:21:19.289,1.26697,1.26714,2.81,1.31
2014.09.23 04:21:19.405,1.26697,1.26714,1.69,1.62
2014.09.23 04:21:20.348,1.26697,1.26712,1.25,1.31
2014.09.23 04:21:21.572,1.26697,1.26711,1.25,1.62
2014.09.23 04:21:24.799,1.26699,1.26713,1.25,1.50
2014.09.23 04:21:24.900,1.26699,1.26713,1.25,1.37
2014.09.23 04:21:25.101,1.26695,1.26712,1.56,1.31
2014.09.23 04:21:25.412,1.26695,1.26709,1.25,1.31
2014.09.23 04:21:28.124,1.26694,1.26708,1.69,1.25
2014.09.23 04:21:28.475,1.26695,1.2671,1.19,1.25
2014.09.23 04:21:29.088,1.26695,1.2671,1.19,1.62
2014.09.23 04:21:29.589,1.26695,1.2671,1.31,1.25
2014.09.23 04:21:29.891,1.26696,1.26713,2.06,2.06
2014.09.23 04:21:30.093,1.26699,1.26713,1.25,1.25
2014.09.23 04:21:30.144,1.26702,1.26714,1.19,1.50
2014.09.23 04:21:30.195,1.26702,1.26719,1.19,1.19
2014.09.23 04:21:30.245,1.26707,1.26723,1.00,1.62
2014.09.23 04:21:30.555,1.26701,1.2672,1.25,1.62
2014.09.23 04:21:31.070,1.26702,1.2672,1.00,1.62
2014.09.23 04:21:31.717,1.26701,1.2672,1.25,1.62
2014.09.23 04:21:31.930,1.267,1.26718,1.69,1.25
2014.09.23 04:21:32.031,1.26698,1.26716,2.06,1.62
2014.09.23 04:21:32.333,1.26697,1.26712,1.62,1.19
2014.09.23 04:21:32.669,1.26695,1.2671,1.31,1.25
2014.09.23 04:21:36.585,1.26695,1.26711,1.12,1.31
2014.09.23 04:21:36.636,1.26692,1.267,1.00,1.00
2014.09.23 04:21:36.838,1.26692,1.26705,1.00,1.00
2014.09.23 04:21:37.040,1.26692,1.26709,1.00,1.56
2014.09.23 04:21:37.637,1.26693,1.26709,1.00,1.56
2014.09.23 04:21:37.856,1.26687,1.26699,3.19,1.00
2014.09.23 04:21:37.957,1.26684,1.26695,1.00,1.00
2014.09.23 04:21:38.008,1.26681,1.26695,1.87,1.00
2014.09.23 04:21:38.361,1.26681,1.26693,1.12,1.25
2014.09.23 04:21:38.512,1.26679,1.26692,1.25,1.00
2014.09.23 04:21:38.613,1.26685,1.26694,1.00,1.87
2014.09.23 04:21:38.664,1.26686,1.26696,1.00,1.00
2014.09.23 04:21:38.816,1.26681,1.26701,1.37,1.00
2014.09.23 04:21:39.068,1.26684,1.26703,1.00,2.06
2014.09.23 04:21:39.371,1.26685,1.26705,1.37,1.00
2014.09.23 04:21:41.154,1.26686,1.26705,1.69,1.25
2014.09.23 04:21:43.200,1.26688,1.26705,1.00,1.69
2014.09.23 04:21:45.315,1.26689,1.26705,1.00,1.25
2014.09.23 04:21:48.587,1.26689,1.26705,2.06,1.00
2014.09.23 04:21:48.638,1.26689,1.26708,2.81,1.69
2014.09.23 04:21:48.689,1.26689,1.26703,3.19,1.50
2014.09.23 04:21:48.991,1.26691,1.26708,1.25,1.19
2014.09.23 04:21:49.185,1.26694,1.26708,1.25,1.25
2014.09.23 04:21:53.109,1.26692,1.26707,2.06,1.19
2014.09.23 04:21:53.419,1.26694,1.26708,1.37,1.00
2014.09.23 04:21:53.470,1.26694,1.26713,1.50,2.06
2014.09.23 04:21:53.571,1.26699,1.26712,1.00,1.31
2014.09.23 04:21:53.672,1.26699,1.26715,1.00,1.19
2014.09.23 04:21:53.723,1.26699,1.26716,1.00,1.00
2014.09.23 04:21:53.774,1.26701,1.26717,1.00,1.00
2014.09.23 04:21:54.026,1.26696,1.26717,1.00,1.62
2014.09.23 04:21:55.222,1.26696,1.26716,1.25,1.69
2014.09.23 04:21:56.518,1.26696,1.26705,1.25,1.00
2014.09.23 04:21:56.774,1.2669,1.26703,1.19,1.50
2014.09.23 04:21:56.875,1.26691,1.26707,2.14,1.00
2014.09.23 04:21:56.926,1.26698,1.26709,1.75,1.00
2014.09.23 04:21:57.027,1.26704,1.26721,2.00,1.31
2014.09.23 04:21:57.078,1.26706,1.2672,1.37,1.37
2014.09.23 04:21:57.179,1.26707,1.2672,1.00,1.00
2014.09.23 04:21:57.280,1.267,1.2672,1.19,1.00
2014.09.23 04:21:57.431,1.26702,1.26722,1.00,1.00
2014.09.23 04:21:57.533,1.26704,1.26724,1.00,1.19
2014.09.23 04:21:57.878,1.26704,1.26721,1.00,1.00
2014.09.23 04:21:58.084,1.267,1.26721,1.69,1.00
2014.09.23 04:22:02.819,1.26701,1.26712,1.00,1.00
2014.09.23 04:22:03.021,1.26696,1.26712,1.31,1.00
2014.09.23 04:22:04.287,1.26696,1.26712,1.19,1.37
2014.09.23 04:22:04.827,1.26695,1.26712,1.31,2.06
2014.09.23 04:22:05.518,1.26694,1.26711,1.56,1.31
2014.09.23 04:22:17.845,1.26693,1.26711,2.06,2.06
2014.09.23 04:22:17.946,1.26693,1.26711,1.69,2.06
2014.09.23 04:22:21.589,1.26693,1.2671,1.69,1.31
2014.09.23 04:22:23.908,1.26693,1.26709,1.69,1.25
2014.09.23 04:22:24.889,1.26693,1.2671,1.69,1.31
2014.09.23 04:22:26.064,1.26694,1.2671,1.19,1.31
2014.09.23 04:22:26.379,1.26693,1.26708,1.69,1.19
2014.09.23 04:22:26.683,1.26691,1.26705,1.31,1.25
2014.09.23 04:22:26.970,1.26698,1.26716,1.00,1.37
2014.09.23 04:22:27.121,1.26694,1.26714,1.25,1.31
2014.09.23 04:22:29.438,1.26694,1.26712,1.00,1.00
2014.09.23 04:22:29.617,1.26694,1.26711,1.00,1.19
2014.09.23 04:22:29.920,1.26693,1.26709,1.19,1.19
2014.09.23 04:22:31.796,1.26692,1.26709,1.31,1.31
2014.09.23 04:22:34.077,1.26691,1.26706,1.62,1.00
2014.09.23 04:22:34.229,1.26688,1.26705,1.31,1.62
2014.09.23 04:22:34.733,1.26688,1.26703,1.31,1.19
2014.09.23 04:22:35.803,1.26686,1.26703,2.81,1.25
2014.09.23 04:22:38.595,1.26686,1.26702,2.81,1.25
2014.09.23 04:22:41.501,1.26686,1.26703,2.06,1.25
2014.09.23 04:22:52.827,1.26688,1.26703,1.31,1.50
2014.09.23 04:22:55.077,1.26688,1.26701,1.56,1.00
2014.09.23 04:22:55.717,1.26685,1.26701,1.56,1.00
2014.09.23 04:22:59.368,1.26688,1.26703,1.31,1.19
2014.09.23 04:22:59.570,1.26693,1.26708,1.00,2.44
2014.09.23 04:22:59.721,1.26693,1.26713,1.37,1.00
2014.09.23 04:23:00.125,1.267,1.26714,1.00,1.87
2014.09.23 04:23:00.226,1.267,1.26717,1.00,1.19
2014.09.23 04:23:00.490,1.26698,1.26716,1.00,1.25
2014.09.23 04:23:05.174,1.26698,1.26716,2.06,1.00
2014.09.23 04:23:10.088,1.26698,1.26715,1.12,1.25
2014.09.23 04:23:10.138,1.26695,1.26711,2.44,1.00
2014.09.23 04:23:10.189,1.26695,1.26711,2.06,1.00
2014.09.23 04:23:10.566,1.26697,1.26711,1.19,1.25
2014.09.23 04:23:13.720,1.26694,1.26711,1.56,1.00
2014.09.23 04:23:14.273,1.26693,1.2671,2.06,1.19
2014.09.23 04:23:14.475,1.26693,1.26707,1.00,1.00
2014.09.23 04:23:14.677,1.26693,1.26709,1.19,1.25
2014.09.23 04:23:15.876,1.26695,1.2671,1.19,1.25
2014.09.23 04:23:18.798,1.26694,1.26706,1.31,1.00
2014.09.23 04:23:19.307,1.26692,1.26707,1.69,1.19
2014.09.23 04:23:19.627,1.26694,1.26709,1.19,1.31
2014.09.23 04:23:20.586,1.26694,1.2671,1.25,1.25
2014.09.23 04:23:24.092,1.26696,1.2671,1.19,1.00
2014.09.23 04:23:26.599,1.26695,1.2671,1.56,1.00
2014.09.23 04:23:30.782,1.26695,1.2671,1.56,1.00
2014.09.23 04:23:39.944,1.26697,1.2671,1.31,1.00
2014.09.23 04:23:41.866,1.26697,1.2671,1.31,1.00
2014.09.23 04:23:53.576,1.26698,1.26712,1.25,1.25
2014.09.23 04:23:54.118,1.26698,1.26712,1.62,1.25
2014.09.23 04:23:55.457,1.26698,1.26714,1.62,1.69
2014.09.23 04:24:01.566,1.267,1.26714,1.19,1.69
2014.09.23 04:24:01.668,1.26697,1.26714,1.56,1.50
2014.09.23 04:24:02.460,1.26699,1.26714,1.31,2.44
2014.09.23 04:24:04.622,1.26698,1.26714,1.56,2.44
2014.09.23 04:24:06.321,1.26698,1.26714,1.62,1.69
2014.09.23 04:24:11.888,1.26698,1.26713,1.56,1.19
2014.09.23 04:24:12.929,1.26699,1.26714,1.31,2.44
2014.09.23 04:24:14.392,1.26698,1.26714,1.56,1.69
2014.09.23 04:24:32.526,1.26698,1.26713,1.56,1.25
2014.09.23 04:24:33.829,1.26698,1.26714,1.62,1.69
2014.09.23 04:24:36.365,1.26698,1.26714,1.56,2.44
2014.09.23 04:24:39.444,1.26696,1.26714,3.56,1.87
2014.09.23 04:24:49.673,1.26697,1.26714,1.56,1.50
2014.09.23 04:24:50.728,1.26698,1.26715,1.56,1.25
2014.09.23 04:24:51.086,1.26705,1.26715,1.00,1.00
2014.09.23 04:24:51.137,1.26705,1.26719,1.00,1.69
2014.09.23 04:24:51.238,1.26705,1.26721,1.00,1.19
2014.09.23 04:24:51.289,1.26705,1.26725,1.00,2.44
2014.09.23 04:24:51.340,1.26705,1.26721,1.00,1.00
2014.09.23 04:24:51.693,1.2671,1.26725,1.00,2.06
2014.09.23 04:24:52.678,1.26709,1.26725,1.00,1.00
2014.09.23 04:24:58.015,1.26709,1.26722,1.00,1.00
2014.09.23 04:24:58.166,1.26706,1.26722,1.25,1.00
2014.09.23 04:24:59.096,1.26705,1.26722,2.06,1.69
2014.09.23 04:25:00.799,1.26705,1.26722,2.06,1.00
2014.09.23 04:25:01.248,1.26708,1.26723,1.19,2.81
2014.09.23 04:25:02.204,1.26708,1.26725,1.25,1.56
2014.09.23 04:25:05.812,1.26707,1.26724,1.31,1.56
2014.09.23 04:25:07.467,1.26707,1.26723,1.31,1.31
2014.09.23 04:25:10.021,1.26706,1.26725,2.81,2.06
2014.09.23 04:25:14.734,1.26707,1.26724,1.31,1.62
2014.09.23 04:25:17.784,1.26708,1.26724,1.19,1.62
2014.09.23 04:25:18.377,1.26706,1.26721,1.87,1.00
2014.09.23 04:25:21.918,1.26709,1.26723,1.00,2.44
2014.09.23 04:25:21.968,1.26709,1.26725,1.00,1.00
2014.09.23 04:25:22.019,1.26711,1.26725,1.00,1.00
2014.09.23 04:25:22.120,1.26714,1.26729,1.00,1.00
2014.09.23 04:25:22.248,1.26714,1.2673,2.06,1.25
2014.09.23 04:25:22.756,1.26714,1.26731,1.19,1.56
2014.09.23 04:25:22.857,1.26711,1.26729,1.56,1.25
2014.09.23 04:25:22.908,1.26711,1.26727,1.56,1.00
2014.09.23 04:25:23.261,1.26715,1.2673,1.25,1.56
2014.09.23 04:25:23.885,1.26715,1.2673,1.25,1.56
2014.09.23 04:25:24.296,1.26715,1.26731,2.06,1.00
2014.09.23 04:25:28.913,1.26717,1.26731,1.25,1.69
2014.09.23 04:25:39.086,1.26717,1.26727,1.25,1.00
2014.09.23 04:25:39.188,1.26715,1.26727,1.25,1.00
2014.09.23 04:25:39.289,1.26712,1.26727,1.25,1.00
2014.09.23 04:25:39.340,1.26715,1.26727,1.00,1.00
2014.09.23 04:25:39.441,1.26715,1.2673,1.12,1.25
2014.09.23 04:25:39.965,1.26716,1.26732,1.25,2.06
2014.09.23 04:25:42.398,1.26717,1.26732,1.19,2.06
2014.09.23 04:25:43.701,1.26716,1.26732,1.19,1.37
2014.09.23 04:25:51.360,1.26715,1.2673,1.31,1.19
2014.09.23 04:25:51.511,1.26712,1.26726,1.25,1.00
2014.09.23 04:25:51.640,1.26714,1.26729,1.00,1.19
2014.09.23 04:25:51.943,1.26716,1.26731,1.19,1.69
2014.09.23 04:25:56.447,1.26715,1.2673,1.19,1.19
2014.09.23 04:25:56.548,1.26715,1.26731,1.19,1.00
2014.09.23 04:26:00.736,1.26717,1.26731,1.25,1.25
2014.09.23 04:26:02.039,1.26717,1.26732,1.19,1.19
2014.09.23 04:26:03.845,1.26717,1.26732,1.19,1.25
2014.09.23 04:26:05.550,1.26719,1.26733,1.25,2.81
2014.09.23 04:26:07.265,1.26718,1.26733,1.25,2.06
2014.09.23 04:26:09.760,1.26718,1.26733,1.69,1.87
2014.09.23 04:26:13.581,1.26718,1.26733,1.00,1.87
2014.09.23 04:26:18.384,1.26718,1.26733,1.00,2.81
2014.09.23 04:26:18.566,1.26716,1.2673,1.25,1.00
2014.09.23 04:26:18.617,1.26714,1.2673,1.00,1.00
2014.09.23 04:26:18.886,1.26716,1.2673,1.00,1.25
2014.09.23 04:26:19.544,1.26716,1.26731,1.69,1.31
2014.09.23 04:26:20.818,1.26716,1.26733,1.25,2.81
2014.09.23 04:26:22.515,1.26718,1.26733,1.00,2.81
2014.09.23 04:26:27.248,1.26718,1.26733,1.00,2.06
2014.09.23 04:26:30.413,1.26718,1.26733,1.69,2.81
2014.09.23 04:26:31.913,1.26718,1.26733,1.25,1.50
2014.09.23 04:26:34.880,1.2672,1.26733,1.00,1.50
2014.09.23 04:26:36.924,1.2672,1.26732,1.00,1.25
2014.09.23 04:26:37.595,1.26718,1.26733,1.69,1.69
2014.09.23 04:26:40.130,1.26718,1.26733,1.00,2.44
2014.09.23 04:26:40.970,1.26718,1.26733,1.69,1.50
2014.09.23 04:26:44.340,1.26718,1.26733,1.25,1.50
2014.09.23 04:26:45.843,1.26718,1.26733,1.69,1.69
2014.09.23 04:26:46.475,1.2672,1.26732,1.00,1.25
2014.09.23 04:26:47.984,1.2672,1.26733,1.00,2.44
2014.09.23 04:27:11.301,1.2672,1.26733,1.00,2.44
2014.09.23 04:27:12.186,1.26718,1.26733,1.19,2.44
2014.09.23 04:27:13.905,1.26717,1.26733,1.31,2.44
2014.09.23 04:27:22.357,1.26717,1.26731,1.00,1.25
2014.09.23 04:27:25.425,1.26717,1.26732,1.69,1.31
2014.09.23 04:27:26.404,1.26717,1.26732,1.00,1.31
2014.09.23 04:27:27.931,1.26717,1.2673,1.00,1.19
2014.09.23 04:27:29.134,1.26717,1.26731,1.00,1.25
2014.09.23 04:27:29.575,1.26714,1.2673,1.00,1.31
2014.09.23 04:27:29.777,1.26714,1.26723,1.00,1.50
2014.09.23 04:27:29.878,1.26715,1.26729,1.25,1.19
2014.09.23 04:27:29.980,1.26716,1.26731,1.25,1.25
2014.09.23 04:27:30.573,1.26716,1.26731,1.25,1.62
2014.09.23 04:27:32.034,1.26715,1.2673,1.25,1.31
2014.09.23 04:27:32.084,1.26715,1.26728,1.00,1.19
2014.09.23 04:27:32.185,1.2671,1.26724,1.19,1.87
2014.09.23 04:27:32.245,1.26709,1.26724,1.00,1.87
2014.09.23 04:27:32.296,1.26711,1.26724,1.00,1.87
2014.09.23 04:27:32.617,1.26713,1.26724,1.00,1.87
2014.09.23 04:27:32.920,1.2671,1.26724,1.19,2.06
2014.09.23 04:27:33.021,1.26707,1.26724,1.19,2.81
2014.09.23 04:27:33.323,1.26707,1.26724,1.19,2.81
2014.09.23 04:27:33.374,1.26706,1.26722,1.25,1.56
2014.09.23 04:27:37.656,1.26705,1.2672,2.81,1.19
2014.09.23 04:27:37.758,1.26706,1.26722,1.25,1.56
2014.09.23 04:27:40.062,1.26705,1.26721,2.81,1.31
2014.09.23 04:27:41.594,1.26705,1.2672,1.12,1.69
2014.09.23 04:27:41.645,1.26704,1.26713,1.25,1.50
2014.09.23 04:27:41.847,1.267,1.26713,2.81,1.50
2014.09.23 04:27:45.626,1.26701,1.26712,1.00,1.00
2014.09.23 04:27:45.677,1.26694,1.26709,1.87,1.19
2014.09.23 04:27:45.778,1.26694,1.26705,1.50,1.25
2014.09.23 04:27:45.929,1.2669,1.26704,1.00,1.50
2014.09.23 04:27:46.642,1.2669,1.26703,1.00,1.25
2014.09.23 04:27:47.509,1.2669,1.26702,1.00,1.25
2014.09.23 04:27:49.782,1.2669,1.26701,1.00,1.25
2014.09.23 04:27:52.185,1.2669,1.26702,1.00,1.25
2014.09.23 04:27:54.590,1.2669,1.26703,1.00,1.25
2014.09.23 04:27:55.992,1.2669,1.26704,1.00,2.44
2014.09.23 04:27:59.605,1.2669,1.26703,1.00,1.19
2014.09.23 04:27:59.655,1.26686,1.26703,2.06,1.31
2014.09.23 04:27:59.857,1.2669,1.26701,1.00,1.25
2014.09.23 04:28:00.504,1.26691,1.26701,1.00,1.25
2014.09.23 04:28:01.055,1.26691,1.26702,1.00,1.25
2014.09.23 04:28:03.507,1.26691,1.26703,1.00,1.25
2014.09.23 04:28:04.185,1.2669,1.26703,1.00,1.31
2014.09.23 04:28:04.521,1.26688,1.26699,1.00,1.25
2014.09.23 04:28:04.925,1.26685,1.26699,2.06,1.25
2014.09.23 04:28:05.916,1.26685,1.26698,1.12,1.25
2014.09.23 04:28:06.119,1.26689,1.267,1.00,1.19
2014.09.23 04:28:06.220,1.26689,1.26701,1.50,1.25
2014.09.23 04:28:07.247,1.26689,1.26702,1.50,1.25
2014.09.23 04:28:10.875,1.26685,1.26702,1.56,1.25
2014.09.23 04:28:10.976,1.26685,1.267,1.56,1.19
2014.09.23 04:28:11.077,1.26683,1.26697,1.56,1.25
2014.09.23 04:28:12.424,1.26685,1.26697,1.00,1.25
2014.09.23 04:28:14.435,1.26685,1.26697,1.00,1.19
2014.09.23 04:28:32.288,1.26685,1.26698,1.00,1.25
2014.09.23 04:28:33.411,1.26685,1.26695,1.00,1.25
2014.09.23 04:28:34.777,1.26685,1.26697,1.00,1.19
2014.09.23 04:28:38.788,1.26685,1.26696,1.00,1.19
2014.09.23 04:28:38.839,1.26681,1.26696,1.37,1.19
2014.09.23 04:28:38.889,1.26678,1.26692,3.19,1.25
2014.09.23 04:28:38.990,1.26679,1.26692,1.31,1.25
2014.09.23 04:28:39.849,1.26678,1.26692,1.00,1.25
2014.09.23 04:28:40.288,1.26678,1.26691,1.00,1.19
2014.09.23 04:28:41.906,1.26678,1.26693,1.00,1.50
2014.09.23 04:28:42.796,1.26678,1.26693,1.69,1.50
2014.09.23 04:28:44.596,1.26678,1.26693,1.69,2.44
2014.09.23 04:28:50.882,1.26679,1.26693,1.00,2.44
2014.09.23 04:28:51.420,1.26679,1.26692,1.00,1.19
2014.09.23 04:28:56.420,1.26679,1.26693,1.00,1.69
2014.09.23 04:28:57.529,1.26679,1.26692,1.00,1.25
2014.09.23 04:29:01.180,1.26679,1.26691,1.00,1.19
2014.09.23 04:29:01.531,1.26679,1.26692,1.00,1.31
2014.09.23 04:29:11.693,1.26679,1.26692,1.00,1.31
2014.09.23 04:29:13.599,1.26679,1.26693,1.00,2.81
2014.09.23 04:29:18.721,1.26679,1.26695,1.00,1.31
2014.09.23 04:29:19.286,1.26679,1.26694,1.69,1.19
2014.09.23 04:29:21.861,1.26679,1.26695,1.69,1.31
2014.09.23 04:29:22.525,1.2668,1.26695,1.19,1.31
2014.09.23 04:29:23.535,1.2668,1.26695,1.25,1.31
2014.09.23 04:29:26.042,1.26679,1.26697,1.25,1.56
2014.09.23 04:29:27.648,1.26679,1.26693,1.00,1.19
2014.09.23 04:29:28.750,1.26679,1.26692,1.00,1.19
2014.09.23 04:29:38.687,1.26679,1.26696,1.25,1.56
2014.09.23 04:29:40.276,1.26679,1.26697,1.69,1.56
2014.09.23 04:29:41.279,1.2668,1.26695,1.69,1.31
2014.09.23 04:29:41.379,1.2668,1.26693,1.00,1.25
2014.09.23 04:29:42.073,1.26679,1.26693,1.25,2.44
2014.09.23 04:29:42.723,1.26677,1.26693,2.06,2.44
2014.09.23 04:29:45.322,1.26677,1.26692,2.81,1.25
2014.09.23 04:29:47.692,1.26677,1.26693,2.81,2.44
2014.09.23 04:29:50.281,1.26687,1.26693,1.00,2.44
2014.09.23 04:29:50.382,1.26688,1.26695,1.00,1.12
2014.09.23 04:29:50.433,1.26689,1.26701,1.00,1.50
2014.09.23 04:29:50.635,1.26687,1.26704,1.50,1.62
2014.09.23 04:29:53.622,1.26687,1.26698,1.00,1.00
2014.09.23 04:29:53.723,1.26683,1.26698,2.06,1.00
2014.09.23 04:29:54.241,1.26682,1.26698,1.25,1.31
2014.09.23 04:29:56.150,1.26681,1.26698,1.25,2.06
2014.09.23 04:30:00.520,1.2668,1.26698,1.12,1.12
2014.09.23 04:30:01.112,1.26681,1.26698,1.00,1.37
2014.09.23 04:30:01.851,1.26679,1.26698,2.06,1.62
2014.09.23 04:30:04.132,1.26681,1.26696,1.19,1.19
2014.09.23 04:30:05.334,1.26683,1.26697,1.25,1.31
2014.09.23 04:30:05.436,1.26684,1.26701,2.06,1.19
2014.09.23 04:30:05.537,1.26686,1.26701,1.19,1.25
2014.09.23 04:30:06.654,1.26686,1.26702,1.25,1.31
2014.09.23 04:30:10.846,1.26685,1.26702,1.00,1.31
2014.09.23 04:30:12.850,1.26685,1.26702,1.00,1.31
2014.09.23 04:30:13.972,1.26685,1.26701,1.25,1.25
2014.09.23 04:30:16.658,1.26685,1.26703,1.00,1.56
2014.09.23 04:30:25.344,1.26686,1.26703,1.50,1.56
2014.09.23 04:30:26.479,1.26686,1.26702,1.50,1.31
2014.09.23 04:30:27.881,1.26686,1.26703,1.50,1.56
2014.09.23 04:30:31.990,1.26686,1.26704,1.50,3.56
2014.09.23 04:30:35.044,1.26686,1.26703,2.44,1.31
2014.09.23 04:30:38.001,1.26686,1.26701,3.19,1.19
2014.09.23 04:30:39.605,1.26686,1.26704,2.25,2.81
2014.09.23 04:30:40.926,1.26686,1.26702,2.25,1.19
2014.09.23 04:30:47.523,1.26687,1.26702,1.19,1.19
2014.09.23 04:30:51.852,1.26686,1.26703,3.19,1.31
2014.09.23 04:30:53.958,1.26686,1.26702,2.25,1.19
2014.09.23 04:30:55.339,1.26686,1.26703,2.25,1.31
2014.09.23 04:30:55.881,1.26687,1.26702,1.25,1.19
2014.09.23 04:30:57.545,1.26686,1.26702,3.19,1.25
2014.09.23 04:31:01.152,1.26686,1.26704,2.25,2.62
2014.09.23 04:31:01.253,1.26686,1.26703,2.25,1.56
2014.09.23 04:31:04.959,1.26686,1.26701,3.19,1.31
2014.09.23 04:31:07.964,1.26686,1.26701,2.25,1.31
2014.09.23 04:31:08.957,1.26686,1.26702,2.25,1.56
2014.09.23 04:31:14.084,1.26688,1.26704,1.19,1.50
2014.09.23 04:31:14.387,1.26698,1.26714,2.44,2.06
2014.09.23 04:31:15.192,1.26698,1.26713,1.25,1.31
2014.09.23 04:31:16.521,1.26698,1.26713,1.00,1.56
2014.09.23 04:31:20.371,1.26696,1.26713,1.50,2.06
2014.09.23 04:31:20.422,1.26696,1.26713,1.50,1.37
2014.09.23 04:31:20.951,1.26695,1.26713,1.00,2.06
2014.09.23 04:31:22.187,1.26695,1.26712,1.00,1.56
2014.09.23 04:31:31.863,1.26695,1.26705,1.00,1.19
2014.09.23 04:31:31.964,1.2669,1.26704,1.19,2.44
2014.09.23 04:31:32.499,1.26689,1.26704,2.06,3.19
2014.09.23 04:31:36.665,1.26689,1.26704,1.31,2.25
2014.09.23 04:31:41.545,1.26688,1.26704,1.69,2.25
2014.09.23 04:31:41.595,1.26691,1.26704,1.25,2.25
2014.09.23 04:31:41.697,1.26697,1.26712,2.44,1.00
2014.09.23 04:31:41.747,1.26699,1.26716,1.00,1.69
2014.09.23 04:31:42.421,1.26699,1.26714,1.19,1.56
2014.09.23 04:31:42.779,1.26698,1.26715,1.25,1.56
2014.09.23 04:31:45.116,1.26699,1.26714,1.19,1.56
2014.09.23 04:31:46.154,1.26699,1.26714,1.19,1.31
2014.09.23 04:31:46.713,1.26699,1.26716,1.25,1.56
2014.09.23 04:31:50.070,1.26698,1.26713,1.31,1.00
2014.09.23 04:31:50.221,1.26694,1.26713,1.62,1.00
2014.09.23 04:31:50.459,1.26697,1.26713,1.00,1.12
2014.09.23 04:32:10.901,1.26699,1.26717,1.50,1.56
2014.09.23 04:32:10.952,1.26699,1.26719,2.44,2.44
2014.09.23 04:32:12.671,1.267,1.26716,1.19,1.31
2014.09.23 04:32:13.893,1.26699,1.26718,1.69,1.56
2014.09.23 04:32:15.757,1.26699,1.26717,1.69,1.56
2014.09.23 04:32:16.678,1.26701,1.26719,1.25,2.06
2014.09.23 04:32:17.883,1.26702,1.26719,1.25,1.31
2014.09.23 04:32:22.373,1.26702,1.26719,1.19,1.12
2014.09.23 04:32:23.703,1.26702,1.26719,1.25,1.12
2014.09.23 04:32:29.286,1.26701,1.26719,1.00,1.12
2014.09.23 04:32:31.337,1.26702,1.26719,1.25,1.00
2014.09.23 04:32:43.326,1.26702,1.26718,1.25,1.25
2014.09.23 04:32:44.361,1.26702,1.26719,1.19,1.25
2014.09.23 04:32:45.520,1.26703,1.26718,1.19,1.25
2014.09.23 04:32:47.023,1.26702,1.26719,1.19,1.69
2014.09.23 04:32:49.026,1.26701,1.26719,1.69,1.00
2014.09.23 04:32:50.163,1.26703,1.26719,1.19,1.69
2014.09.23 04:32:51.133,1.26702,1.26719,1.19,1.69
2014.09.23 04:32:56.339,1.26701,1.26719,1.00,1.00
2014.09.23 04:32:58.545,1.26701,1.26719,1.00,1.19
2014.09.23 04:32:59.346,1.26701,1.26717,1.69,1.19
2014.09.23 04:32:59.714,1.26702,1.26717,1.69,1.19
2014.09.23 04:32:59.894,1.26704,1.26721,1.50,1.69
2014.09.23 04:32:59.944,1.26709,1.26721,1.00,1.69
2014.09.23 04:33:00.486,1.26709,1.26721,1.00,1.00
2014.09.23 04:33:01.231,1.26709,1.26723,1.00,1.56
2014.09.23 04:33:04.159,1.26709,1.26722,1.00,1.31
2014.09.23 04:33:05.356,1.2671,1.26722,1.00,1.31
2014.09.23 04:33:11.618,1.26711,1.26725,1.37,1.19
2014.09.23 04:33:11.719,1.26711,1.26727,2.44,1.00
2014.09.23 04:33:11.922,1.2671,1.26725,1.37,1.00
2014.09.23 04:33:11.973,1.2671,1.26725,1.12,1.00
2014.09.23 04:33:12.023,1.2671,1.26724,1.12,1.19
2014.09.23 04:33:12.330,1.26712,1.26727,2.81,1.19
2014.09.23 04:33:12.481,1.26713,1.2673,1.31,1.56
2014.09.23 04:33:12.585,1.26712,1.26725,1.37,1.00
2014.09.23 04:33:12.989,1.26714,1.26729,1.31,1.19
2014.09.23 04:33:13.191,1.26716,1.26732,1.00,1.31
2014.09.23 04:33:13.494,1.26718,1.26733,1.00,1.31
2014.09.23 04:33:14.013,1.26718,1.26735,2.06,1.56
2014.09.23 04:33:14.063,1.26718,1.26735,2.44,1.19
2014.09.23 04:33:14.582,1.26717,1.26734,1.50,1.19
2014.09.23 04:33:14.633,1.26717,1.26734,1.12,1.31
2014.09.23 04:33:15.685,1.26717,1.26732,1.00,1.19
2014.09.23 04:33:16.131,1.26716,1.26728,1.00,1.00
2014.09.23 04:33:16.181,1.2671,1.26728,2.44,1.00
2014.09.23 04:33:16.535,1.26709,1.26728,1.12,1.00
2014.09.23 04:33:17.057,1.2671,1.26728,1.12,1.25
2014.09.23 04:33:17.581,1.26711,1.26728,1.00,1.25
2014.09.23 04:33:18.288,1.26716,1.26729,1.00,1.19
2014.09.23 04:33:18.339,1.26716,1.2673,1.00,1.19
2014.09.23 04:33:18.542,1.26716,1.26733,1.00,1.56
2014.09.23 04:33:18.643,1.2671,1.26729,2.25,1.00
2014.09.23 04:33:18.744,1.2671,1.26729,1.37,1.19
2014.09.23 04:33:18.895,1.26712,1.26731,1.75,1.69
2014.09.23 04:33:19.193,1.26712,1.26731,1.00,1.69
2014.09.23 04:33:19.323,1.26711,1.26728,1.00,1.25
2014.09.23 04:33:19.842,1.26711,1.26728,1.37,1.00
2014.09.23 04:33:20.348,1.26711,1.26728,1.37,1.00
2014.09.23 04:33:20.659,1.26717,1.26731,1.00,1.19
2014.09.23 04:33:25.908,1.26717,1.26732,1.50,1.25
2014.09.23 04:33:28.463,1.26717,1.26731,1.69,1.25
2014.09.23 04:33:29.661,1.26717,1.26731,1.69,1.19
2014.09.23 04:33:29.865,1.26717,1.26733,1.50,1.50
2014.09.23 04:33:31.178,1.26717,1.26732,1.69,1.37
2014.09.23 04:33:32.056,1.26717,1.2673,1.69,1.00
2014.09.23 04:33:32.157,1.26711,1.26729,1.25,1.37
2014.09.23 04:33:32.258,1.26706,1.26729,1.50,1.50
2014.09.23 04:33:32.310,1.26706,1.26729,1.50,1.75
2014.09.23 04:33:32.613,1.26708,1.26726,1.00,1.12
2014.09.23 04:33:32.664,1.26708,1.26725,1.00,1.00
2014.09.23 04:33:32.715,1.26706,1.26729,1.50,2.44
2014.09.23 04:33:32.967,1.26703,1.26724,1.00,1.62
2014.09.23 04:33:33.229,1.26703,1.26724,1.00,2.00
2014.09.23 04:33:33.741,1.26703,1.26724,1.00,2.00
2014.09.23 04:33:34.251,1.26702,1.26723,1.25,2.81
2014.09.23 04:33:34.763,1.26702,1.26721,1.00,2.00
2014.09.23 04:33:35.591,1.26707,1.26721,1.00,1.62
2014.09.23 04:33:35.692,1.26707,1.26722,1.00,1.69
2014.09.23 04:33:35.793,1.26707,1.26722,2.25,1.31
2014.09.23 04:33:39.944,1.26707,1.26722,3.94,1.31
2014.09.23 04:33:41.164,1.26707,1.26723,3.00,2.81
2014.09.23 04:33:45.303,1.26707,1.26723,3.37,1.50
2014.09.23 04:33:45.404,1.26709,1.26723,1.19,1.69
2014.09.23 04:33:47.319,1.26709,1.26724,1.56,1.25
2014.09.23 04:33:52.271,1.2671,1.26727,1.31,2.44
2014.09.23 04:33:52.777,1.26708,1.26725,1.56,1.19
2014.09.23 04:33:58.833,1.26707,1.26727,1.87,1.37
2014.09.23 04:33:59.509,1.26707,1.26726,2.81,1.31
2014.09.23 04:34:01.690,1.26707,1.26727,2.06,1.69
2014.09.23 04:34:02.716,1.26709,1.26725,1.56,1.25
2014.09.23 04:34:11.257,1.26709,1.26727,1.56,2.06
2014.09.23 04:34:13.135,1.26708,1.26727,1.62,2.06
2014.09.23 04:34:15.741,1.26707,1.26727,3.56,1.12
2014.09.23 04:34:18.991,1.2671,1.26726,1.31,1.25
2014.09.23 04:34:24.660,1.2671,1.26727,1.31,1.25
2014.09.23 04:34:27.213,1.2671,1.26727,1.31,1.19
2014.09.23 04:34:29.171,1.26711,1.26726,1.19,1.25
2014.09.23 04:34:29.552,1.26712,1.26729,1.31,1.19
2014.09.23 04:34:29.704,1.26713,1.26732,2.06,1.00
2014.09.23 04:34:30.233,1.26713,1.26733,1.69,1.12
2014.09.23 04:34:31.203,1.26713,1.26733,1.69,1.12
2014.09.23 04:34:32.437,1.26714,1.26729,1.56,1.00
2014.09.23 04:34:33.281,1.26713,1.2673,1.62,1.00
2014.09.23 04:34:33.446,1.26713,1.26732,1.62,1.00
2014.09.23 04:34:35.446,1.26713,1.2673,1.62,1.00
2014.09.23 04:34:40.017,1.26717,1.2673,1.00,1.00
2014.09.23 04:34:40.169,1.26717,1.26733,1.00,2.81
2014.09.23 04:34:40.792,1.26716,1.26728,1.69,1.00
2014.09.23 04:34:41.145,1.26717,1.26732,1.00,1.00
2014.09.23 04:34:41.677,1.26717,1.26731,1.00,1.00
2014.09.23 04:34:43.205,1.26715,1.26731,1.94,1.00
2014.09.23 04:34:43.897,1.26715,1.26732,1.94,1.00
2014.09.23 04:34:47.213,1.26716,1.26733,2.44,1.00
2014.09.23 04:34:47.946,1.26716,1.26733,2.44,1.00
2014.09.23 04:34:49.127,1.26719,1.26733,1.00,1.00
2014.09.23 04:34:52.601,1.26719,1.26729,1.00,1.00
2014.09.23 04:34:54.887,1.26715,1.26733,2.00,1.50
2014.09.23 04:34:55.039,1.2672,1.26734,1.69,1.00
2014.09.23 04:34:55.089,1.2672,1.26738,1.69,2.06
2014.09.23 04:34:55.576,1.26727,1.26743,1.00,3.00
2014.09.23 04:34:55.677,1.26727,1.26743,1.00,1.37
2014.09.23 04:34:55.879,1.26725,1.26742,1.00,1.37
2014.09.23 04:34:55.981,1.26723,1.26739,1.69,1.00
2014.09.23 04:34:56.233,1.26722,1.26743,2.81,1.87
2014.09.23 04:34:57.335,1.26722,1.26743,1.87,2.06
2014.09.23 04:34:57.840,1.2672,1.2674,2.44,1.19
2014.09.23 04:34:57.941,1.26722,1.26738,1.50,1.19
2014.09.23 04:34:59.440,1.26722,1.26739,1.37,1.19
2014.09.23 04:34:59.743,1.26718,1.26739,1.69,1.31
2014.09.23 04:34:59.955,1.26717,1.26737,2.81,1.19
2014.09.23 04:35:01.044,1.26717,1.26735,1.37,1.69
2014.09.23 04:35:01.145,1.26715,1.2673,1.12,1.00
2014.09.23 04:35:01.347,1.26712,1.2673,1.31,1.00
2014.09.23 04:35:01.398,1.26721,1.26734,1.00,1.62
2014.09.23 04:35:01.449,1.26721,1.26739,2.06,1.31
2014.09.23 04:35:01.499,1.26721,1.26736,2.06,1.00
2014.09.23 04:35:01.752,1.26711,1.26729,2.25,1.00
2014.09.23 04:35:02.258,1.26712,1.26731,1.87,1.31
2014.09.23 04:35:02.468,1.26716,1.26731,1.00,1.31
2014.09.23 04:35:02.720,1.2671,1.26729,1.37,1.00
2014.09.23 04:35:02.864,1.2671,1.26729,1.37,1.12
2014.09.23 04:35:03.373,1.26712,1.26732,1.00,1.94
2014.09.23 04:35:03.596,1.26721,1.26734,1.00,1.37
2014.09.23 04:35:03.646,1.26721,1.26734,1.37,1.00
2014.09.23 04:35:03.747,1.26721,1.26735,2.06,1.25
2014.09.23 04:35:04.050,1.26709,1.26725,1.75,1.00
2014.09.23 04:35:04.151,1.2671,1.26729,1.37,2.44
2014.09.23 04:35:04.302,1.2671,1.26729,1.37,1.69
2014.09.23 04:35:05.098,1.26713,1.26731,1.00,1.56
2014.09.23 04:35:05.665,1.2671,1.26728,1.37,1.00
2014.09.23 04:35:05.990,1.26723,1.26736,1.37,1.00
2014.09.23 04:35:06.292,1.26714,1.26729,1.69,1.00
2014.09.23 04:35:06.344,1.26714,1.26732,1.69,1.50
2014.09.23 04:35:06.495,1.26715,1.26732,1.00,1.00
2014.09.23 04:35:06.546,1.26715,1.26728,1.00,1.00
2014.09.23 04:35:06.858,1.26715,1.26725,1.37,1.00
2014.09.23 04:35:07.312,1.26716,1.26729,1.37,1.00
2014.09.23 04:35:07.363,1.26716,1.26729,1.00,1.00
2014.09.23 04:35:08.288,1.26716,1.26734,1.00,1.19
2014.09.23 04:35:08.389,1.26716,1.26734,1.37,1.19
2014.09.23 04:35:09.282,1.26723,1.26735,1.00,1.19
2014.09.23 04:35:09.383,1.26723,1.26736,1.00,1.25
2014.09.23 04:35:09.484,1.26723,1.26737,1.37,1.19
2014.09.23 04:35:10.367,1.26723,1.26738,2.06,1.19
2014.09.23 04:35:10.822,1.26723,1.2673,1.19,1.00
2014.09.23 04:35:10.872,1.26721,1.26729,1.87,1.00
2014.09.23 04:35:11.074,1.26721,1.26733,1.37,1.00
2014.09.23 04:35:11.175,1.26721,1.26733,1.00,1.00
2014.09.23 04:35:12.011,1.26717,1.26733,1.12,1.00
2014.09.23 04:35:12.062,1.26716,1.26728,1.37,1.00
2014.09.23 04:35:12.163,1.26711,1.26728,2.06,1.00
2014.09.23 04:35:12.315,1.26711,1.26728,1.00,1.62
2014.09.23 04:35:12.861,1.2671,1.26728,1.00,1.62
2014.09.23 04:35:13.343,1.2671,1.26725,1.00,1.00
2014.09.23 04:35:13.847,1.26711,1.26728,1.12,1.69
2014.09.23 04:35:14.900,1.26711,1.26728,1.00,1.19
2014.09.23 04:35:16.179,1.26711,1.26728,1.00,1.25
2014.09.23 04:35:16.893,1.2671,1.26724,1.37,1.00
2014.09.23 04:35:17.095,1.2671,1.26728,1.37,1.31
2014.09.23 04:35:17.196,1.2671,1.26728,1.12,1.19
2014.09.23 04:35:17.246,1.26713,1.26728,1.00,1.19
2014.09.23 04:35:17.447,1.26711,1.26728,1.00,1.25
2014.09.23 04:35:18.208,1.2671,1.26728,2.06,1.25
2014.09.23 04:35:18.564,1.26712,1.26728,1.00,1.19
2014.09.23 04:35:21.693,1.26712,1.26728,1.31,1.69
2014.09.23 04:35:23.229,1.26713,1.2673,1.25,1.31
2014.09.23 04:35:25.202,1.26713,1.2673,1.19,1.12
2014.09.23 04:35:26.146,1.26714,1.26729,1.69,1.25
2014.09.23 04:35:27.836,1.26718,1.2673,1.19,1.00
2014.09.23 04:35:27.988,1.26729,1.26743,1.00,1.56
2014.09.23 04:35:28.492,1.26727,1.26744,1.69,1.62
2014.09.23 04:35:29.852,1.26729,1.26744,1.19,1.62
2014.09.23 04:35:31.500,1.26729,1.26744,1.19,1.56
2014.09.23 04:35:32.818,1.2673,1.26745,1.25,1.56
2014.09.23 04:35:35.124,1.26729,1.26744,1.25,1.31
2014.09.23 04:35:35.225,1.26731,1.26746,1.00,1.87
2014.09.23 04:35:35.326,1.26732,1.26746,1.69,1.00
2014.09.23 04:35:35.478,1.2674,1.26754,1.00,1.50
2014.09.23 04:35:35.529,1.26741,1.26758,1.25,1.69
2014.09.23 04:35:35.579,1.26744,1.26758,1.00,1.56
2014.09.23 04:35:35.884,1.26744,1.26753,1.00,1.50
2014.09.23 04:35:35.935,1.26738,1.26753,1.31,2.44
2014.09.23 04:35:36.478,1.26737,1.26751,1.00,1.25
2014.09.23 04:35:36.993,1.26736,1.26751,1.25,1.25
2014.09.23 04:35:37.331,1.26736,1.2675,1.25,1.19
2014.09.23 04:35:38.376,1.26733,1.2675,2.06,1.31
2014.09.23 04:35:39.436,1.26734,1.26749,1.69,1.25
2014.09.23 04:35:41.541,1.26734,1.2675,1.25,1.31
2014.09.23 04:35:42.644,1.26735,1.26751,1.25,2.06
2014.09.23 04:35:45.250,1.26734,1.26751,1.25,1.62
2014.09.23 04:35:48.094,1.26734,1.26751,1.19,1.62
2014.09.23 04:35:49.033,1.26734,1.26751,1.56,1.25
2014.09.23 04:35:49.860,1.26736,1.26751,1.31,1.25
2014.09.23 04:35:51.288,1.26734,1.26751,1.62,1.00
2014.09.23 04:35:52.766,1.26737,1.26751,1.25,1.25
2014.09.23 04:35:56.026,1.26736,1.26747,1.19,1.00
2014.09.23 04:35:56.077,1.26734,1.26747,1.50,1.00
2014.09.23 04:35:56.179,1.2673,1.26747,1.19,2.06
2014.09.23 04:35:56.697,1.2673,1.26747,1.19,2.06
2014.09.23 04:35:56.982,1.26729,1.26746,1.25,1.56
2014.09.23 04:35:57.888,1.26732,1.26746,1.25,1.25
2014.09.23 04:35:58.225,1.26733,1.26748,1.19,1.31
2014.09.23 04:35:58.481,1.2673,1.26747,1.00,2.81
2014.09.23 04:35:59.787,1.2673,1.26744,1.69,1.25
2014.09.23 04:36:00.900,1.2673,1.26745,1.69,2.06
2014.09.23 04:36:03.296,1.2673,1.26745,1.69,1.31
2014.09.23 04:36:04.299,1.2673,1.26745,1.69,2.06
2014.09.23 04:36:05.601,1.2673,1.26745,1.00,1.31
2014.09.23 04:36:06.702,1.2673,1.26745,1.69,2.06
2014.09.23 04:36:09.448,1.26729,1.26745,1.31,1.12
2014.09.23 04:36:10.448,1.2673,1.26745,1.25,2.06
2014.09.23 04:36:13.121,1.26728,1.26743,1.56,1.19
2014.09.23 04:36:15.826,1.26727,1.26744,3.56,1.19
2014.09.23 04:36:18.756,1.26727,1.26745,2.62,1.31
2014.09.23 04:36:20.949,1.26728,1.26743,1.56,1.19
2014.09.23 04:36:30.454,1.26727,1.26743,2.81,1.69
2014.09.23 04:36:30.756,1.26736,1.26751,1.19,1.19
2014.09.23 04:36:30.858,1.26733,1.26751,1.19,1.31
2014.09.23 04:36:32.816,1.26733,1.2675,1.31,1.62
2014.09.23 04:36:34.064,1.26733,1.26749,1.31,1.31
2014.09.23 04:36:35.453,1.26735,1.2675,1.00,1.62
2014.09.23 04:36:37.066,1.26732,1.2675,2.81,1.62
2014.09.23 04:36:42.134,1.26732,1.26745,1.37,1.19
2014.09.23 04:36:42.235,1.26728,1.26744,2.06,1.19
2014.09.23 04:36:44.042,1.26727,1.26743,2.81,2.06
2014.09.23 04:36:44.635,1.26728,1.26742,1.25,1.25
2014.09.23 04:36:47.044,1.26727,1.26743,1.87,2.81
2014.09.23 04:36:47.626,1.26729,1.26743,1.00,2.81
2014.09.23 04:36:48.924,1.26727,1.26742,2.81,1.19
2014.09.23 04:36:52.263,1.26727,1.26743,2.81,2.06
2014.09.23 04:36:52.787,1.26727,1.26743,3.56,1.69
2014.09.23 04:36:52.989,1.26732,1.26748,1.25,1.56
2014.09.23 04:36:55.201,1.2673,1.26744,1.00,1.25
2014.09.23 04:36:55.820,1.26728,1.26744,1.62,1.25
2014.09.23 04:36:56.564,1.26727,1.26743,3.56,1.25
2014.09.23 04:36:58.626,1.2673,1.26743,1.00,1.25
2014.09.23 04:36:59.240,1.26727,1.26744,3.56,1.19
2014.09.23 04:36:59.880,1.26729,1.26744,1.31,1.19
2014.09.23 04:36:59.981,1.26728,1.26749,1.56,1.31
2014.09.23 04:37:00.104,1.26731,1.26746,1.25,1.19
2014.09.23 04:37:00.310,1.26732,1.26749,1.25,1.31
2014.09.23 04:37:01.475,1.26734,1.26749,1.25,1.31
2014.09.23 04:37:02.011,1.26734,1.2675,1.31,1.69
2014.09.23 04:37:02.112,1.26733,1.26748,1.25,1.56
2014.09.23 04:37:02.214,1.2673,1.26746,1.31,2.06
2014.09.23 04:37:02.618,1.26732,1.26749,1.25,1.31
2014.09.23 04:37:04.887,1.26732,1.26745,1.00,1.19
2014.09.23 04:37:05.390,1.2673,1.26745,1.19,1.19
2014.09.23 04:37:06.210,1.26729,1.26744,1.19,1.19
2014.09.23 04:37:08.708,1.26729,1.26744,1.25,1.19
2014.09.23 04:37:09.734,1.26729,1.26744,1.19,1.19
2014.09.23 04:37:12.035,1.26734,1.26744,1.00,1.19
2014.09.23 04:37:12.137,1.26734,1.26747,1.00,1.00
2014.09.23 04:37:12.188,1.2674,1.26752,1.00,1.19
2014.09.23 04:37:12.238,1.2674,1.26753,1.00,1.50
2014.09.23 04:37:20.015,1.2674,1.26753,1.00,2.44
2014.09.23 04:37:21.470,1.2674,1.26753,1.25,1.50
2014.09.23 04:37:23.825,1.26739,1.26753,1.25,1.69
2014.09.23 04:37:24.927,1.2674,1.26753,1.00,1.69
2014.09.23 04:37:34.545,1.26741,1.26753,1.19,1.50
2014.09.23 04:37:34.647,1.26743,1.26755,1.15,1.50
2014.09.23 04:37:34.698,1.26743,1.2676,1.15,1.50
2014.09.23 04:37:34.749,1.26745,1.26761,1.25,2.81
2014.09.23 04:37:34.951,1.2675,1.26763,1.69,1.50
2014.09.23 04:37:35.052,1.26748,1.26763,1.37,1.50
2014.09.23 04:37:35.203,1.26749,1.26769,1.37,1.75
2014.09.23 04:37:35.406,1.26756,1.26772,1.00,1.00
2014.09.23 04:37:35.558,1.26756,1.26776,1.00,1.50
2014.09.23 04:37:35.710,1.26761,1.26776,1.00,1.12
2014.09.23 04:37:36.165,1.26765,1.26777,1.00,1.00
2014.09.23 04:37:36.215,1.26765,1.26785,1.00,1.75
2014.09.23 04:37:36.266,1.26765,1.26782,1.00,1.00
2014.09.23 04:37:36.368,1.2676,1.26786,2.55,2.25
2014.09.23 04:37:36.419,1.2676,1.26784,2.55,1.12
2014.09.23 04:37:38.531,1.2676,1.26779,1.42,1.37
2014.09.23 04:37:38.582,1.2676,1.26772,1.61,1.00
2014.09.23 04:37:38.683,1.26758,1.26772,1.05,1.00
2014.09.23 04:37:39.218,1.26756,1.26771,1.31,1.69
2014.09.23 04:37:39.965,1.26755,1.26772,1.62,1.69
2014.09.23 04:37:40.525,1.26755,1.26769,1.62,1.00
2014.09.23 04:37:40.575,1.26754,1.26768,1.61,1.25
2014.09.23 04:37:40.676,1.26751,1.26767,1.25,1.56
2014.09.23 04:37:40.860,1.2675,1.26765,1.31,1.19
2014.09.23 04:37:42.070,1.26749,1.26764,1.19,2.81
2014.09.23 04:37:43.164,1.26747,1.26763,1.69,1.50
2014.09.23 04:37:43.375,1.26746,1.26763,1.31,2.44
2014.09.23 04:37:43.628,1.26748,1.26763,1.00,2.81
2014.09.23 04:37:44.140,1.26748,1.26763,1.69,2.81
2014.09.23 04:37:44.392,1.26747,1.26762,1.25,1.19
2014.09.23 04:37:44.695,1.26748,1.26763,1.19,2.81
2014.09.23 04:37:45.356,1.26748,1.26763,1.19,2.81
2014.09.23 04:37:45.407,1.26746,1.26763,1.25,3.56
2014.09.23 04:37:45.716,1.26749,1.26763,1.25,2.44
2014.09.23 04:37:49.674,1.26749,1.26764,1.69,1.87
2014.09.23 04:37:51.428,1.26757,1.26766,1.00,1.37
2014.09.23 04:37:51.479,1.2676,1.26766,1.00,1.00
2014.09.23 04:37:51.631,1.2676,1.26771,1.00,1.62
2014.09.23 04:37:51.732,1.26756,1.26775,1.00,2.44
2014.09.23 04:37:51.883,1.26754,1.26771,1.25,2.06
2014.09.23 04:37:51.984,1.26751,1.26769,1.69,1.62
2014.09.23 04:37:53.181,1.26753,1.26768,1.25,1.31
2014.09.23 04:37:54.584,1.26751,1.26769,1.69,1.56
2014.09.23 04:37:55.793,1.2675,1.26769,1.31,2.06
2014.09.23 04:37:56.989,1.26752,1.26769,1.25,1.56
2014.09.23 04:37:57.410,1.26751,1.26766,1.31,1.56
2014.09.23 04:37:58.392,1.26748,1.26765,2.44,1.31
2014.09.23 04:38:02.143,1.2675,1.26764,1.31,1.25
2014.09.23 04:38:02.675,1.2675,1.26763,1.31,1.50
2014.09.23 04:38:03.900,1.26751,1.26767,1.00,1.19
2014.09.23 04:38:03.951,1.26751,1.26769,2.44,1.00
2014.09.23 04:38:04.052,1.26754,1.26771,1.62,2.06
2014.09.23 04:38:04.743,1.26754,1.26771,1.31,1.56
2014.09.23 04:38:12.644,1.26754,1.26771,1.69,1.25
2014.09.23 04:38:13.622,1.26754,1.26771,1.69,1.19
2014.09.23 04:38:15.527,1.26754,1.2677,1.00,1.19
2014.09.23 04:38:19.682,1.26754,1.26771,1.69,1.69
2014.09.23 04:38:21.837,1.26754,1.26771,1.00,1.00
2014.09.23 04:38:21.888,1.26751,1.26771,1.94,1.37
2014.09.23 04:38:22.201,1.26753,1.2677,1.56,1.25
2014.09.23 04:38:22.302,1.26753,1.26769,1.27,1.12
2014.09.23 04:38:22.403,1.26749,1.26766,1.19,1.37
2014.09.23 04:38:22.453,1.26748,1.26765,1.25,1.31
2014.09.23 04:38:22.605,1.26748,1.26765,1.62,1.69
2014.09.23 04:38:22.706,1.26747,1.26763,4.65,1.00
2014.09.23 04:38:22.857,1.26747,1.26765,3.56,1.00
2014.09.23 04:38:23.578,1.26749,1.26764,1.19,1.25
2014.09.23 04:38:23.886,1.26751,1.26767,1.19,1.19
2014.09.23 04:38:25.846,1.26753,1.26768,1.25,1.19
2014.09.23 04:38:26.848,1.26753,1.2677,1.25,1.31
2014.09.23 04:38:27.550,1.26752,1.26767,1.19,1.25
2014.09.23 04:38:28.652,1.26751,1.26768,1.31,1.19
2014.09.23 04:38:31.657,1.26751,1.26767,1.31,1.19
2014.09.23 04:38:32.411,1.26751,1.26767,1.25,1.56
2014.09.23 04:38:33.603,1.26751,1.26767,1.25,1.56
2014.09.23 04:38:35.482,1.26749,1.26767,1.19,2.06
2014.09.23 04:38:36.468,1.2675,1.26766,1.25,1.31
2014.09.23 04:38:38.182,1.26752,1.26767,1.25,2.06
2014.09.23 04:38:38.688,1.26751,1.26768,1.31,1.62
2014.09.23 04:38:40.375,1.26751,1.26769,1.31,1.69
2014.09.23 04:38:46.086,1.26751,1.26768,1.31,1.62
2014.09.23 04:38:49.292,1.26753,1.2677,1.25,1.69
2014.09.23 04:38:50.341,1.26754,1.26769,1.25,1.56
2014.09.23 04:38:51.296,1.26754,1.26769,1.19,1.62
2014.09.23 04:38:51.630,1.26754,1.26769,1.31,1.25
2014.09.23 04:38:54.602,1.26753,1.2677,1.62,1.31
2014.09.23 04:38:56.533,1.26753,1.26767,1.62,1.00
2014.09.23 04:38:56.735,1.2675,1.26766,1.25,1.62
2014.09.23 04:39:01.658,1.26749,1.26765,1.19,1.62
2014.09.23 04:39:02.108,1.2675,1.26767,1.56,1.31
2014.09.23 04:39:03.034,1.26753,1.26768,1.25,1.56
2014.09.23 04:39:05.874,1.2675,1.26767,1.64,2.06
2014.09.23 04:39:06.389,1.2675,1.26764,1.25,1.25
2014.09.23 04:39:06.957,1.26749,1.26764,1.31,1.19
2014.09.23 04:39:11.641,1.26748,1.26763,1.19,1.31
2014.09.23 04:39:18.457,1.26748,1.26763,1.19,2.81
2014.09.23 04:39:31.706,1.26747,1.26763,2.06,2.81
2014.09.23 04:39:32.568,1.26747,1.26763,1.69,2.81
2014.09.23 04:39:38.825,1.26747,1.26762,2.44,1.62
2014.09.23 04:39:39.840,1.26747,1.26763,1.50,2.81
2014.09.23 04:39:49.694,1.26747,1.26761,1.69,1.31
2014.09.23 04:39:50.656,1.26747,1.26762,1.69,1.62
2014.09.23 04:40:04.710,1.26748,1.26762,1.25,1.69
2014.09.23 04:40:11.099,1.26747,1.26763,1.50,3.94
2014.09.23 04:40:11.200,1.26743,1.2676,1.00,1.00
2014.09.23 04:40:11.302,1.26743,1.26757,1.00,1.25
2014.09.23 04:40:11.839,1.26741,1.26757,1.62,1.25
2014.09.23 04:40:12.427,1.26741,1.26757,1.25,1.25
2014.09.23 04:40:14.145,1.26741,1.26758,1.69,1.25
2014.09.23 04:40:15.317,1.26742,1.26757,1.19,1.19
2014.09.23 04:40:16.409,1.26741,1.26758,1.19,1.25
2014.09.23 04:40:19.948,1.26741,1.26757,1.69,1.25
2014.09.23 04:40:26.331,1.26741,1.26759,1.25,1.19
2014.09.23 04:40:26.879,1.26743,1.2676,1.19,1.69
2014.09.23 04:40:27.273,1.26746,1.26761,1.19,1.31
2014.09.23 04:40:27.475,1.26745,1.2676,1.00,2.44
2014.09.23 04:40:27.576,1.26745,1.26757,1.00,1.25
2014.09.23 04:40:27.677,1.26745,1.26761,1.25,1.69
2014.09.23 04:40:28.469,1.26745,1.26761,1.31,1.31
2014.09.23 04:40:28.764,1.26747,1.26762,1.25,2.06
2014.09.23 04:40:35.396,1.26747,1.26762,1.19,1.69
2014.09.23 04:40:45.983,1.26746,1.26762,1.69,1.00
2014.09.23 04:40:50.378,1.26747,1.26762,1.69,1.00
2014.09.23 04:40:51.623,1.26747,1.26762,2.25,1.00
2014.09.23 04:40:56.750,1.26748,1.26762,1.00,1.00
2014.09.23 04:40:56.952,1.26752,1.26767,1.25,1.31
2014.09.23 04:40:57.923,1.26754,1.26769,1.25,2.06
2014.09.23 04:41:02.001,1.26753,1.26769,1.19,2.06
2014.09.23 04:41:03.052,1.26752,1.26769,1.19,1.31
2014.09.23 04:41:10.017,1.26751,1.26769,2.06,1.12
2014.09.23 04:41:17.031,1.26751,1.26769,2.06,1.12
2014.09.23 04:41:19.336,1.26751,1.26769,2.06,1.12
2014.09.23 04:41:19.475,1.26754,1.26769,1.25,1.31
2014.09.23 04:41:29.552,1.26753,1.2677,1.62,2.81
2014.09.23 04:41:31.805,1.26753,1.2677,1.25,2.81
2014.09.23 04:41:32.113,1.26754,1.26769,1.19,1.31
2014.09.23 04:41:38.269,1.26752,1.26768,1.19,1.19
2014.09.23 04:41:38.409,1.26751,1.2677,1.31,1.87
2014.09.23 04:41:39.571,1.26752,1.2677,1.19,2.81
2014.09.23 04:41:41.205,1.26753,1.26769,1.19,1.31
2014.09.23 04:41:45.622,1.26753,1.26768,1.25,1.19
2014.09.23 04:41:50.124,1.26753,1.26769,1.19,1.31
2014.09.23 04:41:51.293,1.26753,1.2677,1.19,2.06
2014.09.23 04:41:53.641,1.26752,1.26769,1.69,1.31
2014.09.23 04:41:55.623,1.26753,1.26769,1.19,1.31
2014.09.23 04:42:00.015,1.26752,1.26773,1.00,2.81
2014.09.23 04:42:00.116,1.26754,1.26769,1.25,1.31
2014.09.23 04:42:01.914,1.26754,1.26769,1.62,1.19
2014.09.23 04:42:02.475,1.26755,1.26772,1.31,1.19
2014.09.23 04:42:09.977,1.26753,1.26772,1.62,1.25
2014.09.23 04:42:14.224,1.26752,1.26773,2.06,2.06
2014.09.23 04:42:21.458,1.26755,1.26771,1.31,1.25
2014.09.23 04:42:24.386,1.26753,1.2677,1.19,1.19
2014.09.23 04:42:25.866,1.26753,1.2677,1.25,1.56
2014.09.23 04:42:28.371,1.26752,1.26771,1.25,1.94
2014.09.23 04:42:29.472,1.26753,1.2677,1.19,1.69
2014.09.23 04:42:30.265,1.26754,1.26768,1.25,1.25
2014.09.23 04:42:32.678,1.26752,1.26769,1.25,1.31
2014.09.23 04:42:40.124,1.26752,1.26769,1.19,1.00
2014.09.23 04:42:41.610,1.26754,1.26769,1.25,1.69
2014.09.23 04:42:44.100,1.26752,1.26769,1.19,1.69
2014.09.23 04:42:49.941,1.26751,1.26766,1.25,1.19
2014.09.23 04:42:51.981,1.2675,1.26767,1.19,1.25
2014.09.23 04:42:55.753,1.2675,1.26767,1.19,1.19
2014.09.23 04:42:55.854,1.26749,1.26768,1.31,1.25
2014.09.23 04:42:57.357,1.26748,1.26769,2.06,2.06
2014.09.23 04:43:00.912,1.26752,1.26767,1.19,1.19
2014.09.23 04:43:02.164,1.2675,1.26767,1.56,1.31
2014.09.23 04:43:05.671,1.26752,1.26767,1.25,1.31
2014.09.23 04:43:10.281,1.26752,1.26768,1.25,1.62
2014.09.23 04:43:16.428,1.2675,1.26769,2.06,1.62
2014.09.23 04:43:19.999,1.26752,1.26767,1.25,1.31
2014.09.23 04:43:24.320,1.2675,1.26764,1.37,1.19
2014.09.23 04:43:24.438,1.26749,1.26764,1.25,1.31
2014.09.23 04:43:25.610,1.26748,1.26765,2.06,2.06
2014.09.23 04:43:26.066,1.26748,1.26762,2.06,1.00
2014.09.23 04:43:28.322,1.26749,1.26762,1.19,1.00
2014.09.23 04:43:28.660,1.2675,1.26765,1.31,1.25
2014.09.23 04:43:28.762,1.26752,1.26768,1.19,1.31
2014.09.23 04:43:29.064,1.26748,1.26763,1.56,1.00
2014.09.23 04:43:44.077,1.2675,1.26763,1.25,1.00
2014.09.23 04:43:44.128,1.2675,1.26766,1.62,1.19
2014.09.23 04:43:44.179,1.26752,1.26768,1.19,1.56
2014.09.23 04:43:44.481,1.26747,1.26762,3.56,1.00
2014.09.23 04:44:02.010,1.26749,1.26762,1.19,1.00
2014.09.23 04:44:02.786,1.26749,1.26762,1.25,1.00
2014.09.23 04:44:03.172,1.2675,1.26766,1.62,1.19
2014.09.23 04:44:03.223,1.26751,1.26768,1.56,1.31
2014.09.23 04:44:04.616,1.26751,1.26768,1.56,1.31
2014.09.23 04:44:06.424,1.26749,1.26764,2.06,1.25
2014.09.23 04:44:08.198,1.26749,1.26764,1.62,1.19
2014.09.23 04:44:16.312,1.26749,1.26762,1.37,1.25
2014.09.23 04:44:18.243,1.26749,1.26763,1.62,1.25
2014.09.23 04:44:19.919,1.26748,1.26764,1.37,1.25
2014.09.23 04:44:20.162,1.2675,1.26766,1.56,1.25
2014.09.23 04:44:21.123,1.26752,1.26768,1.31,1.31
2014.09.23 04:44:22.827,1.2675,1.26769,2.06,1.56
2014.09.23 04:44:25.625,1.2675,1.26766,1.25,1.56
2014.09.23 04:44:26.573,1.26748,1.26764,1.25,1.25
2014.09.23 04:44:27.335,1.26748,1.26763,1.25,1.00
2014.09.23 04:44:30.240,1.26752,1.26763,1.00,1.00
2014.09.23 04:44:30.341,1.26752,1.26766,1.00,1.62
2014.09.23 04:44:30.442,1.26751,1.2677,2.06,1.57
2014.09.23 04:44:30.663,1.26749,1.26762,1.25,1.00
2014.09.23 04:44:34.149,1.26749,1.26762,1.19,1.00
2014.09.23 04:44:35.268,1.26748,1.26762,1.69,1.00
2014.09.23 04:44:41.464,1.26748,1.26762,1.69,1.00
2014.09.23 04:44:48.815,1.2675,1.26762,1.25,1.00
2014.09.23 04:44:48.918,1.26748,1.26762,1.25,1.00
2014.09.23 04:44:50.554,1.26748,1.26761,1.25,1.00
2014.09.23 04:44:50.829,1.26745,1.2676,1.19,1.25
2014.09.23 04:45:02.004,1.26746,1.2676,1.19,1.00
2014.09.23 04:45:03.103,1.26746,1.26762,1.19,1.19
2014.09.23 04:45:03.209,1.26747,1.26765,1.00,1.31
2014.09.23 04:45:07.238,1.26747,1.26766,1.00,2.06
2014.09.23 04:45:15.579,1.26747,1.26765,1.00,1.31
2014.09.23 04:45:15.781,1.26744,1.26763,1.37,1.12
2014.09.23 04:45:16.237,1.26747,1.26763,1.00,1.12
2014.09.23 04:45:16.739,1.26747,1.26763,1.00,2.81
2014.09.23 04:45:17.496,1.26747,1.26761,1.00,1.00
2014.09.23 04:45:26.802,1.26747,1.26761,1.69,1.00
2014.09.23 04:45:30.264,1.26747,1.26761,1.25,1.00
2014.09.23 04:45:30.881,1.26747,1.26761,1.19,1.00
2014.09.23 04:45:31.467,1.26748,1.26761,1.19,1.00
2014.09.23 04:45:34.071,1.26747,1.26761,1.31,1.00
2014.09.23 04:45:38.405,1.26746,1.26761,2.06,1.00
2014.09.23 04:46:00.066,1.26746,1.26763,1.87,1.87
2014.09.23 04:46:01.223,1.26748,1.26763,1.19,2.81
2014.09.23 04:46:05.631,1.26746,1.26763,1.87,1.50
2014.09.23 04:46:13.102,1.26746,1.26763,1.25,3.56
2014.09.23 04:46:17.062,1.26745,1.26763,1.25,4.31
2014.09.23 04:46:18.167,1.26747,1.26761,1.25,1.25
2014.09.23 04:46:21.074,1.26745,1.26762,1.69,1.31
2014.09.23 04:46:22.177,1.26745,1.26763,1.69,4.31
2014.09.23 04:46:27.405,1.26745,1.26762,1.69,1.31
2014.09.23 04:46:31.206,1.26745,1.26761,1.25,1.19
2014.09.23 04:46:32.215,1.26746,1.26762,1.19,1.31
2014.09.23 04:46:33.801,1.26745,1.26763,1.00,3.37
2014.09.23 04:46:33.851,1.26747,1.26763,1.37,1.50
2014.09.23 04:46:33.902,1.26748,1.26766,1.31,1.00
2014.09.23 04:46:33.953,1.26748,1.26768,1.31,1.12
2014.09.23 04:46:34.003,1.26751,1.2677,1.00,1.62
2014.09.23 04:46:34.306,1.26744,1.26764,1.00,2.29
2014.09.23 04:46:34.356,1.26744,1.26764,1.00,2.29
2014.09.23 04:46:34.659,1.26743,1.26758,1.25,1.19
2014.09.23 04:46:35.186,1.26744,1.26758,1.00,1.19
2014.09.23 04:46:35.543,1.26744,1.2676,1.00,1.56
2014.09.23 04:46:48.996,1.26745,1.2676,1.00,1.62
2014.09.23 04:46:50.226,1.26745,1.26761,1.00,1.61
2014.09.23 04:46:58.990,1.26745,1.26761,1.00,1.61
2014.09.23 04:46:59.091,1.26745,1.26763,1.15,2.06
2014.09.23 04:46:59.142,1.26751,1.26763,1.00,2.06
2014.09.23 04:46:59.192,1.26751,1.26769,1.00,1.31
2014.09.23 04:46:59.294,1.26751,1.26768,1.00,1.19
2014.09.23 04:46:59.345,1.26749,1.26768,1.00,1.19
2014.09.23 04:46:59.396,1.26749,1.26762,1.00,1.00
2014.09.23 04:46:59.908,1.2675,1.26763,1.00,1.50
2014.09.23 04:46:59.959,1.2675,1.26769,1.00,1.00
2014.09.23 04:47:00.193,1.2675,1.26772,1.37,1.12
2014.09.23 04:47:01.179,1.2675,1.26771,1.50,1.19
2014.09.23 04:47:12.317,1.2675,1.26772,1.69,2.06
2014.09.23 04:47:18.995,1.26751,1.26772,1.00,2.81
2014.09.23 04:47:22.314,1.26751,1.26772,1.00,1.87
2014.09.23 04:47:27.920,1.26751,1.26772,1.50,2.06
2014.09.23 04:47:31.221,1.26752,1.26772,1.62,2.81
2014.09.23 04:47:32.049,1.26752,1.26772,1.94,1.87
2014.09.23 04:47:32.596,1.26753,1.26772,1.69,1.69
2014.09.23 04:47:39.097,1.26755,1.26772,1.62,2.06
2014.09.23 04:47:55.871,1.26756,1.26772,1.31,2.81
2014.09.23 04:47:56.401,1.26756,1.26772,1.56,1.19
2014.09.23 04:47:56.974,1.26755,1.26772,1.56,1.25
2014.09.23 04:47:59.880,1.26755,1.26772,1.62,1.69
2014.09.23 04:48:02.009,1.26754,1.26772,1.62,1.00
2014.09.23 04:48:29.984,1.26757,1.26772,1.62,2.44
2014.09.23 04:48:30.803,1.26757,1.26772,1.25,2.06
2014.09.23 04:48:30.854,1.26755,1.26772,1.31,1.62
2014.09.23 04:48:31.462,1.26755,1.26772,1.31,1.62
2014.09.23 04:48:32.242,1.26756,1.26771,1.25,1.31
2014.09.23 04:48:32.947,1.26756,1.26771,1.62,1.19
2014.09.23 04:48:33.578,1.26756,1.26772,1.56,1.69
2014.09.23 04:48:36.058,1.26755,1.26772,1.56,1.00
2014.09.23 04:48:36.737,1.26757,1.26772,1.31,1.69
2014.09.23 04:48:38.464,1.26756,1.26772,1.56,1.69
2014.09.23 04:48:44.667,1.26757,1.26772,1.31,1.00
2014.09.23 04:48:45.369,1.26755,1.26772,1.56,1.00
2014.09.23 04:48:48.876,1.26756,1.26772,1.56,1.69
2014.09.23 04:48:49.978,1.26756,1.26772,1.56,1.69
2014.09.23 04:48:53.886,1.26756,1.26772,1.56,1.69
2014.09.23 04:49:01.100,1.26752,1.26773,1.50,1.50
2014.09.23 04:49:01.251,1.26755,1.26773,1.31,2.44
2014.09.23 04:49:06.559,1.26754,1.26771,1.25,1.19
2014.09.23 04:49:14.630,1.26756,1.26771,1.19,1.25
2014.09.23 04:49:14.731,1.26752,1.26773,2.06,1.69
2014.09.23 04:49:15.672,1.26754,1.2677,1.19,1.62
2014.09.23 04:49:19.941,1.26753,1.26771,1.31,1.56
2014.09.23 04:49:21.644,1.26754,1.26769,1.19,1.31
2014.09.23 04:49:25.552,1.26752,1.26773,1.12,2.00
2014.09.23 04:49:26.300,1.26752,1.2677,2.06,1.31
2014.09.23 04:49:27.472,1.26752,1.26769,2.06,1.25
2014.09.23 04:49:32.365,1.26754,1.26769,1.19,1.25
2014.09.23 04:49:36.973,1.26752,1.2677,1.69,1.69
2014.09.23 04:49:38.000,1.26754,1.26769,1.25,1.31
2014.09.23 04:49:41.786,1.26754,1.2677,1.00,1.31
2014.09.23 04:49:43.713,1.26754,1.26768,1.00,1.19
2014.09.23 04:49:45.095,1.26754,1.26769,1.00,1.19
2014.09.23 04:49:46.437,1.26754,1.26768,1.00,1.19
2014.09.23 04:49:46.538,1.26754,1.26771,1.00,1.69
2014.09.23 04:49:50.107,1.26754,1.2677,1.00,1.31
2014.09.23 04:49:50.574,1.26754,1.2677,1.00,2.44
2014.09.23 04:49:50.625,1.26751,1.26766,1.00,1.25
2014.09.23 04:49:51.019,1.26749,1.26763,1.69,1.50
2014.09.23 04:49:54.122,1.26752,1.26763,1.19,1.50
2014.09.23 04:49:54.223,1.26759,1.26774,1.00,1.39
2014.09.23 04:49:54.375,1.26756,1.26771,1.00,1.56
2014.09.23 04:49:54.526,1.26755,1.26769,1.00,1.19
2014.09.23 04:49:54.577,1.26752,1.26769,1.25,1.56
2014.09.23 04:49:54.628,1.26751,1.26766,1.19,1.25
2014.09.23 04:49:54.729,1.26749,1.26765,1.69,1.31
2014.09.23 04:49:54.881,1.26749,1.26763,1.69,1.50
2014.09.23 04:49:55.609,1.26749,1.26764,1.69,1.50
2014.09.23 04:49:55.930,1.26747,1.26762,1.19,1.31
2014.09.23 04:49:56.853,1.26745,1.26762,1.62,1.31
2014.09.23 04:49:58.031,1.26745,1.2676,1.56,1.25
2014.09.23 04:49:59.689,1.26744,1.26761,2.44,1.56
2014.09.23 04:50:14.585,1.26744,1.26757,1.00,1.25
2014.09.23 04:50:14.887,1.2674,1.26753,1.25,1.50
2014.09.23 04:50:15.685,1.26738,1.26753,2.06,2.44
2014.09.23 04:50:16.835,1.26737,1.26752,2.25,1.19
2014.09.23 04:50:16.936,1.26737,1.2675,2.25,1.96
2014.09.23 04:50:17.037,1.26728,1.26743,2.06,1.19
2014.09.23 04:50:17.572,1.26726,1.26743,2.81,1.69
2014.09.23 04:50:18.223,1.26725,1.26741,1.62,1.19
2014.09.23 04:50:20.684,1.26725,1.26741,1.31,1.31
2014.09.23 04:50:24.040,1.26725,1.2674,1.12,1.19
2014.09.23 04:50:31.718,1.26725,1.26739,1.12,1.19
2014.09.23 04:50:34.224,1.26725,1.26739,1.00,1.25
2014.09.23 04:50:36.163,1.26725,1.26738,1.25,1.25
2014.09.23 04:50:39.150,1.26725,1.26739,1.00,1.25
2014.09.23 04:50:39.957,1.26725,1.26738,1.00,1.00
2014.09.23 04:50:40.058,1.26725,1.26736,1.00,1.00
2014.09.23 04:50:40.109,1.26721,1.26736,1.69,1.00
2014.09.23 04:50:40.260,1.26718,1.26736,1.37,1.25
2014.09.23 04:50:40.411,1.26717,1.26733,1.62,1.50
2014.09.23 04:50:40.714,1.26709,1.26725,1.37,1.50
2014.09.23 04:50:41.260,1.26709,1.26726,1.37,1.00
2014.09.23 04:50:46.607,1.26709,1.26726,2.81,1.00
2014.09.23 04:50:47.896,1.26712,1.26727,1.62,1.69
2014.09.23 04:50:48.428,1.26713,1.26728,1.62,1.19
2014.09.23 04:50:49.557,1.26714,1.26729,1.56,1.69
2014.09.23 04:50:50.759,1.26714,1.26729,1.56,1.25
2014.09.23 04:50:53.904,1.26715,1.2673,1.31,1.69
2014.09.23 04:50:54.207,1.26716,1.26732,1.31,1.00
2014.09.23 04:50:54.468,1.26716,1.26734,1.31,1.12
2014.09.23 04:50:55.284,1.26716,1.26734,1.31,1.12
2014.09.23 04:50:55.335,1.26716,1.26734,1.56,1.00
2014.09.23 04:50:55.873,1.2672,1.26734,1.62,1.00
2014.09.23 04:51:02.382,1.26721,1.26734,1.31,1.00
2014.09.23 04:51:03.261,1.26721,1.26733,1.19,1.00
2014.09.23 04:51:03.784,1.26719,1.26733,1.56,1.00
2014.09.23 04:51:06.234,1.2672,1.26733,1.31,1.00
2014.09.23 04:51:10.197,1.26717,1.26733,3.37,1.00
2014.09.23 04:51:10.403,1.26717,1.26735,4.31,1.00
2014.09.23 04:51:23.387,1.26717,1.26735,1.87,1.12
2014.09.23 04:51:24.253,1.26715,1.26734,1.56,1.00
2014.09.23 04:51:24.795,1.26717,1.26734,1.62,1.00
2014.09.23 04:51:36.583,1.26716,1.26733,1.56,1.00
2014.09.23 04:51:40.415,1.26716,1.26733,1.31,1.00
2014.09.23 04:51:41.419,1.26715,1.26733,1.56,1.00
2014.09.23 04:51:47.192,1.26716,1.26733,1.31,1.00
2014.09.23 04:51:47.597,1.26717,1.26735,1.62,1.00
2014.09.23 04:51:52.638,1.26717,1.26735,1.12,1.00
2014.09.23 04:52:01.683,1.26717,1.26734,1.12,1.00
2014.09.23 04:52:02.506,1.26717,1.26734,1.37,1.00
2014.09.23 04:52:04.444,1.26717,1.26731,1.87,1.25
2014.09.23 04:52:04.996,1.26717,1.2673,1.87,1.25
2014.09.23 04:52:05.706,1.26717,1.26729,1.87,1.00
2014.09.23 04:52:06.314,1.26717,1.2673,1.87,1.69
2014.09.23 04:52:14.759,1.26717,1.26729,1.87,1.00
2014.09.23 04:52:20.142,1.26717,1.26731,2.06,1.69
2014.09.23 04:52:36.279,1.26717,1.26731,2.81,1.25
2014.09.23 04:52:37.481,1.26717,1.26731,1.87,1.00
2014.09.23 04:52:41.302,1.26717,1.26729,2.06,1.00
2014.09.23 04:52:45.009,1.26717,1.26728,1.50,1.00
2014.09.23 04:52:45.514,1.26717,1.26727,1.50,1.00
2014.09.23 04:52:46.095,1.26717,1.26728,1.50,1.00
2014.09.23 04:52:57.322,1.26717,1.2673,1.50,1.69
2014.09.23 04:52:58.079,1.26724,1.2673,1.00,1.69
2014.09.23 04:52:58.230,1.26724,1.2674,1.00,1.75
2014.09.23 04:52:58.383,1.26721,1.26738,1.00,1.19
2014.09.23 04:52:58.433,1.26727,1.26738,1.50,2.06
2014.09.23 04:52:58.740,1.26727,1.26736,1.50,1.19
2014.09.23 04:52:59.303,1.26727,1.26734,1.50,1.00
2014.09.23 04:52:59.963,1.26719,1.26734,2.06,1.00
2014.09.23 04:53:02.230,1.26719,1.26734,1.62,1.69
2014.09.23 04:53:03.458,1.26719,1.26733,1.37,1.25
2014.09.23 04:53:04.535,1.26719,1.26734,1.62,1.69
2014.09.23 04:53:05.059,1.26719,1.26733,1.25,1.00
2014.09.23 04:53:05.883,1.26719,1.26734,1.25,1.69
2014.09.23 04:53:06.391,1.26719,1.26734,2.44,1.00
2014.09.23 04:53:08.593,1.26719,1.26734,2.06,1.69
2014.09.23 04:53:09.649,1.26719,1.26734,1.62,1.69
2014.09.23 04:53:11.573,1.26717,1.26734,1.37,1.69
2014.09.23 04:53:11.624,1.26714,1.26734,1.56,2.06
2014.09.23 04:53:11.776,1.26713,1.26731,1.37,1.00
2014.09.23 04:53:11.827,1.26713,1.26731,1.12,1.00
2014.09.23 04:53:17.816,1.26713,1.26733,2.06,1.25
2014.09.23 04:53:20.469,1.26713,1.26733,2.06,1.00
2014.09.23 04:53:25.417,1.26714,1.26733,1.19,1.00
2014.09.23 04:53:32.566,1.26714,1.26733,1.56,1.00
2014.09.23 04:53:33.399,1.26713,1.26733,1.31,1.00
2014.09.23 04:53:36.330,1.26713,1.26733,2.06,1.00
2014.09.23 04:53:36.882,1.26714,1.26733,1.19,1.00
2014.09.23 04:53:37.394,1.26715,1.26734,1.62,1.00
2014.09.23 04:53:38.214,1.26716,1.26737,1.37,2.00
2014.09.23 04:53:40.014,1.26716,1.26737,2.06,1.69
2014.09.23 04:53:44.738,1.26716,1.26735,1.37,1.00
2014.09.23 04:53:45.291,1.26717,1.26737,1.31,2.44
2014.09.23 04:53:47.363,1.26717,1.26737,1.56,2.44
2014.09.23 04:53:51.975,1.26716,1.26737,1.25,1.50
2014.09.23 04:53:53.432,1.26716,1.26737,1.25,1.75
2014.09.23 04:53:54.136,1.26716,1.26736,1.69,1.00
2014.09.23 04:53:57.552,1.26718,1.26736,1.25,1.25
2014.09.23 04:53:59.002,1.26719,1.26735,1.25,1.56
2014.09.23 04:53:59.104,1.26716,1.26737,1.37,1.75
2014.09.23 04:53:59.671,1.26718,1.26737,1.25,2.44
2014.09.23 04:54:04.366,1.26716,1.26737,2.06,2.44
2014.09.23 04:54:06.170,1.26717,1.26737,1.31,2.44
2014.09.23 04:54:09.686,1.26716,1.26737,1.62,1.37
2014.09.23 04:54:20.221,1.26717,1.26737,1.62,1.62
2014.09.23 04:54:22.033,1.26719,1.26738,1.56,1.00
2014.09.23 04:54:22.708,1.2672,1.26738,1.31,1.00
2014.09.23 04:54:31.526,1.26721,1.26738,1.19,1.25
2014.09.23 04:54:31.829,1.26719,1.26738,1.56,1.00
2014.09.23 04:54:31.930,1.26719,1.2674,2.81,1.00
2014.09.23 04:54:32.257,1.26719,1.26737,1.56,1.00
2014.09.23 04:54:32.510,1.26719,1.26739,2.06,1.00
2014.09.23 04:54:32.723,1.26717,1.26737,1.62,1.00
2014.09.23 04:54:33.039,1.26719,1.26739,1.12,1.00
2014.09.23 04:54:33.241,1.26717,1.26736,1.62,1.00
2014.09.23 04:54:36.479,1.26719,1.26736,1.31,1.00
2014.09.23 04:54:39.948,1.26719,1.26736,1.31,1.00
2014.09.23 04:54:42.711,1.26718,1.26739,1.37,1.37
2014.09.23 04:54:42.813,1.26718,1.26739,1.00,1.75
2014.09.23 04:54:43.374,1.26716,1.26736,1.56,1.50
2014.09.23 04:55:02.193,1.26714,1.26735,1.87,1.00
2014.09.23 04:55:02.536,1.26714,1.26733,1.37,1.00
2014.09.23 04:55:02.648,1.26714,1.26733,1.37,1.00
2014.09.23 04:55:02.949,1.26714,1.26735,1.87,1.12
2014.09.23 04:55:06.497,1.26714,1.26735,1.87,1.31
2014.09.23 04:55:06.547,1.26715,1.26735,1.19,1.12
2014.09.23 04:55:10.709,1.26715,1.26735,1.31,1.69
2014.09.23 04:55:11.246,1.26715,1.26734,1.25,1.25
2014.09.23 04:55:12.012,1.26715,1.26735,1.31,1.00
2014.09.23 04:55:13.419,1.26714,1.26735,1.50,1.00
2014.09.23 04:55:13.520,1.26715,1.26735,1.19,1.00
2014.09.23 04:55:16.522,1.26716,1.26735,1.19,1.12
2014.09.23 04:55:21.038,1.26716,1.26737,1.25,2.06
2014.09.23 04:55:22.037,1.26714,1.26737,2.81,1.87
2014.09.23 04:55:22.393,1.26716,1.26737,1.19,1.87
2014.09.23 04:55:24.383,1.26714,1.26737,1.87,1.87
2014.09.23 04:55:25.444,1.26714,1.26737,1.00,1.37
2014.09.23 04:55:26.801,1.26714,1.26737,1.00,1.37
2014.09.23 04:55:28.069,1.26714,1.26737,1.00,1.37
2014.09.23 04:55:28.577,1.26714,1.26737,1.00,2.44
2014.09.23 04:55:28.678,1.26711,1.26734,1.50,1.50
2014.09.23 04:55:29.486,1.26711,1.26734,1.00,1.75
2014.09.23 04:55:30.055,1.26711,1.26734,1.00,2.81
2014.09.23 04:55:30.590,1.26711,1.26734,1.00,2.44
2014.09.23 04:55:31.386,1.26711,1.26734,1.00,2.44
2014.09.23 04:55:32.407,1.26711,1.26734,1.00,2.81
2014.09.23 04:55:37.165,1.26711,1.26733,1.00,1.94
2014.09.23 04:55:37.705,1.26711,1.26733,1.00,1.94
2014.09.23 04:55:39.344,1.26711,1.26733,1.00,1.94
2014.09.23 04:55:40.246,1.26711,1.26733,1.00,1.94
2014.09.23 04:55:43.664,1.26711,1.26732,1.00,2.00
2014.09.23 04:55:44.413,1.26711,1.26734,1.00,1.75
2014.09.23 04:56:05.861,1.26711,1.26732,1.00,1.62
2014.09.23 04:56:06.718,1.26711,1.26732,1.00,1.69
2014.09.23 04:56:07.636,1.26711,1.26733,1.00,2.00
2014.09.23 04:56:08.734,1.26711,1.26732,1.00,2.00
2014.09.23 04:56:09.642,1.26711,1.26733,1.00,1.37
2014.09.23 04:56:10.699,1.26711,1.26733,1.00,1.37
2014.09.23 04:56:12.804,1.26711,1.26733,1.00,1.75
2014.09.23 04:56:13.624,1.26715,1.26735,1.00,1.37
2014.09.23 04:56:13.725,1.26715,1.26737,1.00,2.46
2014.09.23 04:56:13.877,1.26712,1.26734,1.00,1.02
2014.09.23 04:56:13.928,1.26712,1.26734,1.00,1.03
2014.09.23 04:56:14.029,1.26712,1.26734,1.00,2.27
2014.09.23 04:56:14.131,1.26712,1.26734,1.00,1.52
2014.09.23 04:56:14.279,1.26715,1.26734,1.00,1.02
2014.09.23 04:56:15.504,1.26715,1.26737,1.00,1.02
2014.09.23 04:56:19.030,1.26715,1.26737,1.00,1.77
2014.09.23 04:56:19.131,1.26712,1.26734,1.00,1.00
2014.09.23 04:56:19.434,1.26712,1.26734,1.00,1.52
2014.09.23 04:56:19.737,1.26714,1.26736,1.00,1.27
2014.09.23 04:56:19.788,1.26711,1.26735,1.00,1.02
2014.09.23 04:56:19.839,1.26711,1.26735,1.00,1.02
2014.09.23 04:56:20.142,1.26715,1.26735,1.00,1.02
2014.09.23 04:56:20.343,1.26712,1.26734,1.00,1.02
2014.09.23 04:56:20.597,1.26714,1.26734,1.00,1.02
2014.09.23 04:56:20.950,1.26714,1.26738,1.00,1.27
2014.09.23 04:56:21.141,1.26712,1.26734,1.00,1.02
2014.09.23 04:56:21.343,1.26714,1.26735,1.00,3.21
2014.09.23 04:56:21.545,1.26711,1.26733,1.00,1.77
2014.09.23 04:56:24.748,1.26711,1.26731,1.00,1.14
2014.09.23 04:56:25.250,1.26711,1.26733,1.50,2.08
2014.09.23 04:56:25.651,1.26714,1.26734,1.00,1.02
2014.09.23 04:56:28.223,1.26714,1.26738,1.00,1.02
2014.09.23 04:56:29.034,1.26714,1.26738,1.00,1.02
2014.09.23 04:56:29.329,1.26714,1.26738,1.00,1.27
2014.09.23 04:56:29.430,1.26714,1.26738,1.00,1.02
2014.09.23 04:56:29.582,1.26711,1.26735,1.00,1.02
2014.09.23 04:56:29.733,1.26711,1.26735,1.50,1.89
2014.09.23 04:56:30.161,1.26715,1.26735,1.00,1.00
2014.09.23 04:56:30.212,1.26715,1.26739,1.00,1.52
2014.09.23 04:56:31.148,1.26715,1.26739,1.00,1.52
2014.09.23 04:56:32.162,1.26715,1.26739,1.00,1.52
2014.09.23 04:56:34.340,1.26715,1.26739,1.00,1.71
2014.09.23 04:56:35.331,1.26715,1.26739,1.00,2.46
2014.09.23 04:56:36.284,1.26715,1.26739,1.00,3.21
2014.09.23 04:56:36.435,1.26715,1.26739,1.00,2.83
2014.09.23 04:56:36.486,1.26715,1.26734,1.00,1.00
2014.09.23 04:56:36.537,1.26711,1.26734,1.50,1.00
2014.09.23 04:56:36.839,1.26714,1.26734,1.00,1.00
2014.09.23 04:56:37.349,1.26714,1.26738,1.00,1.02
2014.09.23 04:56:45.340,1.26712,1.26734,1.00,1.00
2014.09.23 04:56:45.542,1.26715,1.26735,1.00,1.03
2014.09.23 04:56:46.674,1.26715,1.26739,1.00,1.52
2014.09.23 04:56:49.080,1.2672,1.26739,1.00,1.77
2014.09.23 04:56:49.182,1.2672,1.26739,1.00,1.77
2014.09.23 04:56:49.581,1.2672,1.26738,1.00,1.02
2014.09.23 04:56:49.682,1.26716,1.26737,1.00,1.02
2014.09.23 04:56:50.222,1.26715,1.26737,1.00,1.02
2014.09.23 04:56:51.284,1.26715,1.26737,1.00,1.02
2014.09.23 04:56:51.486,1.26715,1.26737,1.00,1.02
2014.09.23 04:56:57.306,1.26715,1.26736,1.00,1.21
2014.09.23 04:56:58.307,1.26715,1.26736,1.00,1.21
2014.09.23 04:56:58.870,1.26711,1.26735,1.50,1.75
2014.09.23 04:56:59.022,1.26711,1.26735,1.00,2.25
2014.09.23 04:56:59.552,1.26711,1.26735,1.00,2.25
2014.09.23 04:57:12.373,1.2671,1.26729,1.00,1.12
2014.09.23 04:57:12.960,1.26709,1.26729,1.00,1.37
2014.09.23 04:57:13.828,1.26714,1.26732,1.00,1.75
2014.09.23 04:57:14.133,1.2671,1.26734,1.00,1.37
2014.09.23 04:57:14.234,1.26711,1.26727,1.00,1.37
2014.09.23 04:57:22.339,1.26711,1.26728,1.00,1.12
2014.09.23 04:57:22.491,1.26716,1.26734,1.00,1.62
2014.09.23 04:57:22.592,1.26719,1.26736,1.00,1.37
2014.09.23 04:57:22.999,1.26719,1.26731,1.00,1.37
2014.09.23 04:57:23.453,1.26719,1.26734,1.00,1.50
2014.09.23 04:57:24.430,1.26719,1.26738,1.00,1.37
2014.09.23 04:57:24.531,1.26719,1.26736,1.00,1.12
2014.09.23 04:57:24.582,1.26716,1.26736,1.00,1.12
2014.09.23 04:57:24.633,1.26716,1.26737,1.00,1.37
2014.09.23 04:57:24.683,1.26716,1.26737,1.00,1.37
2014.09.23 04:57:24.835,1.26712,1.26734,1.00,1.37
2014.09.23 04:57:24.886,1.26712,1.26734,1.00,1.37
2014.09.23 04:57:25.189,1.26712,1.2673,1.00,1.12
2014.09.23 04:57:27.227,1.26712,1.2673,1.00,1.12
2014.09.23 04:57:32.834,1.26712,1.26729,1.00,1.12
2014.09.23 04:57:33.347,1.26712,1.26731,1.00,1.12
2014.09.23 04:57:33.662,1.26712,1.26734,1.00,2.06
2014.09.23 04:57:34.072,1.26712,1.26729,1.00,1.37
2014.09.23 04:57:34.338,1.26712,1.26734,1.00,2.44
2014.09.23 04:57:34.840,1.26712,1.26729,1.00,1.12
2014.09.23 04:57:42.373,1.26712,1.26731,1.00,1.12
2014.09.23 04:57:43.860,1.26711,1.26724,1.00,1.37
2014.09.23 04:57:44.011,1.26705,1.26723,1.31,1.31
2014.09.23 04:57:44.062,1.26705,1.26723,1.00,1.12
2014.09.23 04:57:44.163,1.26714,1.26725,1.00,1.50
2014.09.23 04:57:44.392,1.26711,1.26729,1.00,1.87
2014.09.23 04:57:45.171,1.26711,1.26729,1.50,1.12
2014.09.23 04:57:45.680,1.26711,1.26729,1.50,1.37
2014.09.23 04:57:45.759,1.26711,1.26733,1.50,1.50
2014.09.23 04:57:49.100,1.26711,1.26729,1.50,1.69
2014.09.23 04:57:49.580,1.26711,1.26731,1.50,2.06
2014.09.23 04:57:49.732,1.26707,1.26727,1.25,1.00
2014.09.23 04:57:50.359,1.26708,1.26728,1.00,2.06
2014.09.23 04:57:55.575,1.26708,1.26726,1.25,1.19
2014.09.23 04:57:55.878,1.26704,1.26723,1.69,2.25
2014.09.23 04:57:55.929,1.26705,1.26724,1.25,1.25
2014.09.23 04:57:56.452,1.26706,1.26724,1.00,1.25
2014.09.23 04:57:57.276,1.26708,1.26729,1.19,3.19
2014.09.23 04:57:57.579,1.26715,1.2673,1.25,1.62
2014.09.23 04:57:58.687,1.26717,1.26731,1.50,1.62
2014.09.23 04:57:59.913,1.26725,1.26736,1.00,1.75
2014.09.23 04:57:59.964,1.26725,1.26737,1.00,1.31
2014.09.23 04:58:00.166,1.26725,1.26742,1.00,1.50
2014.09.23 04:58:02.850,1.26725,1.26744,1.00,2.44
2014.09.23 04:58:05.846,1.26721,1.26737,1.25,1.75
2014.09.23 04:58:06.048,1.2672,1.26736,1.00,1.69
2014.09.23 04:58:06.200,1.26717,1.26736,1.25,1.69
2014.09.23 04:58:06.912,1.26717,1.26734,1.19,1.25
2014.09.23 04:58:07.946,1.26717,1.26733,1.19,1.25
2014.09.23 04:58:08.053,1.26717,1.26733,1.19,1.62
2014.09.23 04:58:08.154,1.2672,1.26733,1.00,1.25
2014.09.23 04:58:08.839,1.2672,1.26737,1.00,1.56
2014.09.23 04:58:10.807,1.2672,1.26734,1.00,1.31
2014.09.23 04:58:10.908,1.26718,1.26733,1.00,1.25
2014.09.23 04:58:11.863,1.26717,1.26733,1.69,2.44
2014.09.23 04:58:12.621,1.26717,1.26733,1.50,2.44
2014.09.23 04:58:17.564,1.26719,1.26733,1.19,1.50
2014.09.23 04:58:18.481,1.26719,1.26734,1.19,1.00
2014.09.23 04:58:21.869,1.26716,1.26734,1.31,1.00
2014.09.23 04:58:21.920,1.26716,1.26729,1.25,1.00
2014.09.23 04:58:30.643,1.26715,1.26729,1.25,1.00
2014.09.23 04:58:30.975,1.26718,1.26729,1.25,1.00
2014.09.23 04:58:31.846,1.26717,1.26729,1.25,1.00
2014.09.23 04:58:36.696,1.26715,1.26729,1.25,1.00
2014.09.23 04:58:36.797,1.26717,1.26729,1.25,1.00
2014.09.23 04:58:46.175,1.26716,1.26729,1.25,1.00
2014.09.23 04:58:47.509,1.26717,1.26729,1.19,1.00
2014.09.23 04:58:52.779,1.26717,1.26727,1.19,1.37
2014.09.23 04:58:52.830,1.26708,1.26725,1.31,1.12
2014.09.23 04:58:53.032,1.26708,1.26723,1.25,1.50
2014.09.23 04:58:53.915,1.2671,1.26723,1.25,1.50
2014.09.23 04:58:56.897,1.26709,1.26723,1.25,2.25
2014.09.23 04:59:00.704,1.26711,1.26723,1.25,2.25
2014.09.23 04:59:01.806,1.2671,1.26723,1.25,2.25
2014.09.23 04:59:03.660,1.2671,1.26724,1.25,1.31
2014.09.23 04:59:03.962,1.26715,1.2673,1.25,1.50
2014.09.23 04:59:05.214,1.26716,1.26731,1.25,1.50
2014.09.23 04:59:07.324,1.26716,1.26731,1.25,1.87
2014.09.23 04:59:12.531,1.26712,1.26731,1.25,1.87
2014.09.23 04:59:12.634,1.26716,1.26731,1.25,1.87
2014.09.23 04:59:14.879,1.26714,1.26728,1.25,1.37
2014.09.23 04:59:14.980,1.26713,1.26728,1.25,2.00
2014.09.23 04:59:15.034,1.26713,1.26728,1.25,1.62
2014.09.23 04:59:15.235,1.26713,1.26732,1.25,2.00
2014.09.23 04:59:15.583,1.26715,1.26732,1.25,1.75
2014.09.23 04:59:27.505,1.26714,1.26729,1.25,1.37
2014.09.23 04:59:28.564,1.26715,1.26731,1.25,1.75
2014.09.23 04:59:31.109,1.26714,1.26728,1.25,1.12
2014.09.23 04:59:31.210,1.26714,1.26728,1.25,1.37
2014.09.23 04:59:32.979,1.26713,1.26726,1.25,1.62
2014.09.23 04:59:33.975,1.26712,1.26726,1.25,1.37
2014.09.23 04:59:34.575,1.26712,1.26726,1.25,1.37
2014.09.23 04:59:34.888,1.26716,1.2673,1.25,1.69
2014.09.23 04:59:35.678,1.26717,1.2673,1.25,1.50
2014.09.23 04:59:37.679,1.26717,1.2673,1.25,1.12
2014.09.23 04:59:37.882,1.2672,1.2673,1.31,1.00
2014.09.23 04:59:37.983,1.26724,1.26735,1.25,1.00
2014.09.23 04:59:38.085,1.26724,1.26737,1.25,1.00
2014.09.23 04:59:38.186,1.26726,1.26736,1.25,1.00
2014.09.23 04:59:38.288,1.26727,1.26739,1.25,1.00
2014.09.23 04:59:38.389,1.2673,1.26743,1.25,1.00
2014.09.23 04:59:38.490,1.26732,1.26743,1.25,1.00
2014.09.23 04:59:38.591,1.26732,1.26748,1.25,1.00
2014.09.23 04:59:39.130,1.26733,1.26748,1.25,1.00
2014.09.23 04:59:40.287,1.26735,1.26748,1.25,1.00
2014.09.23 04:59:41.735,1.26735,1.26753,1.25,1.87
2014.09.23 04:59:41.790,1.26737,1.26753,1.25,1.87
2014.09.23 04:59:44.094,1.26737,1.26753,1.19,1.87
2014.09.23 04:59:44.796,1.2673,1.26753,1.87,1.87
2014.09.23 04:59:44.847,1.2673,1.26753,1.50,1.50
2014.09.23 04:59:44.897,1.26726,1.26744,1.87,1.00
2014.09.23 04:59:45.200,1.26734,1.26753,1.25,1.87
2014.09.23 04:59:45.251,1.26734,1.26756,1.25,1.75
2014.09.23 04:59:45.302,1.26738,1.26756,1.25,1.75
2014.09.23 04:59:45.403,1.26736,1.26754,1.25,1.37
2014.09.23 04:59:45.505,1.26732,1.26754,1.19,1.00
2014.09.23 04:59:45.656,1.26732,1.26754,1.19,1.87
2014.09.23 04:59:46.195,1.26734,1.26752,1.25,1.12
2014.09.23 04:59:47.751,1.26736,1.26752,1.25,1.12
2014.09.23 04:59:51.636,1.26736,1.26752,1.62,1.00
2014.09.23 04:59:51.947,1.26735,1.26755,1.00,1.37
2014.09.23 04:59:52.475,1.26733,1.26753,1.19,1.12
2014.09.23 04:59:52.918,1.26736,1.26753,1.25,1.12
2014.09.23 04:59:54.938,1.26736,1.26753,1.25,1.37
2014.09.23 04:59:55.955,1.26738,1.26753,1.19,1.37
2014.09.23 04:59:56.975,1.26739,1.26753,1.25,1.00
2014.09.23 04:59:57.926,1.2674,1.26753,1.25,1.00
2014.09.23 04:59:58.527,1.26729,1.26753,2.25,1.00
2014.09.23 04:59:58.628,1.26729,1.26746,1.87,1.00
2014.09.23 04:59:58.930,1.26727,1.26754,1.19,1.75
2014.09.23 04:59:58.981,1.26727,1.26754,1.19,1.87
2014.09.23 04:59:59.031,1.26731,1.26754,1.25,1.87
2014.09.23 04:59:59.354,1.26734,1.26754,1.19,1.37
