2015.11.11 03:00:00.087,1.4201,1.42034,1.00,1.00
2015.11.11 03:00:00.588,1.42011,1.42035,1.50,1.00
2015.11.11 03:00:00.740,1.42011,1.42033,1.00,1.00
2015.11.11 03:00:01.253,1.4201,1.42032,1.00,1.50
2015.11.11 03:00:01.760,1.42011,1.42032,1.00,1.00
2015.11.11 03:00:01.971,1.42011,1.42034,1.50,1.00
2015.11.11 03:00:02.476,1.42012,1.42034,1.00,1.00
2015.11.11 03:00:02.628,1.42011,1.42032,1.00,1.00
2015.11.11 03:00:03.322,1.42011,1.42031,1.00,1.00
2015.11.11 03:00:03.622,1.42011,1.42033,1.50,1.00
2015.11.11 03:00:04.181,1.42009,1.42033,1.50,1.50
2015.11.11 03:00:04.282,1.42009,1.42031,1.50,1.00
2015.11.11 03:00:05.161,1.42009,1.42033,1.50,1.50
2015.11.11 03:00:05.212,1.42012,1.42033,1.50,1.00
2015.11.11 03:00:05.933,1.42012,1.42032,1.50,1.00
2015.11.11 03:00:06.854,1.42013,1.42033,1.00,1.00
2015.11.11 03:00:06.905,1.42013,1.42035,1.50,1.00
2015.11.11 03:00:07.111,1.42014,1.42037,1.00,1.00
2015.11.11 03:00:07.914,1.42012,1.42034,1.50,1.00
2015.11.11 03:00:08.472,1.42012,1.42033,1.00,1.00
2015.11.11 03:00:10.615,1.42012,1.42034,1.00,1.00
2015.11.11 03:00:11.302,1.42012,1.42033,1.00,1.00
2015.11.11 03:00:11.431,1.4201,1.42033,1.12,1.00
2015.11.11 03:00:13.052,1.4201,1.42031,1.00,1.00
2015.11.11 03:00:14.200,1.4201,1.42027,1.00,1.50
2015.11.11 03:00:14.251,1.42007,1.42027,1.00,1.50
2015.11.11 03:00:14.302,1.42007,1.42025,1.00,1.00
2015.11.11 03:00:14.403,1.42002,1.42024,1.00,1.00
2015.11.11 03:00:14.841,1.42,1.42023,1.50,1.00
2015.11.11 03:00:15.345,1.42,1.42022,1.50,1.00
2015.11.11 03:00:17.342,1.41999,1.42022,1.00,1.00
2015.11.11 03:00:21.571,1.42002,1.42022,1.00,1.00
2015.11.11 03:00:26.338,1.42001,1.42022,1.00,1.00
2015.11.11 03:00:29.422,1.42001,1.42019,1.00,1.00
2015.11.11 03:00:29.828,1.41998,1.42019,1.00,1.00
2015.11.11 03:00:30.921,1.41998,1.42021,1.00,1.00
2015.11.11 03:00:31.708,1.41999,1.42021,1.00,1.00
2015.11.11 03:00:32.261,1.42001,1.42021,1.00,1.00
2015.11.11 03:00:33.465,1.42,1.42021,1.00,1.00
2015.11.11 03:00:37.052,1.42001,1.42021,1.00,1.00
2015.11.11 03:00:37.622,1.42,1.42021,1.00,1.00
2015.11.11 03:00:38.895,1.42001,1.42021,1.00,1.00
2015.11.11 03:00:40.075,1.42,1.42021,1.00,1.00
2015.11.11 03:00:41.126,1.42,1.4202,1.00,1.00
2015.11.11 03:00:41.766,1.42,1.42021,1.00,1.00
2015.11.11 03:00:42.313,1.42,1.42022,1.00,1.00
2015.11.11 03:00:42.985,1.42001,1.42022,1.00,1.00
2015.11.11 03:00:48.030,1.42002,1.42022,1.00,1.00
2015.11.11 03:00:48.132,1.42002,1.42025,1.00,1.12
2015.11.11 03:00:51.424,1.42005,1.42025,1.00,1.00
2015.11.11 03:00:51.726,1.42011,1.42024,1.00,1.00
2015.11.11 03:00:51.777,1.42001,1.42024,2.25,1.00
2015.11.11 03:00:52.029,1.42001,1.42026,2.25,1.00
2015.11.11 03:00:52.079,1.42006,1.42026,1.00,1.00
2015.11.11 03:00:52.888,1.42006,1.42027,1.00,1.00
2015.11.11 03:00:53.404,1.42006,1.42028,1.00,1.50
2015.11.11 03:00:53.974,1.42006,1.42027,1.00,1.00
2015.11.11 03:00:54.491,1.42008,1.42028,1.00,1.50
2015.11.11 03:00:54.816,1.42008,1.42026,1.00,1.00
2015.11.11 03:00:55.541,1.42008,1.42027,1.00,1.50
2015.11.11 03:00:55.592,1.42006,1.42027,1.00,1.50
2015.11.11 03:00:56.427,1.42006,1.42026,1.00,1.00
2015.11.11 03:01:00.214,1.42005,1.42026,1.00,1.00
2015.11.11 03:01:01.402,1.42003,1.42026,1.50,1.00
2015.11.11 03:01:02.102,1.42015,1.42026,1.00,1.50
2015.11.11 03:01:02.303,1.42012,1.42026,1.00,1.00
2015.11.11 03:01:02.354,1.42012,1.42028,1.00,1.00
2015.11.11 03:01:02.505,1.42012,1.42026,1.00,1.00
2015.11.11 03:01:02.606,1.42006,1.42027,1.50,1.00
2015.11.11 03:01:03.472,1.4201,1.42027,1.00,2.25
2015.11.11 03:01:03.880,1.42,1.42023,1.50,1.50
2015.11.11 03:01:04.385,1.42001,1.4202,1.00,1.00
2015.11.11 03:01:04.486,1.41999,1.4202,1.00,1.00
2015.11.11 03:01:05.045,1.41999,1.42019,1.00,1.00
2015.11.11 03:01:05.713,1.41999,1.42018,1.00,1.00
2015.11.11 03:01:06.499,1.42,1.42018,1.00,1.00
2015.11.11 03:01:06.701,1.42012,1.42023,1.00,1.00
2015.11.11 03:01:06.751,1.42012,1.42026,1.00,1.00
2015.11.11 03:01:07.013,1.42003,1.42021,1.00,1.00
2015.11.11 03:01:08.396,1.42003,1.42026,1.00,1.00
2015.11.11 03:01:09.052,1.42003,1.42021,1.00,1.00
2015.11.11 03:01:09.103,1.42001,1.42021,1.00,1.00
2015.11.11 03:01:09.204,1.42005,1.4202,1.00,1.00
2015.11.11 03:01:09.370,1.42005,1.42022,1.00,1.00
2015.11.11 03:01:09.421,1.41997,1.42022,1.00,1.50
2015.11.11 03:01:09.522,1.42,1.42022,1.00,1.00
2015.11.11 03:01:10.403,1.42,1.42023,1.00,1.00
2015.11.11 03:01:10.771,1.42,1.42025,1.50,2.25
2015.11.11 03:01:11.184,1.42003,1.42025,1.00,1.50
2015.11.11 03:01:13.026,1.42004,1.42025,1.00,1.00
2015.11.11 03:01:13.328,1.42012,1.4203,1.00,1.00
2015.11.11 03:01:13.590,1.4201,1.4203,1.00,1.00
2015.11.11 03:01:13.641,1.42007,1.4203,1.00,1.00
2015.11.11 03:01:15.363,1.42007,1.42031,1.00,1.50
2015.11.11 03:01:16.000,1.42008,1.42033,1.00,1.50
2015.11.11 03:01:16.324,1.42009,1.4203,1.00,1.00
2015.11.11 03:01:17.331,1.42007,1.4203,1.00,1.00
2015.11.11 03:01:18.536,1.42008,1.42031,1.00,1.00
2015.11.11 03:01:19.653,1.42009,1.42033,1.00,1.00
2015.11.11 03:01:20.199,1.4201,1.42033,1.00,1.50
2015.11.11 03:01:20.706,1.4201,1.42034,1.00,2.25
2015.11.11 03:01:22.543,1.42011,1.42034,1.00,1.00
2015.11.11 03:01:23.847,1.42011,1.42032,1.00,1.00
2015.11.11 03:01:24.138,1.42009,1.42031,1.00,1.00
2015.11.11 03:01:24.196,1.42006,1.42031,1.00,1.50
2015.11.11 03:01:24.697,1.42005,1.4203,1.50,1.00
2015.11.11 03:01:25.268,1.42006,1.4203,1.00,1.00
2015.11.11 03:01:25.318,1.42015,1.4203,1.00,1.00
2015.11.11 03:01:25.369,1.42016,1.42033,1.00,1.50
2015.11.11 03:01:25.420,1.42021,1.42035,1.00,1.00
2015.11.11 03:01:25.521,1.42021,1.42039,1.00,1.00
2015.11.11 03:01:25.622,1.42017,1.4204,1.00,1.00
2015.11.11 03:01:25.723,1.4202,1.4204,1.00,1.00
2015.11.11 03:01:25.925,1.42016,1.42041,1.50,1.00
2015.11.11 03:01:26.126,1.42016,1.42039,1.00,1.00
2015.11.11 03:01:26.177,1.42014,1.42038,1.50,1.00
2015.11.11 03:01:27.152,1.42015,1.42039,1.00,1.50
2015.11.11 03:01:29.308,1.42017,1.42039,1.00,1.00
2015.11.11 03:01:29.809,1.42018,1.42039,1.00,1.00
2015.11.11 03:01:30.675,1.42018,1.42041,1.00,1.00
2015.11.11 03:01:33.525,1.42015,1.4204,1.50,1.00
2015.11.11 03:01:34.972,1.42015,1.42039,1.50,1.00
2015.11.11 03:01:40.433,1.42017,1.42039,1.00,1.00
2015.11.11 03:01:41.647,1.42017,1.42042,1.00,1.50
2015.11.11 03:01:53.154,1.42024,1.42042,1.00,1.50
2015.11.11 03:01:53.456,1.4204,1.4205,1.00,1.00
2015.11.11 03:01:53.758,1.42041,1.42059,1.01,1.50
2015.11.11 03:01:53.809,1.42036,1.42059,1.00,1.50
2015.11.11 03:01:53.859,1.42038,1.42057,1.00,1.00
2015.11.11 03:01:54.111,1.42033,1.42054,1.00,1.00
2015.11.11 03:01:54.853,1.42031,1.42054,1.00,1.50
2015.11.11 03:01:54.907,1.42028,1.42053,1.00,1.00
2015.11.11 03:01:56.359,1.4203,1.42053,1.00,1.00
2015.11.11 03:01:59.054,1.42029,1.42053,1.00,1.00
2015.11.11 03:01:59.580,1.42029,1.42054,1.50,1.00
2015.11.11 03:02:01.530,1.4203,1.42053,1.00,1.00
2015.11.11 03:02:02.441,1.42031,1.42053,1.00,1.00
2015.11.11 03:02:02.793,1.42035,1.42054,1.00,1.00
2015.11.11 03:02:03.099,1.42035,1.42057,1.00,1.00
2015.11.11 03:02:03.444,1.42037,1.42057,1.00,1.00
2015.11.11 03:02:06.266,1.42037,1.4206,1.00,1.50
2015.11.11 03:02:06.317,1.42045,1.4206,1.00,1.00
2015.11.11 03:02:06.620,1.42044,1.42054,1.00,1.00
2015.11.11 03:02:06.721,1.42041,1.42054,1.00,1.00
2015.11.11 03:02:06.873,1.42041,1.42058,1.00,1.00
2015.11.11 03:02:07.024,1.42045,1.42058,1.50,1.00
2015.11.11 03:02:07.226,1.42038,1.42055,1.00,1.00
2015.11.11 03:02:07.277,1.42037,1.4206,1.00,1.00
2015.11.11 03:02:07.630,1.42034,1.42059,1.50,1.00
2015.11.11 03:02:08.266,1.42034,1.42053,1.00,1.00
2015.11.11 03:02:08.367,1.42035,1.42058,1.00,1.00
2015.11.11 03:02:08.617,1.42033,1.42058,1.50,1.00
2015.11.11 03:02:09.783,1.42041,1.42058,1.00,1.00
2015.11.11 03:02:09.934,1.42041,1.4206,1.00,1.00
2015.11.11 03:02:10.041,1.42042,1.42065,1.00,1.00
2015.11.11 03:02:11.782,1.42062,1.42068,1.00,1.00
2015.11.11 03:02:11.833,1.42061,1.42076,1.00,1.00
2015.11.11 03:02:11.889,1.42061,1.42084,1.00,1.50
2015.11.11 03:02:12.142,1.42064,1.42086,1.00,1.00
2015.11.11 03:02:12.529,1.42064,1.4208,1.00,1.00
2015.11.11 03:02:12.630,1.42056,1.4208,1.00,1.00
2015.11.11 03:02:12.731,1.42053,1.4208,1.00,1.00
2015.11.11 03:02:12.781,1.42051,1.42078,1.00,1.00
2015.11.11 03:02:13.098,1.42049,1.42075,1.00,1.00
2015.11.11 03:02:13.309,1.42047,1.42076,1.00,1.50
2015.11.11 03:02:13.461,1.42045,1.42074,1.00,1.00
2015.11.11 03:02:13.795,1.42043,1.42071,1.00,1.00
2015.11.11 03:02:21.767,1.42043,1.42061,1.00,1.00
2015.11.11 03:02:21.817,1.42039,1.42061,1.00,1.00
2015.11.11 03:02:21.918,1.42038,1.42059,1.00,1.00
2015.11.11 03:02:22.120,1.42034,1.42059,1.72,1.00
2015.11.11 03:02:23.052,1.42034,1.4206,1.22,1.50
2015.11.11 03:02:23.345,1.42032,1.42059,1.65,1.50
2015.11.11 03:02:23.878,1.4203,1.42058,1.15,1.00
2015.11.11 03:02:24.614,1.4203,1.42057,1.15,1.00
2015.11.11 03:02:31.446,1.42029,1.42056,1.15,1.00
2015.11.11 03:02:31.731,1.42033,1.42056,1.50,1.00
2015.11.11 03:02:31.984,1.42044,1.42077,1.37,1.00
2015.11.11 03:02:32.136,1.42054,1.42074,1.00,1.00
2015.11.11 03:02:32.344,1.42054,1.42076,1.00,1.00
2015.11.11 03:02:32.496,1.4205,1.42076,1.00,1.50
2015.11.11 03:02:32.599,1.42045,1.42075,1.87,1.00
2015.11.11 03:02:33.793,1.42048,1.42076,1.00,1.00
2015.11.11 03:02:33.898,1.42049,1.42078,1.12,1.00
2015.11.11 03:02:34.591,1.42049,1.42078,1.37,1.00
2015.11.11 03:02:36.183,1.42049,1.42078,1.12,1.50
2015.11.11 03:02:36.761,1.42049,1.42079,1.87,1.00
2015.11.11 03:02:37.868,1.42051,1.42079,1.00,1.00
2015.11.11 03:02:39.099,1.42053,1.42079,1.00,1.00
2015.11.11 03:02:39.514,1.42053,1.42075,1.00,1.00
2015.11.11 03:02:39.816,1.4206,1.4207,1.00,1.00
2015.11.11 03:02:39.867,1.4206,1.42077,1.00,1.00
2015.11.11 03:02:39.968,1.42049,1.42077,1.87,1.00
2015.11.11 03:02:40.069,1.42051,1.42079,1.00,1.00
2015.11.11 03:02:42.228,1.42051,1.42077,1.50,1.00
2015.11.11 03:02:42.660,1.42058,1.42076,1.00,1.00
2015.11.11 03:02:42.710,1.42058,1.4208,1.00,1.00
2015.11.11 03:02:43.248,1.42059,1.42081,1.00,1.00
2015.11.11 03:02:43.759,1.42058,1.42081,1.00,1.00
2015.11.11 03:02:43.871,1.4206,1.42081,1.00,1.00
2015.11.11 03:02:44.134,1.42059,1.42083,1.00,1.00
2015.11.11 03:02:44.185,1.42062,1.42083,1.00,1.00
2015.11.11 03:03:10.288,1.42062,1.42084,1.00,1.00
2015.11.11 03:03:11.153,1.42062,1.4208,1.00,1.00
2015.11.11 03:03:24.843,1.42062,1.42083,1.00,1.00
2015.11.11 03:03:27.359,1.42061,1.42083,1.00,1.00
2015.11.11 03:03:27.860,1.42062,1.42083,1.00,1.00
2015.11.11 03:03:28.520,1.42061,1.42083,1.00,1.00
2015.11.11 03:03:29.101,1.42062,1.42083,1.00,1.00
2015.11.11 03:03:29.864,1.42061,1.42083,1.00,1.00
2015.11.11 03:03:30.434,1.42062,1.42083,1.00,1.00
2015.11.11 03:03:31.066,1.42061,1.42083,1.00,1.00
2015.11.11 03:03:31.567,1.42062,1.42083,1.00,1.00
2015.11.11 03:03:32.368,1.42061,1.42083,1.00,1.00
2015.11.11 03:03:33.571,1.42062,1.42083,1.00,1.00
2015.11.11 03:03:34.372,1.42061,1.42083,1.00,1.00
2015.11.11 03:03:35.374,1.42062,1.42083,1.00,1.00
2015.11.11 03:03:35.913,1.42061,1.42083,1.00,1.00
2015.11.11 03:03:36.472,1.42062,1.42083,1.00,1.00
2015.11.11 03:03:37.577,1.42061,1.42083,1.00,1.00
2015.11.11 03:03:48.542,1.42061,1.42082,1.00,1.00
2015.11.11 03:03:50.117,1.42061,1.42081,1.00,1.00
2015.11.11 03:03:54.826,1.42061,1.4208,1.00,1.00
2015.11.11 03:03:54.928,1.42057,1.4208,1.50,1.00
2015.11.11 03:03:55.469,1.42058,1.4208,1.00,1.00
2015.11.11 03:03:56.411,1.42057,1.4208,1.50,1.00
2015.11.11 03:03:57.813,1.42058,1.4208,1.00,1.00
2015.11.11 03:03:58.314,1.42057,1.4208,1.50,1.00
2015.11.11 03:03:58.815,1.42058,1.4208,1.00,1.00
2015.11.11 03:04:00.622,1.42057,1.4208,1.50,1.00
2015.11.11 03:04:01.659,1.42058,1.4208,1.00,1.50
2015.11.11 03:04:02.572,1.42059,1.42081,1.00,1.00
2015.11.11 03:04:02.673,1.42061,1.42077,1.00,1.00
2015.11.11 03:04:02.907,1.42061,1.42081,1.00,1.00
2015.11.11 03:04:03.008,1.42058,1.42081,1.00,1.00
2015.11.11 03:04:04.560,1.42062,1.42082,1.00,1.00
2015.11.11 03:04:04.662,1.4206,1.42081,1.00,1.00
2015.11.11 03:04:04.726,1.42058,1.42081,1.50,1.00
2015.11.11 03:04:05.334,1.42057,1.42081,1.00,1.00
2015.11.11 03:04:06.275,1.4206,1.42081,1.00,1.00
2015.11.11 03:04:06.376,1.4206,1.42083,2.25,1.50
2015.11.11 03:04:06.427,1.4206,1.42078,2.25,1.00
2015.11.11 03:04:06.629,1.4206,1.4208,1.00,1.00
2015.11.11 03:04:06.729,1.42056,1.4208,1.00,1.00
2015.11.11 03:04:07.262,1.42056,1.42079,1.00,1.00
2015.11.11 03:04:07.771,1.42055,1.42079,1.00,1.50
2015.11.11 03:04:08.156,1.42054,1.42077,1.50,1.00
2015.11.11 03:04:08.699,1.42051,1.42073,1.00,1.00
2015.11.11 03:04:08.800,1.42049,1.42072,1.00,1.00
2015.11.11 03:04:09.273,1.42049,1.42069,1.00,1.00
2015.11.11 03:04:10.875,1.42047,1.42069,1.00,1.00
2015.11.11 03:04:11.022,1.4205,1.42069,1.00,1.00
2015.11.11 03:04:11.324,1.4205,1.42065,1.00,1.00
2015.11.11 03:04:11.375,1.42048,1.42072,1.00,1.00
2015.11.11 03:04:11.702,1.42047,1.4207,1.00,1.00
2015.11.11 03:04:12.203,1.42046,1.4207,1.00,1.00
2015.11.11 03:04:12.737,1.42051,1.42066,1.00,1.00
2015.11.11 03:04:12.935,1.42051,1.42076,1.00,1.50
2015.11.11 03:04:13.907,1.42051,1.42074,1.00,1.00
2015.11.11 03:04:15.663,1.42052,1.42073,1.00,1.00
2015.11.11 03:04:15.864,1.42052,1.42076,1.00,1.50
2015.11.11 03:04:16.383,1.42053,1.42076,1.00,1.00
2015.11.11 03:04:16.849,1.42053,1.42074,1.50,1.00
2015.11.11 03:04:18.535,1.42053,1.42073,1.00,1.00
2015.11.11 03:04:18.837,1.42049,1.42069,1.00,1.50
2015.11.11 03:04:18.938,1.42046,1.42069,1.00,1.00
2015.11.11 03:04:19.140,1.42048,1.42069,1.00,1.00
2015.11.11 03:04:19.190,1.42048,1.42072,1.00,1.00
2015.11.11 03:04:20.016,1.42052,1.42072,1.00,1.00
2015.11.11 03:04:20.510,1.42048,1.4207,1.00,1.00
2015.11.11 03:04:20.611,1.42046,1.42069,1.50,1.00
2015.11.11 03:04:21.116,1.42046,1.4207,1.00,2.25
2015.11.11 03:04:21.575,1.42045,1.42068,1.50,1.00
2015.11.11 03:04:22.095,1.42045,1.42067,1.00,1.00
2015.11.11 03:04:22.598,1.42044,1.42067,1.00,2.25
2015.11.11 03:04:23.151,1.42044,1.42066,1.00,1.00
2015.11.11 03:04:23.986,1.42043,1.42066,1.00,2.25
2015.11.11 03:04:24.541,1.42043,1.42064,1.00,1.00
2015.11.11 03:04:25.301,1.42051,1.42066,1.00,1.00
2015.11.11 03:04:25.353,1.42051,1.42072,1.50,1.00
2015.11.11 03:04:25.454,1.42054,1.42077,1.00,2.25
2015.11.11 03:04:26.102,1.42055,1.42077,1.00,1.00
2015.11.11 03:04:27.004,1.42054,1.42077,2.25,1.50
2015.11.11 03:04:27.671,1.42055,1.42077,1.00,1.50
2015.11.11 03:04:28.197,1.42054,1.42077,2.25,2.25
2015.11.11 03:04:28.782,1.42055,1.42077,1.00,2.25
2015.11.11 03:04:31.821,1.42054,1.42077,2.25,1.50
2015.11.11 03:04:33.353,1.42055,1.42077,1.00,1.50
2015.11.11 03:04:37.553,1.42056,1.42077,1.00,1.00
2015.11.11 03:04:38.186,1.42058,1.42077,1.00,1.00
2015.11.11 03:04:39.761,1.4206,1.42077,1.00,1.00
2015.11.11 03:04:44.595,1.42058,1.42077,1.50,1.00
2015.11.11 03:04:51.667,1.42057,1.42077,1.00,1.00
2015.11.11 03:04:52.459,1.42056,1.42077,1.50,1.00
2015.11.11 03:05:02.077,1.42057,1.42077,1.00,1.00
2015.11.11 03:05:20.566,1.42055,1.4208,1.50,1.50
2015.11.11 03:05:20.768,1.42055,1.42078,1.50,1.00
2015.11.11 03:05:33.276,1.42053,1.42078,1.00,1.00
2015.11.11 03:05:33.878,1.42054,1.42078,1.00,1.00
2015.11.11 03:05:35.382,1.42055,1.42078,1.00,1.00
2015.11.11 03:05:39.326,1.42054,1.42077,1.00,1.00
2015.11.11 03:05:44.019,1.42054,1.42075,1.00,1.00
2015.11.11 03:05:44.321,1.42047,1.42069,1.00,1.00
2015.11.11 03:05:44.372,1.42047,1.42072,1.00,1.00
2015.11.11 03:05:44.422,1.42051,1.42074,1.00,1.00
2015.11.11 03:05:45.888,1.42051,1.42072,1.00,1.00
2015.11.11 03:05:57.581,1.42051,1.42074,1.00,1.50
2015.11.11 03:06:06.985,1.42051,1.42072,1.00,1.00
2015.11.11 03:06:08.208,1.42051,1.4207,1.00,1.00
2015.11.11 03:06:09.609,1.4205,1.42071,1.00,1.00
2015.11.11 03:06:13.805,1.4205,1.4207,1.00,1.00
2015.11.11 03:06:14.657,1.42049,1.4207,1.00,1.00
2015.11.11 03:06:15.016,1.42049,1.42068,1.00,1.00
2015.11.11 03:06:16.254,1.42049,1.42074,1.00,2.25
2015.11.11 03:06:18.205,1.42049,1.42071,1.00,1.00
2015.11.11 03:06:18.737,1.4205,1.42071,1.00,1.00
2015.11.11 03:06:21.175,1.4205,1.42072,1.00,1.00
2015.11.11 03:06:23.486,1.4205,1.42071,1.00,1.00
2015.11.11 03:06:24.620,1.4205,1.42074,1.00,1.00
2015.11.11 03:06:30.163,1.42049,1.42074,1.00,1.50
2015.11.11 03:06:30.214,1.42049,1.42072,1.00,1.00
2015.11.11 03:06:30.798,1.42048,1.42072,1.00,1.50
2015.11.11 03:06:31.404,1.42048,1.4207,1.00,1.00
2015.11.11 03:06:32.675,1.42048,1.42071,1.00,1.00
2015.11.11 03:06:39.056,1.42047,1.42071,1.50,1.00
2015.11.11 03:06:39.665,1.42047,1.42072,1.00,2.25
2015.11.11 03:06:49.595,1.42047,1.42071,1.00,1.00
2015.11.11 03:06:51.026,1.42047,1.4207,1.00,1.00
2015.11.11 03:06:57.996,1.42047,1.42071,1.50,1.00
2015.11.11 03:06:58.794,1.42047,1.4207,1.50,1.00
2015.11.11 03:07:00.452,1.42048,1.4207,1.00,1.00
2015.11.11 03:07:03.584,1.42047,1.4207,1.00,1.00
2015.11.11 03:07:06.164,1.42047,1.42071,1.00,1.00
2015.11.11 03:07:12.347,1.42047,1.4207,1.50,1.00
2015.11.11 03:07:13.549,1.42047,1.42069,1.00,1.00
2015.11.11 03:07:31.574,1.42047,1.42067,1.00,1.00
2015.11.11 03:07:32.533,1.42046,1.42067,1.50,1.00
2015.11.11 03:07:33.034,1.42046,1.42068,1.50,1.00
2015.11.11 03:07:33.977,1.42047,1.42068,1.00,1.00
2015.11.11 03:07:34.737,1.42046,1.42068,1.50,1.00
2015.11.11 03:07:35.238,1.42047,1.42068,1.00,1.00
2015.11.11 03:07:36.077,1.42047,1.42067,1.00,1.00
2015.11.11 03:07:36.964,1.42047,1.42066,1.00,1.00
2015.11.11 03:07:39.748,1.42046,1.42066,1.50,1.00
2015.11.11 03:07:40.249,1.42047,1.42066,1.00,1.00
2015.11.11 03:07:40.373,1.42047,1.42068,1.00,1.00
2015.11.11 03:07:41.926,1.42047,1.42067,1.00,1.00
2015.11.11 03:07:47.461,1.42047,1.42068,1.00,1.50
2015.11.11 03:07:47.893,1.42044,1.42063,1.00,1.00
2015.11.11 03:07:48.044,1.42042,1.42063,1.00,1.00
2015.11.11 03:07:48.566,1.42042,1.42062,1.00,1.00
2015.11.11 03:07:53.651,1.42041,1.42062,1.00,1.00
2015.11.11 03:07:58.681,1.42041,1.42063,1.00,1.00
2015.11.11 03:08:07.702,1.42041,1.42064,1.50,1.00
2015.11.11 03:08:08.762,1.42042,1.42064,1.00,1.00
2015.11.11 03:08:13.744,1.42042,1.42062,1.00,1.00
2015.11.11 03:08:14.953,1.42042,1.42063,1.00,1.00
2015.11.11 03:08:18.822,1.42041,1.42063,1.50,1.00
2015.11.11 03:08:19.426,1.42041,1.42062,1.50,1.00
2015.11.11 03:08:20.116,1.42041,1.42064,1.50,1.00
2015.11.11 03:08:30.262,1.42043,1.42064,1.00,1.00
2015.11.11 03:08:30.793,1.42043,1.42065,1.00,1.00
2015.11.11 03:08:34.728,1.42041,1.42063,1.00,1.50
2015.11.11 03:08:35.309,1.4204,1.42063,1.50,1.50
2015.11.11 03:08:35.960,1.4204,1.42062,1.50,1.00
2015.11.11 03:08:36.502,1.4204,1.42061,1.50,1.00
2015.11.11 03:08:37.103,1.42041,1.42061,1.00,1.00
2015.11.11 03:08:37.766,1.4204,1.42061,1.50,1.00
2015.11.11 03:08:40.771,1.42041,1.42061,1.00,1.00
2015.11.11 03:08:41.773,1.4204,1.42061,1.00,1.00
2015.11.11 03:08:42.474,1.42041,1.42061,1.00,1.00
2015.11.11 03:08:43.232,1.4204,1.42061,1.00,1.00
2015.11.11 03:08:45.228,1.42041,1.42064,1.00,1.00
2015.11.11 03:08:47.521,1.42041,1.42065,1.00,1.00
2015.11.11 03:08:49.302,1.42041,1.42064,1.50,1.00
2015.11.11 03:08:51.908,1.42041,1.42063,1.00,1.00
2015.11.11 03:08:56.454,1.4204,1.42063,1.00,1.00
2015.11.11 03:08:57.005,1.42041,1.42063,1.00,1.00
2015.11.11 03:08:57.878,1.4204,1.42061,1.00,1.00
2015.11.11 03:08:58.702,1.4204,1.42063,1.00,1.00
2015.11.11 03:08:59.221,1.42041,1.42063,1.00,1.00
2015.11.11 03:08:59.914,1.42041,1.42064,1.00,1.50
2015.11.11 03:09:03.462,1.4204,1.42063,2.25,1.00
2015.11.11 03:09:04.657,1.4204,1.42065,2.25,1.00
2015.11.11 03:09:08.119,1.4204,1.42063,1.50,1.00
2015.11.11 03:09:08.630,1.42041,1.42064,1.50,1.50
2015.11.11 03:09:09.547,1.42041,1.42063,1.00,1.50
2015.11.11 03:09:09.921,1.4204,1.42061,1.50,1.00
2015.11.11 03:09:11.233,1.42041,1.42061,1.00,1.00
2015.11.11 03:09:11.824,1.4204,1.42061,1.50,1.00
2015.11.11 03:09:12.381,1.42041,1.42061,1.00,1.00
2015.11.11 03:09:13.037,1.4204,1.42061,1.50,1.00
2015.11.11 03:09:13.738,1.42041,1.42061,1.00,1.00
2015.11.11 03:09:14.346,1.4204,1.42061,1.50,1.00
2015.11.11 03:09:15.040,1.42041,1.42061,1.00,1.00
2015.11.11 03:09:15.742,1.4204,1.42061,1.50,1.00
2015.11.11 03:09:16.243,1.42041,1.42061,1.00,1.00
2015.11.11 03:09:17.797,1.42046,1.42061,1.00,1.00
2015.11.11 03:09:17.847,1.42051,1.42069,1.00,1.00
2015.11.11 03:09:17.948,1.42051,1.42071,1.00,2.25
2015.11.11 03:09:18.200,1.4205,1.42075,1.50,1.30
2015.11.11 03:09:20.091,1.42051,1.42074,1.00,1.00
2015.11.11 03:09:23.289,1.42053,1.42074,1.00,1.00
2015.11.11 03:09:33.990,1.42054,1.42074,1.00,1.00
2015.11.11 03:09:37.284,1.42055,1.42074,1.00,1.00
2015.11.11 03:09:41.040,1.42054,1.42074,1.00,1.00
2015.11.11 03:09:45.328,1.42053,1.42076,1.50,1.50
2015.11.11 03:09:45.429,1.42051,1.42076,1.50,3.00
2015.11.11 03:09:46.221,1.42051,1.42074,1.00,1.00
2015.11.11 03:09:47.067,1.42051,1.42071,1.00,1.00
2015.11.11 03:09:54.535,1.4205,1.42071,1.50,1.00
2015.11.11 03:09:55.104,1.42051,1.42071,1.00,1.00
2015.11.11 03:09:56.067,1.42051,1.42075,1.00,1.50
2015.11.11 03:09:56.219,1.42053,1.42076,1.00,1.00
2015.11.11 03:09:56.521,1.42048,1.4207,1.00,1.00
2015.11.11 03:09:56.823,1.4205,1.42072,1.00,1.00
2015.11.11 03:09:57.593,1.4205,1.42073,1.50,1.00
2015.11.11 03:09:57.931,1.42051,1.42076,1.50,1.00
2015.11.11 03:09:58.827,1.42053,1.42076,1.00,1.00
2015.11.11 03:10:09.608,1.42052,1.42075,1.00,1.00
2015.11.11 03:10:15.313,1.42052,1.42076,1.00,1.50
2015.11.11 03:10:16.089,1.42051,1.42075,1.00,1.00
2015.11.11 03:10:18.405,1.42052,1.42075,1.00,1.50
2015.11.11 03:10:19.007,1.42052,1.42074,1.00,1.00
2015.11.11 03:10:19.560,1.42052,1.42072,1.00,1.00
2015.11.11 03:10:19.611,1.4205,1.42072,1.00,1.00
2015.11.11 03:10:20.237,1.4205,1.42071,1.00,1.00
2015.11.11 03:10:21.313,1.4205,1.42069,1.00,1.00
2015.11.11 03:10:23.123,1.42049,1.42069,1.00,1.00
2015.11.11 03:10:24.436,1.42049,1.42071,1.00,1.00
2015.11.11 03:10:38.954,1.42049,1.42068,1.00,1.00
2015.11.11 03:10:50.865,1.42049,1.4207,1.00,1.00
2015.11.11 03:11:00.380,1.42048,1.4207,1.00,1.00
2015.11.11 03:11:00.902,1.42047,1.4207,1.50,1.00
2015.11.11 03:11:02.430,1.42048,1.4207,1.00,1.00
2015.11.11 03:11:03.301,1.42047,1.4207,1.50,1.00
2015.11.11 03:11:03.803,1.42048,1.4207,1.00,1.00
2015.11.11 03:11:04.347,1.42049,1.4207,1.00,1.00
2015.11.11 03:11:08.362,1.42045,1.4207,1.00,1.50
2015.11.11 03:11:08.463,1.42044,1.42066,1.00,1.00
2015.11.11 03:11:09.120,1.42043,1.42066,1.00,1.00
2015.11.11 03:11:15.175,1.42042,1.42065,1.00,1.00
2015.11.11 03:11:18.652,1.42043,1.42065,1.00,1.00
2015.11.11 03:11:18.804,1.42044,1.42067,1.00,1.00
2015.11.11 03:11:19.331,1.42045,1.42068,1.00,1.00
2015.11.11 03:11:19.482,1.42046,1.4207,1.50,1.00
2015.11.11 03:11:26.333,1.42047,1.4207,1.00,1.00
2015.11.11 03:11:27.854,1.42047,1.42068,1.00,1.00
2015.11.11 03:11:28.155,1.42051,1.42068,1.00,1.00
2015.11.11 03:11:28.680,1.42051,1.42067,1.00,1.00
2015.11.11 03:11:37.049,1.42051,1.42069,1.00,1.00
2015.11.11 03:11:37.150,1.42053,1.42069,1.00,1.00
2015.11.11 03:11:37.677,1.42049,1.42069,1.00,1.00
2015.11.11 03:11:38.381,1.42048,1.42069,1.50,1.00
2015.11.11 03:11:38.880,1.42048,1.42067,1.50,1.00
2015.11.11 03:11:39.314,1.42055,1.42069,1.00,1.00
2015.11.11 03:11:39.865,1.42056,1.42072,1.00,1.00
2015.11.11 03:11:40.001,1.42054,1.42072,1.00,1.00
2015.11.11 03:11:40.787,1.42056,1.42072,1.00,1.00
2015.11.11 03:11:40.888,1.42056,1.42074,1.00,1.00
2015.11.11 03:11:41.090,1.42056,1.42079,1.00,1.00
2015.11.11 03:11:41.141,1.42054,1.42077,1.00,1.00
2015.11.11 03:11:41.443,1.42053,1.42075,1.00,1.00
2015.11.11 03:11:42.395,1.42053,1.42074,1.00,1.00
2015.11.11 03:11:43.874,1.42055,1.42074,1.00,1.00
2015.11.11 03:11:43.925,1.42055,1.42078,1.00,1.50
2015.11.11 03:11:45.148,1.42055,1.42076,1.00,1.00
2015.11.11 03:11:51.281,1.42053,1.42076,1.50,1.00
2015.11.11 03:11:51.812,1.42054,1.42076,1.00,1.00
2015.11.11 03:11:53.316,1.42053,1.42076,1.50,1.00
2015.11.11 03:11:53.817,1.42054,1.42076,1.00,1.00
2015.11.11 03:11:54.318,1.42053,1.42076,1.50,1.00
2015.11.11 03:11:54.819,1.42054,1.42076,1.00,1.00
2015.11.11 03:11:55.535,1.42053,1.42076,1.50,1.00
2015.11.11 03:11:56.321,1.42054,1.42076,1.00,1.00
2015.11.11 03:11:57.322,1.42053,1.42076,1.50,1.00
2015.11.11 03:11:58.089,1.42054,1.42076,1.00,1.00
2015.11.11 03:11:58.638,1.42054,1.42077,1.00,1.00
2015.11.11 03:12:08.141,1.42055,1.42077,1.00,1.50
2015.11.11 03:12:08.898,1.42054,1.42077,1.50,1.00
2015.11.11 03:12:09.453,1.42054,1.42078,2.25,1.00
2015.11.11 03:12:09.701,1.42056,1.42079,1.00,1.00
2015.11.11 03:12:18.114,1.42056,1.4208,1.00,1.00
2015.11.11 03:12:18.664,1.42055,1.42079,2.25,1.00
2015.11.11 03:12:25.209,1.42055,1.42078,1.00,1.00
2015.11.11 03:12:25.994,1.42054,1.42078,2.25,1.00
2015.11.11 03:12:26.795,1.42055,1.42078,1.00,1.00
2015.11.11 03:12:27.797,1.42054,1.42078,2.25,1.00
2015.11.11 03:12:28.298,1.42055,1.42078,1.00,1.00
2015.11.11 03:12:28.800,1.42054,1.42078,2.25,1.00
2015.11.11 03:12:29.571,1.42055,1.42078,1.00,1.00
2015.11.11 03:12:30.303,1.42054,1.42078,2.25,1.00
2015.11.11 03:12:30.907,1.42055,1.42079,1.00,1.00
2015.11.11 03:12:32.618,1.42055,1.4208,2.25,1.50
2015.11.11 03:12:33.312,1.42055,1.42079,1.00,1.00
2015.11.11 03:12:36.769,1.42056,1.42079,1.00,1.50
2015.11.11 03:12:40.497,1.42056,1.42078,1.00,1.00
2015.11.11 03:12:43.368,1.42055,1.42077,1.50,1.00
2015.11.11 03:12:45.529,1.42055,1.42075,1.00,1.00
2015.11.11 03:12:46.062,1.42054,1.42075,1.00,1.00
2015.11.11 03:12:46.975,1.42054,1.42076,1.00,1.00
2015.11.11 03:12:47.766,1.42055,1.42076,1.00,1.00
2015.11.11 03:12:49.401,1.42055,1.42074,1.00,1.00
2015.11.11 03:12:50.941,1.42055,1.42077,1.00,1.00
2015.11.11 03:12:51.716,1.42055,1.42074,1.00,1.00
2015.11.11 03:12:52.285,1.42054,1.42074,1.50,1.00
2015.11.11 03:12:52.987,1.42055,1.42074,1.00,1.00
2015.11.11 03:12:53.488,1.42054,1.42075,1.50,1.00
2015.11.11 03:12:53.989,1.42055,1.42075,1.00,1.00
2015.11.11 03:12:54.635,1.42054,1.42075,1.50,1.00
2015.11.11 03:12:55.291,1.42055,1.42075,1.00,1.00
2015.11.11 03:12:56.334,1.42054,1.42075,1.50,1.00
2015.11.11 03:12:56.995,1.42055,1.42075,1.00,1.00
2015.11.11 03:12:57.511,1.42054,1.42075,1.50,1.00
2015.11.11 03:12:58.096,1.42055,1.42075,1.00,1.00
2015.11.11 03:12:58.698,1.42054,1.42075,1.50,1.00
2015.11.11 03:12:59.049,1.42055,1.42073,1.00,1.00
2015.11.11 03:12:59.099,1.4205,1.42073,1.50,1.00
2015.11.11 03:12:59.301,1.42051,1.4207,1.00,1.00
2015.11.11 03:12:59.859,1.42044,1.42064,1.00,1.00
2015.11.11 03:13:01.087,1.42043,1.42064,1.50,1.00
2015.11.11 03:13:02.015,1.42043,1.42062,1.50,1.00
2015.11.11 03:13:07.468,1.42043,1.42063,1.00,1.00
2015.11.11 03:13:54.237,1.42043,1.42062,1.00,1.00
2015.11.11 03:13:54.672,1.42041,1.42063,1.50,1.50
2015.11.11 03:13:55.818,1.42041,1.42062,1.50,1.00
2015.11.11 03:13:59.632,1.42044,1.42062,1.00,1.00
2015.11.11 03:14:02.447,1.42044,1.42061,1.00,1.00
2015.11.11 03:14:02.950,1.42043,1.42061,1.00,1.00
2015.11.11 03:14:03.356,1.4204,1.4206,1.00,1.00
2015.11.11 03:14:03.558,1.4204,1.42057,1.00,1.00
2015.11.11 03:14:03.659,1.42037,1.42057,1.00,1.50
2015.11.11 03:14:03.760,1.42034,1.42057,1.00,2.25
2015.11.11 03:14:03.861,1.42034,1.42055,1.00,1.00
2015.11.11 03:14:04.387,1.42033,1.42055,1.00,1.00
2015.11.11 03:14:05.637,1.42033,1.42054,1.00,1.00
2015.11.11 03:14:06.345,1.42032,1.42054,1.00,1.00
2015.11.11 03:14:06.734,1.42032,1.42051,1.00,1.00
2015.11.11 03:14:07.037,1.42032,1.42055,1.00,1.00
2015.11.11 03:14:07.188,1.42036,1.42058,1.00,1.00
2015.11.11 03:14:07.491,1.42038,1.4206,1.00,1.50
2015.11.11 03:14:08.051,1.42038,1.42059,1.00,1.00
2015.11.11 03:14:08.302,1.42035,1.42059,1.00,1.00
2015.11.11 03:14:14.815,1.42037,1.42059,1.00,1.50
2015.11.11 03:14:15.480,1.42037,1.4206,1.00,1.00
2015.11.11 03:14:17.117,1.42038,1.42061,1.00,3.00
2015.11.11 03:14:25.245,1.42037,1.4206,1.00,1.00
2015.11.11 03:14:33.023,1.42034,1.42055,1.00,1.00
2015.11.11 03:14:33.604,1.42034,1.42056,1.00,1.50
2015.11.11 03:14:35.509,1.42034,1.42055,1.00,1.50
2015.11.11 03:14:36.010,1.42034,1.42056,1.00,1.50
2015.11.11 03:14:36.511,1.42034,1.42055,1.00,1.50
2015.11.11 03:14:37.012,1.42034,1.42056,1.00,1.50
2015.11.11 03:14:37.513,1.42034,1.42055,1.00,1.50
2015.11.11 03:14:38.014,1.42034,1.42056,1.00,1.50
2015.11.11 03:14:38.515,1.42034,1.42055,1.00,1.50
2015.11.11 03:14:39.022,1.42033,1.42055,1.00,1.50
2015.11.11 03:14:41.651,1.42033,1.42056,1.00,1.50
2015.11.11 03:14:42.277,1.42033,1.42055,1.00,1.50
2015.11.11 03:14:43.279,1.42033,1.42056,1.00,2.25
2015.11.11 03:14:52.949,1.42033,1.42055,1.00,1.00
2015.11.11 03:14:53.923,1.42034,1.42055,1.00,1.00
2015.11.11 03:14:54.459,1.42034,1.42056,1.00,1.00
2015.11.11 03:14:55.043,1.42034,1.42055,1.00,1.00
2015.11.11 03:14:56.045,1.42034,1.42056,1.00,1.00
2015.11.11 03:14:56.746,1.42034,1.42055,1.00,1.00
2015.11.11 03:14:57.634,1.42034,1.42056,1.00,1.00
2015.11.11 03:14:57.685,1.42038,1.42061,1.00,1.50
2015.11.11 03:14:57.787,1.4204,1.42063,1.00,1.00
2015.11.11 03:15:00.536,1.42041,1.42064,1.00,1.00
2015.11.11 03:15:04.205,1.42038,1.42063,1.00,1.00
2015.11.11 03:15:07.163,1.42039,1.42064,1.00,1.50
2015.11.11 03:15:07.815,1.42039,1.42063,1.00,1.00
2015.11.11 03:15:08.418,1.42039,1.42064,1.00,1.00
2015.11.11 03:15:33.920,1.42039,1.42062,1.00,1.00
2015.11.11 03:15:39.830,1.42038,1.42063,1.00,1.50
2015.11.11 03:15:40.133,1.42038,1.42061,1.00,1.00
2015.11.11 03:15:41.131,1.42038,1.42062,1.00,1.00
2015.11.11 03:15:42.339,1.42037,1.42062,1.00,1.50
2015.11.11 03:16:20.516,1.4204,1.42063,1.00,1.00
2015.11.11 03:16:20.988,1.4204,1.42065,1.00,1.00
2015.11.11 03:16:26.763,1.4204,1.42063,1.50,1.00
2015.11.11 03:16:27.065,1.42048,1.42058,1.00,1.00
2015.11.11 03:16:27.116,1.42048,1.42063,1.00,1.00
2015.11.11 03:16:27.217,1.4204,1.42063,1.00,1.00
2015.11.11 03:16:27.368,1.4204,1.42065,1.00,1.50
2015.11.11 03:16:27.469,1.4204,1.42063,1.00,1.00
2015.11.11 03:16:27.992,1.4204,1.42065,1.00,1.00
2015.11.11 03:16:30.077,1.42041,1.42066,1.00,1.00
2015.11.11 03:16:34.300,1.42041,1.42064,1.00,1.00
2015.11.11 03:16:34.801,1.42041,1.42065,1.00,1.00
2015.11.11 03:16:35.340,1.42041,1.42064,1.00,1.00
2015.11.11 03:16:36.306,1.42041,1.42065,1.00,1.00
2015.11.11 03:16:37.308,1.42041,1.42064,1.00,1.00
2015.11.11 03:16:37.908,1.42041,1.42065,1.00,1.00
2015.11.11 03:16:38.431,1.4204,1.42065,1.00,1.50
2015.11.11 03:16:39.195,1.4204,1.42059,1.00,1.00
2015.11.11 03:16:39.867,1.42037,1.42059,1.00,1.00
2015.11.11 03:16:40.328,1.42039,1.42059,1.00,1.00
2015.11.11 03:16:40.429,1.42039,1.42062,1.00,1.00
2015.11.11 03:16:40.828,1.42039,1.42064,1.00,2.25
2015.11.11 03:16:41.847,1.42038,1.42063,1.00,1.00
2015.11.11 03:16:42.157,1.42038,1.42057,1.00,1.00
2015.11.11 03:16:42.308,1.42035,1.42057,1.00,1.00
2015.11.11 03:16:43.124,1.42035,1.42058,1.00,1.00
2015.11.11 03:16:43.668,1.42036,1.42059,1.00,1.50
2015.11.11 03:16:44.377,1.42036,1.4206,1.50,1.00
2015.11.11 03:16:45.581,1.42036,1.42059,1.50,1.00
2015.11.11 03:16:50.536,1.42037,1.42059,1.00,1.00
2015.11.11 03:16:51.816,1.42037,1.4206,1.00,1.00
2015.11.11 03:17:01.314,1.42038,1.4206,1.00,1.00
2015.11.11 03:17:01.643,1.42038,1.42058,1.00,1.00
2015.11.11 03:17:01.858,1.42036,1.42058,1.50,1.00
2015.11.11 03:17:02.560,1.42036,1.42057,1.50,1.00
2015.11.11 03:17:03.333,1.42035,1.42057,1.00,1.00
2015.11.11 03:17:03.384,1.42034,1.42054,1.50,1.00
2015.11.11 03:17:03.916,1.42035,1.42054,1.00,1.00
2015.11.11 03:17:04.506,1.42035,1.42053,1.00,1.00
2015.11.11 03:17:05.769,1.42034,1.42053,1.50,1.00
2015.11.11 03:17:06.152,1.42035,1.42055,1.50,1.00
2015.11.11 03:17:07.071,1.42036,1.42055,1.00,1.00
2015.11.11 03:17:07.576,1.42035,1.42054,1.50,1.00
2015.11.11 03:17:09.750,1.42035,1.42056,1.50,1.00
2015.11.11 03:17:10.212,1.42037,1.42056,1.00,1.00
2015.11.11 03:17:10.263,1.42037,1.4206,1.50,1.00
2015.11.11 03:17:11.030,1.42037,1.42062,1.50,1.00
2015.11.11 03:17:21.116,1.42038,1.42063,1.00,1.50
2015.11.11 03:17:40.657,1.42038,1.42062,1.00,1.00
2015.11.11 03:17:41.186,1.42037,1.42062,1.50,1.50
2015.11.11 03:17:47.517,1.42038,1.42061,1.00,1.00
2015.11.11 03:17:56.693,1.42037,1.4206,1.00,1.00
2015.11.11 03:18:05.774,1.42036,1.42061,1.50,1.00
2015.11.11 03:18:06.221,1.42036,1.42058,1.00,1.00
2015.11.11 03:18:06.373,1.42034,1.42058,1.50,1.00
2015.11.11 03:18:06.751,1.42034,1.42056,1.50,1.00
2015.11.11 03:18:07.346,1.42035,1.42056,1.00,1.00
2015.11.11 03:18:07.934,1.42034,1.42055,1.50,1.00
2015.11.11 03:18:08.534,1.42035,1.42055,1.00,1.00
2015.11.11 03:18:11.042,1.42034,1.42055,1.00,1.00
2015.11.11 03:18:11.557,1.42035,1.42055,1.00,1.00
2015.11.11 03:18:12.358,1.42034,1.42055,1.00,1.00
2015.11.11 03:18:13.059,1.42035,1.42055,1.00,1.00
2015.11.11 03:18:13.861,1.42034,1.42055,1.00,1.00
2015.11.11 03:18:14.862,1.42035,1.42055,1.00,1.00
2015.11.11 03:18:15.564,1.42034,1.42055,1.00,1.00
2015.11.11 03:18:16.280,1.42035,1.42055,1.00,1.00
2015.11.11 03:18:17.067,1.42034,1.42055,1.00,1.00
2015.11.11 03:18:18.167,1.42035,1.42055,1.00,1.00
2015.11.11 03:18:18.715,1.42035,1.42056,1.50,1.00
2015.11.11 03:18:19.196,1.42035,1.42058,1.00,1.00
2015.11.11 03:18:20.360,1.42036,1.42059,1.50,1.00
2015.11.11 03:18:56.957,1.42035,1.42059,1.00,1.00
2015.11.11 03:18:57.544,1.42034,1.42058,1.50,1.00
2015.11.11 03:18:58.095,1.42034,1.42057,1.50,1.00
2015.11.11 03:18:58.744,1.42035,1.42057,1.00,1.00
2015.11.11 03:18:59.349,1.42034,1.42057,1.50,1.00
2015.11.11 03:19:00.556,1.42035,1.42057,1.00,1.00
2015.11.11 03:19:01.064,1.42034,1.42057,1.50,1.00
2015.11.11 03:19:02.766,1.42035,1.42057,1.00,1.00
2015.11.11 03:19:03.340,1.42034,1.42057,1.50,1.00
2015.11.11 03:19:04.075,1.42035,1.42056,1.50,1.00
2015.11.11 03:19:05.293,1.42035,1.42057,1.00,1.00
2015.11.11 03:19:08.484,1.42034,1.42057,1.50,1.00
2015.11.11 03:19:08.687,1.42034,1.42055,1.50,1.00
2015.11.11 03:19:09.143,1.42032,1.42052,1.00,1.00
2015.11.11 03:19:09.830,1.42032,1.42051,1.00,1.00
2015.11.11 03:19:10.320,1.4203,1.42051,1.50,1.50
2015.11.11 03:19:10.421,1.42029,1.42049,1.00,1.00
2015.11.11 03:19:16.214,1.42028,1.42049,1.00,1.50
2015.11.11 03:19:17.344,1.42028,1.42048,1.00,1.00
2015.11.11 03:19:18.617,1.42027,1.42048,1.00,1.00
2015.11.11 03:19:18.668,1.42024,1.42048,1.00,1.00
2015.11.11 03:19:18.920,1.42024,1.42045,1.00,1.00
2015.11.11 03:19:19.875,1.42024,1.42048,1.00,1.50
2015.11.11 03:19:21.083,1.42024,1.42047,1.00,1.00
2015.11.11 03:19:23.213,1.42031,1.42052,1.50,1.00
2015.11.11 03:19:23.364,1.42029,1.42052,1.00,2.25
2015.11.11 03:19:23.465,1.42025,1.42049,1.00,1.00
2015.11.11 03:19:23.667,1.42028,1.42051,1.00,1.00
2015.11.11 03:19:23.974,1.42026,1.42049,1.00,1.00
2015.11.11 03:19:24.763,1.42028,1.42051,1.00,1.50
2015.11.11 03:19:30.309,1.42027,1.42051,1.50,1.00
2015.11.11 03:19:34.078,1.42027,1.4205,1.00,1.00
2015.11.11 03:19:44.149,1.42026,1.42051,1.00,1.50
2015.11.11 03:19:45.356,1.42026,1.4205,1.00,1.00
2015.11.11 03:19:50.342,1.42026,1.42051,1.00,1.50
2015.11.11 03:19:50.845,1.42029,1.42054,1.00,1.50
2015.11.11 03:19:52.456,1.42028,1.42052,1.00,1.00
2015.11.11 03:19:52.983,1.42027,1.42052,1.00,1.50
2015.11.11 03:19:55.584,1.42031,1.42053,1.00,1.00
2015.11.11 03:19:56.108,1.42031,1.42054,1.00,1.00
2015.11.11 03:19:57.388,1.42033,1.42056,1.00,1.00
2015.11.11 03:19:58.361,1.42034,1.42057,1.00,1.00
2015.11.11 03:20:01.124,1.42033,1.42056,1.00,1.00
2015.11.11 03:20:05.046,1.42032,1.42055,1.00,1.00
2015.11.11 03:20:07.597,1.42033,1.42056,1.00,1.00
2015.11.11 03:20:20.321,1.42033,1.42058,1.50,1.00
2015.11.11 03:20:20.953,1.42032,1.42057,1.00,1.00
2015.11.11 03:20:26.065,1.42034,1.42057,1.00,1.00
2015.11.11 03:20:32.234,1.42033,1.42056,1.00,1.00
2015.11.11 03:20:34.876,1.42031,1.42056,1.00,1.00
2015.11.11 03:20:35.186,1.42029,1.42054,1.00,1.00
2015.11.11 03:20:35.708,1.42029,1.42053,1.00,1.00
2015.11.11 03:20:36.034,1.42029,1.4205,1.00,1.00
2015.11.11 03:20:36.541,1.42028,1.4205,1.00,1.00
2015.11.11 03:20:38.154,1.4203,1.4205,1.00,1.00
2015.11.11 03:20:38.707,1.4203,1.42051,1.00,1.00
2015.11.11 03:20:39.442,1.4203,1.42053,1.00,1.50
2015.11.11 03:20:43.126,1.42029,1.42052,1.00,1.00
2015.11.11 03:20:43.656,1.42026,1.42049,1.00,1.00
2015.11.11 03:20:43.964,1.42026,1.42045,1.00,1.00
2015.11.11 03:20:44.117,1.42024,1.42045,1.00,1.00
2015.11.11 03:20:44.167,1.42023,1.42043,1.00,1.00
2015.11.11 03:20:44.319,1.4202,1.42042,1.50,1.00
2015.11.11 03:20:44.668,1.4202,1.42038,1.50,1.00
2015.11.11 03:20:44.878,1.4202,1.4204,1.00,1.50
2015.11.11 03:20:45.164,1.42021,1.42037,1.00,1.00
2015.11.11 03:20:57.273,1.42021,1.42036,1.00,1.00
2015.11.11 03:21:04.755,1.42021,1.42037,1.00,1.50
2015.11.11 03:21:38.870,1.42016,1.42038,1.00,1.00
2015.11.11 03:21:39.073,1.42014,1.42038,1.00,1.00
2015.11.11 03:21:39.384,1.42012,1.42036,1.50,1.00
2015.11.11 03:21:44.652,1.42011,1.42036,1.00,1.50
2015.11.11 03:21:44.953,1.42011,1.42034,1.00,1.00
2015.11.11 03:21:45.972,1.42011,1.42035,1.00,1.00
2015.11.11 03:21:46.675,1.42012,1.42035,1.00,1.50
2015.11.11 03:21:48.162,1.42012,1.42034,1.00,1.00
2015.11.11 03:21:48.714,1.42012,1.42035,1.00,1.50
2015.11.11 03:21:53.442,1.42012,1.42034,1.00,1.00
2015.11.11 03:21:54.582,1.4201,1.42034,1.00,1.00
2015.11.11 03:22:03.064,1.42012,1.42034,1.00,1.00
2015.11.11 03:22:03.342,1.42012,1.42036,1.00,1.00
2015.11.11 03:22:03.849,1.42012,1.42037,1.00,1.50
2015.11.11 03:22:03.899,1.42012,1.42035,1.00,1.00
2015.11.11 03:22:04.051,1.42008,1.42033,1.00,1.00
2015.11.11 03:22:04.823,1.42006,1.42031,1.00,1.00
2015.11.11 03:22:05.132,1.42004,1.42028,1.00,1.00
2015.11.11 03:22:05.395,1.42001,1.42026,1.00,1.00
2015.11.11 03:22:05.597,1.42003,1.42028,1.00,1.00
2015.11.11 03:22:07.819,1.41998,1.42029,1.00,1.00
2015.11.11 03:22:07.971,1.41996,1.42032,1.00,1.00
2015.11.11 03:22:08.135,1.42003,1.42028,1.00,1.00
2015.11.11 03:22:09.585,1.42004,1.42029,1.00,1.00
2015.11.11 03:22:14.094,1.42001,1.42026,1.00,1.00
2015.11.11 03:22:17.136,1.41999,1.42028,1.00,1.00
2015.11.11 03:22:17.237,1.41996,1.42033,1.00,1.00
2015.11.11 03:22:17.388,1.42004,1.42027,1.00,1.00
2015.11.11 03:22:18.584,1.42002,1.42027,1.00,1.00
2015.11.11 03:22:21.675,1.41997,1.42032,1.00,1.00
2015.11.11 03:22:21.877,1.42003,1.42028,1.00,1.00
2015.11.11 03:22:23.106,1.42005,1.42028,1.00,1.00
2015.11.11 03:22:27.382,1.42007,1.42029,1.00,1.00
2015.11.11 03:22:32.821,1.42007,1.4203,1.00,1.00
2015.11.11 03:22:33.081,1.42009,1.42033,1.00,1.00
2015.11.11 03:22:33.986,1.42009,1.42032,1.00,1.00
2015.11.11 03:22:39.350,1.42008,1.42033,1.50,1.00
2015.11.11 03:22:40.674,1.42008,1.42031,1.00,1.00
2015.11.11 03:22:42.038,1.42008,1.4203,1.00,1.00
2015.11.11 03:22:45.091,1.42006,1.42029,1.50,1.00
2015.11.11 03:22:46.607,1.42006,1.42028,1.00,1.00
2015.11.11 03:22:51.010,1.42004,1.42027,1.00,1.00
2015.11.11 03:22:51.450,1.42001,1.42026,1.00,1.50
2015.11.11 03:22:52.406,1.42001,1.42025,1.00,1.00
2015.11.11 03:22:53.321,1.42002,1.42025,1.00,2.25
2015.11.11 03:22:53.623,1.42002,1.42022,1.00,1.00
2015.11.11 03:22:54.420,1.42001,1.42022,1.00,1.00
2015.11.11 03:22:58.752,1.42001,1.42024,1.00,1.50
2015.11.11 03:23:05.842,1.42001,1.42023,1.00,1.00
2015.11.11 03:23:07.406,1.42001,1.42022,1.00,1.00
2015.11.11 03:23:19.727,1.42001,1.42023,1.00,1.00
2015.11.11 03:23:20.893,1.42001,1.42024,1.00,1.50
2015.11.11 03:23:21.787,1.42002,1.42024,1.00,1.00
2015.11.11 03:23:21.848,1.42002,1.42026,1.00,1.00
2015.11.11 03:23:23.236,1.42003,1.42026,1.00,1.00
2015.11.11 03:23:23.888,1.42005,1.42026,1.00,1.00
2015.11.11 03:23:25.082,1.42006,1.42026,1.00,1.00
2015.11.11 03:23:27.380,1.42007,1.42026,1.00,1.00
2015.11.11 03:23:29.502,1.42004,1.42026,1.00,1.00
2015.11.11 03:23:32.590,1.42003,1.42026,1.50,1.00
2015.11.11 03:23:38.071,1.42003,1.42025,1.00,1.00
2015.11.11 03:23:39.646,1.42002,1.42025,1.00,1.50
2015.11.11 03:23:48.097,1.42002,1.42026,1.50,1.00
2015.11.11 03:23:51.250,1.42003,1.42027,1.00,1.50
2015.11.11 03:23:52.850,1.42003,1.42025,1.00,1.00
2015.11.11 03:23:54.807,1.42002,1.42025,1.00,1.00
2015.11.11 03:23:55.326,1.42001,1.42024,1.00,1.00
2015.11.11 03:23:55.377,1.41999,1.42024,1.00,1.50
2015.11.11 03:23:55.678,1.41999,1.42021,1.00,1.00
2015.11.11 03:23:59.213,1.41998,1.42021,1.50,1.00
2015.11.11 03:24:00.523,1.41998,1.42019,1.50,1.00
2015.11.11 03:24:01.623,1.41998,1.42018,1.50,1.00
2015.11.11 03:24:06.168,1.41997,1.42018,1.50,1.00
2015.11.11 03:24:07.586,1.41998,1.42018,1.00,1.00
2015.11.11 03:24:09.061,1.41997,1.42018,1.50,1.00
2015.11.11 03:24:10.891,1.41998,1.42018,1.00,1.00
2015.11.11 03:24:11.949,1.41997,1.42018,1.50,1.00
2015.11.11 03:24:12.869,1.41998,1.42018,1.00,1.00
2015.11.11 03:24:12.920,1.41998,1.4202,1.50,1.00
2015.11.11 03:24:20.307,1.41998,1.42019,1.00,1.00
2015.11.11 03:24:20.966,1.41999,1.42019,1.00,1.00
2015.11.11 03:24:21.498,1.41998,1.42017,1.00,1.00
2015.11.11 03:24:22.110,1.41997,1.42017,1.50,1.00
2015.11.11 03:24:22.661,1.41998,1.42017,1.00,1.00
2015.11.11 03:24:22.711,1.41998,1.4202,1.00,1.00
2015.11.11 03:24:28.893,1.41998,1.42018,1.00,1.00
2015.11.11 03:24:28.944,1.41996,1.42018,1.00,1.00
2015.11.11 03:24:29.474,1.41995,1.42018,1.00,1.00
2015.11.11 03:24:32.565,1.41993,1.42016,1.50,1.00
2015.11.11 03:24:33.600,1.41993,1.42015,1.50,1.00
2015.11.11 03:24:35.060,1.41993,1.42014,1.00,1.00
2015.11.11 03:24:38.375,1.41993,1.42013,1.50,1.00
2015.11.11 03:24:39.136,1.41992,1.42013,1.50,1.00
2015.11.11 03:24:39.698,1.41992,1.42012,1.50,1.00
2015.11.11 03:24:40.519,1.41993,1.42012,1.00,1.00
2015.11.11 03:24:41.119,1.41992,1.42012,1.00,1.00
2015.11.11 03:24:41.643,1.41993,1.42012,1.00,1.00
2015.11.11 03:24:42.344,1.41992,1.42012,1.00,1.00
2015.11.11 03:24:43.146,1.41993,1.42012,1.00,1.00
2015.11.11 03:24:43.647,1.41992,1.42012,1.00,1.00
2015.11.11 03:24:44.430,1.41993,1.42012,1.00,1.00
2015.11.11 03:24:45.952,1.41993,1.42013,1.00,1.00
2015.11.11 03:24:46.464,1.41992,1.42013,1.00,1.00
2015.11.11 03:24:47.285,1.41992,1.42011,1.00,1.00
2015.11.11 03:24:51.707,1.41992,1.4201,1.00,1.00
2015.11.11 03:24:51.758,1.41993,1.42012,1.50,1.00
2015.11.11 03:24:52.668,1.41995,1.42012,1.00,1.00
2015.11.11 03:24:53.331,1.41995,1.42013,1.00,1.00
2015.11.11 03:24:56.725,1.41994,1.42013,1.50,1.00
2015.11.11 03:24:57.233,1.41995,1.42013,1.00,1.00
2015.11.11 03:24:57.851,1.41994,1.42013,1.50,1.00
2015.11.11 03:24:58.384,1.41995,1.42012,1.00,1.00
2015.11.11 03:24:58.885,1.41994,1.42012,1.50,1.00
2015.11.11 03:25:00.087,1.41995,1.42012,1.00,1.00
2015.11.11 03:25:00.890,1.41995,1.42011,1.00,1.00
2015.11.11 03:25:01.632,1.41994,1.42011,1.00,1.00
2015.11.11 03:25:02.596,1.41995,1.42011,1.00,1.00
2015.11.11 03:25:03.397,1.41994,1.42011,1.00,1.00
2015.11.11 03:25:04.098,1.41995,1.42011,1.00,1.00
2015.11.11 03:25:05.103,1.41994,1.42011,1.00,1.00
2015.11.11 03:25:05.901,1.41995,1.42011,1.00,1.00
2015.11.11 03:25:07.102,1.41994,1.42011,1.00,1.00
2015.11.11 03:25:07.905,1.41995,1.42011,1.00,1.00
2015.11.11 03:25:08.406,1.41994,1.4201,1.00,1.00
2015.11.11 03:25:08.940,1.41995,1.4201,1.00,1.00
2015.11.11 03:25:10.546,1.41994,1.4201,1.00,1.00
2015.11.11 03:25:11.112,1.41994,1.42011,1.00,1.00
2015.11.11 03:25:11.614,1.41994,1.4201,1.00,1.00
2015.11.11 03:25:12.537,1.41995,1.4201,1.00,1.00
2015.11.11 03:25:13.416,1.41995,1.42011,1.00,1.00
2015.11.11 03:25:13.632,1.41988,1.42011,1.00,1.00
2015.11.11 03:25:13.987,1.41985,1.42007,1.00,1.00
2015.11.11 03:25:14.155,1.41981,1.42006,1.00,1.00
2015.11.11 03:25:14.205,1.41981,1.42002,1.00,1.00
2015.11.11 03:25:14.820,1.4198,1.42002,1.00,1.00
2015.11.11 03:25:15.423,1.4198,1.42001,1.00,1.00
2015.11.11 03:25:15.675,1.41978,1.42001,1.00,1.00
2015.11.11 03:25:16.750,1.41978,1.41999,1.00,1.00
2015.11.11 03:25:17.710,1.41978,1.41998,1.00,1.00
2015.11.11 03:25:20.280,1.41977,1.41998,1.00,1.00
2015.11.11 03:25:20.860,1.41977,1.42002,1.00,1.00
2015.11.11 03:25:21.850,1.41978,1.42002,1.00,1.00
2015.11.11 03:25:22.355,1.41977,1.42001,1.00,1.00
2015.11.11 03:25:22.963,1.41977,1.42,1.00,1.00
2015.11.11 03:25:24.580,1.41978,1.42,1.00,1.00
2015.11.11 03:25:25.115,1.41979,1.42,1.00,1.00
2015.11.11 03:25:25.367,1.41976,1.42,1.00,1.00
2015.11.11 03:25:26.697,1.41977,1.42,1.00,1.00
2015.11.11 03:25:27.262,1.41978,1.42001,1.00,1.00
2015.11.11 03:25:27.464,1.4198,1.42003,1.00,1.00
2015.11.11 03:25:29.309,1.41978,1.42001,2.25,1.00
2015.11.11 03:25:29.813,1.41979,1.42001,1.00,1.00
2015.11.11 03:25:31.938,1.41978,1.42001,1.50,1.00
2015.11.11 03:25:32.439,1.41978,1.42002,1.00,1.50
2015.11.11 03:25:34.847,1.41977,1.41999,1.00,1.00
2015.11.11 03:25:39.960,1.41977,1.41998,1.00,1.00
2015.11.11 03:25:40.262,1.41979,1.41998,1.00,1.00
2015.11.11 03:25:41.771,1.41977,1.41998,1.00,1.00
2015.11.11 03:25:42.273,1.41976,1.41998,1.00,1.00
2015.11.11 03:25:42.792,1.41975,1.41997,1.50,1.00
2015.11.11 03:25:43.570,1.41975,1.41996,1.50,1.00
2015.11.11 03:25:48.430,1.41975,1.41995,1.50,1.00
2015.11.11 03:25:51.291,1.41975,1.41994,1.00,1.00
2015.11.11 03:25:54.712,1.41974,1.41994,1.00,1.00
2015.11.11 03:25:55.292,1.41974,1.41993,1.00,1.00
2015.11.11 03:25:56.620,1.41975,1.41993,1.00,1.00
2015.11.11 03:25:57.338,1.41974,1.41993,1.00,1.00
2015.11.11 03:25:58.206,1.41975,1.41993,1.00,1.00
2015.11.11 03:25:58.926,1.41974,1.41993,1.00,1.00
2015.11.11 03:25:59.457,1.41975,1.41993,1.00,1.00
2015.11.11 03:26:00.128,1.41974,1.41993,1.00,1.00
2015.11.11 03:26:00.929,1.41975,1.41993,1.00,1.00
2015.11.11 03:26:01.430,1.41976,1.41993,1.00,1.00
2015.11.11 03:26:02.131,1.41975,1.41993,1.00,1.00
2015.11.11 03:26:02.933,1.41976,1.41993,1.00,1.00
2015.11.11 03:26:03.434,1.41975,1.41993,1.00,1.00
2015.11.11 03:26:04.103,1.41976,1.41993,1.00,1.00
2015.11.11 03:26:04.636,1.41975,1.41993,1.00,1.00
2015.11.11 03:26:05.838,1.41976,1.41993,1.00,1.00
2015.11.11 03:26:06.840,1.41975,1.41993,1.00,1.00
2015.11.11 03:26:07.641,1.41976,1.41993,1.00,1.00
2015.11.11 03:26:08.843,1.41975,1.41993,1.00,1.00
2015.11.11 03:26:09.846,1.41976,1.41993,1.00,1.00
2015.11.11 03:26:10.647,1.41975,1.41993,1.00,1.00
2015.11.11 03:26:11.148,1.41976,1.41993,1.00,1.00
2015.11.11 03:26:11.649,1.41975,1.41993,1.00,1.00
2015.11.11 03:26:12.184,1.41974,1.41993,1.00,1.00
2015.11.11 03:26:14.225,1.41973,1.41993,1.00,1.00
2015.11.11 03:26:14.551,1.41973,1.41991,1.00,1.00
2015.11.11 03:26:14.601,1.41971,1.41991,1.00,1.00
2015.11.11 03:26:15.118,1.41972,1.41991,1.00,1.00
2015.11.11 03:26:30.685,1.41972,1.4199,1.00,1.00
2015.11.11 03:26:31.473,1.41972,1.41994,1.50,1.00
2015.11.11 03:26:31.675,1.41974,1.41997,1.00,1.00
2015.11.11 03:26:31.826,1.41976,1.41999,1.00,1.00
2015.11.11 03:26:32.143,1.41977,1.42002,1.00,1.50
2015.11.11 03:26:32.442,1.41979,1.42004,1.00,1.50
2015.11.11 03:26:33.018,1.4198,1.42004,1.00,1.00
2015.11.11 03:26:33.560,1.4198,1.42005,1.00,2.25
2015.11.11 03:26:33.897,1.4198,1.42001,1.00,1.00
2015.11.11 03:26:37.510,1.41981,1.42,1.00,1.00
2015.11.11 03:26:38.418,1.4198,1.42,1.00,1.00
2015.11.11 03:26:38.621,1.41977,1.42,1.50,1.00
2015.11.11 03:26:39.559,1.41977,1.41999,1.50,1.00
2015.11.11 03:26:40.780,1.41977,1.41998,1.50,1.00
2015.11.11 03:26:41.430,1.41978,1.41998,1.00,1.00
2015.11.11 03:26:42.040,1.41977,1.41998,1.50,1.00
2015.11.11 03:26:42.637,1.41978,1.41998,1.00,1.00
2015.11.11 03:26:43.639,1.41977,1.41998,1.50,1.00
2015.11.11 03:26:44.140,1.41978,1.41998,1.00,1.00
2015.11.11 03:26:46.344,1.41977,1.41998,1.50,1.00
2015.11.11 03:26:47.647,1.41978,1.41998,1.00,1.00
2015.11.11 03:26:48.148,1.41977,1.41998,1.50,1.00
2015.11.11 03:26:48.883,1.4198,1.42002,1.00,1.00
2015.11.11 03:26:50.320,1.41979,1.42002,1.00,1.00
2015.11.11 03:26:51.714,1.41979,1.41999,1.00,1.00
2015.11.11 03:26:52.800,1.41977,1.41999,1.50,1.00
2015.11.11 03:26:53.470,1.41978,1.41999,1.00,1.00
2015.11.11 03:26:54.070,1.41977,1.41999,1.50,1.00
2015.11.11 03:26:54.672,1.41978,1.41999,1.00,1.00
2015.11.11 03:26:55.468,1.41977,1.41999,1.50,1.00
2015.11.11 03:26:55.987,1.41979,1.42004,1.50,1.00
2015.11.11 03:26:56.088,1.41981,1.42004,1.00,1.00
2015.11.11 03:26:56.589,1.41982,1.42005,1.00,1.00
2015.11.11 03:26:57.393,1.41983,1.42005,1.00,1.00
2015.11.11 03:26:57.725,1.41985,1.42005,1.00,1.00
2015.11.11 03:27:00.130,1.41984,1.42005,1.00,1.00
2015.11.11 03:27:00.402,1.41984,1.42008,1.00,1.00
2015.11.11 03:27:00.963,1.41988,1.42006,1.00,1.00
2015.11.11 03:27:01.699,1.41986,1.42006,1.00,1.00
2015.11.11 03:27:02.767,1.41985,1.42006,1.50,1.00
2015.11.11 03:27:03.370,1.41985,1.42004,1.50,1.00
2015.11.11 03:27:03.471,1.41982,1.42004,1.00,1.00
2015.11.11 03:27:04.649,1.41984,1.42004,1.00,1.00
2015.11.11 03:27:04.903,1.41981,1.42004,1.50,1.00
2015.11.11 03:27:05.932,1.4198,1.42004,1.00,1.00
2015.11.11 03:27:06.791,1.41979,1.42004,1.00,1.50
2015.11.11 03:27:06.993,1.41979,1.42002,1.00,1.00
2015.11.11 03:27:07.506,1.41978,1.42002,1.00,1.00
2015.11.11 03:27:07.899,1.41977,1.42,1.00,1.00
2015.11.11 03:27:08.452,1.41976,1.41999,1.00,1.50
2015.11.11 03:27:09.299,1.41976,1.41997,1.00,1.00
2015.11.11 03:27:09.641,1.41974,1.41997,1.00,1.50
2015.11.11 03:27:09.742,1.41974,1.41994,1.00,1.00
2015.11.11 03:27:09.844,1.41972,1.41994,1.00,1.00
2015.11.11 03:27:10.429,1.41971,1.41994,1.00,1.50
2015.11.11 03:27:10.797,1.41971,1.41991,1.00,1.00
2015.11.11 03:27:12.007,1.41971,1.4199,1.00,1.00
2015.11.11 03:27:12.058,1.41969,1.4199,1.00,1.00
2015.11.11 03:27:13.246,1.41969,1.41991,1.00,1.00
2015.11.11 03:27:29.679,1.41971,1.41991,1.00,1.00
2015.11.11 03:27:30.740,1.41971,1.4199,1.00,1.00
2015.11.11 03:27:32.607,1.4197,1.4199,1.00,1.00
2015.11.11 03:27:41.076,1.41971,1.4199,1.00,1.00
2015.11.11 03:27:48.979,1.41971,1.41992,1.00,1.00
2015.11.11 03:27:49.783,1.4197,1.41992,1.00,1.00
2015.11.11 03:27:50.411,1.41971,1.41994,1.00,1.50
2015.11.11 03:27:51.502,1.41973,1.41994,1.00,1.00
2015.11.11 03:27:51.553,1.41973,1.41996,1.50,1.00
2015.11.11 03:27:52.175,1.41976,1.41999,1.00,1.00
2015.11.11 03:27:52.968,1.41978,1.41999,1.00,1.00
2015.11.11 03:27:53.975,1.41977,1.41999,1.00,1.00
2015.11.11 03:27:54.615,1.41977,1.41998,1.00,1.00
2015.11.11 03:27:55.292,1.41976,1.41998,1.00,1.00
2015.11.11 03:27:57.877,1.41975,1.41998,1.50,1.00
2015.11.11 03:27:58.598,1.41975,1.41999,1.00,1.50
2015.11.11 03:27:59.137,1.41974,1.41998,1.00,1.00
2015.11.11 03:28:01.093,1.41974,1.41997,1.00,1.00
2015.11.11 03:28:09.428,1.41973,1.41996,1.00,1.00
2015.11.11 03:28:09.982,1.41972,1.41996,1.00,1.00
2015.11.11 03:28:10.548,1.41972,1.41995,1.00,1.00
2015.11.11 03:28:17.833,1.4197,1.41995,1.00,1.50
2015.11.11 03:28:17.934,1.4197,1.41992,1.00,1.00
2015.11.11 03:28:19.149,1.41969,1.41991,1.00,1.00
2015.11.11 03:28:23.172,1.41969,1.41992,1.00,1.00
2015.11.11 03:28:25.563,1.41969,1.4199,1.00,1.00
2015.11.11 03:28:27.322,1.41969,1.41987,1.00,1.00
2015.11.11 03:28:27.671,1.41969,1.41985,1.00,1.00
2015.11.11 03:28:29.398,1.41967,1.41984,1.00,1.00
2015.11.11 03:28:30.743,1.41961,1.41984,1.50,1.00
2015.11.11 03:28:30.945,1.41961,1.41981,1.00,1.00
2015.11.11 03:28:31.982,1.41961,1.41979,1.50,1.00
2015.11.11 03:28:32.580,1.41962,1.41979,1.00,1.00
2015.11.11 03:28:33.132,1.41962,1.41981,1.00,1.00
2015.11.11 03:28:34.581,1.41962,1.41986,1.00,1.00
2015.11.11 03:28:40.256,1.41963,1.41986,1.00,1.00
2015.11.11 03:28:43.180,1.41962,1.41986,1.00,1.00
2015.11.11 03:28:43.726,1.41962,1.41985,1.50,1.00
2015.11.11 03:28:47.858,1.41963,1.41986,1.00,1.00
2015.11.11 03:28:47.959,1.41965,1.41986,1.00,1.00
2015.11.11 03:28:48.267,1.41968,1.41987,1.00,1.00
2015.11.11 03:28:49.963,1.4197,1.4199,1.00,1.00
2015.11.11 03:28:53.170,1.41969,1.4199,1.00,1.00
2015.11.11 03:28:54.152,1.41971,1.4199,1.00,1.00
2015.11.11 03:28:54.702,1.41971,1.41991,1.00,1.00
2015.11.11 03:28:55.474,1.41972,1.41991,1.00,1.00
2015.11.11 03:29:05.186,1.41972,1.41992,1.00,1.00
2015.11.11 03:29:09.877,1.41973,1.41992,1.00,1.00
2015.11.11 03:29:10.430,1.41973,1.41993,1.00,1.00
2015.11.11 03:29:12.422,1.41975,1.41993,1.00,1.00
2015.11.11 03:29:23.834,1.41975,1.41992,1.00,1.00
2015.11.11 03:29:27.664,1.41974,1.41992,1.00,1.00
2015.11.11 03:29:34.268,1.41973,1.41992,1.00,1.00
2015.11.11 03:29:36.264,1.41973,1.41993,1.00,1.00
2015.11.11 03:29:36.896,1.41974,1.41993,1.00,1.00
2015.11.11 03:29:38.224,1.41973,1.41993,1.00,1.00
2015.11.11 03:29:40.490,1.41973,1.41992,1.00,1.00
2015.11.11 03:29:45.935,1.41974,1.41992,1.00,1.00
2015.11.11 03:29:48.905,1.41975,1.41992,1.00,1.00
2015.11.11 03:29:49.598,1.41975,1.41993,1.00,1.00
2015.11.11 03:29:55.420,1.41978,1.41993,1.00,1.00
2015.11.11 03:29:56.866,1.41978,1.4199,1.00,1.00
2015.11.11 03:29:56.923,1.41976,1.4199,1.00,1.00
2015.11.11 03:29:57.076,1.41976,1.41988,1.00,1.00
2015.11.11 03:29:57.177,1.4198,1.41996,1.00,1.00
2015.11.11 03:29:57.379,1.41982,1.41996,1.00,1.00
2015.11.11 03:29:57.700,1.41982,1.42002,1.00,1.00
2015.11.11 03:29:57.762,1.41985,1.42002,1.00,1.00
2015.11.11 03:29:58.181,1.41986,1.42005,1.00,1.00
2015.11.11 03:29:58.363,1.41988,1.42006,1.00,1.00
2015.11.11 03:29:59.343,1.41986,1.42006,1.00,1.00
2015.11.11 03:29:59.720,1.41991,1.42008,1.00,1.00
2015.11.11 03:30:00.070,1.41992,1.42005,1.00,1.00
2015.11.11 03:30:00.171,1.41985,1.42005,1.00,1.00
2015.11.11 03:30:00.337,1.41983,1.42005,1.00,1.00
2015.11.11 03:30:00.388,1.41986,1.42006,1.00,1.00
2015.11.11 03:30:00.657,1.41983,1.42006,1.00,1.00
2015.11.11 03:30:00.708,1.41983,1.42004,1.00,1.00
2015.11.11 03:30:02.426,1.41982,1.42004,1.00,1.00
2015.11.11 03:30:02.948,1.41983,1.42004,1.00,1.00
2015.11.11 03:30:03.506,1.41982,1.42004,1.00,1.00
2015.11.11 03:30:04.469,1.41983,1.42004,1.00,1.00
2015.11.11 03:30:05.173,1.41982,1.42004,1.00,1.00
2015.11.11 03:30:05.688,1.41983,1.42004,1.00,1.00
2015.11.11 03:30:06.391,1.41982,1.42004,1.00,1.00
2015.11.11 03:30:07.392,1.41983,1.42004,1.00,1.00
2015.11.11 03:30:07.963,1.41982,1.42004,1.00,1.00
2015.11.11 03:30:11.137,1.41982,1.42005,1.00,1.00
2015.11.11 03:30:15.035,1.41983,1.42005,1.00,1.00
2015.11.11 03:30:23.163,1.41985,1.42005,1.00,1.00
2015.11.11 03:30:23.765,1.41987,1.42005,1.00,1.00
2015.11.11 03:30:27.107,1.41987,1.42004,1.00,1.00
2015.11.11 03:30:28.091,1.41984,1.42004,1.00,1.00
2015.11.11 03:30:28.549,1.41988,1.42006,1.00,1.00
2015.11.11 03:30:29.835,1.41988,1.42007,1.00,1.00
2015.11.11 03:30:31.356,1.41987,1.42007,1.00,1.00
2015.11.11 03:30:31.958,1.41988,1.42007,1.00,1.00
2015.11.11 03:30:32.760,1.41987,1.42007,1.00,1.00
2015.11.11 03:30:37.170,1.41988,1.42007,1.00,1.00
2015.11.11 03:30:38.146,1.41987,1.42007,1.00,1.00
2015.11.11 03:30:38.677,1.41988,1.42007,1.00,1.00
2015.11.11 03:30:39.682,1.41987,1.42007,1.00,1.00
2015.11.11 03:30:40.214,1.41988,1.42007,1.00,1.00
2015.11.11 03:30:40.898,1.41987,1.42007,1.00,1.00
2015.11.11 03:30:41.887,1.41988,1.42007,1.00,1.00
2015.11.11 03:30:42.690,1.41987,1.42007,1.00,1.00
2015.11.11 03:30:43.391,1.41988,1.42007,1.00,1.00
2015.11.11 03:30:44.356,1.41987,1.42007,1.00,1.00
2015.11.11 03:30:44.894,1.41988,1.42007,1.00,1.00
2015.11.11 03:30:45.428,1.41987,1.42006,1.00,1.00
2015.11.11 03:30:46.698,1.41988,1.42006,1.00,1.00
2015.11.11 03:30:47.399,1.41987,1.42006,1.00,1.00
2015.11.11 03:30:47.901,1.41988,1.42006,1.00,1.00
2015.11.11 03:30:48.704,1.41987,1.42006,1.00,1.00
2015.11.11 03:30:49.206,1.41988,1.42006,1.00,1.00
2015.11.11 03:30:50.866,1.41987,1.42006,1.00,1.00
2015.11.11 03:30:53.488,1.41988,1.42006,1.00,1.00
2015.11.11 03:30:53.922,1.41986,1.42006,1.00,1.50
2015.11.11 03:30:54.034,1.41986,1.42003,1.00,1.00
2015.11.11 03:30:54.658,1.41987,1.42003,1.00,1.00
2015.11.11 03:30:55.177,1.41986,1.42003,1.00,1.00
2015.11.11 03:30:55.725,1.41987,1.42003,1.00,1.00
2015.11.11 03:30:56.426,1.41987,1.42002,1.00,1.00
2015.11.11 03:30:57.429,1.41986,1.42002,1.00,1.00
2015.11.11 03:30:58.238,1.41987,1.42002,1.00,1.00
2015.11.11 03:30:58.684,1.41986,1.41999,1.00,1.00
2015.11.11 03:30:59.653,1.41987,1.41999,1.00,1.00
2015.11.11 03:31:01.092,1.41987,1.42,1.00,1.00
2015.11.11 03:31:02.176,1.41986,1.42,1.00,1.00
2015.11.11 03:31:02.972,1.41986,1.41999,1.00,1.00
2015.11.11 03:31:03.541,1.41987,1.41999,1.00,1.00
2015.11.11 03:31:04.153,1.41986,1.41999,1.00,1.00
2015.11.11 03:31:04.700,1.41987,1.41999,1.00,1.00
2015.11.11 03:31:05.656,1.41986,1.41999,1.00,1.00
2015.11.11 03:31:06.157,1.41987,1.41999,1.00,1.00
2015.11.11 03:31:06.658,1.41986,1.41999,1.00,1.00
2015.11.11 03:31:07.880,1.41986,1.42,1.00,1.00
2015.11.11 03:31:10.866,1.41987,1.42,1.00,1.00
2015.11.11 03:31:11.468,1.41986,1.42,1.00,1.00
2015.11.11 03:31:12.676,1.41987,1.42,1.00,1.00
2015.11.11 03:31:13.407,1.41987,1.41999,1.00,1.00
2015.11.11 03:31:13.977,1.41987,1.41998,1.00,1.00
2015.11.11 03:31:14.884,1.41986,1.41997,1.00,1.00
2015.11.11 03:31:17.387,1.41987,1.41997,1.00,1.00
2015.11.11 03:31:17.888,1.41986,1.41997,1.00,1.00
2015.11.11 03:31:18.389,1.41987,1.41996,1.00,1.00
2015.11.11 03:31:18.890,1.41986,1.41996,1.00,1.00
2015.11.11 03:31:19.462,1.41987,1.41996,1.00,1.00
2015.11.11 03:31:20.245,1.41986,1.41996,1.00,1.00
2015.11.11 03:31:20.829,1.41986,1.41997,1.00,1.00
2015.11.11 03:31:21.432,1.41984,1.41997,1.00,1.00
2015.11.11 03:31:22.161,1.41986,1.41997,1.00,1.00
2015.11.11 03:31:22.944,1.41986,1.41998,1.00,1.00
2015.11.11 03:31:24.093,1.41986,1.41999,1.00,1.00
2015.11.11 03:31:25.282,1.41986,1.42001,1.50,1.00
2015.11.11 03:31:26.037,1.41987,1.42001,1.00,1.00
2015.11.11 03:31:29.935,1.41986,1.42001,1.00,1.00
2015.11.11 03:31:35.710,1.41986,1.42,1.00,1.00
2015.11.11 03:31:37.795,1.41986,1.41997,1.00,1.00
2015.11.11 03:31:40.906,1.41986,1.41998,1.00,1.00
2015.11.11 03:31:41.906,1.41986,1.42,1.00,1.00
2015.11.11 03:31:47.949,1.41984,1.42,1.00,1.00
2015.11.11 03:31:47.999,1.41984,1.41998,1.00,1.00
2015.11.11 03:31:48.682,1.41985,1.41998,1.00,1.00
2015.11.11 03:31:49.714,1.41984,1.41998,1.00,1.00
2015.11.11 03:31:51.189,1.41985,1.41998,1.00,1.00
2015.11.11 03:31:51.883,1.41984,1.41998,1.00,1.00
2015.11.11 03:31:52.533,1.41984,1.41996,1.00,1.00
2015.11.11 03:31:59.138,1.41985,1.41996,1.00,1.00
2015.11.11 03:32:00.100,1.41984,1.41996,1.00,1.00
2015.11.11 03:32:00.753,1.41985,1.41996,1.00,1.00
2015.11.11 03:32:01.256,1.41984,1.41996,1.00,1.00
2015.11.11 03:32:01.963,1.41985,1.41995,1.00,1.00
2015.11.11 03:32:02.580,1.41984,1.41995,1.00,1.00
2015.11.11 03:32:03.085,1.41984,1.41996,1.00,1.00
2015.11.11 03:32:06.632,1.41984,1.41998,1.00,1.00
2015.11.11 03:32:07.603,1.41984,1.41999,1.00,1.00
2015.11.11 03:32:08.831,1.41984,1.42001,1.00,1.50
2015.11.11 03:32:08.882,1.41986,1.42001,1.00,1.00
2015.11.11 03:32:09.435,1.41987,1.42001,1.00,1.00
2015.11.11 03:32:10.185,1.41986,1.42001,1.00,1.00
2015.11.11 03:32:11.123,1.41986,1.42002,1.00,1.00
2015.11.11 03:32:20.324,1.41986,1.42003,1.00,1.50
2015.11.11 03:32:20.679,1.41991,1.42004,1.00,1.00
2015.11.11 03:32:21.191,1.41991,1.42005,1.00,1.00
2015.11.11 03:32:22.594,1.42,1.42008,1.00,1.00
2015.11.11 03:32:22.848,1.42001,1.4201,1.00,1.00
2015.11.11 03:32:23.673,1.41997,1.4201,1.00,1.00
2015.11.11 03:32:23.724,1.41995,1.4201,1.00,1.00
2015.11.11 03:32:23.877,1.41992,1.4201,1.00,1.00
2015.11.11 03:32:24.553,1.41993,1.4201,1.00,1.00
2015.11.11 03:32:25.126,1.41993,1.42011,1.00,1.00
2015.11.11 03:32:26.569,1.41993,1.42012,1.00,1.00
2015.11.11 03:32:26.619,1.41997,1.42012,1.00,1.00
2015.11.11 03:32:27.880,1.41999,1.42012,1.00,1.00
2015.11.11 03:32:31.313,1.41999,1.42014,1.00,1.00
2015.11.11 03:32:31.912,1.41998,1.42014,1.00,1.00
2015.11.11 03:32:33.626,1.41997,1.42014,1.00,1.00
2015.11.11 03:32:34.495,1.41998,1.42014,1.00,1.00
2015.11.11 03:32:35.053,1.41997,1.42014,1.00,1.00
2015.11.11 03:32:35.886,1.41998,1.42014,1.00,1.00
2015.11.11 03:32:35.937,1.41996,1.42014,1.00,1.00
2015.11.11 03:32:36.452,1.41997,1.42014,1.00,1.00
2015.11.11 03:32:37.064,1.41996,1.42014,1.00,1.00
2015.11.11 03:32:38.219,1.41997,1.42014,1.00,1.00
2015.11.11 03:32:39.405,1.41996,1.42014,1.00,1.00
2015.11.11 03:32:40.908,1.41997,1.42014,1.00,1.00
2015.11.11 03:32:41.409,1.41996,1.42014,1.00,1.00
2015.11.11 03:32:41.910,1.41997,1.42014,1.00,1.00
2015.11.11 03:32:42.503,1.41996,1.42014,1.00,1.00
2015.11.11 03:32:43.713,1.41997,1.42014,1.00,1.00
2015.11.11 03:32:44.214,1.41996,1.42014,1.00,1.00
2015.11.11 03:32:46.418,1.41997,1.42014,1.00,1.00
2015.11.11 03:32:46.919,1.41996,1.42014,1.00,1.00
2015.11.11 03:32:47.562,1.41996,1.42013,1.00,1.00
2015.11.11 03:32:48.065,1.41997,1.42013,1.00,1.00
2015.11.11 03:32:48.116,1.41997,1.42011,1.00,1.00
2015.11.11 03:32:51.126,1.41997,1.42012,1.00,1.00
2015.11.11 03:32:55.853,1.41998,1.42012,1.00,1.00
2015.11.11 03:32:56.950,1.41998,1.42011,1.00,1.00
2015.11.11 03:32:59.093,1.41997,1.42011,1.00,1.00
2015.11.11 03:32:59.143,1.41997,1.42013,1.00,1.00
2015.11.11 03:33:00.152,1.41998,1.42013,1.00,1.00
2015.11.11 03:33:01.001,1.41997,1.42013,1.00,1.00
2015.11.11 03:33:01.655,1.41998,1.42013,1.00,1.00
2015.11.11 03:33:02.985,1.41997,1.42013,1.00,1.00
2015.11.11 03:33:03.662,1.41998,1.42013,1.00,1.00
2015.11.11 03:33:04.569,1.41994,1.42012,1.00,1.50
2015.11.11 03:33:04.620,1.41994,1.4201,1.00,1.00
2015.11.11 03:33:04.671,1.41992,1.4201,1.00,1.00
2015.11.11 03:33:04.722,1.41992,1.42007,1.00,1.00
2015.11.11 03:33:04.873,1.41988,1.42007,1.00,1.00
2015.11.11 03:33:04.924,1.41988,1.42005,1.00,1.00
2015.11.11 03:33:05.473,1.41987,1.42005,1.00,1.00
2015.11.11 03:33:05.919,1.41988,1.42001,1.00,1.00
2015.11.11 03:33:06.222,1.41992,1.42,1.00,1.00
2015.11.11 03:33:06.610,1.41993,1.42005,1.00,1.00
2015.11.11 03:33:07.582,1.41993,1.42004,1.00,1.00
2015.11.11 03:33:08.194,1.41992,1.42004,1.00,1.00
2015.11.11 03:33:08.761,1.41993,1.42005,1.00,1.00
2015.11.11 03:33:10.682,1.41994,1.42005,1.00,1.00
2015.11.11 03:33:15.922,1.41993,1.42005,1.00,1.00
2015.11.11 03:33:17.506,1.41994,1.42008,1.00,1.00
2015.11.11 03:33:30.062,1.41994,1.42004,1.00,1.00
2015.11.11 03:33:30.924,1.41993,1.42003,1.00,1.00
2015.11.11 03:33:31.434,1.41986,1.42003,1.00,1.00
2015.11.11 03:33:31.485,1.41986,1.42001,1.00,1.00
2015.11.11 03:33:31.915,1.41984,1.41997,1.00,1.00
2015.11.11 03:33:32.989,1.41985,1.41997,1.00,1.00
2015.11.11 03:33:33.322,1.41985,1.41994,1.00,1.00
2015.11.11 03:33:33.827,1.41984,1.41994,1.00,1.00
2015.11.11 03:33:34.734,1.41985,1.41994,1.00,1.00
2015.11.11 03:33:35.497,1.41984,1.41994,1.00,1.00
2015.11.11 03:33:36.101,1.41985,1.41994,1.00,1.00
2015.11.11 03:33:36.643,1.41984,1.41994,1.00,1.00
2015.11.11 03:33:37.172,1.41985,1.41994,1.00,1.00
2015.11.11 03:33:37.707,1.41984,1.41994,1.00,1.00
2015.11.11 03:33:38.676,1.41985,1.41994,1.00,1.00
2015.11.11 03:33:39.213,1.41984,1.41994,1.00,1.00
2015.11.11 03:33:39.715,1.41985,1.41994,1.00,1.00
2015.11.11 03:33:40.366,1.41984,1.41994,1.00,1.00
2015.11.11 03:33:41.012,1.41984,1.41995,1.00,1.00
2015.11.11 03:33:42.823,1.41985,1.41995,1.00,1.00
2015.11.11 03:33:43.425,1.41984,1.41995,1.00,1.00
2015.11.11 03:33:43.926,1.41985,1.41994,1.00,1.00
2015.11.11 03:33:44.427,1.41984,1.41994,1.00,1.00
2015.11.11 03:33:44.928,1.41985,1.41994,1.00,1.00
2015.11.11 03:33:45.429,1.41984,1.41994,1.00,1.00
2015.11.11 03:33:45.961,1.41985,1.41994,1.00,1.00
2015.11.11 03:33:46.121,1.41985,1.41997,1.00,1.00
2015.11.11 03:33:46.171,1.41987,1.41997,1.00,1.00
2015.11.11 03:33:46.323,1.41987,1.42001,1.00,1.00
2015.11.11 03:33:47.140,1.41985,1.42001,1.00,1.00
2015.11.11 03:33:47.443,1.41985,1.41999,1.00,1.00
2015.11.11 03:33:47.990,1.41984,1.41999,1.00,1.00
2015.11.11 03:33:51.063,1.41984,1.41998,1.00,1.00
2015.11.11 03:33:51.610,1.41985,1.41998,1.00,1.00
2015.11.11 03:33:52.266,1.41984,1.41998,1.00,1.00
2015.11.11 03:33:53.473,1.41985,1.41998,1.00,1.00
2015.11.11 03:33:53.975,1.41984,1.41998,1.00,1.00
2015.11.11 03:33:54.692,1.41985,1.41998,1.00,1.00
2015.11.11 03:33:55.402,1.41984,1.41998,1.00,1.00
2015.11.11 03:33:56.184,1.41985,1.41998,1.00,1.00
2015.11.11 03:33:56.688,1.41984,1.41998,1.00,1.00
2015.11.11 03:33:57.191,1.41985,1.41998,1.00,1.00
2015.11.11 03:33:57.902,1.41984,1.41998,1.00,1.00
2015.11.11 03:34:02.721,1.41985,1.41998,1.00,1.00
2015.11.11 03:34:03.324,1.41985,1.42004,1.50,1.00
2015.11.11 03:34:03.382,1.41991,1.42004,1.00,1.00
2015.11.11 03:34:03.634,1.41987,1.42004,1.00,1.00
2015.11.11 03:34:04.158,1.41986,1.42004,1.00,1.00
2015.11.11 03:34:04.380,1.41986,1.42002,1.00,1.00
2015.11.11 03:34:04.944,1.41987,1.42002,1.00,1.00
2015.11.11 03:34:05.447,1.41986,1.42002,1.00,1.00
2015.11.11 03:34:05.950,1.41985,1.42002,1.50,1.00
2015.11.11 03:34:06.321,1.41992,1.42004,1.00,1.00
2015.11.11 03:34:06.874,1.41986,1.42001,1.00,1.00
2015.11.11 03:34:07.640,1.41986,1.42005,1.00,1.00
2015.11.11 03:34:07.691,1.41992,1.42005,1.00,1.00
2015.11.11 03:34:08.189,1.41986,1.42006,1.00,1.00
2015.11.11 03:34:09.115,1.41986,1.42002,1.00,1.00
2015.11.11 03:34:09.767,1.41987,1.42002,1.00,1.00
2015.11.11 03:34:10.469,1.41986,1.42002,1.00,1.00
2015.11.11 03:34:10.971,1.41987,1.42002,1.00,1.00
2015.11.11 03:34:12.048,1.41987,1.42003,1.00,1.00
2015.11.11 03:34:15.793,1.41986,1.42003,1.00,1.00
2015.11.11 03:34:16.315,1.41986,1.42002,1.00,1.00
2015.11.11 03:34:16.616,1.41991,1.42005,1.00,1.00
2015.11.11 03:34:17.081,1.41987,1.42005,1.00,1.00
2015.11.11 03:34:17.650,1.41986,1.42003,1.00,1.00
2015.11.11 03:34:17.957,1.41992,1.42008,1.00,1.00
2015.11.11 03:34:18.451,1.41986,1.42004,1.00,1.00
2015.11.11 03:34:19.212,1.41987,1.42004,1.00,1.00
2015.11.11 03:34:19.413,1.41992,1.42006,1.00,1.00
2015.11.11 03:34:19.928,1.41986,1.42006,1.00,1.00
2015.11.11 03:34:19.978,1.41986,1.42003,1.00,1.00
2015.11.11 03:34:20.927,1.41987,1.42003,1.00,1.00
2015.11.11 03:34:21.265,1.41992,1.42008,1.00,1.00
2015.11.11 03:34:21.416,1.41985,1.42004,2.25,1.00
2015.11.11 03:34:21.617,1.41987,1.42004,1.00,1.00
2015.11.11 03:34:22.210,1.41986,1.42004,1.00,1.00
2015.11.11 03:34:22.520,1.41993,1.42007,1.00,1.00
2015.11.11 03:34:23.168,1.41987,1.42007,1.00,1.00
2015.11.11 03:34:23.618,1.41987,1.42004,1.00,1.00
2015.11.11 03:34:23.949,1.41992,1.42008,1.00,1.00
2015.11.11 03:34:24.454,1.41987,1.42008,1.00,1.00
2015.11.11 03:34:24.505,1.41985,1.42008,1.50,1.50
2015.11.11 03:34:24.619,1.41987,1.42008,1.00,1.50
2015.11.11 03:34:25.153,1.41986,1.42005,1.00,1.00
2015.11.11 03:34:25.416,1.41987,1.42007,1.00,1.00
2015.11.11 03:34:25.467,1.41993,1.42007,1.00,1.00
2015.11.11 03:34:25.618,1.41991,1.42007,1.00,1.00
2015.11.11 03:34:26.097,1.41985,1.42007,1.00,1.00
2015.11.11 03:34:26.419,1.41987,1.42007,1.00,1.00
2015.11.11 03:34:26.767,1.41987,1.42004,1.00,1.00
2015.11.11 03:34:26.918,1.41987,1.42007,1.00,1.00
2015.11.11 03:34:26.969,1.41993,1.42007,1.00,1.00
2015.11.11 03:34:27.466,1.41986,1.42004,1.00,1.00
2015.11.11 03:34:28.223,1.41987,1.42004,1.00,1.00
2015.11.11 03:34:28.424,1.41993,1.42004,1.00,1.00
2015.11.11 03:34:28.475,1.41993,1.42007,1.00,1.00
2015.11.11 03:34:28.926,1.41986,1.42004,1.50,1.00
2015.11.11 03:34:29.767,1.41987,1.42004,1.00,1.00
2015.11.11 03:34:29.868,1.41987,1.42008,1.00,1.00
2015.11.11 03:34:30.195,1.41992,1.42008,1.00,1.00
2015.11.11 03:34:30.450,1.41986,1.42005,1.00,1.00
2015.11.11 03:34:31.228,1.41987,1.42005,1.00,1.00
2015.11.11 03:34:31.329,1.41992,1.42005,1.00,1.00
2015.11.11 03:34:31.430,1.41993,1.42009,1.00,1.00
2015.11.11 03:34:31.636,1.41991,1.42009,1.00,1.00
2015.11.11 03:34:31.838,1.41986,1.42009,1.00,1.00
2015.11.11 03:34:31.989,1.41986,1.42004,1.00,1.00
2015.11.11 03:34:32.861,1.41993,1.42004,1.00,1.00
2015.11.11 03:34:33.369,1.41986,1.42005,1.00,1.00
2015.11.11 03:34:33.521,1.41985,1.42003,1.00,1.00
2015.11.11 03:34:33.974,1.41987,1.42003,1.00,1.00
2015.11.11 03:34:34.350,1.41993,1.42003,1.00,1.00
2015.11.11 03:34:34.401,1.41993,1.42009,1.00,1.00
2015.11.11 03:34:35.039,1.41985,1.42009,3.00,1.00
2015.11.11 03:34:35.090,1.41985,1.42004,1.00,1.00
2015.11.11 03:34:35.728,1.41986,1.42004,1.00,1.00
2015.11.11 03:34:36.034,1.41993,1.42009,1.00,1.00
2015.11.11 03:34:36.346,1.41987,1.42009,1.00,1.00
2015.11.11 03:34:36.891,1.41987,1.42008,1.00,1.00
2015.11.11 03:34:37.146,1.41986,1.42006,1.00,1.00
2015.11.11 03:34:37.495,1.41992,1.42008,1.00,1.00
2015.11.11 03:34:37.832,1.41992,1.42013,1.00,1.50
2015.11.11 03:34:38.363,1.41988,1.42011,1.00,1.00
2015.11.11 03:34:38.565,1.41986,1.42008,1.50,1.00
2015.11.11 03:34:39.146,1.41987,1.42008,1.00,1.00
2015.11.11 03:34:39.697,1.41986,1.42008,1.50,1.00
2015.11.11 03:34:40.111,1.41992,1.42008,1.00,1.00
2015.11.11 03:34:40.859,1.41992,1.42012,1.00,1.00
2015.11.11 03:34:41.200,1.41992,1.4201,1.00,1.00
2015.11.11 03:34:41.372,1.41987,1.42009,1.00,1.00
2015.11.11 03:34:41.423,1.41987,1.42005,1.00,1.00
2015.11.11 03:34:42.053,1.41986,1.42005,1.00,1.00
2015.11.11 03:34:42.753,1.41987,1.42005,1.00,1.00
2015.11.11 03:34:45.172,1.41987,1.42006,1.00,1.00
2015.11.11 03:34:46.727,1.41987,1.42004,1.00,1.00
2015.11.11 03:34:47.029,1.41993,1.42004,1.00,1.00
2015.11.11 03:34:47.658,1.41985,1.42004,1.00,1.00
2015.11.11 03:34:47.936,1.41986,1.42002,1.00,1.00
2015.11.11 03:34:48.368,1.41992,1.42002,1.00,1.00
2015.11.11 03:34:48.871,1.41986,1.42002,1.00,1.00
2015.11.11 03:34:49.421,1.4198,1.42,1.00,1.00
2015.11.11 03:34:49.471,1.41983,1.42,1.00,1.00
2015.11.11 03:34:49.734,1.41979,1.41997,1.00,1.00
2015.11.11 03:34:49.886,1.41981,1.42002,1.00,1.00
2015.11.11 03:34:50.090,1.41979,1.42002,1.00,1.00
2015.11.11 03:34:50.610,1.41979,1.42001,1.00,1.00
2015.11.11 03:34:51.349,1.41979,1.41999,1.00,1.00
2015.11.11 03:34:51.705,1.41979,1.41997,1.00,1.00
2015.11.11 03:34:52.874,1.41979,1.41999,1.00,1.00
2015.11.11 03:34:53.609,1.41978,1.41999,1.00,1.00
2015.11.11 03:34:54.101,1.41978,1.41997,1.00,1.00
2015.11.11 03:35:00.690,1.41978,1.41999,1.00,1.00
2015.11.11 03:35:09.171,1.41978,1.42001,1.00,1.00
2015.11.11 03:35:10.332,1.4198,1.42001,1.00,1.00
2015.11.11 03:35:10.577,1.4198,1.42003,1.00,1.00
2015.11.11 03:35:11.103,1.41983,1.42006,1.00,1.00
2015.11.11 03:35:11.883,1.41983,1.42004,1.00,1.00
2015.11.11 03:35:20.705,1.41983,1.42005,1.00,1.00
2015.11.11 03:35:20.906,1.41984,1.42009,1.00,1.50
2015.11.11 03:35:30.375,1.41985,1.42009,1.00,1.00
2015.11.11 03:35:31.565,1.41987,1.42009,1.00,1.00
2015.11.11 03:35:32.205,1.41987,1.4201,1.00,1.00
2015.11.11 03:35:36.739,1.41988,1.42011,1.00,1.00
2015.11.11 03:35:40.399,1.41986,1.42011,1.00,1.00
2015.11.11 03:35:42.905,1.41987,1.4201,1.00,1.00
2015.11.11 03:35:46.664,1.41987,1.42008,1.00,1.00
2015.11.11 03:35:50.372,1.41988,1.42008,1.00,1.00
2015.11.11 03:35:50.423,1.41988,1.4201,1.00,1.00
2015.11.11 03:35:51.599,1.41988,1.42011,1.00,1.50
2015.11.11 03:35:51.956,1.41986,1.4201,1.00,1.00
2015.11.11 03:35:52.803,1.41986,1.42009,1.00,1.00
2015.11.11 03:35:53.427,1.41987,1.42009,1.00,1.00
2015.11.11 03:35:53.928,1.41986,1.42009,1.00,1.00
2015.11.11 03:35:54.629,1.41987,1.42008,1.00,1.00
2015.11.11 03:35:55.365,1.41984,1.42006,1.00,1.00
2015.11.11 03:35:57.134,1.41986,1.42006,1.00,1.00
2015.11.11 03:35:57.888,1.41987,1.42006,1.00,1.00
2015.11.11 03:35:58.868,1.41983,1.42005,1.00,1.00
2015.11.11 03:36:19.377,1.41985,1.42005,1.00,1.00
2015.11.11 03:36:21.556,1.41985,1.42003,1.00,1.00
2015.11.11 03:36:22.183,1.41984,1.42003,1.00,1.00
2015.11.11 03:36:22.760,1.41985,1.42003,1.00,1.00
2015.11.11 03:36:23.291,1.41984,1.42003,1.00,1.00
2015.11.11 03:36:23.886,1.41985,1.42003,1.00,1.00
2015.11.11 03:36:24.888,1.41984,1.42003,1.00,1.00
2015.11.11 03:36:25.389,1.41985,1.42003,1.00,1.00
2015.11.11 03:36:26.691,1.41984,1.42003,1.00,1.00
2015.11.11 03:36:27.192,1.41985,1.42003,1.00,1.00
2015.11.11 03:36:27.693,1.41984,1.42003,1.00,1.00
2015.11.11 03:36:28.268,1.41985,1.42003,1.00,1.00
2015.11.11 03:36:28.920,1.41983,1.42003,1.50,1.00
2015.11.11 03:36:31.099,1.41984,1.42003,1.00,1.00
2015.11.11 03:36:31.900,1.41983,1.42003,1.50,1.00
2015.11.11 03:36:33.514,1.41984,1.42003,1.00,1.00
2015.11.11 03:36:34.260,1.41984,1.42004,1.00,1.00
2015.11.11 03:36:40.118,1.41985,1.42004,1.00,1.00
2015.11.11 03:36:43.627,1.41984,1.42004,1.00,1.00
2015.11.11 03:36:44.428,1.41985,1.42004,1.00,1.00
2015.11.11 03:36:46.150,1.41984,1.42004,1.00,1.00
2015.11.11 03:36:46.932,1.41985,1.42004,1.00,1.00
2015.11.11 03:36:47.633,1.41984,1.42004,1.00,1.00
2015.11.11 03:36:49.137,1.41985,1.42004,1.00,1.00
2015.11.11 03:36:49.938,1.41984,1.42004,1.00,1.00
2015.11.11 03:36:50.439,1.41985,1.42004,1.00,1.00
2015.11.11 03:36:50.940,1.41984,1.42004,1.00,1.00
2015.11.11 03:36:51.479,1.41984,1.42005,1.00,1.50
2015.11.11 03:36:51.688,1.41986,1.42008,1.00,1.50
2015.11.11 03:36:52.639,1.41986,1.42006,1.00,1.00
2015.11.11 03:36:54.449,1.41987,1.42006,1.00,1.00
2015.11.11 03:36:55.646,1.41986,1.42006,1.00,1.00
2015.11.11 03:36:56.153,1.41987,1.42006,1.00,1.00
2015.11.11 03:37:00.379,1.41985,1.42006,1.00,1.50
2015.11.11 03:37:01.238,1.41985,1.42005,1.00,1.00
2015.11.11 03:37:02.171,1.41984,1.42005,1.00,1.00
2015.11.11 03:37:02.672,1.41985,1.42005,1.00,1.00
2015.11.11 03:37:03.440,1.41984,1.42005,1.00,1.00
2015.11.11 03:37:03.995,1.41985,1.42005,1.00,1.00
2015.11.11 03:37:05.293,1.41984,1.42006,1.50,1.50
2015.11.11 03:37:07.787,1.41985,1.42006,1.50,1.50
2015.11.11 03:37:08.308,1.41984,1.42004,1.50,1.00
2015.11.11 03:37:09.046,1.41985,1.42004,1.50,1.00
2015.11.11 03:37:09.893,1.41985,1.42003,1.50,1.00
2015.11.11 03:37:11.197,1.41984,1.42003,1.50,1.00
2015.11.11 03:37:11.899,1.41985,1.42003,1.50,1.00
2015.11.11 03:37:12.601,1.41984,1.42003,1.50,1.00
2015.11.11 03:37:13.202,1.41985,1.42003,1.50,1.00
2015.11.11 03:37:13.704,1.41984,1.42003,1.50,1.00
2015.11.11 03:37:14.206,1.41985,1.42003,1.50,1.00
2015.11.11 03:37:14.783,1.41984,1.42003,1.50,1.00
2015.11.11 03:37:15.409,1.41985,1.42003,1.50,1.00
2015.11.11 03:37:15.910,1.41984,1.42003,1.50,1.00
2015.11.11 03:37:16.912,1.41985,1.42003,1.50,1.00
2015.11.11 03:37:17.594,1.41984,1.42003,1.50,1.00
2015.11.11 03:37:19.417,1.41985,1.42003,1.50,1.00
2015.11.11 03:37:20.118,1.41984,1.42003,1.50,1.00
2015.11.11 03:37:20.619,1.41985,1.42003,1.50,1.00
2015.11.11 03:37:21.420,1.41984,1.42003,1.50,1.00
2015.11.11 03:37:21.922,1.41985,1.42003,1.50,1.00
2015.11.11 03:37:23.625,1.41984,1.42003,1.50,1.00
2015.11.11 03:37:31.643,1.41985,1.42003,1.50,1.00
2015.11.11 03:37:32.445,1.41984,1.42003,1.50,1.00
2015.11.11 03:37:32.993,1.41985,1.42002,1.50,1.00
2015.11.11 03:37:33.509,1.41984,1.42002,1.50,1.00
2015.11.11 03:37:34.451,1.41985,1.42002,1.50,1.00
2015.11.11 03:37:35.154,1.41984,1.42002,1.50,1.00
2015.11.11 03:37:35.656,1.41985,1.42002,1.50,1.00
2015.11.11 03:37:36.158,1.41984,1.42002,1.50,1.00
2015.11.11 03:37:36.859,1.41985,1.42002,1.50,1.00
2015.11.11 03:37:37.861,1.41984,1.42002,1.50,1.00
2015.11.11 03:37:38.394,1.41985,1.42002,1.50,1.00
2015.11.11 03:37:39.024,1.41984,1.42002,1.50,1.00
2015.11.11 03:37:39.204,1.41981,1.42002,1.50,1.00
2015.11.11 03:37:39.884,1.4198,1.42002,2.25,1.00
2015.11.11 03:37:40.493,1.41981,1.42002,1.50,1.00
2015.11.11 03:37:40.694,1.41984,1.42002,1.00,1.00
2015.11.11 03:37:41.187,1.41981,1.42002,1.50,1.00
2015.11.11 03:37:41.869,1.4198,1.42003,2.25,1.50
2015.11.11 03:37:42.388,1.41981,1.42003,1.00,1.50
2015.11.11 03:37:42.716,1.41983,1.42003,1.00,1.50
2015.11.11 03:37:43.392,1.41981,1.42003,2.25,1.00
2015.11.11 03:37:44.435,1.41982,1.42003,1.00,1.00
2015.11.11 03:37:45.377,1.41983,1.42003,1.00,1.00
2015.11.11 03:37:45.701,1.41981,1.42001,1.00,1.00
2015.11.11 03:37:46.805,1.41981,1.42,2.25,1.00
2015.11.11 03:37:48.246,1.41982,1.42,1.00,1.00
2015.11.11 03:37:49.435,1.41983,1.42,1.00,1.00
2015.11.11 03:37:52.798,1.41982,1.42,1.00,1.00
2015.11.11 03:37:53.536,1.41983,1.42,1.00,1.00
2015.11.11 03:37:54.402,1.41982,1.42,1.00,1.00
2015.11.11 03:37:54.903,1.41983,1.42,1.00,1.00
2015.11.11 03:37:56.206,1.41982,1.42,1.00,1.00
2015.11.11 03:37:57.207,1.41983,1.42,1.00,1.00
2015.11.11 03:37:58.610,1.41982,1.42,1.00,1.00
2015.11.11 03:37:59.300,1.41983,1.42,1.00,1.00
2015.11.11 03:37:59.912,1.41982,1.42,1.00,1.00
2015.11.11 03:38:00.571,1.41983,1.42,1.00,1.00
2015.11.11 03:38:01.228,1.41982,1.42,1.00,1.00
2015.11.11 03:38:02.108,1.41982,1.42001,1.00,1.00
2015.11.11 03:38:02.703,1.41982,1.42002,1.00,1.00
2015.11.11 03:38:03.488,1.41982,1.42004,1.00,1.50
2015.11.11 03:38:21.108,1.41982,1.42003,1.00,1.00
2015.11.11 03:38:30.104,1.41983,1.42002,1.00,1.00
2015.11.11 03:38:30.871,1.41982,1.42002,1.00,1.00
2015.11.11 03:38:31.672,1.41983,1.42002,1.00,1.00
2015.11.11 03:38:32.310,1.41982,1.42002,1.00,1.00
2015.11.11 03:38:32.874,1.41983,1.42002,1.00,1.00
2015.11.11 03:38:33.375,1.41982,1.42002,1.00,1.00
2015.11.11 03:38:33.877,1.41983,1.42002,1.00,1.00
2015.11.11 03:38:34.830,1.41982,1.42002,1.00,1.00
2015.11.11 03:38:35.680,1.41983,1.42002,1.00,1.00
2015.11.11 03:38:36.788,1.41982,1.42002,1.00,1.00
2015.11.11 03:38:37.422,1.41982,1.42003,1.00,1.00
2015.11.11 03:38:39.012,1.41983,1.42003,1.00,1.00
2015.11.11 03:38:39.438,1.41981,1.42001,3.00,1.00
2015.11.11 03:38:39.669,1.41977,1.42,1.00,1.50
2015.11.11 03:38:40.576,1.41976,1.41999,1.00,1.00
2015.11.11 03:38:41.555,1.41975,1.41998,1.00,1.00
2015.11.11 03:38:43.216,1.41975,1.41996,1.00,1.00
2015.11.11 03:38:44.435,1.41976,1.41997,1.00,1.00
2015.11.11 03:38:55.099,1.41976,1.41992,1.00,1.00
2015.11.11 03:38:55.150,1.41973,1.41992,1.00,1.00
2015.11.11 03:38:55.201,1.41971,1.41992,1.00,1.00
2015.11.11 03:38:55.655,1.41967,1.4199,1.00,1.00
2015.11.11 03:38:55.757,1.41965,1.41987,2.25,1.00
2015.11.11 03:38:56.060,1.4197,1.41991,1.00,1.00
2015.11.11 03:38:56.658,1.41968,1.4199,1.50,1.00
2015.11.11 03:38:56.924,1.41963,1.41986,1.00,1.00
2015.11.11 03:38:56.975,1.4196,1.41983,1.00,1.00
2015.11.11 03:38:58.365,1.41961,1.41985,1.00,1.00
2015.11.11 03:38:58.884,1.41961,1.41986,1.50,1.50
2015.11.11 03:38:59.907,1.41961,1.41985,1.50,1.00
2015.11.11 03:39:01.006,1.41961,1.41984,1.00,1.00
2015.11.11 03:39:04.799,1.41961,1.41985,1.00,1.00
2015.11.11 03:39:04.850,1.4196,1.41983,1.00,1.00
2015.11.11 03:39:05.166,1.41958,1.4198,1.00,1.00
2015.11.11 03:39:05.535,1.41958,1.41978,1.00,1.00
2015.11.11 03:39:06.640,1.41958,1.41977,1.00,1.00
2015.11.11 03:39:06.691,1.41956,1.41977,1.00,1.00
2015.11.11 03:39:07.870,1.41956,1.41979,1.00,1.50
2015.11.11 03:39:08.829,1.41957,1.41979,1.00,1.00
2015.11.11 03:39:10.296,1.41957,1.41978,1.00,1.00
2015.11.11 03:39:15.565,1.41957,1.41977,1.00,1.00
2015.11.11 03:39:16.615,1.41958,1.41977,1.00,1.00
2015.11.11 03:39:17.176,1.41958,1.41978,1.00,1.00
2015.11.11 03:39:18.288,1.4196,1.41978,1.00,1.00
2015.11.11 03:39:18.968,1.41958,1.41978,1.00,1.00
2015.11.11 03:39:19.474,1.41958,1.41979,1.00,1.00
2015.11.11 03:39:23.460,1.41958,1.41981,1.00,1.00
2015.11.11 03:39:28.137,1.41958,1.41982,1.00,1.00
2015.11.11 03:39:28.609,1.41957,1.4198,1.00,1.00
2015.11.11 03:39:28.945,1.41957,1.41978,1.00,1.00
2015.11.11 03:39:29.825,1.41957,1.41979,1.00,1.00
2015.11.11 03:39:31.366,1.41956,1.41979,1.00,1.50
2015.11.11 03:39:36.855,1.41954,1.41977,1.00,1.00
2015.11.11 03:39:39.107,1.41954,1.41978,1.00,1.00
2015.11.11 03:39:40.045,1.41956,1.41978,1.00,1.00
2015.11.11 03:39:41.044,1.41956,1.41979,1.50,1.00
2015.11.11 03:39:45.105,1.41956,1.41978,1.00,1.00
2015.11.11 03:39:45.638,1.41955,1.41978,1.00,1.50
2015.11.11 03:39:56.955,1.41954,1.41978,2.25,1.00
2015.11.11 03:40:01.109,1.41954,1.41977,1.00,1.00
2015.11.11 03:40:01.971,1.41954,1.41976,1.00,1.00
2015.11.11 03:40:03.175,1.41954,1.41977,1.00,1.00
2015.11.11 03:40:04.628,1.41953,1.41975,1.50,1.00
2015.11.11 03:40:05.188,1.41954,1.41975,1.00,1.00
2015.11.11 03:40:06.400,1.41953,1.41975,1.50,1.00
2015.11.11 03:40:06.969,1.41954,1.41975,1.00,1.00
2015.11.11 03:40:10.345,1.41954,1.41974,1.00,1.00
2015.11.11 03:40:11.403,1.41953,1.41974,1.50,1.00
2015.11.11 03:40:12.203,1.41954,1.41974,1.00,1.00
2015.11.11 03:40:12.870,1.41954,1.41975,1.00,1.00
2015.11.11 03:40:13.518,1.41953,1.41975,1.50,1.00
2015.11.11 03:40:13.821,1.41954,1.41972,1.00,1.00
2015.11.11 03:40:14.296,1.41954,1.41975,1.50,1.00
2015.11.11 03:40:14.638,1.41954,1.41977,1.50,1.00
2015.11.11 03:40:16.348,1.41955,1.41978,1.00,1.00
2015.11.11 03:40:19.317,1.41955,1.4198,1.00,1.00
2015.11.11 03:40:21.429,1.41954,1.41979,1.50,1.00
2015.11.11 03:40:30.647,1.41955,1.4198,1.00,1.00
2015.11.11 03:40:34.494,1.41955,1.41978,1.00,1.50
2015.11.11 03:40:34.797,1.41959,1.41982,1.00,1.00
2015.11.11 03:40:34.949,1.41959,1.41984,1.00,1.00
2015.11.11 03:40:37.356,1.4196,1.41985,1.00,1.50
2015.11.11 03:40:37.973,1.4196,1.41984,1.00,1.00
2015.11.11 03:40:38.474,1.4196,1.41985,1.00,1.50
2015.11.11 03:40:39.009,1.4196,1.41984,1.00,1.00
2015.11.11 03:40:39.677,1.41961,1.41985,1.00,1.50
2015.11.11 03:40:41.321,1.41961,1.41984,1.00,1.00
2015.11.11 03:40:41.882,1.41961,1.41985,1.00,1.50
2015.11.11 03:40:42.383,1.41961,1.41984,1.00,1.00
2015.11.11 03:40:44.187,1.41961,1.41985,1.00,1.50
2015.11.11 03:40:44.688,1.41961,1.41984,1.00,1.00
2015.11.11 03:40:45.837,1.41961,1.41985,1.00,1.50
2015.11.11 03:40:46.894,1.41961,1.41984,1.00,1.00
2015.11.11 03:40:47.413,1.41961,1.41985,1.00,1.50
2015.11.11 03:40:48.197,1.41961,1.41984,1.00,1.00
2015.11.11 03:40:48.744,1.41962,1.41985,1.00,1.50
2015.11.11 03:40:49.399,1.41962,1.41984,1.00,1.00
2015.11.11 03:40:50.201,1.41962,1.41985,1.00,1.50
2015.11.11 03:40:50.903,1.41962,1.41984,1.00,1.00
2015.11.11 03:40:51.704,1.41962,1.41985,1.00,1.50
2015.11.11 03:40:52.205,1.41962,1.41984,1.00,1.00
2015.11.11 03:40:52.706,1.41962,1.41985,1.00,1.50
2015.11.11 03:40:53.207,1.41962,1.41984,1.00,1.00
2015.11.11 03:40:53.709,1.41962,1.41985,1.00,1.50
2015.11.11 03:40:54.490,1.41962,1.41984,1.00,1.00
2015.11.11 03:40:54.995,1.41962,1.41985,1.00,1.50
2015.11.11 03:40:56.723,1.41962,1.41984,1.50,1.00
2015.11.11 03:40:57.226,1.41962,1.41985,1.50,1.50
2015.11.11 03:40:58.509,1.41963,1.41985,1.00,1.50
2015.11.11 03:40:59.935,1.41963,1.41984,1.00,1.00
2015.11.11 03:41:00.620,1.41963,1.41985,1.00,1.50
2015.11.11 03:41:01.125,1.41963,1.41984,1.00,1.00
2015.11.11 03:41:02.139,1.41963,1.41985,1.00,1.50
2015.11.11 03:41:02.640,1.41963,1.41984,1.00,1.00
2015.11.11 03:41:03.225,1.41963,1.41985,1.00,1.50
2015.11.11 03:41:03.748,1.41963,1.41984,1.00,1.00
2015.11.11 03:41:04.444,1.41963,1.41985,1.00,1.50
2015.11.11 03:41:05.145,1.41963,1.41984,1.00,1.00
2015.11.11 03:41:05.682,1.41963,1.41985,1.00,1.50
2015.11.11 03:41:06.447,1.41963,1.41984,1.00,1.00
2015.11.11 03:41:07.149,1.41963,1.41985,1.00,1.50
2015.11.11 03:41:07.661,1.41964,1.41984,1.00,1.00
2015.11.11 03:41:09.266,1.41965,1.41984,1.00,1.00
2015.11.11 03:41:09.367,1.41965,1.41986,1.00,1.00
2015.11.11 03:41:10.929,1.41963,1.41986,1.00,1.00
2015.11.11 03:41:11.858,1.41963,1.41985,1.00,1.00
2015.11.11 03:41:11.959,1.41961,1.41985,2.25,1.00
2015.11.11 03:41:15.665,1.41961,1.41984,1.50,1.00
2015.11.11 03:41:18.520,1.41962,1.41984,1.00,1.50
2015.11.11 03:41:20.958,1.41963,1.41985,1.00,1.00
2015.11.11 03:41:21.916,1.41963,1.41988,2.25,1.00
2015.11.11 03:41:25.022,1.41963,1.41982,1.50,1.00
2015.11.11 03:41:25.545,1.41962,1.41982,1.00,1.00
2015.11.11 03:41:42.483,1.41962,1.4198,1.00,1.00
2015.11.11 03:41:43.027,1.41962,1.41979,1.00,1.00
2015.11.11 03:41:43.185,1.41957,1.41979,1.00,1.00
2015.11.11 03:41:43.295,1.41957,1.41973,1.00,1.00
2015.11.11 03:41:43.498,1.41955,1.41973,1.00,1.00
2015.11.11 03:41:44.763,1.41955,1.41974,1.00,1.50
2015.11.11 03:41:45.015,1.41955,1.41972,1.00,1.00
2015.11.11 03:41:46.736,1.41956,1.41972,1.00,1.00
2015.11.11 03:41:46.892,1.41954,1.41973,1.00,1.00
2015.11.11 03:41:50.262,1.41954,1.41974,1.00,1.00
2015.11.11 03:41:50.413,1.41956,1.41974,1.00,1.00
2015.11.11 03:41:52.767,1.41956,1.41972,1.00,1.00
2015.11.11 03:41:53.731,1.41953,1.41972,1.00,1.00
2015.11.11 03:41:57.107,1.41954,1.41972,1.00,1.00
2015.11.11 03:42:01.287,1.41954,1.41971,1.00,1.00
2015.11.11 03:42:01.640,1.41952,1.4197,1.00,1.00
2015.11.11 03:42:01.691,1.41952,1.41968,1.00,1.00
2015.11.11 03:42:01.742,1.41947,1.41968,1.00,1.00
2015.11.11 03:42:01.792,1.41947,1.41962,1.00,1.00
2015.11.11 03:42:01.843,1.41945,1.41962,1.00,1.00
2015.11.11 03:42:03.281,1.41945,1.41965,1.00,1.00
2015.11.11 03:42:03.533,1.41946,1.41961,1.00,1.00
2015.11.11 03:42:04.072,1.41945,1.41961,1.00,1.00
2015.11.11 03:42:05.023,1.41945,1.41964,1.00,1.00
2015.11.11 03:42:05.275,1.41947,1.41961,1.00,1.00
2015.11.11 03:42:05.377,1.41945,1.41961,1.00,1.00
2015.11.11 03:42:06.815,1.41946,1.41964,1.00,1.00
2015.11.11 03:42:07.330,1.41947,1.41966,1.00,1.00
2015.11.11 03:42:08.038,1.41947,1.41969,1.00,1.50
2015.11.11 03:42:08.139,1.4195,1.41969,1.00,1.50
2015.11.11 03:42:08.787,1.41951,1.4197,1.00,1.00
2015.11.11 03:42:09.413,1.41952,1.4197,1.00,1.00
2015.11.11 03:42:14.021,1.41952,1.41967,1.50,1.00
2015.11.11 03:42:14.324,1.41954,1.41967,1.00,1.00
2015.11.11 03:42:14.395,1.41952,1.41967,1.00,1.00
2015.11.11 03:42:23.794,1.41952,1.41969,1.00,1.00
2015.11.11 03:42:24.456,1.41951,1.4197,1.50,1.00
2015.11.11 03:42:24.921,1.41953,1.4197,1.00,1.00
2015.11.11 03:42:25.594,1.41953,1.41971,1.00,1.00
2015.11.11 03:42:45.574,1.41953,1.4197,1.00,1.00
2015.11.11 03:43:06.173,1.41953,1.41971,1.00,1.00
2015.11.11 03:43:16.189,1.41953,1.4197,1.00,1.00
2015.11.11 03:43:26.669,1.41953,1.41969,1.00,1.00
2015.11.11 03:43:31.274,1.41953,1.41971,1.00,1.00
2015.11.11 03:43:32.618,1.41954,1.41971,1.00,1.00
2015.11.11 03:43:33.819,1.41953,1.41971,1.50,1.00
2015.11.11 03:43:41.776,1.41953,1.41972,1.00,1.00
2015.11.11 03:43:43.376,1.41952,1.41972,1.00,1.00
2015.11.11 03:43:44.092,1.41952,1.41971,1.00,1.00
2015.11.11 03:43:53.734,1.4195,1.41971,1.00,1.00
2015.11.11 03:43:54.280,1.4195,1.41972,1.00,1.00
2015.11.11 03:43:55.127,1.41952,1.41972,1.00,1.00
2015.11.11 03:44:01.114,1.41953,1.41972,1.00,1.00
2015.11.11 03:44:01.648,1.41954,1.41971,1.00,1.00
2015.11.11 03:44:02.881,1.41953,1.41971,1.50,1.00
2015.11.11 03:44:03.182,1.41951,1.41972,1.00,1.00
2015.11.11 03:44:04.417,1.41952,1.41972,1.00,1.00
2015.11.11 03:44:05.602,1.41953,1.41972,1.00,1.00
2015.11.11 03:44:09.487,1.41952,1.41972,1.00,1.00
2015.11.11 03:44:09.920,1.41954,1.41972,1.00,1.00
2015.11.11 03:44:13.274,1.41954,1.41971,1.00,1.00
2015.11.11 03:44:18.016,1.41954,1.41972,1.00,1.00
2015.11.11 03:44:18.591,1.41956,1.41972,1.00,1.00
2015.11.11 03:44:19.106,1.41956,1.41971,1.00,1.00
2015.11.11 03:44:19.695,1.41953,1.41971,1.00,1.00
2015.11.11 03:44:20.406,1.41955,1.41971,1.00,1.00
2015.11.11 03:44:21.331,1.41956,1.41971,1.00,1.00
2015.11.11 03:44:21.923,1.41956,1.41972,1.00,1.00
2015.11.11 03:44:23.664,1.41952,1.41972,1.00,1.00
2015.11.11 03:44:24.956,1.41954,1.41972,1.00,1.00
2015.11.11 03:44:26.324,1.41957,1.41972,1.00,1.00
2015.11.11 03:44:27.645,1.41956,1.41972,1.00,1.00
2015.11.11 03:44:28.623,1.41955,1.41972,1.00,1.00
2015.11.11 03:44:30.929,1.41952,1.41972,1.50,1.00
2015.11.11 03:44:33.321,1.41951,1.41972,1.50,1.00
2015.11.11 03:44:39.192,1.41949,1.41972,1.50,1.00
2015.11.11 03:44:44.371,1.41949,1.41971,1.50,1.00
2015.11.11 03:44:44.907,1.41951,1.41971,1.00,1.00
2015.11.11 03:44:54.883,1.41951,1.41972,1.50,1.00
2015.11.11 03:44:56.212,1.41956,1.41972,1.00,1.00
2015.11.11 03:44:56.314,1.41956,1.41978,1.00,1.00
2015.11.11 03:44:56.415,1.4196,1.41978,1.00,1.00
2015.11.11 03:44:56.941,1.41961,1.41978,1.00,1.00
2015.11.11 03:44:57.495,1.41962,1.41979,1.00,1.00
2015.11.11 03:44:58.531,1.41962,1.4198,1.00,1.00
2015.11.11 03:44:58.632,1.41958,1.4198,1.00,1.00
2015.11.11 03:44:59.202,1.41959,1.4198,1.00,1.00
2015.11.11 03:45:04.904,1.41958,1.4198,1.50,1.00
2015.11.11 03:45:06.126,1.41957,1.4198,1.00,1.50
2015.11.11 03:45:07.745,1.41957,1.41978,1.00,1.00
2015.11.11 03:45:19.576,1.41957,1.4198,1.50,1.50
2015.11.11 03:45:19.677,1.41961,1.4198,1.00,1.00
2015.11.11 03:45:20.698,1.4196,1.4198,3.00,1.00
2015.11.11 03:45:21.346,1.41961,1.4198,1.00,1.00
2015.11.11 03:45:21.855,1.4196,1.4198,1.50,1.00
2015.11.11 03:45:21.905,1.41957,1.4198,1.00,1.00
2015.11.11 03:45:22.169,1.4196,1.41981,1.00,1.50
2015.11.11 03:45:22.506,1.41962,1.41981,1.00,1.00
2015.11.11 03:45:24.525,1.41963,1.41981,1.00,1.00
2015.11.11 03:45:25.594,1.41964,1.41981,1.00,1.00
2015.11.11 03:45:26.711,1.41965,1.41981,1.00,1.00
2015.11.11 03:45:27.264,1.41965,1.41982,1.50,1.00
2015.11.11 03:45:27.568,1.4197,1.41983,1.00,1.00
2015.11.11 03:45:27.618,1.4197,1.41987,1.00,1.00
2015.11.11 03:45:27.770,1.41972,1.41987,1.00,1.00
2015.11.11 03:45:27.921,1.41972,1.41991,1.00,1.00
2015.11.11 03:45:28.929,1.41974,1.41993,1.00,1.00
2015.11.11 03:45:29.633,1.41974,1.41991,1.00,1.00
2015.11.11 03:45:30.136,1.41973,1.41992,1.00,1.00
2015.11.11 03:45:33.409,1.41974,1.41992,1.00,1.00
2015.11.11 03:45:34.631,1.41974,1.41991,1.00,1.00
2015.11.11 03:45:35.943,1.41973,1.41991,1.00,1.00
2015.11.11 03:45:36.733,1.41972,1.41991,1.50,1.00
2015.11.11 03:45:41.844,1.41974,1.41991,1.00,1.00
2015.11.11 03:45:45.574,1.41974,1.41986,1.00,1.00
2015.11.11 03:45:45.625,1.41971,1.41986,1.50,1.00
2015.11.11 03:45:45.878,1.41968,1.41987,1.00,1.00
2015.11.11 03:45:45.928,1.41972,1.41987,1.00,1.00
2015.11.11 03:45:46.575,1.41972,1.41989,1.00,1.00
2015.11.11 03:45:50.705,1.41972,1.4199,1.00,1.00
2015.11.11 03:45:56.485,1.4197,1.4199,1.00,1.00
2015.11.11 03:45:56.536,1.4197,1.41988,1.00,1.00
2015.11.11 03:45:56.587,1.41968,1.41988,1.00,1.00
2015.11.11 03:45:56.939,1.41967,1.41986,1.00,1.00
2015.11.11 03:45:57.141,1.41965,1.41986,1.00,1.00
2015.11.11 03:45:57.874,1.41965,1.41984,1.00,1.00
2015.11.11 03:45:58.469,1.41964,1.41984,1.50,1.00
2015.11.11 03:45:59.004,1.41965,1.41984,1.00,1.00
2015.11.11 03:45:59.771,1.41964,1.41984,1.50,1.00
2015.11.11 03:46:00.197,1.41964,1.41982,1.50,1.00
2015.11.11 03:46:00.849,1.41965,1.41982,1.00,1.00
2015.11.11 03:46:01.953,1.41964,1.41982,1.50,1.00
2015.11.11 03:46:02.652,1.41965,1.41982,1.00,1.00
2015.11.11 03:46:04.455,1.41964,1.41982,1.50,1.00
2015.11.11 03:46:04.990,1.41964,1.41981,1.00,1.00
2015.11.11 03:46:05.657,1.41965,1.41981,1.00,1.00
2015.11.11 03:46:06.358,1.41964,1.41981,1.00,1.00
2015.11.11 03:46:07.360,1.41965,1.41981,1.00,1.00
2015.11.11 03:46:09.668,1.41964,1.41981,1.00,1.00
2015.11.11 03:46:10.574,1.41965,1.41981,1.00,1.00
2015.11.11 03:46:11.373,1.41964,1.41981,1.00,1.00
2015.11.11 03:46:13.177,1.41965,1.41981,1.00,1.00
2015.11.11 03:46:14.179,1.41964,1.41981,1.00,1.00
2015.11.11 03:46:14.956,1.41965,1.41981,1.00,1.00
2015.11.11 03:46:15.883,1.41964,1.41981,1.00,1.00
2015.11.11 03:46:16.885,1.41965,1.41981,1.00,1.00
2015.11.11 03:46:17.686,1.41964,1.41981,1.00,1.00
2015.11.11 03:46:18.187,1.41965,1.41981,1.00,1.00
2015.11.11 03:46:18.688,1.41964,1.41981,1.00,1.00
2015.11.11 03:46:19.241,1.41965,1.41981,1.00,1.00
2015.11.11 03:46:19.898,1.41964,1.41981,1.00,1.00
2015.11.11 03:46:22.196,1.41965,1.41981,1.00,1.00
2015.11.11 03:46:22.714,1.41964,1.41981,1.00,1.00
2015.11.11 03:46:23.066,1.41964,1.41974,1.00,1.00
2015.11.11 03:46:23.117,1.41957,1.41974,1.00,1.00
2015.11.11 03:46:23.319,1.41955,1.41971,1.00,1.00
2015.11.11 03:46:24.042,1.41956,1.41975,1.00,1.00
2015.11.11 03:46:24.093,1.41958,1.41976,1.00,1.00
2015.11.11 03:46:24.396,1.41955,1.41971,1.00,1.00
2015.11.11 03:46:25.527,1.41955,1.4197,1.00,1.00
2015.11.11 03:46:25.578,1.41952,1.41968,1.00,1.00
2015.11.11 03:46:25.629,1.4195,1.41968,1.00,1.00
2015.11.11 03:46:36.581,1.4195,1.41967,1.00,1.00
2015.11.11 03:46:37.132,1.41951,1.41967,1.00,1.00
2015.11.11 03:46:37.794,1.41951,1.41968,1.00,1.00
2015.11.11 03:46:44.448,1.4195,1.41968,1.00,1.50
2015.11.11 03:46:45.208,1.4195,1.41967,1.00,1.00
2015.11.11 03:46:45.779,1.41947,1.41967,1.00,1.00
2015.11.11 03:46:45.933,1.41947,1.41965,1.00,1.00
2015.11.11 03:46:47.217,1.41946,1.41965,1.00,1.50
2015.11.11 03:46:49.859,1.41945,1.41965,1.00,1.50
2015.11.11 03:46:54.095,1.41945,1.41963,1.00,1.00
2015.11.11 03:46:54.598,1.41946,1.41963,1.00,1.00
2015.11.11 03:46:54.649,1.41943,1.41961,1.50,1.00
2015.11.11 03:46:55.174,1.41944,1.41961,1.00,1.50
2015.11.11 03:46:55.683,1.41944,1.4196,1.00,1.00
2015.11.11 03:46:56.686,1.41943,1.41961,1.50,1.00
2015.11.11 03:47:00.195,1.41944,1.41961,1.00,1.50
2015.11.11 03:47:00.789,1.41943,1.41961,1.50,1.50
2015.11.11 03:47:01.391,1.41944,1.41961,1.00,1.50
2015.11.11 03:47:01.892,1.41944,1.4196,1.00,1.00
2015.11.11 03:47:02.632,1.41943,1.41961,1.50,1.00
2015.11.11 03:47:03.234,1.41944,1.41961,1.00,1.00
2015.11.11 03:47:06.675,1.41944,1.4196,1.00,1.00
2015.11.11 03:47:07.115,1.41941,1.41959,1.00,1.00
2015.11.11 03:47:07.477,1.41941,1.41961,1.50,1.00
2015.11.11 03:47:08.772,1.41941,1.41962,1.50,1.00
2015.11.11 03:47:08.873,1.41943,1.41962,1.00,1.00
2015.11.11 03:47:09.375,1.41943,1.41964,1.50,1.00
2015.11.11 03:47:09.914,1.41944,1.41964,1.00,1.00
2015.11.11 03:47:10.416,1.41945,1.41965,1.00,1.00
2015.11.11 03:47:16.579,1.41944,1.41965,1.00,1.00
2015.11.11 03:47:17.640,1.41944,1.41967,1.50,1.00
2015.11.11 03:47:18.142,1.41945,1.41967,1.50,1.00
2015.11.11 03:47:18.681,1.41945,1.41968,1.50,1.00
2015.11.11 03:47:20.152,1.41946,1.41968,1.00,1.00
2015.11.11 03:47:27.712,1.41947,1.41968,1.00,1.00
2015.11.11 03:47:28.711,1.41947,1.41969,1.00,1.50
2015.11.11 03:47:31.166,1.41946,1.41966,1.00,1.00
2015.11.11 03:47:32.049,1.41946,1.41964,1.00,1.00
2015.11.11 03:47:32.099,1.41943,1.41964,1.50,1.00
2015.11.11 03:47:40.125,1.41944,1.41969,1.00,1.50
2015.11.11 03:47:48.761,1.41945,1.41969,1.00,1.50
2015.11.11 03:47:50.283,1.41945,1.41968,1.00,1.00
2015.11.11 03:47:50.632,1.41947,1.41968,1.00,1.00
2015.11.11 03:47:51.145,1.41947,1.41967,1.00,1.00
2015.11.11 03:47:51.196,1.41945,1.41967,1.00,1.00
2015.11.11 03:47:52.269,1.41945,1.41966,1.00,1.00
2015.11.11 03:47:52.804,1.41944,1.41966,1.00,1.00
2015.11.11 03:47:58.418,1.41944,1.41965,1.00,1.00
2015.11.11 03:47:58.805,1.41944,1.41963,1.00,1.00
2015.11.11 03:48:00.331,1.41943,1.41963,1.50,1.00
2015.11.11 03:48:04.051,1.41944,1.41963,1.00,1.00
2015.11.11 03:48:08.231,1.41943,1.41963,1.50,1.00
2015.11.11 03:48:12.772,1.41943,1.41964,1.00,1.00
2015.11.11 03:48:21.210,1.41944,1.41964,1.00,1.00
2015.11.11 03:48:21.762,1.41944,1.41965,1.00,1.00
2015.11.11 03:48:24.581,1.41944,1.41966,1.00,1.00
2015.11.11 03:48:24.923,1.41946,1.41966,1.00,1.00
2015.11.11 03:48:25.366,1.41946,1.41968,1.00,1.00
2015.11.11 03:48:26.820,1.41947,1.41968,1.00,1.00
2015.11.11 03:48:35.781,1.41947,1.41967,1.00,1.00
2015.11.11 03:48:39.301,1.41947,1.41963,1.00,1.00
2015.11.11 03:48:39.402,1.41944,1.41963,1.00,1.00
2015.11.11 03:48:40.601,1.41943,1.41963,1.00,1.00
2015.11.11 03:48:41.790,1.41942,1.41963,1.00,1.00
2015.11.11 03:48:45.908,1.41943,1.41963,1.00,1.00
2015.11.11 03:48:49.375,1.41943,1.41962,1.00,1.00
2015.11.11 03:48:52.068,1.41944,1.41962,1.00,1.00
2015.11.11 03:48:52.613,1.41944,1.41965,1.50,1.00
2015.11.11 03:49:02.369,1.41943,1.41965,1.50,1.00
2015.11.11 03:49:02.887,1.41943,1.41964,1.50,1.00
2015.11.11 03:49:05.636,1.41943,1.41962,1.00,1.00
2015.11.11 03:49:06.182,1.41942,1.41962,1.00,1.00
2015.11.11 03:49:06.694,1.41941,1.41961,1.00,1.00
2015.11.11 03:49:06.896,1.41936,1.4196,1.00,1.50
2015.11.11 03:49:07.249,1.41935,1.41958,1.00,1.00
2015.11.11 03:49:08.225,1.41935,1.41957,1.00,1.00
2015.11.11 03:49:09.076,1.41935,1.41956,1.00,1.00
2015.11.11 03:49:10.289,1.41936,1.41956,1.00,1.00
2015.11.11 03:49:10.633,1.41933,1.41952,1.00,1.00
2015.11.11 03:49:12.028,1.41933,1.41954,1.00,1.00
2015.11.11 03:49:12.280,1.41934,1.41956,1.00,1.50
2015.11.11 03:49:12.535,1.41931,1.41954,1.00,1.00
2015.11.11 03:49:12.585,1.4193,1.41952,1.00,1.00
2015.11.11 03:49:13.103,1.4193,1.41951,1.00,1.00
2015.11.11 03:49:15.319,1.4193,1.41952,1.00,1.50
2015.11.11 03:49:15.789,1.41932,1.41951,1.00,1.00
2015.11.11 03:49:16.100,1.41932,1.41953,1.00,1.00
2015.11.11 03:49:16.153,1.4193,1.41953,1.00,1.00
2015.11.11 03:49:16.711,1.4193,1.41954,1.00,1.00
2015.11.11 03:49:17.619,1.4193,1.41953,1.00,1.00
2015.11.11 03:49:18.364,1.41932,1.41953,1.00,1.00
2015.11.11 03:49:22.341,1.41932,1.41952,1.00,1.00
2015.11.11 03:49:23.120,1.41932,1.41953,1.00,1.00
2015.11.11 03:49:23.621,1.41932,1.41952,1.00,1.00
2015.11.11 03:49:24.523,1.41932,1.41953,1.00,1.00
2015.11.11 03:49:25.024,1.41932,1.41952,1.00,1.00
2015.11.11 03:49:25.725,1.41932,1.41953,1.00,1.00
2015.11.11 03:49:26.226,1.41932,1.41952,1.00,1.00
2015.11.11 03:49:26.815,1.41932,1.41953,1.00,1.00
2015.11.11 03:49:27.480,1.41932,1.41952,1.00,1.00
2015.11.11 03:49:27.984,1.41931,1.41952,1.00,1.00
2015.11.11 03:49:33.161,1.4193,1.41952,1.00,1.50
2015.11.11 03:49:33.928,1.41929,1.41951,1.00,1.00
2015.11.11 03:49:34.281,1.41928,1.41949,1.00,1.00
2015.11.11 03:49:35.396,1.41926,1.41949,1.00,1.00
2015.11.11 03:49:36.569,1.41926,1.41947,1.00,1.00
2015.11.11 03:49:36.873,1.41926,1.41945,1.00,1.00
2015.11.11 03:49:37.199,1.41926,1.41943,1.00,1.00
2015.11.11 03:49:37.680,1.41923,1.4194,1.00,1.00
2015.11.11 03:49:38.028,1.41923,1.41943,1.00,1.00
2015.11.11 03:49:39.477,1.41923,1.41942,1.00,1.00
2015.11.11 03:49:40.085,1.41922,1.41942,1.00,1.00
2015.11.11 03:49:41.441,1.41922,1.41944,1.00,1.00
2015.11.11 03:49:44.581,1.41922,1.41938,1.00,1.00
2015.11.11 03:49:45.378,1.4192,1.41938,1.00,1.00
2015.11.11 03:49:46.841,1.4192,1.41936,1.00,1.00
2015.11.11 03:49:49.238,1.4192,1.41937,1.00,1.00
2015.11.11 03:49:50.318,1.4192,1.41936,1.00,1.00
2015.11.11 03:49:56.268,1.41919,1.41936,1.00,1.00
2015.11.11 03:49:56.495,1.41919,1.41938,1.00,1.50
2015.11.11 03:50:02.499,1.41919,1.4194,1.00,1.00
2015.11.11 03:50:03.408,1.41919,1.41941,1.00,1.00
2015.11.11 03:50:08.154,1.41921,1.41939,1.00,1.00
2015.11.11 03:50:09.930,1.41921,1.41938,1.00,1.00
2015.11.11 03:50:11.698,1.4192,1.41938,1.00,1.00
2015.11.11 03:50:25.781,1.4192,1.41937,1.00,1.00
2015.11.11 03:50:28.415,1.4192,1.41939,1.00,1.00
2015.11.11 03:50:33.184,1.41919,1.41937,1.00,1.00
2015.11.11 03:50:39.216,1.41919,1.41938,1.00,1.00
2015.11.11 03:50:39.538,1.41919,1.4194,1.00,1.00
2015.11.11 03:50:46.349,1.41919,1.41939,1.00,1.00
2015.11.11 03:50:47.447,1.41919,1.41938,1.00,1.00
2015.11.11 03:50:48.301,1.41921,1.41943,1.00,1.00
2015.11.11 03:50:48.352,1.41926,1.41943,1.00,1.00
2015.11.11 03:50:48.402,1.41922,1.41943,1.00,1.00
2015.11.11 03:50:48.503,1.4192,1.41943,1.50,1.00
2015.11.11 03:50:48.554,1.41921,1.41946,1.00,1.50
2015.11.11 03:50:48.655,1.41921,1.41944,1.00,1.00
2015.11.11 03:50:48.957,1.41924,1.41946,1.00,1.50
2015.11.11 03:50:49.287,1.41931,1.41945,1.00,1.00
2015.11.11 03:50:49.338,1.41931,1.4195,1.00,1.00
2015.11.11 03:50:49.865,1.41932,1.4195,1.00,1.00
2015.11.11 03:50:53.027,1.41932,1.41953,1.50,1.00
2015.11.11 03:50:53.647,1.41931,1.41949,1.00,1.00
2015.11.11 03:50:53.697,1.41928,1.41949,1.00,1.00
2015.11.11 03:50:53.882,1.41926,1.41949,2.25,1.00
2015.11.11 03:50:54.569,1.41928,1.41949,1.00,1.00
2015.11.11 03:50:54.917,1.41928,1.41946,1.00,1.00
2015.11.11 03:50:55.777,1.41927,1.41946,1.00,1.00
2015.11.11 03:50:59.123,1.41927,1.41947,1.00,1.00
2015.11.11 03:50:59.725,1.41927,1.41946,1.00,1.00
2015.11.11 03:51:00.364,1.41927,1.41947,1.00,1.00
2015.11.11 03:51:01.228,1.41927,1.41946,1.00,1.00
2015.11.11 03:51:01.767,1.41928,1.41947,1.00,1.00
2015.11.11 03:51:02.432,1.41928,1.41946,1.50,1.00
2015.11.11 03:51:02.978,1.41929,1.41947,1.00,1.00
2015.11.11 03:51:03.485,1.41929,1.41946,1.00,1.00
2015.11.11 03:51:11.777,1.41929,1.41947,1.00,1.00
2015.11.11 03:51:12.454,1.41929,1.41946,1.00,1.00
2015.11.11 03:51:13.156,1.41929,1.41947,1.00,1.00
2015.11.11 03:51:14.157,1.41929,1.41946,1.00,1.00
2015.11.11 03:51:14.658,1.41929,1.41947,1.00,1.00
2015.11.11 03:51:16.020,1.41928,1.41947,1.00,1.00
2015.11.11 03:51:16.272,1.41926,1.41946,1.00,1.00
2015.11.11 03:51:16.533,1.41932,1.41946,1.00,1.00
2015.11.11 03:51:16.684,1.41932,1.41953,1.00,1.00
2015.11.11 03:51:19.098,1.41933,1.41953,1.00,1.00
2015.11.11 03:51:19.325,1.41933,1.41951,1.00,1.00
2015.11.11 03:51:19.476,1.4193,1.41951,1.50,1.00
2015.11.11 03:51:19.678,1.41932,1.41954,1.00,1.00
2015.11.11 03:51:19.880,1.41932,1.41951,1.00,1.00
2015.11.11 03:51:20.139,1.41932,1.41953,1.00,1.00
2015.11.11 03:51:20.242,1.4193,1.41953,1.50,1.00
2015.11.11 03:51:20.444,1.41932,1.41951,1.00,1.00
2015.11.11 03:51:20.546,1.41932,1.41953,1.00,1.00
2015.11.11 03:51:20.647,1.4193,1.41953,1.00,1.00
2015.11.11 03:51:21.012,1.41932,1.41953,1.00,1.00
2015.11.11 03:51:21.547,1.41932,1.41955,1.00,1.00
2015.11.11 03:51:22.103,1.41933,1.41955,1.00,1.00
2015.11.11 03:51:27.347,1.41934,1.41955,1.00,1.00
2015.11.11 03:51:27.887,1.41934,1.41954,1.00,1.00
2015.11.11 03:51:28.556,1.41935,1.41954,1.00,1.00
2015.11.11 03:51:34.849,1.41935,1.41955,1.00,1.00
2015.11.11 03:51:44.506,1.41936,1.41955,1.00,1.00
2015.11.11 03:51:47.923,1.41936,1.41954,1.00,1.00
2015.11.11 03:51:51.779,1.41935,1.41951,1.00,1.00
2015.11.11 03:51:51.881,1.41933,1.41951,1.00,1.00
2015.11.11 03:51:52.672,1.41933,1.41949,1.00,1.00
2015.11.11 03:51:53.192,1.41934,1.41949,1.00,1.00
2015.11.11 03:51:57.713,1.4193,1.41949,1.50,1.00
2015.11.11 03:51:57.864,1.41928,1.41949,1.50,1.00
2015.11.11 03:51:58.376,1.41928,1.4195,1.50,1.00
2015.11.11 03:51:58.484,1.41931,1.4195,1.00,1.00
2015.11.11 03:52:00.816,1.4193,1.4195,1.00,1.00
2015.11.11 03:52:02.026,1.41931,1.4195,1.00,1.00
2015.11.11 03:52:03.382,1.41929,1.41949,1.00,1.00
2015.11.11 03:52:05.545,1.41927,1.41949,1.50,1.00
2015.11.11 03:52:08.036,1.41932,1.41949,1.00,1.00
2015.11.11 03:52:08.187,1.4194,1.41958,1.00,1.00
2015.11.11 03:52:08.288,1.4194,1.41963,1.50,1.00
2015.11.11 03:52:08.389,1.41943,1.41964,1.00,1.00
2015.11.11 03:52:08.440,1.41943,1.41968,1.00,1.00
2015.11.11 03:52:08.491,1.41946,1.41968,1.00,1.00
2015.11.11 03:52:08.793,1.41948,1.41968,1.00,1.00
2015.11.11 03:52:09.310,1.41948,1.41969,1.00,1.00
2015.11.11 03:52:09.817,1.41948,1.4197,1.00,1.50
2015.11.11 03:52:10.826,1.41949,1.4197,1.00,1.50
2015.11.11 03:52:13.427,1.41949,1.41969,1.50,1.00
2015.11.11 03:52:13.808,1.41951,1.41969,1.00,1.00
2015.11.11 03:52:14.484,1.41951,1.4197,1.00,1.00
2015.11.11 03:52:15.135,1.41949,1.41969,1.50,1.00
2015.11.11 03:52:15.798,1.41949,1.4197,1.00,1.00
2015.11.11 03:52:15.900,1.41947,1.4197,2.25,1.00
2015.11.11 03:52:17.090,1.41947,1.41969,1.00,1.00
2015.11.11 03:52:17.814,1.41947,1.4197,1.00,1.50
2015.11.11 03:52:18.893,1.41947,1.41969,1.00,1.00
2015.11.11 03:52:19.396,1.41946,1.4197,2.25,1.00
2015.11.11 03:52:19.736,1.41948,1.4197,1.00,1.00
2015.11.11 03:52:20.325,1.41948,1.41969,1.00,1.00
2015.11.11 03:52:20.900,1.41948,1.4197,1.00,1.00
2015.11.11 03:52:21.779,1.41949,1.4197,1.00,1.00
2015.11.11 03:52:21.832,1.41947,1.4197,1.00,1.50
2015.11.11 03:52:22.385,1.41947,1.41968,1.00,1.00
2015.11.11 03:52:22.486,1.41943,1.41967,1.50,1.00
2015.11.11 03:52:23.142,1.41943,1.41966,1.50,1.00
2015.11.11 03:52:23.643,1.41944,1.41965,1.00,1.00
2015.11.11 03:52:24.844,1.41944,1.41964,1.00,1.00
2015.11.11 03:52:25.851,1.41943,1.41964,1.00,1.00
2015.11.11 03:52:26.423,1.41943,1.41963,1.00,1.00
2015.11.11 03:52:28.395,1.41942,1.41963,2.25,1.00
2015.11.11 03:52:29.128,1.41942,1.41962,2.25,1.00
2015.11.11 03:52:29.844,1.41942,1.41963,2.25,1.00
2015.11.11 03:52:30.605,1.41943,1.41963,1.00,1.00
2015.11.11 03:52:31.638,1.41944,1.41963,1.00,1.00
2015.11.11 03:52:31.991,1.41945,1.41965,1.00,1.00
2015.11.11 03:52:32.177,1.41945,1.41968,1.00,1.00
2015.11.11 03:52:37.115,1.41945,1.41967,1.00,1.00
2015.11.11 03:52:38.875,1.41945,1.41968,1.00,1.00
2015.11.11 03:52:42.180,1.41947,1.4197,1.00,1.00
2015.11.11 03:52:48.576,1.41947,1.41969,1.00,1.00
2015.11.11 03:52:49.796,1.41947,1.4197,1.00,1.00
2015.11.11 03:52:52.185,1.41947,1.41969,1.00,1.00
2015.11.11 03:52:54.631,1.41946,1.41969,1.00,1.50
2015.11.11 03:52:55.949,1.41946,1.41968,1.00,1.00
2015.11.11 03:52:56.357,1.41945,1.41966,1.00,1.00
2015.11.11 03:52:56.458,1.41943,1.41965,1.00,1.00
2015.11.11 03:52:57.684,1.41943,1.41964,1.00,1.00
2015.11.11 03:52:57.820,1.41945,1.41964,1.00,1.00
2015.11.11 03:52:58.048,1.41946,1.41966,1.00,1.00
2015.11.11 03:52:58.369,1.41943,1.41965,1.00,1.00
2015.11.11 03:52:58.986,1.41943,1.41964,1.00,1.00
2015.11.11 03:52:59.868,1.41945,1.41964,1.00,1.00
2015.11.11 03:52:59.918,1.41945,1.41967,1.00,1.50
2015.11.11 03:53:00.445,1.41944,1.41965,1.00,1.00
2015.11.11 03:53:01.226,1.41943,1.41964,1.00,1.00
2015.11.11 03:53:01.960,1.41943,1.41965,1.00,1.00
2015.11.11 03:53:05.544,1.41942,1.41965,1.50,1.00
2015.11.11 03:53:05.921,1.41938,1.4196,1.00,1.00
2015.11.11 03:53:05.972,1.41936,1.41959,1.00,1.00
2015.11.11 03:53:06.073,1.41935,1.41957,1.00,1.00
2015.11.11 03:53:06.613,1.41936,1.41958,1.00,1.00
2015.11.11 03:53:07.061,1.41935,1.41955,1.00,1.00
2015.11.11 03:53:07.414,1.41934,1.41953,1.00,1.00
2015.11.11 03:53:08.392,1.41934,1.41951,1.00,1.00
2015.11.11 03:53:09.104,1.41932,1.41951,1.00,1.00
2015.11.11 03:53:09.608,1.41932,1.4195,1.00,1.00
2015.11.11 03:53:09.709,1.4193,1.4195,1.80,1.00
2015.11.11 03:53:10.358,1.4193,1.41949,1.05,1.00
2015.11.11 03:53:10.509,1.41927,1.41949,1.00,1.00
2015.11.11 03:53:11.114,1.41927,1.41948,1.00,1.00
2015.11.11 03:53:12.992,1.41927,1.4195,1.00,1.00
2015.11.11 03:53:13.295,1.41929,1.4195,1.00,1.00
2015.11.11 03:53:16.854,1.41929,1.41948,1.00,1.00
2015.11.11 03:53:17.159,1.41927,1.41948,1.00,1.00
2015.11.11 03:53:17.856,1.41925,1.41948,1.00,1.00
2015.11.11 03:53:17.957,1.41925,1.41944,1.00,1.00
2015.11.11 03:53:18.495,1.41924,1.41943,1.00,1.00
2015.11.11 03:53:18.814,1.41922,1.4194,1.00,1.00
2015.11.11 03:53:21.009,1.41922,1.41938,1.00,1.00
2015.11.11 03:53:21.575,1.41921,1.41938,1.00,1.00
2015.11.11 03:53:21.894,1.4192,1.41936,1.00,1.00
2015.11.11 03:53:21.995,1.41917,1.41936,1.00,1.00
2015.11.11 03:53:22.639,1.41912,1.41936,1.00,1.50
2015.11.11 03:53:22.775,1.41912,1.41934,1.50,1.00
2015.11.11 03:53:24.064,1.41914,1.41934,1.00,1.50
2015.11.11 03:53:24.374,1.41916,1.41936,1.00,1.00
2015.11.11 03:53:24.907,1.41916,1.41935,1.00,1.00
2015.11.11 03:53:25.447,1.41916,1.41936,1.00,1.00
2015.11.11 03:53:26.196,1.41916,1.41935,1.00,1.00
2015.11.11 03:53:26.777,1.41915,1.41935,1.00,1.00
2015.11.11 03:53:28.264,1.41915,1.41934,1.00,1.00
2015.11.11 03:53:28.609,1.41913,1.41929,1.00,1.00
2015.11.11 03:53:28.940,1.41913,1.41934,1.00,1.00
2015.11.11 03:53:29.460,1.41914,1.41935,1.00,3.14
2015.11.11 03:53:29.974,1.41915,1.41935,1.00,2.39
2015.11.11 03:53:30.024,1.41915,1.41936,1.00,1.38
2015.11.11 03:53:30.325,1.41915,1.41937,1.00,1.00
2015.11.11 03:53:33.963,1.41916,1.41938,1.00,2.25
2015.11.11 03:53:34.524,1.41919,1.4194,1.00,1.00
2015.11.11 03:53:34.776,1.41917,1.41939,1.00,1.50
2015.11.11 03:53:35.129,1.41916,1.41937,1.00,1.00
2015.11.11 03:53:35.441,1.41914,1.41937,1.00,1.00
2015.11.11 03:53:36.114,1.41914,1.41936,1.00,1.00
2015.11.11 03:53:36.404,1.41914,1.41934,1.00,1.00
2015.11.11 03:53:37.541,1.41914,1.41935,1.00,1.00
2015.11.11 03:53:38.714,1.41914,1.41934,1.00,1.00
2015.11.11 03:53:42.365,1.41914,1.41935,1.50,1.00
2015.11.11 03:53:43.122,1.41913,1.41935,1.50,1.50
2015.11.11 03:53:44.024,1.41917,1.41934,1.00,1.00
2015.11.11 03:53:44.226,1.41914,1.41934,1.50,1.00
2015.11.11 03:53:44.327,1.41914,1.41937,1.50,1.00
2015.11.11 03:53:44.428,1.41917,1.41939,1.00,1.00
2015.11.11 03:53:44.877,1.41919,1.41942,1.00,1.00
2015.11.11 03:53:45.319,1.41919,1.41939,1.00,1.00
2015.11.11 03:53:45.655,1.41919,1.41943,1.00,1.00
2015.11.11 03:53:45.977,1.41916,1.41938,1.00,1.00
2015.11.11 03:53:47.085,1.41916,1.4194,1.00,1.50
2015.11.11 03:53:47.971,1.41916,1.41938,1.00,1.00
2015.11.11 03:53:48.706,1.41917,1.41938,1.00,1.00
2015.11.11 03:53:48.757,1.41917,1.4194,1.00,1.00
2015.11.11 03:53:49.061,1.41919,1.41943,1.00,1.00
2015.11.11 03:53:49.413,1.41921,1.41943,1.00,1.00
2015.11.11 03:53:50.049,1.41921,1.41942,1.00,1.00
2015.11.11 03:53:50.402,1.41918,1.4194,1.00,1.00
2015.11.11 03:53:50.453,1.41918,1.41938,1.00,1.00
2015.11.11 03:53:50.983,1.41917,1.41937,1.00,1.00
2015.11.11 03:53:51.583,1.41917,1.41939,1.00,1.00
2015.11.11 03:53:53.894,1.41917,1.41936,1.00,1.00
2015.11.11 03:53:54.674,1.41915,1.41936,1.00,1.00
2015.11.11 03:53:55.177,1.41915,1.41937,1.50,1.00
2015.11.11 03:53:59.833,1.41915,1.41936,1.00,1.00
2015.11.11 03:54:00.362,1.41914,1.41936,2.25,1.00
2015.11.11 03:54:00.746,1.41914,1.41933,2.25,1.00
2015.11.11 03:54:01.517,1.41914,1.41937,2.25,1.00
2015.11.11 03:54:01.818,1.41914,1.41933,2.25,1.00
2015.11.11 03:54:02.722,1.41915,1.41933,1.00,1.00
2015.11.11 03:54:03.225,1.41915,1.41932,1.00,1.00
2015.11.11 03:54:04.028,1.41915,1.41934,1.00,1.00
2015.11.11 03:54:04.233,1.41915,1.41938,1.50,1.00
2015.11.11 03:54:07.864,1.41915,1.41934,1.50,1.00
2015.11.11 03:54:09.074,1.41915,1.41936,1.50,1.00
2015.11.11 03:54:10.503,1.41915,1.41931,1.50,1.00
2015.11.11 03:54:11.760,1.41915,1.41932,1.00,1.00
2015.11.11 03:54:12.540,1.41914,1.41931,2.25,1.00
2015.11.11 03:54:15.015,1.41914,1.41932,1.50,1.00
2015.11.11 03:54:15.886,1.41915,1.41932,1.00,1.00
2015.11.11 03:54:16.631,1.41915,1.41933,1.00,1.00
2015.11.11 03:54:19.241,1.41915,1.41932,1.00,1.00
2015.11.11 03:54:20.411,1.41915,1.41933,1.00,1.00
2015.11.11 03:54:21.398,1.41914,1.41933,1.00,1.00
2015.11.11 03:54:22.263,1.41914,1.41932,1.00,1.00
2015.11.11 03:54:22.715,1.41914,1.41934,1.00,1.00
2015.11.11 03:54:23.930,1.41913,1.41934,1.50,1.00
2015.11.11 03:54:24.433,1.41912,1.41934,1.00,1.00
2015.11.11 03:54:25.192,1.41912,1.41935,1.00,1.50
2015.11.11 03:54:26.577,1.41913,1.41932,1.00,1.00
2015.11.11 03:54:27.212,1.41912,1.41932,1.50,1.00
2015.11.11 03:54:27.715,1.41912,1.41933,1.00,2.25
2015.11.11 03:54:28.120,1.41912,1.41931,1.00,1.00
2015.11.11 03:54:28.440,1.41912,1.41927,1.00,1.00
2015.11.11 03:54:30.853,1.41912,1.41925,1.00,1.00
2015.11.11 03:54:33.053,1.41912,1.41933,1.00,2.25
2015.11.11 03:54:33.398,1.41912,1.41927,1.00,1.00
2015.11.11 03:54:33.948,1.41912,1.41933,1.00,1.00
2015.11.11 03:54:34.500,1.41912,1.41935,1.00,1.50
2015.11.11 03:54:35.814,1.41912,1.41934,1.00,1.00
2015.11.11 03:54:36.316,1.41912,1.41933,1.00,1.00
2015.11.11 03:54:37.286,1.41912,1.41934,1.50,2.25
2015.11.11 03:54:38.222,1.41912,1.41931,1.50,1.00
2015.11.11 03:54:39.291,1.41912,1.41926,1.00,1.00
2015.11.11 03:54:39.392,1.41905,1.41924,1.50,1.00
2015.11.11 03:54:39.695,1.41902,1.41923,1.00,1.00
2015.11.11 03:54:39.896,1.419,1.4192,1.45,1.00
2015.11.11 03:54:40.404,1.419,1.4192,1.40,1.00
2015.11.11 03:54:41.236,1.419,1.41919,1.40,1.00
2015.11.11 03:54:54.067,1.41899,1.41918,2.15,1.00
2015.11.11 03:54:54.118,1.41899,1.41918,1.45,1.00
2015.11.11 03:54:54.219,1.41899,1.41911,1.00,1.00
2015.11.11 03:54:54.269,1.41892,1.41911,1.00,1.50
2015.11.11 03:54:54.773,1.41892,1.4191,1.00,1.50
2015.11.11 03:54:55.296,1.41891,1.4191,1.00,1.00
2015.11.11 03:54:55.902,1.41891,1.41911,1.00,1.50
2015.11.11 03:54:56.063,1.41891,1.41906,1.00,1.00
2015.11.11 03:54:56.114,1.41884,1.41903,1.50,1.00
2015.11.11 03:54:56.265,1.41881,1.41903,1.00,1.50
2015.11.11 03:54:56.602,1.4188,1.41901,1.00,1.00
2015.11.11 03:54:57.626,1.4188,1.419,1.00,1.00
2015.11.11 03:54:58.810,1.4188,1.41901,1.00,1.00
2015.11.11 03:54:59.629,1.41878,1.41901,1.00,1.00
2015.11.11 03:55:01.641,1.41877,1.41899,1.00,1.00
2015.11.11 03:55:01.745,1.41875,1.41899,2.25,1.50
2015.11.11 03:55:02.453,1.41875,1.41898,1.50,1.00
2015.11.11 03:55:03.464,1.41877,1.41898,1.00,1.00
2015.11.11 03:55:04.587,1.41875,1.41898,1.00,1.00
2015.11.11 03:55:04.659,1.41879,1.41898,1.00,1.00
2015.11.11 03:55:04.861,1.4188,1.41901,1.00,1.00
2015.11.11 03:55:05.087,1.4188,1.41904,1.00,1.00
2015.11.11 03:55:05.304,1.41883,1.41906,1.00,1.50
2015.11.11 03:55:05.606,1.41885,1.41907,1.00,1.00
2015.11.11 03:55:06.367,1.41882,1.41904,1.00,1.50
2015.11.11 03:55:06.904,1.41881,1.41903,1.00,1.00
2015.11.11 03:55:07.795,1.4188,1.41903,1.00,1.00
2015.11.11 03:55:08.109,1.41877,1.41899,1.00,1.50
2015.11.11 03:55:09.717,1.41878,1.41899,1.00,1.00
2015.11.11 03:55:10.850,1.41877,1.41899,1.00,1.00
2015.11.11 03:55:11.119,1.4188,1.41903,1.00,1.00
2015.11.11 03:55:11.573,1.41884,1.41906,1.00,3.00
2015.11.11 03:55:14.745,1.41885,1.41906,1.00,1.00
2015.11.11 03:55:17.728,1.41885,1.41907,1.00,1.00
2015.11.11 03:55:20.791,1.41886,1.41908,1.00,1.00
2015.11.11 03:55:25.222,1.41888,1.41908,1.00,1.00
2015.11.11 03:55:25.724,1.41888,1.41909,1.00,1.00
2015.11.11 03:55:26.253,1.41889,1.41909,1.00,1.00
2015.11.11 03:55:27.284,1.41891,1.41909,1.00,1.00
2015.11.11 03:55:29.882,1.4189,1.41909,1.00,1.00
2015.11.11 03:55:31.066,1.41888,1.41909,1.00,1.00
2015.11.11 03:55:34.097,1.41888,1.4191,1.50,1.00
2015.11.11 03:55:34.148,1.4189,1.4191,1.00,1.00
2015.11.11 03:55:35.314,1.41891,1.4191,1.00,1.00
2015.11.11 03:55:46.299,1.41891,1.41911,1.00,1.00
2015.11.11 03:55:46.830,1.41891,1.41912,1.00,1.00
2015.11.11 03:55:47.759,1.41893,1.41912,1.00,1.00
2015.11.11 03:55:48.884,1.41894,1.41912,1.00,1.50
2015.11.11 03:55:50.053,1.41895,1.41912,1.00,1.50
2015.11.11 03:55:58.664,1.41895,1.41913,1.00,1.50
2015.11.11 03:55:59.178,1.41895,1.41912,1.00,1.00
2015.11.11 03:55:59.687,1.41895,1.41913,1.00,1.50
2015.11.11 03:56:00.260,1.41894,1.41912,1.00,1.00
2015.11.11 03:56:00.926,1.41894,1.41913,1.00,1.50
2015.11.11 03:56:05.685,1.41894,1.41912,1.00,1.00
2015.11.11 03:56:07.164,1.41893,1.41915,1.00,1.00
2015.11.11 03:56:07.366,1.41896,1.41916,1.00,1.00
2015.11.11 03:56:07.669,1.41898,1.41918,1.00,1.00
2015.11.11 03:56:08.644,1.41898,1.41917,1.00,1.00
2015.11.11 03:56:08.948,1.41901,1.41918,1.00,1.00
2015.11.11 03:56:10.014,1.419,1.41918,1.00,1.00
2015.11.11 03:56:18.742,1.419,1.41916,1.00,1.00
2015.11.11 03:56:19.122,1.419,1.41919,1.00,1.00
2015.11.11 03:56:19.422,1.41903,1.41919,1.00,1.00
2015.11.11 03:56:29.747,1.41903,1.41917,1.00,1.00
2015.11.11 03:56:30.341,1.41899,1.41916,1.00,1.00
2015.11.11 03:56:30.875,1.41899,1.41917,1.00,1.00
2015.11.11 03:56:31.411,1.41899,1.41918,1.00,1.00
2015.11.11 03:56:31.663,1.41902,1.41918,1.00,1.00
2015.11.11 03:56:31.866,1.41895,1.41915,1.00,1.00
2015.11.11 03:56:31.967,1.41895,1.41912,1.00,1.00
2015.11.11 03:56:32.219,1.41893,1.41912,1.00,1.00
2015.11.11 03:56:32.477,1.4189,1.41909,1.00,1.00
2015.11.11 03:56:32.903,1.4189,1.41907,1.00,1.00
2015.11.11 03:56:33.408,1.41892,1.41907,1.00,1.00
2015.11.11 03:56:35.702,1.41891,1.41907,1.00,1.00
2015.11.11 03:56:35.922,1.41889,1.41907,1.00,1.00
2015.11.11 03:56:36.425,1.41889,1.41908,1.00,1.00
2015.11.11 03:56:37.913,1.41889,1.41907,1.00,1.00
2015.11.11 03:56:38.632,1.41889,1.41908,1.00,1.00
2015.11.11 03:56:39.756,1.41889,1.41907,1.00,1.00
2015.11.11 03:56:40.423,1.41889,1.41908,1.00,1.00
2015.11.11 03:56:41.629,1.41889,1.41907,1.00,1.00
2015.11.11 03:56:42.132,1.41889,1.41908,1.00,1.00
2015.11.11 03:56:42.233,1.41891,1.41908,1.00,1.00
2015.11.11 03:56:43.135,1.41891,1.41907,1.00,1.00
2015.11.11 03:56:44.163,1.41891,1.41908,1.00,1.00
2015.11.11 03:56:45.446,1.41891,1.41907,1.00,1.00
2015.11.11 03:56:45.977,1.41891,1.41908,1.00,1.00
2015.11.11 03:56:47.153,1.41891,1.41907,1.00,1.00
2015.11.11 03:56:47.922,1.41891,1.41908,1.00,1.00
2015.11.11 03:56:48.661,1.41891,1.41907,1.00,1.00
2015.11.11 03:56:49.163,1.41892,1.41908,1.00,1.00
2015.11.11 03:56:49.371,1.41892,1.41912,1.00,1.00
2015.11.11 03:56:49.948,1.41895,1.41916,1.00,1.00
2015.11.11 03:56:51.126,1.41896,1.41916,1.00,1.00
2015.11.11 03:56:52.330,1.41895,1.41916,1.00,1.00
2015.11.11 03:56:52.906,1.41895,1.41917,1.00,1.00
2015.11.11 03:56:56.031,1.41895,1.41916,1.00,1.00
2015.11.11 03:56:56.685,1.41894,1.41916,1.00,1.00
2015.11.11 03:56:57.352,1.41893,1.41915,1.50,1.00
2015.11.11 03:57:01.480,1.41891,1.41915,1.00,1.00
2015.11.11 03:57:10.566,1.41892,1.41914,1.00,1.00
2015.11.11 03:57:11.117,1.41893,1.41915,1.00,1.00
2015.11.11 03:57:11.718,1.41894,1.41915,1.00,1.00
2015.11.11 03:57:15.971,1.41893,1.41915,1.00,1.00
2015.11.11 03:57:16.173,1.41893,1.41917,1.00,1.00
2015.11.11 03:57:17.391,1.41894,1.41917,1.00,1.00
2015.11.11 03:57:22.790,1.41893,1.41917,1.00,1.00
2015.11.11 03:57:28.842,1.41894,1.41917,1.00,1.00
2015.11.11 03:57:29.348,1.41894,1.41916,1.00,1.00
2015.11.11 03:57:30.500,1.41891,1.41915,1.00,1.00
2015.11.11 03:57:30.681,1.41891,1.41913,1.00,1.00
2015.11.11 03:57:35.315,1.4189,1.41912,1.00,1.00
2015.11.11 03:57:35.570,1.41888,1.41912,1.50,1.00
2015.11.11 03:57:35.881,1.41886,1.4191,1.00,1.00
2015.11.11 03:57:39.010,1.41887,1.4191,1.00,1.00
2015.11.11 03:57:41.277,1.41888,1.4191,1.00,1.00
2015.11.11 03:57:44.472,1.41887,1.4191,1.00,1.00
2015.11.11 03:57:44.975,1.41886,1.4191,1.00,1.00
2015.11.11 03:57:52.623,1.41887,1.41909,1.00,1.00
2015.11.11 03:57:57.564,1.41886,1.4191,1.00,1.00
2015.11.11 03:58:02.181,1.41887,1.41909,1.00,1.00
2015.11.11 03:58:02.682,1.41886,1.41908,1.00,1.00
2015.11.11 03:58:04.588,1.41886,1.4191,1.00,1.00
2015.11.11 03:58:07.995,1.41886,1.41908,1.00,1.00
2015.11.11 03:58:12.714,1.41884,1.41908,1.00,1.00
2015.11.11 03:58:14.403,1.41884,1.41905,1.00,1.00
2015.11.11 03:58:15.341,1.41883,1.41905,1.00,1.00
2015.11.11 03:58:17.450,1.41882,1.41905,1.00,1.00
2015.11.11 03:58:18.989,1.41882,1.41904,1.00,1.00
2015.11.11 03:58:21.300,1.41882,1.41903,1.00,1.00
2015.11.11 03:58:22.162,1.41883,1.41903,1.00,1.00
2015.11.11 03:58:22.213,1.41883,1.41906,1.00,1.00
2015.11.11 03:58:23.751,1.41883,1.41905,1.00,1.00
2015.11.11 03:58:25.759,1.41882,1.41905,1.00,1.00
2015.11.11 03:58:29.562,1.41882,1.41907,1.00,1.00
2015.11.11 03:58:32.427,1.41882,1.41906,1.00,1.00
2015.11.11 03:58:32.902,1.41883,1.41908,1.00,1.50
2015.11.11 03:58:33.408,1.41882,1.41907,1.50,1.00
2015.11.11 03:58:35.144,1.41881,1.41906,1.00,1.00
2015.11.11 03:58:37.081,1.41881,1.41905,1.00,1.00
2015.11.11 03:58:37.132,1.41879,1.41904,1.00,1.00
2015.11.11 03:58:40.294,1.41879,1.41902,1.00,1.00
2015.11.11 03:58:40.611,1.41879,1.419,1.00,1.00
2015.11.11 03:58:41.495,1.41879,1.41902,1.00,1.50
2015.11.11 03:58:41.842,1.41879,1.419,1.00,1.00
2015.11.11 03:58:42.864,1.41879,1.41902,1.00,2.25
2015.11.11 03:58:44.380,1.4188,1.41903,1.00,1.00
2015.11.11 03:58:44.918,1.41881,1.41904,1.00,1.00
2015.11.11 03:58:50.264,1.41881,1.41906,1.00,1.00
2015.11.11 03:58:55.295,1.41884,1.41907,1.00,1.50
2015.11.11 03:58:57.592,1.41883,1.41908,1.50,1.50
2015.11.11 03:58:58.365,1.41885,1.41907,1.00,1.00
2015.11.11 03:58:58.957,1.41886,1.41908,1.00,1.00
2015.11.11 03:58:59.458,1.41886,1.41907,1.00,1.00
2015.11.11 03:59:00.057,1.41886,1.41908,1.00,1.00
2015.11.11 03:59:00.879,1.41886,1.41907,1.00,1.00
2015.11.11 03:59:03.271,1.41886,1.41908,1.00,1.00
2015.11.11 03:59:03.822,1.41886,1.41907,1.00,1.00
2015.11.11 03:59:04.639,1.41887,1.41906,1.00,1.00
2015.11.11 03:59:09.829,1.41886,1.41907,1.00,1.00
2015.11.11 03:59:10.942,1.41884,1.41907,1.50,1.50
2015.11.11 03:59:11.802,1.41884,1.41906,1.50,1.00
2015.11.11 03:59:12.390,1.41884,1.41907,1.00,1.50
2015.11.11 03:59:13.098,1.41883,1.41905,1.00,1.50
2015.11.11 03:59:14.076,1.41882,1.41905,1.00,1.00
2015.11.11 03:59:14.568,1.41881,1.41901,1.00,1.00
2015.11.11 03:59:15.528,1.4188,1.41901,1.00,1.00
2015.11.11 03:59:19.206,1.4188,1.41902,1.00,1.00
2015.11.11 03:59:20.309,1.4188,1.41901,1.00,1.00
2015.11.11 03:59:21.211,1.4188,1.41902,1.00,1.00
2015.11.11 03:59:21.912,1.4188,1.41901,1.00,1.00
2015.11.11 03:59:22.341,1.41878,1.41901,1.50,1.00
2015.11.11 03:59:23.665,1.41878,1.419,1.00,1.00
2015.11.11 03:59:29.379,1.41878,1.41901,1.00,2.25
2015.11.11 03:59:29.882,1.41878,1.41902,1.00,1.00
2015.11.11 03:59:30.898,1.41878,1.41901,1.00,1.00
2015.11.11 03:59:31.150,1.41877,1.41899,1.00,1.00
2015.11.11 03:59:31.767,1.41876,1.41898,1.00,1.00
2015.11.11 03:59:32.136,1.41876,1.41896,1.00,1.00
2015.11.11 03:59:32.465,1.41878,1.41896,1.00,1.00
2015.11.11 03:59:34.246,1.41878,1.41895,1.00,1.00
2015.11.11 03:59:39.265,1.41874,1.41895,1.00,1.00
2015.11.11 03:59:39.586,1.41871,1.41895,1.00,1.00
2015.11.11 03:59:39.738,1.41871,1.41888,1.00,1.00
2015.11.11 03:59:39.839,1.41866,1.41888,1.00,1.00
2015.11.11 03:59:39.991,1.41866,1.41878,1.00,1.00
2015.11.11 03:59:40.042,1.41862,1.41878,1.00,1.00
2015.11.11 03:59:40.193,1.41861,1.41884,1.00,2.25
2015.11.11 03:59:41.199,1.41861,1.4188,1.00,1.00
2015.11.11 03:59:44.285,1.41861,1.41881,1.00,1.00
2015.11.11 03:59:45.572,1.41865,1.41881,1.00,1.00
2015.11.11 03:59:45.673,1.41865,1.41888,1.00,1.00
2015.11.11 03:59:45.774,1.41868,1.4189,1.00,1.00
2015.11.11 03:59:46.895,1.41868,1.41891,1.00,2.25
2015.11.11 03:59:47.399,1.41869,1.41892,1.00,1.00
2015.11.11 03:59:49.577,1.4187,1.41892,1.00,1.00
2015.11.11 03:59:51.559,1.4187,1.41891,1.00,1.00
2015.11.11 03:59:52.487,1.4187,1.41892,1.00,1.00
2015.11.11 03:59:54.606,1.4187,1.41893,1.00,1.50
2015.11.11 03:59:59.881,1.41869,1.41892,1.00,1.00
