2013.08.26 07:00:00.485,1.2792,1.27944,2.44,2.07
2013.08.26 07:00:24.154,1.2792,1.27944,2.44,2.07
2013.08.26 07:00:24.664,1.2792,1.27944,1.69,3.57
2013.08.26 07:00:30.836,1.27919,1.27944,1.69,1.32
2013.08.26 07:00:34.735,1.27919,1.27944,1.69,1.32
2013.08.26 07:00:36.098,1.27919,1.27944,1.69,1.32
2013.08.26 07:00:36.425,1.27915,1.27939,4.69,3.19
2013.08.26 07:00:42.266,1.27917,1.27938,1.32,1.69
2013.08.26 07:00:43.598,1.27917,1.27937,1.32,1.69
2013.08.26 07:00:43.714,1.27912,1.27934,6.57,1.69
2013.08.26 07:00:43.774,1.27912,1.27934,6.19,1.69
2013.08.26 07:00:44.296,1.2791,1.27933,1.69,1.69
2013.08.26 07:00:45.076,1.2791,1.27931,1.69,1.69
2013.08.26 07:00:47.895,1.27911,1.27934,2.07,1.69
2013.08.26 07:00:48.194,1.27911,1.27936,1.69,1.69
2013.08.26 07:00:49.894,1.27912,1.27937,1.69,2.44
2013.08.26 07:00:51.527,1.27912,1.27936,1.69,1.32
2013.08.26 07:00:51.645,1.27909,1.27934,1.32,1.50
2013.08.26 07:00:52.186,1.27908,1.27933,1.69,1.69
2013.08.26 07:00:53.108,1.27908,1.27932,1.69,1.50
2013.08.26 07:00:53.711,1.27909,1.27932,1.32,1.50
2013.08.26 07:00:54.046,1.2791,1.27932,1.32,1.69
2013.08.26 07:00:56.605,1.27907,1.27929,1.69,1.69
2013.08.26 07:00:57.516,1.2791,1.27932,1.32,3.94
2013.08.26 07:00:58.245,1.27909,1.27932,1.32,3.94
2013.08.26 07:01:02.066,1.2791,1.27932,1.32,2.44
2013.08.26 07:01:06.686,1.27911,1.27932,1.32,1.69
2013.08.26 07:01:08.090,1.27911,1.27932,1.32,2.44
2013.08.26 07:01:16.735,1.27912,1.27932,1.32,1.69
2013.08.26 07:01:18.143,1.27911,1.27932,1.32,1.69
2013.08.26 07:01:23.969,1.27911,1.27932,1.32,2.44
2013.08.26 07:01:25.976,1.27912,1.27932,1.32,1.69
2013.08.26 07:01:29.665,1.27911,1.27932,1.32,1.50
2013.08.26 07:01:30.406,1.27911,1.27932,1.13,1.69
2013.08.26 07:01:33.018,1.27911,1.27932,1.32,1.69
2013.08.26 07:01:37.241,1.27911,1.27932,1.32,1.69
2013.08.26 07:01:42.315,1.27908,1.27932,1.69,1.69
2013.08.26 07:01:43.305,1.27908,1.27932,1.69,2.44
2013.08.26 07:01:48.330,1.27907,1.27932,3.19,3.19
2013.08.26 07:01:50.244,1.27907,1.27931,3.19,2.44
2013.08.26 07:01:52.156,1.27907,1.27932,2.44,4.69
2013.08.26 07:01:52.456,1.27903,1.27928,1.02,1.69
2013.08.26 07:01:52.574,1.27902,1.27926,1.02,1.69
2013.08.26 07:01:53.153,1.27901,1.27926,1.77,1.69
2013.08.26 07:02:10.338,1.27901,1.27928,1.50,1.69
2013.08.26 07:02:14.365,1.27901,1.27927,1.69,1.69
2013.08.26 07:02:22.225,1.27901,1.27927,2.44,1.69
2013.08.26 07:02:25.514,1.27901,1.27929,1.69,2.44
2013.08.26 07:02:35.652,1.27901,1.27929,2.07,1.69
2013.08.26 07:02:36.866,1.27901,1.27928,2.82,1.69
2013.08.26 07:03:01.205,1.27903,1.27927,1.32,1.69
2013.08.26 07:03:06.875,1.27902,1.27928,1.32,1.69
2013.08.26 07:03:08.834,1.27904,1.27928,2.44,1.69
2013.08.26 07:03:09.346,1.27906,1.27931,1.13,3.19
2013.08.26 07:03:09.978,1.27906,1.27928,4.13,2.44
2013.08.26 07:03:10.497,1.27902,1.27927,2.07,1.69
2013.08.26 07:03:14.255,1.27902,1.27927,1.13,1.69
2013.08.26 07:03:16.416,1.27902,1.27927,1.32,1.69
2013.08.26 07:03:22.155,1.27902,1.27928,1.13,2.44
2013.08.26 07:03:23.439,1.27901,1.27928,1.32,2.44
2013.08.26 07:03:34.195,1.27901,1.27928,1.13,2.44
2013.08.26 07:03:34.435,1.27902,1.27928,1.13,2.44
2013.08.26 07:03:35.486,1.27902,1.27928,1.32,2.44
2013.08.26 07:03:44.225,1.27902,1.27928,1.32,2.44
2013.08.26 07:03:54.315,1.27902,1.27928,1.88,2.44
2013.08.26 07:03:55.545,1.27902,1.27928,2.82,2.44
2013.08.26 07:04:00.775,1.27902,1.27928,2.07,1.69
2013.08.26 07:04:04.245,1.27903,1.27928,1.32,2.44
2013.08.26 07:04:14.355,1.27904,1.27929,2.44,2.44
2013.08.26 07:04:14.786,1.27907,1.27929,1.32,1.69
2013.08.26 07:04:15.025,1.27903,1.27928,1.32,1.69
2013.08.26 07:04:16.227,1.27901,1.27928,1.88,1.69
2013.08.26 07:04:17.545,1.27901,1.27928,2.07,2.44
2013.08.26 07:04:21.345,1.27903,1.27928,1.32,1.69
2013.08.26 07:04:21.405,1.27906,1.27929,1.13,1.69
2013.08.26 07:04:21.585,1.27906,1.27929,1.13,1.69
2013.08.26 07:04:21.766,1.27904,1.27929,1.32,2.44
2013.08.26 07:04:22.305,1.27904,1.27929,1.69,1.69
2013.08.26 07:04:23.495,1.27903,1.27929,1.69,1.69
2013.08.26 07:04:28.861,1.27906,1.27931,2.25,3.19
2013.08.26 07:04:29.890,1.27907,1.27932,4.50,5.44
2013.08.26 07:04:30.302,1.27909,1.27932,3.75,1.69
2013.08.26 07:04:30.365,1.27906,1.27932,3.00,1.69
2013.08.26 07:04:31.507,1.27908,1.27932,1.50,1.69
2013.08.26 07:04:38.665,1.27908,1.27933,2.07,1.50
2013.08.26 07:04:38.726,1.27908,1.27936,2.07,1.69
2013.08.26 07:04:39.246,1.27911,1.27936,1.32,1.50
2013.08.26 07:04:39.956,1.27911,1.27939,2.07,1.69
2013.08.26 07:04:48.326,1.27911,1.27934,1.32,2.25
2013.08.26 07:04:48.685,1.27909,1.27932,1.69,1.13
2013.08.26 07:04:48.925,1.27903,1.2793,1.69,1.69
2013.08.26 07:04:58.045,1.27902,1.27929,2.07,1.69
2013.08.26 07:04:58.855,1.27904,1.27929,3.38,1.69
2013.08.26 07:04:59.215,1.27907,1.27933,3.94,3.94
2013.08.26 07:05:00.547,1.27908,1.27933,1.69,3.94
2013.08.26 07:05:14.166,1.27909,1.27933,1.69,2.25
2013.08.26 07:05:14.465,1.27913,1.27936,1.13,1.69
2013.08.26 07:05:15.635,1.27912,1.27937,1.32,1.69
2013.08.26 07:05:15.815,1.27913,1.27937,1.32,1.69
2013.08.26 07:05:16.355,1.27915,1.27937,1.13,1.69
2013.08.26 07:05:16.661,1.27913,1.27937,1.32,1.69
2013.08.26 07:05:16.786,1.27913,1.27937,1.32,1.69
2013.08.26 07:05:17.675,1.27913,1.27937,1.32,1.69
2013.08.26 07:05:24.796,1.27913,1.27939,2.07,1.69
2013.08.26 07:05:24.855,1.27913,1.27937,2.07,1.13
2013.08.26 07:05:25.216,1.27909,1.27931,1.13,1.69
2013.08.26 07:05:25.335,1.27912,1.27939,1.13,3.19
2013.08.26 07:05:25.455,1.27913,1.27939,1.13,3.19
2013.08.26 07:05:25.657,1.27913,1.27939,1.13,2.44
2013.08.26 07:05:26.435,1.27913,1.27939,1.13,2.44
2013.08.26 07:05:27.028,1.27913,1.27939,1.13,1.69
2013.08.26 07:05:29.906,1.27915,1.27939,2.25,1.69
2013.08.26 07:05:30.305,1.27918,1.27941,2.63,2.44
2013.08.26 07:05:30.826,1.27917,1.27941,1.13,2.44
2013.08.26 07:05:31.621,1.27917,1.27942,1.13,4.69
2013.08.26 07:05:32.445,1.27917,1.27942,1.69,3.19
2013.08.26 07:05:33.248,1.27917,1.27942,1.32,3.19
2013.08.26 07:05:38.497,1.27917,1.27942,2.07,3.94
2013.08.26 07:05:45.245,1.27917,1.27942,2.07,5.44
2013.08.26 07:05:46.725,1.27919,1.27942,1.32,3.94
2013.08.26 07:05:55.285,1.27919,1.27943,1.32,4.69
2013.08.26 07:05:56.775,1.27919,1.27943,1.32,5.44
2013.08.26 07:06:05.678,1.27918,1.27943,1.32,5.44
2013.08.26 07:06:36.587,1.27918,1.27941,1.32,1.69
2013.08.26 07:06:37.796,1.27919,1.27941,1.32,1.69
2013.08.26 07:06:44.735,1.27919,1.27942,1.32,4.69
2013.08.26 07:06:44.915,1.2792,1.27942,1.32,1.69
2013.08.26 07:06:45.035,1.2792,1.27942,1.32,1.69
2013.08.26 07:06:45.856,1.2792,1.27944,1.32,1.69
2013.08.26 07:06:46.535,1.27921,1.27944,1.32,1.69
2013.08.26 07:06:47.036,1.27921,1.27944,2.44,1.69
2013.08.26 07:06:47.865,1.27921,1.27944,2.44,1.69
2013.08.26 07:06:56.565,1.27922,1.27945,2.07,2.44
2013.08.26 07:06:56.685,1.2793,1.27945,1.13,1.50
2013.08.26 07:06:56.806,1.27931,1.27948,1.50,1.69
2013.08.26 07:06:56.926,1.27938,1.27949,3.38,2.07
2013.08.26 07:06:56.986,1.27938,1.27955,4.13,1.50
2013.08.26 07:06:57.106,1.27939,1.27958,1.69,1.50
2013.08.26 07:06:57.226,1.27941,1.27965,1.69,1.50
2013.08.26 07:06:57.286,1.27945,1.27972,2.44,1.50
2013.08.26 07:06:57.345,1.27945,1.27977,1.69,1.50
2013.08.26 07:06:57.466,1.27945,1.27982,1.69,1.50
2013.08.26 07:06:57.816,1.27944,1.27978,1.69,1.69
2013.08.26 07:06:58.175,1.27943,1.27971,2.63,3.00
2013.08.26 07:06:58.235,1.2794,1.27972,1.69,2.07
2013.08.26 07:06:58.295,1.27938,1.2797,1.69,1.69
2013.08.26 07:06:58.355,1.27935,1.27969,1.69,1.69
2013.08.26 07:07:00.793,1.27938,1.27969,1.69,1.69
2013.08.26 07:07:01.095,1.27947,1.2797,3.38,1.69
2013.08.26 07:07:01.866,1.27947,1.2797,3.38,1.69
2013.08.26 07:07:02.286,1.27936,1.2797,2.44,1.69
2013.08.26 07:07:02.346,1.27939,1.27968,1.32,1.50
2013.08.26 07:07:02.706,1.2794,1.27968,1.13,1.69
2013.08.26 07:07:02.765,1.27936,1.27969,1.69,1.69
2013.08.26 07:07:03.006,1.27935,1.27976,1.69,2.59
2013.08.26 07:07:03.186,1.27936,1.27978,1.69,1.69
2013.08.26 07:07:03.306,1.27936,1.27984,1.69,1.69
2013.08.26 07:07:03.546,1.27936,1.27987,1.69,1.32
2013.08.26 07:07:03.905,1.27941,1.2799,1.32,3.19
2013.08.26 07:07:04.216,1.27943,1.27985,1.69,1.69
2013.08.26 07:07:07.525,1.27946,1.27985,1.13,1.69
2013.08.26 07:07:07.836,1.27952,1.27986,1.88,1.69
2013.08.26 07:07:08.444,1.27953,1.27987,1.50,1.69
2013.08.26 07:07:09.826,1.27953,1.27988,1.69,1.69
2013.08.26 07:07:10.605,1.27956,1.27988,1.13,1.69
2013.08.26 07:07:10.786,1.27965,1.27991,3.38,3.19
2013.08.26 07:07:10.965,1.27965,1.27989,1.13,3.19
2013.08.26 07:07:11.085,1.27954,1.27985,1.32,1.69
2013.08.26 07:07:11.145,1.27956,1.27985,1.13,1.69
2013.08.26 07:07:11.446,1.2796,1.27988,1.13,1.69
2013.08.26 07:07:11.566,1.27955,1.27989,2.44,1.69
2013.08.26 07:07:11.865,1.27954,1.27993,1.69,1.69
2013.08.26 07:07:17.965,1.27957,1.27993,2.07,1.69
2013.08.26 07:07:18.325,1.27962,1.27987,1.32,2.25
2013.08.26 07:07:18.865,1.27962,1.27988,3.19,2.25
2013.08.26 07:07:19.546,1.27962,1.27987,1.32,2.25
2013.08.26 07:07:20.363,1.27962,1.27987,1.32,2.44
2013.08.26 07:07:21.516,1.27962,1.27987,1.13,3.19
2013.08.26 07:07:24.695,1.27962,1.27987,1.88,2.25
2013.08.26 07:07:24.755,1.27962,1.27987,1.50,2.25
2013.08.26 07:07:24.816,1.27962,1.27994,1.50,1.69
2013.08.26 07:07:25.167,1.27962,1.27995,1.13,3.19
2013.08.26 07:07:26.175,1.27962,1.27994,2.63,1.69
2013.08.26 07:07:26.235,1.27969,1.27995,2.63,1.69
2013.08.26 07:07:27.245,1.27965,1.27995,1.69,1.69
2013.08.26 07:07:27.305,1.27962,1.27995,2.82,1.69
2013.08.26 07:07:27.871,1.27963,1.27994,1.32,1.69
2013.08.26 07:07:28.295,1.27963,1.27994,1.69,1.69
2013.08.26 07:07:28.415,1.27962,1.27994,2.82,1.69
2013.08.26 07:07:30.555,1.27962,1.27993,1.32,1.32
2013.08.26 07:07:30.616,1.27961,1.27992,1.32,1.32
2013.08.26 07:07:30.675,1.2796,1.27987,3.19,2.25
2013.08.26 07:07:31.035,1.2796,1.27987,2.82,2.25
2013.08.26 07:07:31.097,1.27961,1.27987,1.32,2.25
2013.08.26 07:07:31.913,1.27962,1.27987,1.13,2.44
2013.08.26 07:07:32.747,1.27962,1.27987,1.13,2.44
2013.08.26 07:07:34.989,1.27962,1.27988,3.38,3.94
2013.08.26 07:07:35.351,1.27962,1.2799,1.69,1.69
2013.08.26 07:07:44.595,1.27962,1.27991,1.32,1.69
2013.08.26 07:07:44.777,1.27974,1.27996,3.94,1.69
2013.08.26 07:07:45.306,1.27969,1.27992,1.69,2.25
2013.08.26 07:07:45.365,1.27968,1.27992,1.69,2.25
2013.08.26 07:07:45.905,1.27967,1.27992,1.69,3.00
2013.08.26 07:07:46.891,1.27966,1.27991,1.69,3.19
2013.08.26 07:07:47.897,1.27969,1.27994,2.63,1.69
2013.08.26 07:07:48.256,1.2797,1.27997,1.32,5.44
2013.08.26 07:07:52.346,1.27971,1.27997,1.32,4.69
2013.08.26 07:08:04.447,1.27971,1.27997,1.13,3.19
2013.08.26 07:08:07.105,1.27972,1.27997,1.13,3.19
2013.08.26 07:08:07.225,1.27975,1.28,2.44,2.07
2013.08.26 07:08:07.877,1.27976,1.28,1.13,1.69
2013.08.26 07:08:08.475,1.27975,1.28001,4.32,3.94
2013.08.26 07:08:09.946,1.27976,1.28001,1.32,3.94
2013.08.26 07:08:12.686,1.27973,1.27996,3.19,2.25
2013.08.26 07:08:12.806,1.2797,1.27996,4.32,2.44
2013.08.26 07:08:13.406,1.2797,1.27996,4.32,2.44
2013.08.26 07:08:16.385,1.27972,1.27996,1.32,2.44
2013.08.26 07:08:16.506,1.27975,1.28,2.44,1.69
2013.08.26 07:08:17.039,1.27975,1.28001,3.19,3.19
2013.08.26 07:08:18.027,1.27976,1.28001,1.69,3.19
2013.08.26 07:08:19.043,1.27977,1.28001,1.32,3.19
2013.08.26 07:08:19.432,1.27976,1.28001,2.82,2.44
2013.08.26 07:08:23.046,1.27976,1.28001,2.82,3.19
2013.08.26 07:08:23.928,1.27976,1.28001,2.82,3.19
2013.08.26 07:08:25.785,1.2798,1.28,1.32,1.69
2013.08.26 07:08:31.510,1.2798,1.28002,1.32,5.82
2013.08.26 07:08:34.526,1.2798,1.28002,1.32,5.82
2013.08.26 07:08:34.756,1.27977,1.28002,2.82,4.32
2013.08.26 07:08:38.435,1.2798,1.27998,1.69,3.94
2013.08.26 07:08:40.085,1.27976,1.27998,1.69,1.69
2013.08.26 07:08:42.465,1.27976,1.28002,2.82,3.94
2013.08.26 07:08:45.506,1.27977,1.28002,1.32,2.44
2013.08.26 07:08:46.505,1.27975,1.27999,1.32,3.94
2013.08.26 07:08:46.626,1.27974,1.27999,3.94,5.63
2013.08.26 07:08:48.085,1.27974,1.27999,2.44,3.94
2013.08.26 07:08:50.364,1.27976,1.27999,1.32,3.94
2013.08.26 07:08:54.061,1.27978,1.27999,1.69,3.94
2013.08.26 07:08:54.366,1.27981,1.28004,3.94,2.44
2013.08.26 07:08:57.005,1.27985,1.28004,3.75,2.44
2013.08.26 07:08:58.505,1.27985,1.28005,4.69,2.44
2013.08.26 07:08:58.716,1.27985,1.28007,4.50,2.44
2013.08.26 07:09:01.019,1.27986,1.28007,1.32,3.19
2013.08.26 07:09:01.526,1.2798,1.28004,5.82,1.69
2013.08.26 07:09:01.766,1.27978,1.28002,2.44,4.69
2013.08.26 07:09:02.924,1.27978,1.28001,1.32,3.19
2013.08.26 07:09:03.646,1.27978,1.27998,4.13,1.69
2013.08.26 07:09:03.826,1.2797,1.27997,1.32,3.19
2013.08.26 07:09:04.006,1.27964,1.27995,2.07,2.44
2013.08.26 07:09:04.065,1.2796,1.27995,1.32,2.44
2013.08.26 07:09:06.805,1.27969,1.27995,1.13,1.69
2013.08.26 07:09:07.105,1.27971,1.27996,1.50,2.44
2013.08.26 07:09:10.125,1.2797,1.27996,3.19,2.44
2013.08.26 07:09:10.486,1.27965,1.27995,1.69,2.44
2013.08.26 07:09:10.878,1.27961,1.27995,1.69,2.44
2013.08.26 07:09:10.935,1.2796,1.27995,1.69,2.44
2013.08.26 07:09:16.445,1.2796,1.27994,1.69,1.69
2013.08.26 07:09:18.056,1.2796,1.27994,1.69,1.69
2013.08.26 07:09:24.765,1.2796,1.27994,1.69,1.69
2013.08.26 07:09:25.267,1.27963,1.27994,1.69,1.69
2013.08.26 07:09:26.315,1.27963,1.27995,1.69,4.69
2013.08.26 07:09:28.406,1.2797,1.27995,1.50,4.69
2013.08.26 07:09:28.466,1.27974,1.27998,3.00,1.69
2013.08.26 07:09:28.705,1.27974,1.28001,2.63,2.07
2013.08.26 07:09:28.765,1.27974,1.28001,3.38,1.32
2013.08.26 07:09:29.287,1.27975,1.28002,3.00,2.07
2013.08.26 07:09:30.157,1.27976,1.28002,3.00,2.07
2013.08.26 07:09:31.626,1.27979,1.28002,1.13,1.69
2013.08.26 07:09:34.158,1.27979,1.28002,2.07,3.19
2013.08.26 07:09:38.069,1.27978,1.28001,1.13,3.94
2013.08.26 07:09:40.987,1.27978,1.28001,1.13,1.69
2013.08.26 07:09:42.116,1.27974,1.27999,5.44,2.44
2013.08.26 07:09:42.237,1.27973,1.27996,1.32,1.50
2013.08.26 07:09:42.356,1.2797,1.27995,3.19,1.69
2013.08.26 07:09:42.836,1.27965,1.27995,1.32,2.44
2013.08.26 07:09:43.535,1.27961,1.27992,1.69,1.69
2013.08.26 07:09:47.535,1.27962,1.27992,2.07,1.69
2013.08.26 07:09:47.718,1.27973,1.27997,1.50,1.50
2013.08.26 07:09:47.776,1.27977,1.27996,1.50,1.50
2013.08.26 07:09:48.076,1.27961,1.27987,3.94,3.19
2013.08.26 07:09:48.256,1.27962,1.27994,1.69,1.69
2013.08.26 07:09:48.807,1.27961,1.27993,1.69,1.69
2013.08.26 07:09:49.145,1.2796,1.27994,1.50,1.69
2013.08.26 07:09:49.266,1.27952,1.27995,2.44,2.44
2013.08.26 07:09:51.145,1.27952,1.27992,1.69,2.44
2013.08.26 07:09:51.265,1.27954,1.27989,1.69,1.47
2013.08.26 07:09:52.595,1.27955,1.27988,1.69,1.32
2013.08.26 07:09:52.655,1.27964,1.27989,1.13,1.02
2013.08.26 07:09:52.775,1.27965,1.2799,3.94,1.39
2013.08.26 07:09:54.205,1.27967,1.27993,2.63,3.19
2013.08.26 07:09:55.067,1.27969,1.27994,4.13,5.07
2013.08.26 07:09:55.686,1.27968,1.27992,1.32,2.82
2013.08.26 07:09:59.989,1.27968,1.27991,1.32,1.69
2013.08.26 07:10:01.136,1.27966,1.27991,1.69,1.69
2013.08.26 07:10:05.416,1.2797,1.27994,4.69,1.50
2013.08.26 07:10:05.476,1.27976,1.27998,1.50,1.69
2013.08.26 07:10:05.536,1.27979,1.28003,4.69,1.32
2013.08.26 07:10:05.656,1.27979,1.28002,3.94,2.44
2013.08.26 07:10:05.895,1.27971,1.27997,2.07,2.25
2013.08.26 07:10:06.677,1.27971,1.27996,1.69,2.25
2013.08.26 07:10:08.516,1.2797,1.27996,5.07,3.19
2013.08.26 07:10:13.476,1.27969,1.27995,1.13,1.69
2013.08.26 07:10:13.536,1.27965,1.27995,1.13,2.44
2013.08.26 07:10:13.655,1.27968,1.27995,1.13,2.44
2013.08.26 07:10:13.776,1.27969,1.27995,3.00,1.69
2013.08.26 07:10:14.135,1.27962,1.27995,1.69,1.69
2013.08.26 07:10:18.451,1.27962,1.27995,1.69,1.69
2013.08.26 07:10:20.456,1.27962,1.27994,1.69,1.69
2013.08.26 07:10:20.816,1.27959,1.27996,1.69,1.69
2013.08.26 07:10:21.118,1.2796,1.27994,1.50,1.69
2013.08.26 07:10:21.586,1.27955,1.27995,1.69,2.07
2013.08.26 07:10:25.696,1.27955,1.27996,1.69,1.69
2013.08.26 07:10:28.386,1.27971,1.27996,1.13,1.69
2013.08.26 07:10:28.506,1.27974,1.28,3.19,1.32
2013.08.26 07:10:29.068,1.27974,1.28001,3.19,2.07
2013.08.26 07:10:30.569,1.27974,1.28001,3.94,1.69
2013.08.26 07:10:30.866,1.27975,1.27997,1.69,3.19
2013.08.26 07:10:32.345,1.27975,1.27994,1.69,2.07
2013.08.26 07:10:32.586,1.27962,1.27988,1.69,1.32
2013.08.26 07:10:33.076,1.27962,1.2799,1.69,2.07
2013.08.26 07:10:36.564,1.27962,1.2799,1.32,1.32
2013.08.26 07:10:36.686,1.27969,1.27995,3.38,1.32
2013.08.26 07:10:36.749,1.27969,1.27996,3.38,2.82
2013.08.26 07:10:36.866,1.27969,1.27995,3.00,2.07
2013.08.26 07:10:37.425,1.27967,1.27991,3.19,1.32
2013.08.26 07:10:41.247,1.27967,1.2799,3.19,1.32
2013.08.26 07:10:42.896,1.27969,1.27991,2.25,1.69
2013.08.26 07:10:42.956,1.27969,1.27992,3.57,1.69
2013.08.26 07:10:44.256,1.27963,1.27992,1.69,1.50
2013.08.26 07:10:44.675,1.27962,1.27991,2.44,1.50
2013.08.26 07:10:48.458,1.2796,1.27991,1.69,1.50
2013.08.26 07:10:49.291,1.27962,1.27991,1.32,1.50
2013.08.26 07:10:49.655,1.27975,1.27998,2.63,1.32
2013.08.26 07:10:51.363,1.27975,1.27999,3.57,2.07
2013.08.26 07:10:51.606,1.27975,1.27999,3.57,2.07
2013.08.26 07:10:57.246,1.27971,1.27997,1.32,1.69
2013.08.26 07:10:57.306,1.2797,1.27992,2.07,1.50
2013.08.26 07:10:57.426,1.27967,1.27992,1.32,1.69
2013.08.26 07:10:57.546,1.27959,1.27988,1.69,1.50
2013.08.26 07:11:03.685,1.27961,1.27988,3.00,2.82
2013.08.26 07:11:03.805,1.27961,1.27982,3.00,1.50
2013.08.26 07:11:04.456,1.27959,1.27982,1.32,1.50
2013.08.26 07:11:04.516,1.27957,1.27982,3.94,1.88
2013.08.26 07:11:06.555,1.27957,1.27982,3.19,3.57
2013.08.26 07:11:06.676,1.27957,1.27982,3.19,2.82
2013.08.26 07:11:07.287,1.27957,1.27982,3.19,4.32
2013.08.26 07:11:08.311,1.27957,1.2798,3.19,1.69
2013.08.26 07:11:08.625,1.27952,1.27968,1.13,1.50
2013.08.26 07:11:08.866,1.27954,1.27979,3.00,1.32
2013.08.26 07:11:09.546,1.27956,1.27981,1.50,1.69
2013.08.26 07:11:09.726,1.27963,1.27981,1.13,2.25
2013.08.26 07:11:09.786,1.27969,1.27982,3.00,1.50
2013.08.26 07:11:09.846,1.27969,1.27993,3.00,1.69
2013.08.26 07:11:10.046,1.2797,1.27992,3.75,1.32
2013.08.26 07:11:10.691,1.27971,1.27994,2.25,1.32
2013.08.26 07:11:11.686,1.2797,1.27994,3.75,1.69
2013.08.26 07:11:12.124,1.2797,1.27994,4.69,1.69
2013.08.26 07:11:13.324,1.2797,1.27994,6.19,1.69
2013.08.26 07:11:14.896,1.27971,1.2799,1.32,2.25
2013.08.26 07:11:14.957,1.2797,1.2799,1.13,2.25
2013.08.26 07:11:15.017,1.27963,1.27987,1.69,1.50
2013.08.26 07:11:15.136,1.27962,1.27987,2.44,1.50
2013.08.26 07:11:15.436,1.27962,1.27983,1.50,1.50
2013.08.26 07:11:15.497,1.27954,1.27983,1.69,3.38
2013.08.26 07:11:16.675,1.27951,1.27983,2.44,3.38
2013.08.26 07:11:17.887,1.27951,1.27982,1.69,1.88
2013.08.26 07:11:18.326,1.27952,1.27977,3.75,1.50
2013.08.26 07:11:21.377,1.27951,1.27977,3.75,5.44
2013.08.26 07:11:27.156,1.27951,1.27977,3.75,5.44
2013.08.26 07:11:28.737,1.27951,1.27977,3.75,2.44
2013.08.26 07:11:30.406,1.27951,1.27973,1.50,1.50
2013.08.26 07:11:32.404,1.27951,1.27974,3.94,1.39
2013.08.26 07:11:36.978,1.2795,1.27971,1.69,3.85
2013.08.26 07:11:37.098,1.27945,1.27971,2.44,2.10
2013.08.26 07:11:37.156,1.27944,1.27968,1.69,1.17
2013.08.26 07:11:38.509,1.27945,1.27967,1.69,1.39
2013.08.26 07:11:46.886,1.27944,1.27966,2.44,1.39
2013.08.26 07:11:47.527,1.27944,1.27966,2.44,1.39
2013.08.26 07:11:48.351,1.27944,1.27964,2.44,1.39
2013.08.26 07:11:52.535,1.27944,1.27963,2.44,1.17
2013.08.26 07:11:53.400,1.27944,1.27962,2.44,1.50
2013.08.26 07:11:54.014,1.27944,1.27962,2.44,1.50
2013.08.26 07:11:55.376,1.27946,1.27962,1.69,1.50
2013.08.26 07:11:56.073,1.27946,1.27962,1.69,1.50
2013.08.26 07:11:56.680,1.27946,1.27963,1.69,1.50
2013.08.26 07:12:10.709,1.27946,1.27963,1.69,1.50
2013.08.26 07:12:20.666,1.27948,1.27968,2.63,1.13
2013.08.26 07:12:20.787,1.27952,1.27972,1.50,1.50
2013.08.26 07:12:20.846,1.27949,1.27972,1.13,1.50
2013.08.26 07:12:20.967,1.27948,1.27978,2.44,3.19
2013.08.26 07:12:21.206,1.27952,1.27978,3.00,2.44
2013.08.26 07:12:21.659,1.27952,1.27972,3.00,1.50
2013.08.26 07:12:23.917,1.27951,1.27972,1.50,3.53
2013.08.26 07:12:24.038,1.27945,1.27968,2.44,1.13
2013.08.26 07:12:26.016,1.27945,1.27962,2.44,1.50
2013.08.26 07:12:27.483,1.27946,1.27962,1.69,1.50
2013.08.26 07:12:28.187,1.27946,1.27962,1.69,1.50
2013.08.26 07:12:29.084,1.27946,1.27962,1.69,1.50
2013.08.26 07:12:29.745,1.27946,1.27962,1.69,1.50
2013.08.26 07:12:30.955,1.27946,1.27962,1.69,1.50
2013.08.26 07:12:31.016,1.27945,1.27962,1.69,1.50
2013.08.26 07:12:32.778,1.27945,1.27962,1.69,1.50
2013.08.26 07:12:35.666,1.27946,1.27962,1.69,1.50
2013.08.26 07:12:38.547,1.27946,1.27962,1.69,1.50
2013.08.26 07:12:50.656,1.27946,1.27965,1.69,1.69
2013.08.26 07:12:53.926,1.27945,1.27966,1.69,2.44
2013.08.26 07:12:55.788,1.27945,1.27966,1.69,2.44
2013.08.26 07:12:55.906,1.27956,1.27966,1.50,1.50
2013.08.26 07:12:56.086,1.27958,1.2798,2.44,1.32
2013.08.26 07:12:56.207,1.27959,1.27981,4.32,1.32
2013.08.26 07:12:56.266,1.27959,1.27982,3.57,2.44
2013.08.26 07:12:56.327,1.2796,1.27982,1.69,1.50
2013.08.26 07:12:56.446,1.27957,1.27984,1.69,1.69
2013.08.26 07:12:56.626,1.27952,1.27982,1.69,1.50
2013.08.26 07:12:57.076,1.27952,1.27982,1.69,1.50
2013.08.26 07:12:57.708,1.27952,1.27982,1.69,1.50
2013.08.26 07:12:58.496,1.27952,1.27985,1.69,2.29
2013.08.26 07:12:58.557,1.27952,1.27982,1.69,1.54
2013.08.26 07:12:58.928,1.27952,1.27982,1.69,1.54
2013.08.26 07:12:58.988,1.27952,1.27982,1.69,1.54
2013.08.26 07:13:00.178,1.27952,1.27982,1.69,1.54
2013.08.26 07:13:00.486,1.27948,1.27975,2.07,1.65
2013.08.26 07:13:00.666,1.27948,1.27972,1.69,1.35
2013.08.26 07:13:00.846,1.27948,1.27972,1.69,1.20
2013.08.26 07:13:01.546,1.27949,1.27972,1.69,1.20
2013.08.26 07:13:01.606,1.27949,1.27974,1.69,3.90
2013.08.26 07:13:02.207,1.27949,1.27973,1.69,1.20
2013.08.26 07:13:02.721,1.27948,1.27973,1.69,1.20
2013.08.26 07:13:04.586,1.27948,1.27973,1.69,3.72
2013.08.26 07:13:05.667,1.27948,1.27973,1.69,3.72
2013.08.26 07:13:20.612,1.27948,1.27973,1.69,3.72
2013.08.26 07:13:20.676,1.27948,1.27973,1.69,1.39
2013.08.26 07:13:22.136,1.27949,1.27974,2.44,1.77
2013.08.26 07:13:22.338,1.27951,1.27974,1.69,1.77
2013.08.26 07:13:22.400,1.27952,1.27975,2.44,1.39
2013.08.26 07:13:23.157,1.27952,1.27974,2.44,1.54
2013.08.26 07:13:23.850,1.27952,1.27975,3.19,1.24
2013.08.26 07:13:24.827,1.27953,1.27975,1.69,1.09
2013.08.26 07:13:30.446,1.27955,1.27977,1.69,1.09
2013.08.26 07:13:32.656,1.27952,1.27976,1.69,1.09
2013.08.26 07:13:34.757,1.27952,1.27973,3.19,1.09
2013.08.26 07:13:37.756,1.27954,1.27976,2.44,1.84
2013.08.26 07:13:38.614,1.27954,1.27976,3.19,1.84
2013.08.26 07:13:38.857,1.27955,1.27976,1.69,1.69
2013.08.26 07:13:40.076,1.27955,1.2798,2.44,1.69
2013.08.26 07:13:43.166,1.27955,1.27978,1.32,2.07
2013.08.26 07:13:43.346,1.27954,1.27978,2.44,5.82
2013.08.26 07:13:44.646,1.27954,1.27978,2.44,5.82
2013.08.26 07:13:45.656,1.27954,1.27974,1.69,1.39
2013.08.26 07:13:46.167,1.27954,1.27974,1.69,2.29
2013.08.26 07:13:48.106,1.27953,1.27973,2.44,1.39
2013.08.26 07:13:51.605,1.27953,1.27974,2.44,1.54
2013.08.26 07:13:59.756,1.27953,1.27975,3.19,1.24
2013.08.26 07:14:06.637,1.27953,1.27975,2.25,1.17
2013.08.26 07:14:06.696,1.27953,1.27973,1.50,1.17
2013.08.26 07:14:06.876,1.27949,1.27973,1.69,1.54
2013.08.26 07:14:10.388,1.27947,1.27971,1.69,1.39
2013.08.26 07:14:11.728,1.27947,1.27971,3.94,1.39
2013.08.26 07:14:21.236,1.27947,1.27972,1.69,2.07
2013.08.26 07:14:23.397,1.27947,1.2797,3.19,1.24
2013.08.26 07:14:27.719,1.27949,1.27972,1.69,2.67
2013.08.26 07:14:29.827,1.27947,1.27971,3.00,1.54
2013.08.26 07:14:29.937,1.27946,1.27971,3.94,1.54
2013.08.26 07:14:30.496,1.27947,1.27971,3.00,1.17
2013.08.26 07:14:37.646,1.27949,1.27972,1.13,1.58
2013.08.26 07:14:37.766,1.27952,1.27978,3.00,2.14
2013.08.26 07:14:41.736,1.27952,1.27978,3.00,1.77
2013.08.26 07:14:46.139,1.27952,1.27976,3.19,1.54
2013.08.26 07:14:48.610,1.27952,1.27974,3.00,1.35
2013.08.26 07:14:54.827,1.27952,1.27974,3.94,1.69
2013.08.26 07:14:59.954,1.27952,1.27975,3.19,1.50
2013.08.26 07:15:01.766,1.27953,1.27977,1.69,1.69
2013.08.26 07:15:01.826,1.27953,1.27978,1.69,2.07
2013.08.26 07:15:05.394,1.27952,1.27977,3.00,1.69
2013.08.26 07:15:06.837,1.27952,1.27977,3.00,1.69
2013.08.26 07:15:10.829,1.27952,1.27977,3.00,2.44
2013.08.26 07:15:11.829,1.27952,1.27978,1.69,5.59
2013.08.26 07:15:12.936,1.27953,1.27978,1.69,5.59
2013.08.26 07:15:13.766,1.27952,1.27977,3.00,1.35
2013.08.26 07:15:14.916,1.27952,1.27978,3.19,4.32
2013.08.26 07:15:18.576,1.27952,1.27978,3.00,3.38
2013.08.26 07:15:20.498,1.27952,1.27977,3.00,1.20
2013.08.26 07:15:21.757,1.27951,1.27978,4.69,1.32
2013.08.26 07:15:23.813,1.27952,1.27978,1.69,2.07
2013.08.26 07:15:24.420,1.27952,1.27978,3.75,5.52
2013.08.26 07:15:25.804,1.27951,1.27978,5.25,2.07
2013.08.26 07:15:26.112,1.27952,1.27977,3.00,1.69
2013.08.26 07:15:27.822,1.27952,1.27977,3.94,1.69
2013.08.26 07:15:30.837,1.27951,1.27978,3.94,3.57
2013.08.26 07:15:30.956,1.27953,1.27978,1.50,3.19
2013.08.26 07:15:31.476,1.27952,1.27978,3.19,3.19
2013.08.26 07:15:32.844,1.27952,1.27978,3.94,3.00
2013.08.26 07:15:37.107,1.27952,1.27979,3.19,1.32
2013.08.26 07:15:42.786,1.27955,1.2798,1.50,3.38
2013.08.26 07:15:42.967,1.27979,1.27998,3.00,1.50
2013.08.26 07:15:43.087,1.27983,1.28003,1.50,1.13
2013.08.26 07:15:43.206,1.2798,1.28005,2.25,1.88
2013.08.26 07:15:43.808,1.27982,1.28006,1.50,1.69
2013.08.26 07:15:44.386,1.27982,1.28003,1.50,1.13
2013.08.26 07:15:44.746,1.2797,1.27996,2.07,4.69
2013.08.26 07:15:44.806,1.27968,1.27996,2.44,4.69
2013.08.26 07:15:44.866,1.27968,1.27996,2.07,5.44
2013.08.26 07:15:44.927,1.27967,1.2799,2.07,1.13
2013.08.26 07:15:45.487,1.27965,1.27988,1.69,1.13
2013.08.26 07:15:48.592,1.27964,1.27989,1.69,1.69
2013.08.26 07:15:49.076,1.27965,1.27995,1.69,1.69
2013.08.26 07:15:49.266,1.27965,1.27997,1.69,3.19
2013.08.26 07:15:51.402,1.27963,1.27997,3.19,3.19
2013.08.26 07:15:51.796,1.27965,1.27997,1.69,2.44
2013.08.26 07:15:52.297,1.27971,1.27997,1.50,1.69
2013.08.26 07:15:52.757,1.27975,1.27997,1.50,1.32
2013.08.26 07:15:53.287,1.27975,1.27999,1.50,2.07
2013.08.26 07:15:54.546,1.27975,1.27999,1.50,4.32
2013.08.26 07:15:55.548,1.27975,1.27999,1.50,4.32
2013.08.26 07:15:55.977,1.27976,1.28,2.44,1.32
2013.08.26 07:15:56.336,1.27975,1.27997,1.50,1.32
2013.08.26 07:15:56.637,1.27966,1.27989,1.69,1.50
2013.08.26 07:15:56.710,1.27966,1.27989,2.44,2.44
2013.08.26 07:15:57.426,1.27966,1.27989,2.44,2.44
2013.08.26 07:15:57.597,1.27961,1.27985,1.50,1.32
2013.08.26 07:15:57.752,1.2796,1.27985,1.50,2.07
2013.08.26 07:15:58.431,1.27959,1.27984,1.69,1.32
2013.08.26 07:15:58.967,1.2796,1.27984,1.69,1.32
2013.08.26 07:15:59.457,1.2796,1.27978,2.07,1.13
2013.08.26 07:15:59.636,1.27956,1.27977,1.69,1.13
2013.08.26 07:16:00.668,1.27956,1.27976,2.07,1.13
2013.08.26 07:16:00.729,1.27958,1.27978,1.88,1.13
2013.08.26 07:16:00.789,1.27969,1.27983,1.50,1.69
2013.08.26 07:16:00.967,1.27962,1.27995,1.50,1.69
2013.08.26 07:16:01.027,1.27961,1.27995,3.00,1.69
2013.08.26 07:16:01.207,1.27961,1.27995,1.50,1.69
2013.08.26 07:16:01.626,1.2796,1.27995,1.50,1.69
2013.08.26 07:16:03.878,1.2796,1.27995,1.50,1.69
2013.08.26 07:16:05.232,1.27969,1.27996,1.50,1.69
2013.08.26 07:16:06.124,1.27974,1.27999,1.50,3.94
2013.08.26 07:16:06.893,1.27974,1.27999,1.50,3.94
2013.08.26 07:16:08.937,1.27973,1.27991,1.50,1.13
2013.08.26 07:16:09.117,1.27966,1.27989,2.44,1.50
2013.08.26 07:16:09.807,1.27964,1.27988,1.50,1.50
2013.08.26 07:16:10.062,1.27966,1.27988,1.13,1.50
2013.08.26 07:16:10.370,1.27971,1.27994,1.50,2.44
2013.08.26 07:16:10.488,1.2797,1.27993,1.50,1.69
2013.08.26 07:16:11.287,1.2797,1.27993,1.13,2.44
2013.08.26 07:16:12.887,1.2797,1.27993,1.13,3.94
2013.08.26 07:16:14.166,1.2797,1.27989,1.13,1.69
2013.08.26 07:16:14.286,1.27966,1.27988,1.50,1.69
2013.08.26 07:16:14.577,1.27965,1.27988,1.50,2.44
2013.08.26 07:16:14.937,1.27965,1.27987,1.50,1.69
2013.08.26 07:16:14.996,1.27962,1.27992,1.50,1.69
2013.08.26 07:16:15.056,1.27962,1.27994,1.69,2.52
2013.08.26 07:16:21.276,1.27969,1.27994,1.50,3.19
2013.08.26 07:16:21.916,1.27964,1.27982,1.50,1.13
2013.08.26 07:16:22.156,1.27958,1.27985,1.69,1.69
2013.08.26 07:16:22.216,1.27962,1.27986,1.50,1.69
2013.08.26 07:16:22.396,1.27962,1.27994,1.50,3.19
2013.08.26 07:16:22.456,1.27962,1.27994,1.88,2.44
2013.08.26 07:16:22.817,1.27962,1.27994,1.50,3.19
2013.08.26 07:16:23.456,1.27961,1.27994,1.50,3.19
2013.08.26 07:16:24.035,1.27961,1.27989,1.50,1.69
2013.08.26 07:16:24.276,1.2795,1.27976,2.44,1.13
2013.08.26 07:16:24.336,1.2795,1.27976,1.50,1.13
2013.08.26 07:16:24.457,1.2795,1.27978,1.50,3.19
2013.08.26 07:16:24.517,1.2795,1.27989,1.50,1.32
2013.08.26 07:16:24.576,1.27954,1.27992,1.50,2.07
2013.08.26 07:16:24.696,1.27961,1.27993,1.50,1.32
2013.08.26 07:16:27.157,1.27955,1.27978,1.50,3.00
2013.08.26 07:16:27.396,1.2795,1.27973,1.50,2.63
2013.08.26 07:16:27.456,1.27946,1.27972,1.69,1.13
2013.08.26 07:16:27.516,1.27945,1.27972,2.44,1.13
2013.08.26 07:16:27.576,1.27945,1.2797,1.69,1.69
2013.08.26 07:16:31.936,1.27942,1.27969,2.44,1.69
2013.08.26 07:16:44.957,1.27943,1.2797,2.44,1.69
2013.08.26 07:16:49.697,1.27946,1.27973,1.69,1.69
2013.08.26 07:16:51.071,1.27949,1.27974,1.50,1.69
2013.08.26 07:16:51.598,1.2795,1.27974,1.13,1.69
2013.08.26 07:16:52.594,1.2795,1.27974,1.32,3.00
2013.08.26 07:16:57.256,1.2795,1.27974,1.13,1.69
2013.08.26 07:17:00.308,1.2795,1.27974,1.32,3.19
2013.08.26 07:17:06.531,1.27951,1.27975,1.32,3.19
2013.08.26 07:17:08.639,1.2795,1.27975,1.13,3.19
2013.08.26 07:17:10.566,1.27949,1.27975,1.32,3.19
2013.08.26 07:17:17.322,1.2795,1.27975,1.32,1.69
2013.08.26 07:17:32.576,1.27949,1.27975,1.32,1.69
2013.08.26 07:17:32.867,1.27948,1.27975,1.69,1.69
2013.08.26 07:17:34.863,1.27947,1.27975,3.94,1.69
2013.08.26 07:17:36.067,1.27949,1.27975,2.44,1.69
2013.08.26 07:17:37.078,1.27948,1.27975,2.44,1.69
2013.08.26 07:17:42.616,1.27952,1.27975,1.32,1.50
2013.08.26 07:17:42.676,1.27962,1.27978,1.50,1.50
2013.08.26 07:17:42.856,1.27966,1.27986,1.32,4.32
2013.08.26 07:17:42.916,1.27969,1.27986,1.13,1.69
2013.08.26 07:17:42.976,1.27969,1.27987,1.13,1.88
2013.08.26 07:17:43.276,1.2797,1.27987,1.69,1.13
2013.08.26 07:17:43.928,1.2797,1.27988,1.69,1.05
2013.08.26 07:17:44.527,1.2797,1.27987,1.69,1.05
2013.08.26 07:17:44.886,1.2797,1.27994,1.69,2.44
2013.08.26 07:17:47.086,1.2797,1.27994,2.07,1.69
2013.08.26 07:17:49.018,1.27971,1.27995,2.07,1.69
2013.08.26 07:17:49.533,1.27971,1.27996,1.69,2.44
2013.08.26 07:17:54.506,1.27971,1.27997,3.57,2.44
2013.08.26 07:17:54.686,1.27972,1.27999,2.44,3.19
2013.08.26 07:18:02.018,1.27971,1.27998,2.07,1.69
2013.08.26 07:18:03.228,1.27971,1.27999,1.69,2.44
2013.08.26 07:18:07.048,1.27973,1.27999,1.69,1.50
2013.08.26 07:18:07.217,1.27973,1.27999,1.69,1.50
2013.08.26 07:18:15.246,1.27972,1.27999,1.69,1.69
2013.08.26 07:18:18.640,1.27972,1.27999,1.69,1.50
2013.08.26 07:18:25.306,1.27972,1.27999,2.44,1.50
2013.08.26 07:18:26.948,1.27973,1.27999,1.69,1.50
2013.08.26 07:18:28.680,1.27973,1.27999,1.69,1.50
2013.08.26 07:18:30.526,1.27971,1.27999,1.69,2.44
2013.08.26 07:18:34.157,1.27971,1.27999,1.69,2.44
2013.08.26 07:18:48.665,1.27971,1.27998,3.94,1.69
2013.08.26 07:19:07.607,1.27972,1.27999,1.69,2.44
2013.08.26 07:19:08.156,1.27977,1.27999,1.50,1.69
2013.08.26 07:19:08.636,1.27977,1.28,1.50,3.94
2013.08.26 07:19:08.696,1.27979,1.28,1.50,3.94
2013.08.26 07:19:08.876,1.27978,1.27999,1.50,1.69
2013.08.26 07:19:10.666,1.27978,1.27999,1.50,1.69
2013.08.26 07:19:10.966,1.27978,1.27999,1.50,1.69
2013.08.26 07:19:11.216,1.27978,1.27999,1.50,1.69
2013.08.26 07:19:12.486,1.27978,1.28002,1.50,3.94
2013.08.26 07:19:13.436,1.27982,1.28002,1.50,3.94
2013.08.26 07:19:18.897,1.27983,1.28002,1.88,2.44
2013.08.26 07:19:20.297,1.27983,1.28003,1.88,3.19
2013.08.26 07:19:21.408,1.27983,1.28003,1.88,4.69
2013.08.26 07:19:25.618,1.27983,1.28003,1.88,2.44
2013.08.26 07:19:30.420,1.27983,1.28004,1.88,3.94
2013.08.26 07:19:30.987,1.27983,1.28003,1.88,1.69
2013.08.26 07:19:37.242,1.27983,1.28003,1.88,2.44
2013.08.26 07:19:38.347,1.27983,1.28002,1.88,1.69
2013.08.26 07:19:39.654,1.27983,1.28002,1.88,1.69
2013.08.26 07:19:45.013,1.27983,1.28002,1.88,1.69
2013.08.26 07:19:53.668,1.27981,1.28002,1.32,1.69
2013.08.26 07:19:54.498,1.27981,1.28002,1.32,1.69
2013.08.26 07:19:59.199,1.27981,1.28002,1.32,2.44
2013.08.26 07:20:05.047,1.2798,1.28002,1.69,1.69
2013.08.26 07:20:09.286,1.27982,1.28002,1.69,1.69
2013.08.26 07:20:17.837,1.27982,1.28003,1.69,1.69
2013.08.26 07:20:18.703,1.27981,1.28003,1.69,1.69
2013.08.26 07:20:25.149,1.27981,1.28002,1.69,2.25
2013.08.26 07:20:25.816,1.27978,1.28002,1.69,1.69
2013.08.26 07:20:26.131,1.27992,1.28013,2.25,1.32
2013.08.26 07:20:26.907,1.27992,1.28012,2.63,1.69
2013.08.26 07:20:27.027,1.27989,1.28012,1.50,3.19
2013.08.26 07:20:27.147,1.27987,1.28005,2.07,2.63
2013.08.26 07:20:27.267,1.27983,1.28005,2.07,4.13
2013.08.26 07:20:27.997,1.27982,1.28004,1.50,1.69
2013.08.26 07:20:28.807,1.27983,1.28004,1.50,1.69
2013.08.26 07:20:28.926,1.2799,1.28006,1.50,3.75
2013.08.26 07:20:29.106,1.27991,1.28013,2.63,2.82
2013.08.26 07:20:29.467,1.27986,1.28011,1.09,2.44
2013.08.26 07:20:29.526,1.27987,1.28009,1.05,1.69
2013.08.26 07:20:30.457,1.27989,1.28011,1.88,2.44
2013.08.26 07:20:30.817,1.27992,1.28013,1.65,1.69
2013.08.26 07:20:30.876,1.27992,1.28014,1.65,1.69
2013.08.26 07:20:31.466,1.27992,1.28014,2.40,1.69
2013.08.26 07:20:32.146,1.27992,1.28017,3.38,2.44
2013.08.26 07:20:32.207,1.27992,1.28017,4.13,1.69
2013.08.26 07:20:32.267,1.28,1.28019,1.09,6.75
2013.08.26 07:20:32.388,1.28001,1.28024,1.84,2.07
2013.08.26 07:20:32.507,1.28002,1.28024,3.00,1.32
2013.08.26 07:20:32.859,1.27997,1.28023,2.44,1.69
2013.08.26 07:20:33.666,1.27997,1.28023,2.82,1.69
2013.08.26 07:20:33.926,1.27997,1.28023,2.82,1.69
2013.08.26 07:20:34.777,1.27997,1.28023,2.82,1.69
2013.08.26 07:20:35.288,1.28001,1.28025,1.50,1.69
2013.08.26 07:20:35.927,1.28,1.28022,2.44,1.69
2013.08.26 07:20:36.312,1.28,1.28022,1.69,1.69
2013.08.26 07:20:37.257,1.28002,1.28025,2.44,1.69
2013.08.26 07:20:38.801,1.28003,1.28024,1.32,1.69
2013.08.26 07:20:38.916,1.28002,1.2802,2.63,1.13
2013.08.26 07:20:39.097,1.27992,1.28018,1.69,3.19
2013.08.26 07:20:39.657,1.27991,1.28013,1.69,3.00
2013.08.26 07:20:39.777,1.27989,1.28013,1.69,3.75
2013.08.26 07:20:40.321,1.27989,1.28013,1.69,3.75
2013.08.26 07:20:41.462,1.27989,1.28013,1.69,4.50
2013.08.26 07:20:41.906,1.27989,1.28013,1.69,2.25
2013.08.26 07:20:47.199,1.27993,1.28018,1.69,3.75
2013.08.26 07:20:48.966,1.27992,1.28014,1.69,3.75
2013.08.26 07:20:49.027,1.27987,1.28012,1.84,1.50
2013.08.26 07:20:50.563,1.27989,1.28012,2.25,1.50
2013.08.26 07:20:50.627,1.27993,1.28018,1.69,2.25
2013.08.26 07:20:51.436,1.27993,1.28018,1.69,2.25
2013.08.26 07:20:52.597,1.27993,1.28018,1.69,2.25
2013.08.26 07:20:56.832,1.27994,1.28018,2.44,2.25
2013.08.26 07:20:56.957,1.27996,1.2802,1.50,1.69
2013.08.26 07:20:57.076,1.27996,1.28024,2.44,3.19
2013.08.26 07:20:57.240,1.27996,1.28024,2.44,2.44
2013.08.26 07:20:58.556,1.27997,1.28024,2.07,2.44
2013.08.26 07:20:59.129,1.27999,1.28024,1.13,2.44
2013.08.26 07:21:05.549,1.28001,1.28024,1.32,2.44
2013.08.26 07:21:15.891,1.27999,1.28024,1.32,2.44
2013.08.26 07:21:16.638,1.27998,1.28024,5.44,2.82
2013.08.26 07:21:17.230,1.27998,1.28023,1.69,1.32
2013.08.26 07:21:26.387,1.27998,1.28019,1.69,1.13
2013.08.26 07:21:26.688,1.27991,1.28019,1.69,3.19
2013.08.26 07:21:26.806,1.2799,1.28018,4.69,1.69
2013.08.26 07:21:27.047,1.27991,1.28018,1.69,1.50
2013.08.26 07:21:31.506,1.27992,1.28023,3.19,1.69
2013.08.26 07:21:31.627,1.27997,1.28023,1.13,1.69
2013.08.26 07:21:32.027,1.27998,1.28026,3.19,1.69
2013.08.26 07:21:33.716,1.27999,1.28027,3.19,1.69
2013.08.26 07:21:34.679,1.28001,1.28026,1.69,1.69
2013.08.26 07:21:35.570,1.28001,1.28026,1.69,1.69
2013.08.26 07:21:37.427,1.27999,1.28024,2.44,1.32
2013.08.26 07:21:37.727,1.27998,1.28023,1.69,1.50
2013.08.26 07:21:37.967,1.27999,1.28026,1.69,2.25
2013.08.26 07:21:38.086,1.28001,1.28028,1.69,2.44
2013.08.26 07:21:42.967,1.28002,1.28028,1.69,1.69
2013.08.26 07:21:44.642,1.28002,1.28028,1.69,2.07
2013.08.26 07:21:44.710,1.28001,1.28027,1.69,1.69
2013.08.26 07:21:44.769,1.28001,1.28019,1.69,1.50
2013.08.26 07:21:45.009,1.28001,1.28028,1.69,3.19
2013.08.26 07:21:48.828,1.28001,1.28027,2.44,1.32
2013.08.26 07:21:48.947,1.28001,1.28024,1.69,1.88
2013.08.26 07:21:49.486,1.28,1.28023,1.69,1.32
2013.08.26 07:21:49.606,1.27998,1.28023,1.69,1.69
2013.08.26 07:21:50.947,1.27997,1.28022,1.69,1.32
2013.08.26 07:21:52.057,1.27995,1.28018,1.69,1.69
2013.08.26 07:21:52.448,1.27994,1.28017,2.44,1.69
2013.08.26 07:21:53.619,1.27994,1.28014,1.50,1.69
2013.08.26 07:21:54.647,1.27994,1.28014,2.44,1.69
2013.08.26 07:21:55.967,1.28,1.28018,3.19,1.50
2013.08.26 07:21:56.027,1.28,1.2802,3.19,1.69
2013.08.26 07:21:56.087,1.28001,1.28025,2.44,3.19
2013.08.26 07:21:56.328,1.27999,1.28023,1.69,2.07
2013.08.26 07:21:57.416,1.27998,1.28021,2.44,1.32
2013.08.26 07:21:58.446,1.27998,1.28021,1.69,1.32
2013.08.26 07:22:00.849,1.27998,1.2802,1.69,1.32
2013.08.26 07:22:00.967,1.27998,1.28018,1.69,2.44
2013.08.26 07:22:01.498,1.27995,1.28017,2.44,1.69
2013.08.26 07:22:01.847,1.27998,1.28018,1.69,3.94
2013.08.26 07:22:02.027,1.28002,1.28025,3.19,1.69
2013.08.26 07:22:03.819,1.28002,1.28025,4.69,2.82
2013.08.26 07:22:05.529,1.28002,1.28024,3.19,1.32
2013.08.26 07:22:05.707,1.27999,1.28022,1.69,1.69
2013.08.26 07:22:05.887,1.28001,1.28024,1.50,2.07
2013.08.26 07:22:06.067,1.28002,1.28024,1.69,2.07
2013.08.26 07:22:06.897,1.28001,1.28019,2.44,1.69
2013.08.26 07:22:07.016,1.27999,1.28017,1.69,1.50
2013.08.26 07:22:07.076,1.27999,1.28017,1.69,2.25
2013.08.26 07:22:07.940,1.27995,1.28017,3.19,2.25
2013.08.26 07:22:08.780,1.27995,1.28015,1.69,1.69
2013.08.26 07:22:13.249,1.27995,1.28015,1.69,1.69
2013.08.26 07:22:13.788,1.27995,1.28015,1.69,1.69
2013.08.26 07:22:15.607,1.27999,1.28017,3.00,1.69
2013.08.26 07:22:15.667,1.27999,1.28019,3.00,1.50
2013.08.26 07:22:15.728,1.28001,1.2802,1.69,1.69
2013.08.26 07:22:15.787,1.28001,1.28022,2.44,1.69
2013.08.26 07:22:15.847,1.28002,1.28024,1.69,2.44
2013.08.26 07:22:16.622,1.28002,1.28024,1.69,1.69
2013.08.26 07:22:17.727,1.28002,1.28024,1.69,1.69
2013.08.26 07:22:18.808,1.28002,1.28024,1.69,1.32
2013.08.26 07:22:26.029,1.28002,1.28024,2.44,1.32
2013.08.26 07:22:26.986,1.28004,1.28025,1.32,1.69
2013.08.26 07:22:28.756,1.28007,1.28029,3.19,1.69
2013.08.26 07:22:28.817,1.28008,1.2803,1.69,1.69
2013.08.26 07:22:28.937,1.2801,1.2803,2.44,1.69
2013.08.26 07:22:28.997,1.28011,1.28035,1.69,1.69
2013.08.26 07:22:30.649,1.28013,1.28035,1.69,1.69
2013.08.26 07:22:31.887,1.28015,1.28035,1.32,1.69
2013.08.26 07:22:32.980,1.28015,1.28035,1.32,1.69
2013.08.26 07:22:37.659,1.28015,1.28034,1.32,1.69
2013.08.26 07:22:40.249,1.28015,1.28034,1.32,1.69
2013.08.26 07:22:44.427,1.28017,1.28039,2.25,1.69
2013.08.26 07:22:44.487,1.28021,1.28041,1.50,1.32
2013.08.26 07:22:44.547,1.28022,1.28043,1.50,1.13
2013.08.26 07:22:44.607,1.28022,1.28044,1.50,1.32
2013.08.26 07:22:44.667,1.28023,1.28043,2.44,1.69
2013.08.26 07:22:44.787,1.2802,1.28043,1.69,1.69
2013.08.26 07:22:44.847,1.28019,1.28041,1.69,1.69
2013.08.26 07:22:45.987,1.2802,1.28041,1.32,1.69
2013.08.26 07:22:46.949,1.2802,1.2804,1.13,1.69
2013.08.26 07:22:49.148,1.28017,1.2804,1.69,2.82
2013.08.26 07:23:04.469,1.28013,1.28032,2.25,1.50
2013.08.26 07:23:04.647,1.28008,1.28028,2.44,1.50
2013.08.26 07:23:04.987,1.28005,1.28028,1.69,1.69
2013.08.26 07:23:06.927,1.28008,1.28029,4.32,1.13
2013.08.26 07:23:07.047,1.28012,1.28034,1.50,2.44
2013.08.26 07:23:07.497,1.28013,1.28039,2.07,5.44
2013.08.26 07:23:08.346,1.28016,1.28039,1.50,1.69
2013.08.26 07:23:08.527,1.28012,1.28037,1.69,1.69
2013.08.26 07:23:10.528,1.28013,1.28035,1.69,2.07
2013.08.26 07:23:13.667,1.28012,1.28029,1.69,3.00
2013.08.26 07:23:13.787,1.28006,1.28026,1.69,1.69
2013.08.26 07:23:13.847,1.28004,1.28026,2.44,1.69
2013.08.26 07:23:15.537,1.28006,1.28026,1.13,1.69
2013.08.26 07:23:15.777,1.28013,1.2803,1.50,1.88
2013.08.26 07:23:15.837,1.28013,1.28035,1.50,1.69
2013.08.26 07:23:16.351,1.28014,1.28035,1.69,1.69
2013.08.26 07:23:19.997,1.28017,1.28037,1.69,1.69
2013.08.26 07:23:20.597,1.28017,1.2804,1.50,1.69
2013.08.26 07:23:21.958,1.28017,1.2804,1.69,1.69
2013.08.26 07:23:32.886,1.28014,1.28039,2.82,1.69
2013.08.26 07:23:34.850,1.28015,1.28039,1.69,1.69
2013.08.26 07:23:36.607,1.28014,1.28037,2.44,1.69
2013.08.26 07:23:36.727,1.28013,1.28036,1.50,1.69
2013.08.26 07:23:36.848,1.2801,1.28038,1.69,4.69
2013.08.26 07:23:36.907,1.28004,1.28034,2.07,1.69
2013.08.26 07:23:37.267,1.27999,1.28028,1.32,3.00
2013.08.26 07:23:37.567,1.27995,1.28028,1.69,3.57
2013.08.26 07:23:37.627,1.27995,1.28028,1.69,3.19
2013.08.26 07:23:38.047,1.27992,1.28029,1.69,1.69
2013.08.26 07:23:38.168,1.27992,1.28029,1.69,1.69
2013.08.26 07:23:39.799,1.27994,1.28029,1.69,1.69
2013.08.26 07:23:39.987,1.28019,1.28037,1.50,1.69
2013.08.26 07:23:40.047,1.28019,1.28041,1.50,1.69
2013.08.26 07:23:40.107,1.28019,1.2804,1.50,1.32
2013.08.26 07:23:40.167,1.28013,1.28034,2.44,3.00
2013.08.26 07:23:40.229,1.28013,1.28034,1.69,3.00
2013.08.26 07:23:40.287,1.28009,1.28031,2.44,1.13
2013.08.26 07:23:40.647,1.2801,1.28036,1.50,2.44
2013.08.26 07:23:42.551,1.28011,1.28036,1.13,2.44
2013.08.26 07:23:42.867,1.2803,1.28048,3.00,1.24
2013.08.26 07:23:42.988,1.28022,1.28048,2.44,1.65
2013.08.26 07:23:43.107,1.28016,1.28044,1.69,1.13
2013.08.26 07:23:43.167,1.28016,1.28043,1.69,1.13
2013.08.26 07:23:43.527,1.28012,1.28036,1.69,1.13
2013.08.26 07:23:43.587,1.28011,1.28036,2.44,1.69
2013.08.26 07:23:44.168,1.28011,1.28036,2.44,1.69
2013.08.26 07:23:44.815,1.28011,1.28036,1.69,2.44
2013.08.26 07:23:45.603,1.28012,1.28035,1.69,1.32
2013.08.26 07:23:45.962,1.28011,1.2803,1.69,4.13
2013.08.26 07:23:46.668,1.28011,1.28033,1.69,2.07
2013.08.26 07:23:47.027,1.28021,1.28039,1.50,1.13
2013.08.26 07:23:47.087,1.28021,1.28043,1.50,1.50
2013.08.26 07:23:47.329,1.28021,1.28043,2.25,1.50
2013.08.26 07:23:48.178,1.28021,1.28046,2.25,1.32
2013.08.26 07:23:50.237,1.28021,1.28046,2.25,1.47
2013.08.26 07:23:50.886,1.28021,1.28046,4.50,1.47
2013.08.26 07:23:51.007,1.28021,1.28046,4.50,1.47
2013.08.26 07:23:51.247,1.28026,1.28047,3.75,1.09
2013.08.26 07:23:51.306,1.28026,1.28049,6.19,1.05
2013.08.26 07:23:51.997,1.28026,1.28049,1.69,1.24
2013.08.26 07:23:53.507,1.28023,1.28046,1.69,1.69
2013.08.26 07:23:53.567,1.28023,1.28046,1.69,1.69
2013.08.26 07:23:54.927,1.28031,1.28045,2.25,3.94
2013.08.26 07:23:55.227,1.28034,1.28055,2.44,2.44
2013.08.26 07:23:55.467,1.28039,1.28061,2.44,1.69
2013.08.26 07:23:55.648,1.2804,1.28061,1.69,5.07
2013.08.26 07:23:55.887,1.28031,1.28058,2.44,1.69
2013.08.26 07:23:56.848,1.28031,1.28052,1.69,1.13
2013.08.26 07:23:56.967,1.28026,1.28049,1.69,2.25
2013.08.26 07:23:57.087,1.2803,1.28049,1.13,1.50
2013.08.26 07:23:57.267,1.2803,1.28057,2.07,1.69
2013.08.26 07:23:57.778,1.28028,1.28053,2.44,1.13
2013.08.26 07:23:57.838,1.28028,1.28053,1.69,1.88
2013.08.26 07:23:58.657,1.28031,1.28053,1.50,1.88
2013.08.26 07:23:58.897,1.28031,1.28052,3.94,3.75
2013.08.26 07:23:59.546,1.28031,1.28056,3.94,1.69
2013.08.26 07:24:00.052,1.28032,1.28055,1.69,1.32
2013.08.26 07:24:00.889,1.28032,1.28054,1.69,1.32
2013.08.26 07:24:01.886,1.28032,1.28054,1.69,1.32
2013.08.26 07:24:04.126,1.28032,1.28056,1.69,1.32
2013.08.26 07:24:04.366,1.28031,1.28054,4.69,1.13
2013.08.26 07:24:04.547,1.28029,1.28054,2.44,1.50
2013.08.26 07:24:06.958,1.28032,1.28055,1.50,1.69
2013.08.26 07:24:10.530,1.28032,1.28056,1.50,2.44
2013.08.26 07:24:12.018,1.28032,1.28055,1.50,1.69
2013.08.26 07:24:12.537,1.28029,1.28054,1.69,1.69
2013.08.26 07:24:12.667,1.28028,1.28054,3.94,2.44
2013.08.26 07:24:12.727,1.28028,1.28051,1.69,1.69
2013.08.26 07:24:15.329,1.28027,1.28049,1.69,1.32
2013.08.26 07:24:17.087,1.28029,1.2805,1.69,1.32
2013.08.26 07:24:17.738,1.28029,1.28051,2.44,1.69
2013.08.26 07:24:18.748,1.28029,1.2805,1.69,4.50
2013.08.26 07:24:19.658,1.28029,1.2805,1.69,1.13
2013.08.26 07:24:20.486,1.28029,1.28049,1.50,1.32
2013.08.26 07:24:21.128,1.28028,1.28049,1.69,1.32
2013.08.26 07:24:21.707,1.28028,1.28048,2.44,1.69
2013.08.26 07:24:24.868,1.28026,1.28047,2.44,1.69
2013.08.26 07:24:26.837,1.28026,1.28046,3.19,1.69
2013.08.26 07:24:28.937,1.28026,1.28046,1.69,1.69
2013.08.26 07:24:28.997,1.28024,1.28042,2.44,1.50
2013.08.26 07:24:29.500,1.28024,1.28042,2.44,1.50
2013.08.26 07:24:35.986,1.28023,1.28043,2.44,2.82
2013.08.26 07:24:36.107,1.28022,1.28041,2.82,1.50
2013.08.26 07:24:36.348,1.2801,1.28033,1.50,1.69
2013.08.26 07:24:36.407,1.28005,1.28031,2.63,1.69
2013.08.26 07:24:36.587,1.28001,1.28029,1.13,1.69
2013.08.26 07:24:36.647,1.28001,1.28027,1.13,1.69
2013.08.26 07:24:36.768,1.27993,1.28024,1.50,1.69
2013.08.26 07:24:37.007,1.27988,1.28021,3.00,1.50
2013.08.26 07:24:37.747,1.27986,1.28021,1.69,1.50
2013.08.26 07:24:38.287,1.27983,1.28016,2.25,1.50
2013.08.26 07:24:38.347,1.27983,1.28016,1.50,1.50
2013.08.26 07:24:38.647,1.27981,1.28016,1.50,1.50
2013.08.26 07:24:38.867,1.28001,1.28018,1.13,1.50
2013.08.26 07:24:38.987,1.28014,1.2803,1.13,2.44
2013.08.26 07:24:39.047,1.28014,1.28034,1.13,1.32
2013.08.26 07:24:39.167,1.28013,1.28033,3.00,1.13
2013.08.26 07:24:39.347,1.27991,1.28014,1.13,1.69
2013.08.26 07:24:39.407,1.27973,1.28014,3.00,2.44
2013.08.26 07:24:39.527,1.27971,1.28013,2.25,1.69
2013.08.26 07:24:39.648,1.27972,1.28004,1.50,1.50
2013.08.26 07:24:39.770,1.27971,1.28002,2.25,1.13
2013.08.26 07:24:40.128,1.27969,1.28002,1.69,2.04
2013.08.26 07:24:40.427,1.27965,1.27996,1.50,1.05
2013.08.26 07:24:40.937,1.27969,1.27996,1.13,1.05
2013.08.26 07:24:41.177,1.27969,1.27996,1.88,1.24
2013.08.26 07:24:42.716,1.2797,1.27997,1.50,1.05
2013.08.26 07:24:43.117,1.27986,1.27998,1.13,3.15
2013.08.26 07:24:43.237,1.27991,1.28,1.13,1.13
2013.08.26 07:24:43.357,1.27991,1.28005,1.50,1.50
2013.08.26 07:24:43.589,1.27998,1.28005,1.13,1.50
2013.08.26 07:24:43.648,1.28001,1.28021,1.50,2.44
2013.08.26 07:24:43.707,1.28001,1.28027,1.50,1.84
2013.08.26 07:24:43.827,1.28002,1.28034,1.50,1.09
2013.08.26 07:24:45.849,1.28003,1.28034,1.50,1.09
2013.08.26 07:24:46.628,1.27998,1.28032,2.82,1.09
2013.08.26 07:24:48.614,1.28006,1.28032,1.13,1.09
2013.08.26 07:24:48.677,1.28006,1.28032,1.13,1.09
2013.08.26 07:24:48.917,1.28008,1.28034,1.13,1.24
2013.08.26 07:24:55.292,1.28013,1.28035,1.13,1.24
2013.08.26 07:24:55.587,1.28015,1.28037,4.13,1.09
2013.08.26 07:24:56.560,1.28017,1.28037,1.50,1.09
2013.08.26 07:24:57.007,1.28017,1.28037,1.50,1.09
2013.08.26 07:25:01.024,1.28018,1.28038,1.69,1.62
2013.08.26 07:25:04.946,1.28017,1.28038,1.69,1.65
2013.08.26 07:25:12.479,1.28016,1.28036,2.25,1.11
2013.08.26 07:25:13.998,1.28016,1.28037,1.50,1.92
2013.08.26 07:25:15.104,1.28016,1.28037,2.44,1.92
2013.08.26 07:25:18.595,1.28017,1.28037,1.69,1.92
2013.08.26 07:25:22.119,1.28016,1.28037,1.50,1.17
2013.08.26 07:25:24.227,1.28016,1.28037,2.44,1.92
2013.08.26 07:25:31.197,1.28014,1.28036,1.69,1.69
2013.08.26 07:25:31.257,1.28014,1.28036,1.69,1.69
2013.08.26 07:25:41.137,1.28015,1.28032,1.88,1.88
2013.08.26 07:25:41.257,1.28022,1.2804,3.00,1.69
2013.08.26 07:25:41.617,1.2802,1.2804,1.50,2.44
2013.08.26 07:25:41.677,1.28017,1.28038,1.69,1.69
2013.08.26 07:25:42.211,1.28016,1.28037,2.25,1.69
2013.08.26 07:26:03.145,1.28017,1.28038,1.50,2.07
2013.08.26 07:26:05.617,1.28017,1.28038,1.50,2.07
2013.08.26 07:26:05.737,1.28017,1.28043,1.50,1.39
2013.08.26 07:26:05.797,1.28017,1.28043,1.69,1.39
2013.08.26 07:26:05.917,1.28018,1.28045,2.07,2.14
2013.08.26 07:26:05.977,1.28019,1.28052,1.69,1.17
2013.08.26 07:26:06.097,1.28023,1.28053,1.50,1.17
2013.08.26 07:26:06.277,1.28023,1.28053,1.50,1.17
2013.08.26 07:26:08.779,1.28023,1.28054,1.50,3.19
2013.08.26 07:26:10.565,1.28025,1.28054,1.13,3.19
2013.08.26 07:26:11.117,1.28027,1.28054,1.50,2.44
2013.08.26 07:26:11.419,1.28026,1.28052,2.44,1.32
2013.08.26 07:26:18.648,1.28026,1.28049,3.19,1.32
2013.08.26 07:26:18.987,1.28026,1.2805,3.19,1.32
2013.08.26 07:26:20.179,1.28028,1.28051,1.69,1.32
2013.08.26 07:26:21.557,1.28028,1.28051,1.69,1.32
2013.08.26 07:26:23.138,1.28028,1.28049,1.69,1.13
2013.08.26 07:26:25.650,1.28027,1.28049,1.69,1.32
2013.08.26 07:26:26.687,1.28028,1.2805,1.69,1.32
2013.08.26 07:26:26.867,1.2803,1.28053,1.13,2.97
2013.08.26 07:26:27.588,1.2803,1.28056,1.88,3.19
2013.08.26 07:26:28.862,1.2803,1.28056,2.07,1.69
2013.08.26 07:26:31.368,1.2803,1.28057,2.07,1.69
2013.08.26 07:26:31.785,1.2803,1.28056,1.13,1.69
2013.08.26 07:26:31.907,1.28027,1.28054,1.69,2.25
2013.08.26 07:26:32.027,1.28026,1.28054,2.44,3.57
2013.08.26 07:26:33.647,1.28026,1.28051,1.69,1.32
2013.08.26 07:26:34.478,1.28025,1.28048,1.69,1.13
2013.08.26 07:26:35.028,1.28023,1.28049,2.44,1.50
2013.08.26 07:26:35.578,1.28023,1.28049,2.44,1.88
2013.08.26 07:26:35.638,1.28023,1.28049,2.44,1.88
2013.08.26 07:26:36.347,1.28023,1.28047,3.19,2.07
2013.08.26 07:26:37.298,1.28023,1.28046,3.19,1.32
2013.08.26 07:26:38.197,1.28023,1.28043,2.44,1.32
2013.08.26 07:26:39.612,1.28023,1.28044,2.44,1.32
2013.08.26 07:26:39.939,1.28023,1.28044,1.69,2.07
2013.08.26 07:26:40.058,1.28019,1.28044,1.69,2.44
2013.08.26 07:26:41.728,1.28019,1.28042,1.69,1.32
2013.08.26 07:26:45.535,1.2802,1.28042,2.25,1.32
2013.08.26 07:26:45.857,1.28022,1.28045,2.25,1.69
2013.08.26 07:26:45.917,1.2802,1.28043,1.69,1.32
2013.08.26 07:26:46.449,1.28019,1.28043,1.69,2.07
2013.08.26 07:26:47.837,1.28018,1.2804,1.69,1.32
2013.08.26 07:26:48.853,1.28017,1.28041,3.19,1.32
2013.08.26 07:26:50.637,1.28018,1.2804,1.50,1.32
2013.08.26 07:26:50.817,1.28018,1.28043,1.50,2.44
2013.08.26 07:26:51.001,1.28021,1.28045,1.69,1.09
2013.08.26 07:26:53.533,1.28023,1.28049,1.13,4.69
2013.08.26 07:26:53.597,1.28031,1.28049,1.50,3.19
2013.08.26 07:26:53.778,1.28032,1.28053,1.50,1.09
2013.08.26 07:26:53.837,1.28032,1.28054,1.50,1.09
2013.08.26 07:26:53.897,1.28032,1.28052,1.50,1.65
2013.08.26 07:26:53.957,1.28027,1.28049,2.44,1.50
2013.08.26 07:26:54.137,1.28022,1.28048,1.69,1.69
2013.08.26 07:26:54.379,1.2802,1.28046,3.94,1.13
2013.08.26 07:26:54.927,1.2802,1.28045,1.69,1.09
2013.08.26 07:26:55.639,1.28019,1.28044,2.44,1.13
2013.08.26 07:26:56.050,1.28026,1.28044,2.25,1.13
2013.08.26 07:26:56.298,1.28027,1.28052,1.50,2.44
2013.08.26 07:26:56.837,1.28025,1.28048,2.44,2.44
2013.08.26 07:26:57.017,1.28025,1.28048,2.44,2.82
2013.08.26 07:26:58.117,1.28024,1.28045,3.94,1.32
2013.08.26 07:26:58.647,1.28024,1.28044,2.44,1.32
2013.08.26 07:26:58.707,1.2802,1.28043,3.19,1.32
2013.08.26 07:26:58.827,1.2802,1.28044,1.69,2.07
2013.08.26 07:26:58.887,1.28023,1.28045,1.13,1.32
2013.08.26 07:26:59.007,1.2803,1.28053,1.50,1.69
2013.08.26 07:26:59.247,1.28028,1.28052,2.44,2.44
2013.08.26 07:27:01.205,1.28028,1.2805,1.69,3.94
2013.08.26 07:27:01.908,1.28028,1.28051,1.69,1.32
2013.08.26 07:27:02.266,1.28031,1.28054,5.44,1.32
2013.08.26 07:27:02.326,1.28031,1.28056,5.44,2.44
2013.08.26 07:27:02.386,1.28033,1.28056,2.25,2.44
2013.08.26 07:27:04.086,1.28033,1.28053,2.25,1.88
2013.08.26 07:27:04.327,1.28026,1.28048,1.32,1.50
2013.08.26 07:27:04.567,1.28023,1.28048,3.19,4.50
2013.08.26 07:27:04.747,1.28022,1.28041,1.50,1.69
2013.08.26 07:27:04.807,1.28019,1.28041,2.44,3.19
2013.08.26 07:27:04.867,1.28015,1.28041,2.44,3.19
2013.08.26 07:27:07.577,1.28015,1.28041,2.44,2.44
2013.08.26 07:27:07.881,1.28026,1.28043,2.25,1.69
2013.08.26 07:27:09.409,1.28026,1.28043,2.25,1.69
2013.08.26 07:27:12.648,1.28026,1.28044,3.00,1.13
2013.08.26 07:27:12.767,1.28026,1.28047,3.00,1.69
2013.08.26 07:27:17.647,1.28027,1.28046,1.69,1.69
2013.08.26 07:27:17.767,1.28024,1.28045,1.69,1.69
2013.08.26 07:27:18.767,1.28023,1.28045,2.44,1.69
2013.08.26 07:27:22.024,1.28023,1.28043,2.44,2.07
2013.08.26 07:27:22.327,1.28012,1.28037,1.50,1.69
2013.08.26 07:27:22.447,1.28012,1.28034,1.50,1.69
2013.08.26 07:27:22.507,1.28003,1.28034,3.19,1.69
2013.08.26 07:27:22.907,1.28001,1.28034,1.50,1.69
2013.08.26 07:27:23.088,1.27995,1.2803,1.13,1.69
2013.08.26 07:27:23.207,1.27998,1.2803,1.88,1.69
2013.08.26 07:27:23.509,1.28001,1.28034,1.50,1.69
2013.08.26 07:27:23.747,1.27996,1.28029,1.50,1.69
2013.08.26 07:27:23.809,1.27996,1.28028,1.50,1.69
2013.08.26 07:27:24.168,1.27985,1.28019,2.25,1.69
2013.08.26 07:27:24.347,1.27982,1.28027,1.50,1.69
2013.08.26 07:27:24.527,1.27982,1.28028,2.25,1.69
2013.08.26 07:27:25.069,1.27985,1.28028,1.50,1.69
2013.08.26 07:27:25.526,1.27986,1.28028,1.13,1.69
2013.08.26 07:27:25.707,1.27998,1.28032,1.13,1.69
2013.08.26 07:27:25.767,1.28002,1.28034,1.50,1.69
2013.08.26 07:27:26.067,1.28006,1.28034,1.13,1.69
2013.08.26 07:27:26.307,1.28013,1.28039,2.63,2.44
2013.08.26 07:27:28.357,1.28013,1.28039,2.63,2.44
2013.08.26 07:27:29.667,1.28014,1.28039,1.50,2.07
2013.08.26 07:27:32.257,1.28013,1.28039,2.63,2.07
2013.08.26 07:27:34.268,1.28013,1.28039,1.88,2.07
2013.08.26 07:27:35.317,1.28013,1.28039,1.88,1.32
2013.08.26 07:27:44.267,1.28015,1.28039,1.69,1.69
2013.08.26 07:27:44.792,1.28015,1.28039,2.07,1.69
2013.08.26 07:27:45.147,1.28021,1.28038,1.35,1.32
2013.08.26 07:27:45.327,1.28015,1.28038,1.69,1.32
2013.08.26 07:27:47.687,1.28016,1.28038,2.07,1.32
2013.08.26 07:27:47.807,1.28021,1.28041,1.50,4.54
2013.08.26 07:27:48.679,1.28021,1.28043,1.50,1.32
2013.08.26 07:27:49.328,1.28021,1.28043,1.69,1.32
2013.08.26 07:27:49.947,1.28021,1.28043,1.69,1.32
2013.08.26 07:27:51.999,1.28021,1.28044,1.69,1.32
2013.08.26 07:27:55.247,1.2802,1.28042,3.19,1.69
2013.08.26 07:27:58.945,1.28021,1.28042,2.25,1.69
2013.08.26 07:28:01.898,1.28021,1.2804,1.50,1.69
2013.08.26 07:28:02.137,1.28016,1.2804,1.69,1.69
2013.08.26 07:28:04.317,1.28015,1.28039,1.69,1.32
2013.08.26 07:28:10.007,1.28014,1.28039,2.44,1.88
2013.08.26 07:28:11.107,1.28014,1.28039,1.69,2.63
2013.08.26 07:28:11.407,1.28013,1.28036,1.50,1.69
2013.08.26 07:28:15.517,1.28013,1.28034,1.50,1.32
2013.08.26 07:28:27.287,1.28013,1.28036,1.50,1.32
2013.08.26 07:28:28.859,1.28013,1.28034,1.69,1.32
2013.08.26 07:28:32.777,1.28017,1.28034,1.50,1.32
2013.08.26 07:28:34.248,1.28017,1.28034,1.50,1.32
2013.08.26 07:28:35.382,1.28017,1.28033,1.50,1.32
2013.08.26 07:28:56.457,1.28017,1.28036,1.50,1.69
2013.08.26 07:28:58.879,1.28017,1.28036,1.50,1.69
2013.08.26 07:29:00.279,1.28017,1.28035,1.50,3.19
2013.08.26 07:29:11.535,1.28017,1.28034,1.50,3.00
2013.08.26 07:29:22.588,1.28017,1.28035,1.50,3.19
2013.08.26 07:29:25.048,1.28018,1.28035,1.50,3.19
2013.08.26 07:29:29.748,1.28018,1.28035,1.50,3.19
2013.08.26 07:29:33.627,1.28018,1.28034,1.50,1.69
2013.08.26 07:29:47.887,1.28018,1.28036,1.50,3.19
2013.08.26 07:29:50.171,1.28018,1.28036,1.50,1.69
2013.08.26 07:29:54.597,1.28017,1.28038,1.50,3.19
2013.08.26 07:29:55.597,1.28017,1.28038,1.50,1.69
2013.08.26 07:29:56.627,1.28017,1.28038,1.50,1.69
2013.08.26 07:30:08.848,1.28018,1.28035,1.50,1.69
2013.08.26 07:30:11.137,1.28018,1.28036,1.50,1.69
2013.08.26 07:30:11.317,1.28021,1.28039,1.50,1.69
2013.08.26 07:30:12.378,1.28021,1.28039,1.50,3.19
2013.08.26 07:30:28.910,1.28021,1.28037,1.50,3.00
2013.08.26 07:30:34.768,1.28021,1.28039,1.50,2.07
2013.08.26 07:30:36.458,1.28021,1.28038,1.50,3.19
2013.08.26 07:30:37.753,1.28021,1.28038,1.50,1.69
2013.08.26 07:30:38.769,1.28021,1.28038,1.50,1.69
2013.08.26 07:30:39.709,1.28021,1.28038,1.50,1.69
2013.08.26 07:30:40.769,1.28021,1.28039,1.50,1.32
2013.08.26 07:30:42.187,1.28027,1.28039,1.50,1.32
2013.08.26 07:30:42.367,1.28027,1.28044,1.50,2.44
2013.08.26 07:30:42.488,1.28027,1.28044,1.50,2.44
2013.08.26 07:30:42.728,1.28022,1.28042,1.50,2.44
2013.08.26 07:30:42.788,1.28022,1.28039,1.50,1.32
2013.08.26 07:30:43.884,1.28022,1.28039,1.50,1.32
2013.08.26 07:30:46.898,1.28022,1.28039,1.50,1.32
2013.08.26 07:30:49.388,1.28021,1.28039,1.50,1.32
2013.08.26 07:30:52.979,1.2802,1.28039,1.50,1.32
2013.08.26 07:30:56.899,1.2802,1.2804,1.50,1.32
2013.08.26 07:30:57.208,1.28021,1.28041,2.25,1.69
2013.08.26 07:30:57.269,1.28021,1.28041,2.25,1.69
2013.08.26 07:30:58.188,1.28026,1.28043,1.50,3.00
2013.08.26 07:30:59.542,1.28026,1.28039,1.50,1.50
2013.08.26 07:30:59.837,1.28016,1.28034,1.50,1.69
2013.08.26 07:31:00.732,1.28016,1.28032,1.50,2.44
2013.08.26 07:31:01.048,1.28018,1.28037,1.50,2.25
2013.08.26 07:31:03.438,1.28019,1.28037,1.50,3.00
2013.08.26 07:31:03.949,1.28017,1.28036,1.50,1.50
2013.08.26 07:31:07.038,1.28016,1.28034,1.50,1.13
2013.08.26 07:31:07.508,1.28018,1.28035,1.50,1.13
2013.08.26 07:31:08.018,1.28019,1.28038,2.25,3.19
2013.08.26 07:31:08.769,1.2802,1.28038,1.50,3.19
2013.08.26 07:31:09.277,1.2802,1.28038,1.50,1.69
2013.08.26 07:31:10.959,1.2802,1.28038,1.50,1.50
2013.08.26 07:31:11.607,1.2802,1.28038,1.50,1.69
2013.08.26 07:31:11.668,1.28017,1.28036,1.50,1.69
2013.08.26 07:31:11.727,1.28017,1.28036,1.50,2.44
2013.08.26 07:31:12.289,1.28017,1.28036,1.50,2.25
2013.08.26 07:31:14.177,1.28017,1.28035,1.50,1.13
2013.08.26 07:31:14.478,1.2802,1.28039,2.25,1.69
2013.08.26 07:31:16.528,1.2802,1.28039,1.50,1.50
2013.08.26 07:31:17.507,1.2802,1.28038,1.50,1.69
2013.08.26 07:31:18.618,1.2802,1.2804,1.50,3.57
2013.08.26 07:31:19.187,1.28018,1.28039,1.50,1.69
2013.08.26 07:31:19.367,1.28016,1.28036,1.50,2.25
2013.08.26 07:31:21.615,1.28018,1.28035,1.50,1.13
2013.08.26 07:31:21.917,1.28021,1.28034,1.50,1.32
2013.08.26 07:31:21.978,1.28021,1.28039,1.50,1.69
2013.08.26 07:31:22.537,1.2802,1.28039,1.50,1.69
2013.08.26 07:31:23.528,1.2802,1.2804,1.50,1.69
2013.08.26 07:31:36.471,1.2802,1.2804,1.50,2.07
2013.08.26 07:31:40.359,1.28021,1.2804,1.50,2.07
2013.08.26 07:31:41.366,1.28022,1.2804,1.50,2.07
2013.08.26 07:31:49.138,1.28021,1.2804,1.50,2.07
2013.08.26 07:31:50.479,1.2802,1.2804,1.50,2.07
2013.08.26 07:31:51.385,1.2802,1.2804,1.50,2.07
2013.08.26 07:32:13.033,1.28017,1.28038,1.69,2.44
2013.08.26 07:32:13.101,1.28016,1.28037,1.50,1.69
2013.08.26 07:32:13.715,1.28018,1.28037,1.50,1.69
2013.08.26 07:32:25.438,1.28018,1.28035,1.50,1.32
2013.08.26 07:32:30.119,1.28018,1.28035,1.50,4.32
2013.08.26 07:32:30.857,1.28016,1.28035,2.25,4.32
2013.08.26 07:32:31.367,1.28016,1.28035,2.25,2.82
2013.08.26 07:32:33.437,1.28016,1.28035,2.44,3.57
2013.08.26 07:32:33.738,1.28022,1.28035,1.50,1.50
2013.08.26 07:32:33.798,1.2802,1.28039,1.50,1.69
2013.08.26 07:32:33.918,1.28022,1.2804,1.50,1.69
2013.08.26 07:32:34.188,1.2802,1.2804,1.50,1.69
2013.08.26 07:32:38.932,1.2802,1.28039,1.69,1.32
2013.08.26 07:32:42.928,1.2802,1.2804,1.50,1.13
2013.08.26 07:32:42.988,1.28017,1.28037,1.69,1.50
2013.08.26 07:32:43.609,1.28017,1.28037,1.50,2.44
2013.08.26 07:32:44.689,1.28017,1.28037,1.50,1.32
2013.08.26 07:32:45.354,1.28017,1.28034,2.25,1.32
2013.08.26 07:32:45.658,1.28022,1.28034,1.50,1.32
2013.08.26 07:32:45.777,1.28021,1.28038,1.50,1.32
2013.08.26 07:32:45.898,1.28021,1.28038,1.50,1.69
2013.08.26 07:32:46.248,1.28023,1.28039,1.50,1.69
2013.08.26 07:32:46.798,1.28021,1.28039,1.50,1.69
2013.08.26 07:32:47.358,1.2802,1.2804,2.44,2.44
2013.08.26 07:32:48.620,1.2802,1.28039,1.69,1.32
2013.08.26 07:33:00.185,1.2802,1.2804,1.50,2.07
2013.08.26 07:33:00.903,1.2802,1.2804,2.25,2.07
2013.08.26 07:33:03.799,1.2802,1.28039,2.44,1.32
2013.08.26 07:33:04.097,1.28018,1.28039,1.69,4.32
2013.08.26 07:33:05.625,1.28017,1.28037,2.44,1.13
2013.08.26 07:33:06.629,1.28017,1.28037,1.69,1.32
2013.08.26 07:33:06.988,1.2802,1.2804,1.50,1.69
2013.08.26 07:33:10.668,1.28019,1.28039,2.44,2.44
2013.08.26 07:33:11.268,1.28018,1.28039,1.69,3.94
2013.08.26 07:33:12.479,1.28017,1.28037,2.44,1.13
2013.08.26 07:33:16.644,1.28017,1.28036,1.69,1.32
2013.08.26 07:33:17.005,1.28017,1.28035,1.50,2.07
2013.08.26 07:33:19.728,1.28018,1.28035,1.50,2.07
2013.08.26 07:33:19.848,1.28021,1.28035,1.50,2.07
2013.08.26 07:33:19.998,1.28017,1.28035,1.69,2.07
2013.08.26 07:33:20.058,1.28016,1.28035,3.19,2.07
2013.08.26 07:33:21.390,1.28016,1.28035,3.19,2.07
2013.08.26 07:33:27.122,1.28018,1.28034,1.50,1.32
2013.08.26 07:33:28.389,1.28018,1.28034,1.50,1.32
2013.08.26 07:33:28.598,1.28022,1.28035,1.50,1.13
2013.08.26 07:33:28.718,1.28017,1.28035,2.44,1.13
2013.08.26 07:33:33.666,1.28017,1.28034,1.50,1.32
2013.08.26 07:33:33.789,1.28016,1.28034,2.25,1.32
2013.08.26 07:33:35.089,1.28016,1.28034,2.25,1.32
2013.08.26 07:33:47.148,1.28013,1.28033,2.44,1.69
2013.08.26 07:33:47.208,1.28013,1.28032,1.50,1.69
2013.08.26 07:33:48.959,1.28013,1.28029,1.50,1.69
2013.08.26 07:34:01.908,1.28013,1.28029,1.50,2.07
2013.08.26 07:34:11.548,1.28013,1.28029,1.50,1.32
2013.08.26 07:34:14.908,1.28011,1.2803,1.50,1.32
2013.08.26 07:34:14.974,1.28013,1.28034,1.69,1.69
2013.08.26 07:34:15.218,1.28009,1.28032,1.69,1.69
2013.08.26 07:34:15.839,1.28009,1.2803,1.69,1.32
2013.08.26 07:34:17.767,1.28009,1.2803,1.69,1.32
2013.08.26 07:34:22.858,1.28008,1.2803,1.69,1.32
2013.08.26 07:34:23.919,1.28008,1.2803,1.69,1.32
2013.08.26 07:34:30.158,1.28006,1.28029,2.44,1.13
2013.08.26 07:34:30.778,1.28008,1.2803,1.69,3.57
2013.08.26 07:34:31.368,1.28008,1.2803,1.69,1.69
2013.08.26 07:34:34.642,1.28008,1.28029,1.69,1.32
2013.08.26 07:34:41.299,1.28008,1.2803,1.69,2.07
2013.08.26 07:34:42.189,1.28008,1.2803,1.69,2.07
2013.08.26 07:34:50.720,1.28008,1.2803,1.69,2.07
2013.08.26 07:34:51.507,1.28008,1.2803,1.69,2.07
2013.08.26 07:34:52.158,1.28009,1.2803,1.50,2.07
2013.08.26 07:34:52.458,1.28009,1.28031,2.44,1.69
2013.08.26 07:34:52.976,1.28009,1.2803,1.69,1.32
2013.08.26 07:34:57.973,1.2801,1.2803,1.69,1.32
2013.08.26 07:35:02.878,1.28013,1.2803,1.50,1.32
2013.08.26 07:35:03.999,1.28013,1.2803,1.50,1.32
2013.08.26 07:35:08.900,1.28013,1.28031,1.50,2.07
2013.08.26 07:35:09.450,1.28013,1.2803,1.50,1.32
2013.08.26 07:35:10.508,1.28013,1.28029,1.50,1.32
2013.08.26 07:35:12.688,1.28013,1.2803,1.50,1.32
2013.08.26 07:35:31.428,1.28014,1.2803,1.50,1.32
2013.08.26 07:35:37.208,1.28014,1.28028,1.50,1.69
2013.08.26 07:35:37.328,1.28008,1.28026,1.69,1.69
2013.08.26 07:35:38.983,1.28007,1.28026,1.50,5.82
2013.08.26 07:35:44.648,1.28006,1.28024,1.69,1.32
2013.08.26 07:35:44.828,1.28002,1.28023,3.19,1.32
2013.08.26 07:35:45.068,1.28,1.28022,1.69,1.69
2013.08.26 07:35:45.578,1.27999,1.28021,1.69,1.69
2013.08.26 07:35:46.598,1.27999,1.2802,1.69,1.32
2013.08.26 07:35:48.328,1.27996,1.28019,1.69,1.32
2013.08.26 07:35:50.308,1.27996,1.28018,3.19,1.32
2013.08.26 07:35:53.748,1.27996,1.28018,3.19,1.32
2013.08.26 07:35:54.448,1.27997,1.2802,1.69,1.32
2013.08.26 07:35:54.568,1.28,1.2802,1.13,1.32
2013.08.26 07:35:54.688,1.28,1.28024,1.13,2.44
2013.08.26 07:35:54.808,1.28001,1.28025,1.69,1.69
2013.08.26 07:35:57.118,1.28001,1.28027,1.69,1.69
2013.08.26 07:36:01.611,1.28001,1.28024,1.05,1.69
2013.08.26 07:36:03.459,1.28001,1.28025,1.99,1.69
2013.08.26 07:36:15.249,1.28001,1.28024,1.05,1.69
2013.08.26 07:36:17.000,1.28001,1.28026,1.05,1.69
2013.08.26 07:36:18.408,1.28001,1.28026,1.24,1.69
2013.08.26 07:36:23.619,1.28002,1.28026,1.69,2.44
2013.08.26 07:36:24.098,1.28004,1.28029,1.13,2.44
2013.08.26 07:36:24.158,1.28006,1.2803,1.50,1.69
2013.08.26 07:36:24.398,1.28006,1.2803,1.50,2.07
2013.08.26 07:36:24.520,1.28002,1.28029,1.69,1.69
2013.08.26 07:36:25.037,1.28002,1.28029,1.69,1.69
2013.08.26 07:36:27.119,1.28002,1.28029,1.69,1.69
2013.08.26 07:36:37.000,1.28005,1.2803,1.69,2.07
2013.08.26 07:36:39.557,1.28,1.28029,2.44,1.69
2013.08.26 07:36:39.798,1.27998,1.2802,1.69,3.00
2013.08.26 07:36:40.038,1.27998,1.28018,1.69,1.50
2013.08.26 07:36:41.389,1.27998,1.28018,1.69,1.50
2013.08.26 07:36:41.750,1.27998,1.28019,1.69,1.50
2013.08.26 07:36:42.419,1.27998,1.2802,1.69,3.57
2013.08.26 07:36:42.975,1.27998,1.28019,1.69,1.32
2013.08.26 07:36:43.038,1.27998,1.28019,1.69,1.32
2013.08.26 07:36:43.820,1.27998,1.28018,1.69,1.50
2013.08.26 07:36:53.118,1.27999,1.28018,1.69,2.44
2013.08.26 07:37:03.958,1.27997,1.28019,1.69,1.88
2013.08.26 07:37:06.079,1.27998,1.28019,1.69,1.32
2013.08.26 07:37:06.719,1.28001,1.2802,1.69,1.13
2013.08.26 07:37:06.838,1.28001,1.28027,2.44,2.44
2013.08.26 07:37:15.610,1.27999,1.28028,4.69,1.69
2013.08.26 07:37:16.129,1.28003,1.28028,1.69,1.69
2013.08.26 07:37:17.129,1.28003,1.28029,1.69,1.69
2013.08.26 07:37:22.830,1.28004,1.28029,1.69,1.69
2013.08.26 07:37:24.449,1.28003,1.2803,1.69,3.94
2013.08.26 07:37:28.088,1.28003,1.28029,1.69,1.69
2013.08.26 07:37:49.920,1.28003,1.28029,1.50,3.19
2013.08.26 07:37:52.340,1.28001,1.28028,1.50,1.54
2013.08.26 07:37:52.979,1.28001,1.28029,1.69,2.14
2013.08.26 07:37:53.890,1.28001,1.28029,2.44,2.14
2013.08.26 07:37:54.915,1.28003,1.28029,1.69,2.14
2013.08.26 07:37:56.921,1.28004,1.28029,1.69,2.14
2013.08.26 07:37:58.620,1.28001,1.28029,1.69,2.70
2013.08.26 07:38:08.858,1.27999,1.28029,3.42,1.35
2013.08.26 07:38:11.420,1.28,1.28029,1.69,2.89
2013.08.26 07:38:13.660,1.28,1.28029,1.88,2.44
2013.08.26 07:38:13.735,1.28,1.28029,1.13,3.00
2013.08.26 07:38:15.840,1.28,1.28028,1.13,1.50
2013.08.26 07:38:15.943,1.28,1.28029,2.07,3.19
2013.08.26 07:38:19.358,1.28002,1.28028,1.69,1.69
2013.08.26 07:38:30.869,1.28002,1.28028,1.69,1.50
2013.08.26 07:38:36.629,1.28,1.28028,1.32,1.69
2013.08.26 07:38:37.720,1.28001,1.28028,1.69,1.69
2013.08.26 07:38:38.716,1.28001,1.28028,1.69,2.44
2013.08.26 07:38:40.233,1.28003,1.28028,1.69,1.50
2013.08.26 07:38:40.358,1.28001,1.28028,3.94,1.69
2013.08.26 07:38:41.778,1.28001,1.28028,1.69,1.69
2013.08.26 07:38:58.519,1.28003,1.2803,1.69,3.94
2013.08.26 07:39:00.669,1.28002,1.28028,1.69,1.69
2013.08.26 07:39:01.648,1.28004,1.2803,1.69,1.69
2013.08.26 07:39:03.760,1.28002,1.28028,1.69,2.44
2013.08.26 07:39:06.956,1.28002,1.28028,1.69,2.44
2013.08.26 07:39:07.299,1.28003,1.28028,1.50,1.69
2013.08.26 07:39:27.268,1.28005,1.28028,1.69,1.50
2013.08.26 07:39:29.085,1.28003,1.28029,1.69,1.50
2013.08.26 07:39:32.206,1.28005,1.28029,1.69,3.19
2013.08.26 07:39:37.268,1.28005,1.28028,1.69,1.50
2013.08.26 07:39:38.103,1.28005,1.28029,1.69,1.69
2013.08.26 07:39:41.159,1.28004,1.2803,1.69,2.44
2013.08.26 07:40:18.860,1.28004,1.28031,1.69,2.63
2013.08.26 07:40:19.637,1.28003,1.2803,1.69,2.44
2013.08.26 07:40:20.879,1.28005,1.28031,1.69,3.57
2013.08.26 07:40:22.358,1.28005,1.28031,1.69,3.19
2013.08.26 07:40:22.598,1.2801,1.28031,1.50,1.32
2013.08.26 07:40:22.838,1.28004,1.28031,1.69,1.32
2013.08.26 07:40:23.854,1.28004,1.28031,1.69,1.32
2013.08.26 07:40:34.949,1.28004,1.28031,1.69,1.32
2013.08.26 07:40:40.958,1.28003,1.28031,1.69,2.07
2013.08.26 07:40:45.630,1.28003,1.28031,1.69,2.07
2013.08.26 07:40:47.000,1.28003,1.28031,1.69,2.07
2013.08.26 07:40:49.251,1.28005,1.28031,1.69,1.88
2013.08.26 07:40:52.761,1.28005,1.28031,1.69,2.07
2013.08.26 07:40:53.320,1.28001,1.2803,1.69,1.69
2013.08.26 07:40:53.860,1.28003,1.2803,1.69,1.69
2013.08.26 07:40:56.912,1.28003,1.28031,1.69,2.07
2013.08.26 07:41:00.969,1.28006,1.28031,1.69,2.07
2013.08.26 07:41:02.069,1.28006,1.28031,1.69,1.32
2013.08.26 07:41:03.101,1.28007,1.28031,1.69,2.07
2013.08.26 07:41:04.529,1.28004,1.28031,1.69,1.32
2013.08.26 07:41:11.858,1.27999,1.28031,2.44,1.32
2013.08.26 07:41:12.498,1.28003,1.28032,1.69,1.47
2013.08.26 07:41:19.138,1.28004,1.28031,1.69,1.32
2013.08.26 07:41:26.664,1.28003,1.2803,1.69,1.32
2013.08.26 07:41:28.577,1.28002,1.2803,1.69,1.32
2013.08.26 07:41:33.996,1.28004,1.2803,1.69,1.32
2013.08.26 07:41:40.438,1.28002,1.28031,1.69,1.32
2013.08.26 07:41:41.737,1.28004,1.2803,1.69,1.32
2013.08.26 07:41:47.020,1.28005,1.2803,1.69,1.32
2013.08.26 07:41:51.698,1.28007,1.28031,1.69,2.07
2013.08.26 07:41:59.100,1.28004,1.2803,1.69,1.32
2013.08.26 07:42:03.700,1.28006,1.28031,1.69,2.07
2013.08.26 07:42:05.103,1.28004,1.2803,1.69,1.32
2013.08.26 07:42:12.927,1.28006,1.2803,1.69,1.32
2013.08.26 07:42:18.640,1.28006,1.2803,1.69,1.32
2013.08.26 07:42:28.670,1.28002,1.28031,1.69,1.39
2013.08.26 07:42:38.631,1.28002,1.28031,1.69,1.32
2013.08.26 07:42:40.109,1.28004,1.28031,1.69,1.32
2013.08.26 07:42:54.270,1.28004,1.28031,1.69,2.07
2013.08.26 07:42:58.398,1.28009,1.28032,2.25,1.69
2013.08.26 07:42:58.519,1.28015,1.28034,1.69,1.69
2013.08.26 07:42:58.803,1.28013,1.28031,2.44,1.13
2013.08.26 07:42:58.870,1.28004,1.2803,1.69,1.32
2013.08.26 07:43:01.089,1.28003,1.2803,1.69,1.32
2013.08.26 07:43:03.109,1.28007,1.28031,1.50,1.69
2013.08.26 07:43:06.218,1.28009,1.28033,1.69,1.69
2013.08.26 07:43:07.021,1.28009,1.28033,1.69,1.69
2013.08.26 07:43:14.302,1.28009,1.28033,1.69,1.69
2013.08.26 07:43:23.182,1.28011,1.28033,1.69,1.69
2013.08.26 07:43:25.128,1.28012,1.28033,1.50,1.69
2013.08.26 07:43:26.950,1.28012,1.28033,1.50,1.69
2013.08.26 07:43:27.787,1.28012,1.28033,1.69,1.69
2013.08.26 07:43:36.738,1.28012,1.28034,1.69,2.44
2013.08.26 07:43:38.279,1.28009,1.28033,1.69,1.69
2013.08.26 07:43:40.246,1.28009,1.28033,1.69,1.69
2013.08.26 07:43:46.680,1.28011,1.28033,1.69,1.69
2013.08.26 07:43:55.970,1.28012,1.28035,1.69,2.44
2013.08.26 07:43:56.179,1.28007,1.28034,1.69,1.69
2013.08.26 07:43:56.240,1.28007,1.28032,1.69,1.32
2013.08.26 07:43:56.793,1.28003,1.2803,1.69,1.32
2013.08.26 07:43:57.859,1.28005,1.28034,1.32,2.44
2013.08.26 07:43:58.099,1.2801,1.28032,1.50,1.32
2013.08.26 07:43:58.159,1.2801,1.28032,2.44,2.07
2013.08.26 07:43:58.279,1.28002,1.28031,1.69,1.32
2013.08.26 07:44:12.430,1.28004,1.28031,1.69,1.32
2013.08.26 07:44:14.640,1.28005,1.28032,1.69,2.07
2013.08.26 07:44:17.070,1.28006,1.28032,1.69,1.32
2013.08.26 07:44:26.399,1.28005,1.28031,1.69,1.32
2013.08.26 07:44:37.230,1.28005,1.28031,1.69,1.32
2013.08.26 07:44:41.499,1.28004,1.28031,1.69,1.32
2013.08.26 07:44:42.470,1.28003,1.28031,1.69,1.32
2013.08.26 07:45:03.579,1.28003,1.28032,1.69,1.32
2013.08.26 07:45:05.530,1.28006,1.28032,1.50,1.32
2013.08.26 07:45:06.427,1.28005,1.28033,1.69,2.82
2013.08.26 07:45:12.270,1.28004,1.28031,1.69,1.32
2013.08.26 07:45:25.160,1.28004,1.28032,1.69,1.32
2013.08.26 07:45:27.439,1.28004,1.28031,1.69,1.32
2013.08.26 07:45:28.339,1.28005,1.28033,1.69,3.57
2013.08.26 07:45:32.699,1.28004,1.28032,1.69,1.32
2013.08.26 07:45:34.550,1.28002,1.28031,1.69,1.32
2013.08.26 07:45:57.939,1.28,1.28031,3.57,1.32
2013.08.26 07:45:59.332,1.28003,1.28032,2.44,1.32
2013.08.26 07:46:00.561,1.28005,1.28031,1.69,1.32
2013.08.26 07:46:03.589,1.28003,1.28033,1.69,2.82
2013.08.26 07:46:04.670,1.28002,1.28031,1.69,1.32
2013.08.26 07:46:05.680,1.28004,1.28031,1.69,1.32
2013.08.26 07:46:07.099,1.28004,1.28031,1.69,2.07
2013.08.26 07:46:12.379,1.28003,1.28031,1.69,1.32
2013.08.26 07:46:19.479,1.28008,1.28033,1.69,2.82
2013.08.26 07:46:19.670,1.28005,1.28031,1.69,1.32
2013.08.26 07:46:25.875,1.28003,1.28031,1.69,1.32
2013.08.26 07:46:29.187,1.28004,1.28031,1.69,1.32
2013.08.26 07:46:30.499,1.28005,1.28031,1.50,2.07
2013.08.26 07:46:31.519,1.28004,1.28031,1.50,3.57
2013.08.26 07:46:32.640,1.28004,1.28031,2.44,2.07
2013.08.26 07:46:32.999,1.28005,1.28031,1.69,1.32
2013.08.26 07:46:35.729,1.28006,1.28032,1.69,1.32
2013.08.26 07:46:37.589,1.28003,1.28031,1.69,1.32
2013.08.26 07:46:38.630,1.28003,1.28031,1.69,1.32
2013.08.26 07:46:40.190,1.28006,1.28031,1.69,1.32
2013.08.26 07:46:41.749,1.28006,1.28031,1.69,1.32
2013.08.26 07:46:45.719,1.28004,1.28031,1.69,1.32
2013.08.26 07:46:55.800,1.28002,1.28031,1.50,2.07
2013.08.26 07:46:56.949,1.28002,1.28031,1.50,2.07
2013.08.26 07:46:57.239,1.28005,1.28031,1.69,1.32
2013.08.26 07:46:59.208,1.28003,1.28031,1.69,1.32
2013.08.26 07:47:05.959,1.28003,1.28032,1.69,1.32
2013.08.26 07:47:09.239,1.28004,1.28031,1.69,1.32
2013.08.26 07:47:12.147,1.28004,1.28032,1.69,1.32
2013.08.26 07:47:27.720,1.28008,1.28032,1.69,1.32
2013.08.26 07:47:30.029,1.28005,1.28033,1.69,1.13
2013.08.26 07:47:47.801,1.28003,1.28032,1.69,1.32
2013.08.26 07:47:55.927,1.28003,1.28031,1.69,1.32
2013.08.26 07:47:57.262,1.28003,1.28031,1.69,1.32
2013.08.26 07:47:57.639,1.28006,1.28033,1.69,3.57
2013.08.26 07:47:58.039,1.28009,1.28033,1.69,1.32
2013.08.26 07:48:03.701,1.28013,1.28033,1.69,2.82
2013.08.26 07:48:07.130,1.28012,1.28033,2.44,2.82
2013.08.26 07:48:07.189,1.28013,1.28033,1.69,1.32
2013.08.26 07:48:09.841,1.28012,1.28033,2.44,1.32
2013.08.26 07:48:13.729,1.28012,1.28035,3.00,1.32
2013.08.26 07:48:24.659,1.28011,1.28035,1.69,2.07
2013.08.26 07:48:25.844,1.28011,1.28034,3.00,1.69
2013.08.26 07:48:26.989,1.28012,1.28034,1.69,1.69
2013.08.26 07:48:36.790,1.28012,1.28034,1.69,1.69
2013.08.26 07:48:37.291,1.28012,1.28035,1.69,2.07
2013.08.26 07:48:40.910,1.28012,1.28034,1.50,1.69
2013.08.26 07:48:45.459,1.28011,1.28034,1.69,1.69
2013.08.26 07:48:47.029,1.28002,1.28031,1.69,2.25
2013.08.26 07:48:47.089,1.28002,1.28031,1.69,3.00
2013.08.26 07:48:47.752,1.27999,1.2803,1.32,1.50
2013.08.26 07:48:49.274,1.27999,1.2803,2.82,1.69
2013.08.26 07:48:51.304,1.27999,1.2803,1.32,1.69
2013.08.26 07:48:53.289,1.28,1.2803,1.32,1.69
2013.08.26 07:48:53.649,1.28004,1.28025,3.19,2.25
2013.08.26 07:48:53.769,1.27997,1.28023,2.44,1.69
2013.08.26 07:48:58.060,1.27997,1.28023,2.07,1.69
2013.08.26 07:48:58.539,1.27999,1.28026,3.94,1.69
2013.08.26 07:49:02.361,1.28005,1.28029,2.25,3.19
2013.08.26 07:49:02.430,1.28006,1.28031,3.00,3.19
2013.08.26 07:49:02.550,1.28006,1.28031,3.00,1.69
2013.08.26 07:49:03.959,1.28006,1.28031,3.19,1.69
2013.08.26 07:49:04.887,1.28006,1.28031,3.57,1.69
2013.08.26 07:49:05.781,1.28006,1.28031,3.57,1.69
2013.08.26 07:49:09.350,1.28006,1.28033,2.07,2.44
2013.08.26 07:49:15.152,1.28006,1.28032,2.07,2.44
2013.08.26 07:49:16.119,1.28007,1.28034,1.32,2.44
2013.08.26 07:49:16.932,1.28007,1.28033,1.69,1.69
2013.08.26 07:49:17.478,1.28009,1.28033,1.69,1.69
2013.08.26 07:49:19.281,1.28012,1.28033,1.32,1.50
2013.08.26 07:49:22.620,1.28012,1.28033,2.07,1.69
2013.08.26 07:49:23.678,1.28013,1.28034,1.24,2.44
2013.08.26 07:49:23.740,1.28013,1.28035,1.24,1.69
2013.08.26 07:49:25.090,1.28013,1.28035,3.12,1.69
2013.08.26 07:49:29.330,1.28014,1.28035,1.24,1.69
2013.08.26 07:49:35.789,1.28013,1.28035,3.12,3.19
2013.08.26 07:49:38.911,1.28012,1.28035,1.62,3.19
2013.08.26 07:49:38.970,1.28012,1.28033,2.07,1.69
2013.08.26 07:49:50.099,1.28012,1.28034,2.44,1.69
2013.08.26 07:49:50.159,1.28018,1.2804,2.25,3.19
2013.08.26 07:49:50.459,1.28022,1.2804,2.25,1.69
2013.08.26 07:49:50.639,1.28022,1.28051,2.25,1.32
2013.08.26 07:49:50.699,1.28022,1.28052,2.25,1.69
2013.08.26 07:49:52.151,1.28021,1.28052,2.25,1.32
2013.08.26 07:49:52.730,1.28022,1.28052,2.25,1.32
2013.08.26 07:49:53.025,1.28022,1.28051,2.44,1.32
2013.08.26 07:49:54.349,1.28023,1.28051,3.53,1.32
2013.08.26 07:49:56.589,1.28023,1.28046,3.53,1.13
2013.08.26 07:49:56.769,1.28017,1.28045,2.90,1.50
2013.08.26 07:49:58.053,1.28017,1.28041,3.19,1.69
2013.08.26 07:50:00.842,1.28019,1.28041,1.69,1.69
2013.08.26 07:50:01.621,1.2802,1.28041,1.69,1.69
2013.08.26 07:50:03.758,1.2802,1.28041,1.69,1.69
2013.08.26 07:50:12.865,1.2802,1.28039,1.69,1.69
2013.08.26 07:50:13.559,1.28019,1.28039,1.69,1.69
2013.08.26 07:50:15.613,1.28019,1.28039,1.69,1.69
2013.08.26 07:50:15.761,1.28021,1.28039,1.69,1.69
2013.08.26 07:50:25.752,1.2802,1.28039,1.50,1.69
2013.08.26 07:50:34.810,1.2802,1.28039,1.50,1.69
2013.08.26 07:50:34.931,1.28018,1.28039,2.18,3.94
2013.08.26 07:50:35.539,1.28019,1.28036,1.62,1.69
2013.08.26 07:50:38.929,1.28018,1.28037,1.43,1.69
2013.08.26 07:50:43.849,1.28013,1.28036,1.32,1.69
2013.08.26 07:50:46.034,1.28013,1.28036,1.32,2.44
2013.08.26 07:50:48.240,1.28013,1.28034,3.57,1.69
2013.08.26 07:50:52.131,1.28014,1.28031,2.44,2.25
2013.08.26 07:50:52.192,1.28009,1.28031,1.13,3.19
2013.08.26 07:50:52.251,1.28007,1.2803,1.32,3.94
2013.08.26 07:50:52.310,1.28001,1.2803,2.59,3.94
2013.08.26 07:50:52.490,1.28002,1.2803,1.84,1.69
2013.08.26 07:50:53.910,1.28001,1.28031,3.00,1.69
2013.08.26 07:50:55.960,1.28002,1.28031,1.69,1.69
2013.08.26 07:50:56.834,1.28002,1.2803,1.69,3.19
2013.08.26 07:50:57.680,1.28006,1.28033,3.00,1.69
2013.08.26 07:50:58.045,1.2801,1.28037,3.19,1.69
2013.08.26 07:50:58.110,1.2801,1.28037,1.69,1.69
2013.08.26 07:50:59.372,1.2801,1.28039,1.69,1.69
2013.08.26 07:51:03.792,1.28011,1.28039,1.17,1.69
2013.08.26 07:51:05.649,1.28015,1.28039,2.48,1.69
2013.08.26 07:51:06.035,1.28015,1.28042,2.67,2.44
2013.08.26 07:51:06.340,1.28015,1.28041,2.67,1.69
2013.08.26 07:51:06.841,1.28016,1.28042,2.48,2.44
2013.08.26 07:51:07.477,1.28016,1.28042,1.17,1.69
2013.08.26 07:51:08.201,1.28018,1.28042,1.32,2.44
2013.08.26 07:51:13.759,1.28018,1.28042,1.32,1.69
2013.08.26 07:51:14.131,1.28017,1.28042,1.32,1.69
2013.08.26 07:51:25.354,1.28016,1.28042,2.07,1.69
2013.08.26 07:51:27.281,1.2801,1.2804,5.07,3.19
2013.08.26 07:51:28.103,1.2801,1.28038,2.07,1.69
2013.08.26 07:51:31.192,1.2801,1.2804,1.88,1.69
2013.08.26 07:51:36.951,1.2801,1.2804,4.32,3.94
2013.08.26 07:51:41.050,1.2801,1.28038,3.57,1.69
2013.08.26 07:51:42.259,1.28013,1.28038,1.69,1.69
2013.08.26 07:51:47.652,1.28012,1.28038,2.82,1.69
2013.08.26 07:51:47.830,1.2801,1.2804,1.13,1.69
2013.08.26 07:51:49.289,1.2801,1.28038,2.07,1.69
2013.08.26 07:51:53.343,1.28015,1.28038,2.25,1.69
2013.08.26 07:51:53.879,1.28016,1.28042,1.50,2.44
2013.08.26 07:51:55.220,1.28016,1.28042,1.88,2.44
2013.08.26 07:51:56.480,1.28013,1.28039,1.32,1.69
2013.08.26 07:51:56.540,1.2801,1.28039,3.57,1.69
2013.08.26 07:51:59.392,1.2801,1.28039,3.87,1.69
2013.08.26 07:52:03.892,1.28011,1.28039,1.62,1.69
2013.08.26 07:52:04.292,1.28011,1.28039,2.74,1.69
2013.08.26 07:52:04.991,1.28011,1.28039,2.82,1.69
2013.08.26 07:52:06.423,1.28011,1.28039,2.82,1.69
2013.08.26 07:52:07.306,1.28012,1.28039,1.69,1.69
2013.08.26 07:52:08.303,1.28013,1.28039,1.69,1.69
2013.08.26 07:52:09.371,1.28013,1.28039,1.69,1.69
2013.08.26 07:52:11.151,1.28013,1.28039,1.69,1.69
2013.08.26 07:52:12.401,1.28013,1.28039,1.69,1.69
2013.08.26 07:52:13.263,1.28013,1.28039,1.69,1.69
2013.08.26 07:52:13.807,1.28013,1.28039,1.69,1.69
2013.08.26 07:52:14.710,1.28013,1.28039,1.69,1.69
2013.08.26 07:52:16.169,1.28011,1.28039,3.57,1.69
2013.08.26 07:52:17.271,1.28011,1.28039,3.04,1.69
2013.08.26 07:52:25.181,1.28011,1.28039,2.10,1.69
2013.08.26 07:52:25.961,1.28011,1.28039,2.10,1.69
2013.08.26 07:52:35.745,1.28011,1.28039,2.89,1.69
2013.08.26 07:52:37.001,1.28011,1.2804,2.14,1.69
2013.08.26 07:52:41.071,1.28012,1.2804,1.62,3.94
2013.08.26 07:52:42.368,1.28012,1.2804,1.62,3.94
2013.08.26 07:52:53.472,1.28012,1.2804,3.12,1.69
2013.08.26 07:52:59.540,1.28011,1.2804,2.25,1.69
2013.08.26 07:53:00.799,1.2801,1.2804,1.13,3.94
2013.08.26 07:53:01.412,1.28011,1.2804,1.69,1.69
2013.08.26 07:53:02.259,1.28011,1.2804,1.69,4.69
2013.08.26 07:53:02.319,1.28012,1.2804,1.69,4.69
2013.08.26 07:53:03.222,1.28012,1.2804,1.69,1.69
2013.08.26 07:53:03.282,1.28013,1.2804,1.69,1.69
2013.08.26 07:53:04.370,1.28013,1.2804,1.69,1.69
2013.08.26 07:53:09.686,1.28013,1.28041,1.69,5.82
2013.08.26 07:53:10.835,1.28013,1.28041,1.69,4.32
2013.08.26 07:53:19.480,1.28016,1.28041,1.88,1.69
2013.08.26 07:53:19.780,1.28018,1.28041,1.50,1.69
2013.08.26 07:53:21.445,1.28016,1.2804,2.44,1.69
2013.08.26 07:53:22.052,1.28016,1.28041,2.07,2.44
2013.08.26 07:53:23.783,1.2801,1.28041,2.44,4.32
2013.08.26 07:53:36.111,1.2801,1.28039,2.63,1.69
2013.08.26 07:53:46.560,1.28008,1.28038,1.69,3.19
2013.08.26 07:53:46.682,1.28008,1.28038,1.13,3.19
2013.08.26 07:53:46.742,1.28,1.28036,1.32,1.69
2013.08.26 07:53:47.415,1.28,1.28035,1.32,1.69
2013.08.26 07:53:49.349,1.28,1.28035,1.69,1.69
2013.08.26 07:53:54.671,1.28,1.28035,1.80,1.69
2013.08.26 07:53:55.460,1.28003,1.28035,1.69,1.69
2013.08.26 07:53:57.101,1.28004,1.28035,1.69,1.69
2013.08.26 07:53:57.220,1.28008,1.28037,1.32,1.69
2013.08.26 07:53:57.811,1.28008,1.2804,1.32,3.19
2013.08.26 07:53:58.403,1.28008,1.2804,1.32,4.69
2013.08.26 07:54:00.512,1.28009,1.2804,1.69,4.69
2013.08.26 07:54:03.950,1.2801,1.2804,1.69,1.69
2013.08.26 07:54:05.300,1.28013,1.28041,1.69,5.82
2013.08.26 07:54:13.962,1.2801,1.28041,1.69,4.32
2013.08.26 07:54:19.372,1.28013,1.28041,1.69,4.32
2013.08.26 07:54:24.057,1.28011,1.28041,1.69,4.32
2013.08.26 07:54:24.920,1.28011,1.2804,1.69,3.19
2013.08.26 07:54:25.611,1.2801,1.28039,3.94,1.69
2013.08.26 07:54:26.660,1.28009,1.28041,4.69,4.32
2013.08.26 07:54:26.720,1.28009,1.28041,3.19,5.82
2013.08.26 07:54:27.270,1.28006,1.28035,1.32,1.13
2013.08.26 07:54:28.036,1.28005,1.28034,2.44,1.13
2013.08.26 07:54:28.160,1.28004,1.28032,3.94,1.13
2013.08.26 07:54:28.280,1.28,1.28029,3.19,3.19
2013.08.26 07:54:28.810,1.27998,1.28029,1.32,3.19
2013.08.26 07:54:30.730,1.27999,1.28031,1.32,3.94
2013.08.26 07:54:30.791,1.27995,1.2803,1.69,2.44
2013.08.26 07:54:32.471,1.27993,1.28028,1.32,1.69
2013.08.26 07:54:32.776,1.27992,1.28026,1.32,1.69
2013.08.26 07:54:33.201,1.28001,1.28028,1.50,2.44
2013.08.26 07:54:33.260,1.28,1.28026,1.50,1.69
2013.08.26 07:54:33.321,1.27995,1.28028,3.75,1.69
2013.08.26 07:54:33.380,1.27985,1.28025,1.69,1.69
2013.08.26 07:54:33.500,1.27991,1.28026,1.69,1.69
2013.08.26 07:54:33.740,1.2799,1.28025,1.32,1.69
2013.08.26 07:54:33.860,1.27986,1.28025,1.69,1.69
2013.08.26 07:54:35.400,1.27988,1.28025,1.32,1.69
2013.08.26 07:54:35.592,1.28,1.28031,2.25,1.69
2013.08.26 07:54:35.711,1.28,1.28029,2.07,1.69
2013.08.26 07:54:35.772,1.27998,1.28029,1.13,1.69
2013.08.26 07:54:36.070,1.27991,1.28026,1.32,1.69
2013.08.26 07:54:36.251,1.27989,1.28026,1.32,1.69
2013.08.26 07:54:36.803,1.27987,1.28026,1.32,1.69
2013.08.26 07:54:41.662,1.27987,1.28026,1.32,1.69
2013.08.26 07:54:42.370,1.27988,1.28026,1.69,1.69
2013.08.26 07:54:42.430,1.27989,1.28029,1.69,2.44
2013.08.26 07:54:42.970,1.27996,1.28026,4.69,3.57
2013.08.26 07:54:43.030,1.27997,1.28026,1.69,2.82
2013.08.26 07:54:44.660,1.27998,1.28025,1.32,1.32
2013.08.26 07:54:46.230,1.27998,1.28025,1.32,1.32
2013.08.26 07:54:48.422,1.27993,1.28021,1.50,1.32
2013.08.26 07:54:48.540,1.27992,1.28017,1.50,1.69
2013.08.26 07:54:48.601,1.27988,1.28017,1.32,1.69
2013.08.26 07:54:49.320,1.27985,1.28019,2.09,1.69
2013.08.26 07:54:50.340,1.27985,1.28018,1.15,2.44
2013.08.26 07:55:04.221,1.27984,1.28011,1.50,1.13
2013.08.26 07:55:04.341,1.27981,1.28009,2.25,1.50
2013.08.26 07:55:04.461,1.27979,1.28007,2.25,3.00
2013.08.26 07:55:05.200,1.27979,1.28007,2.25,3.00
2013.08.26 07:55:05.892,1.27986,1.28006,1.50,1.69
2013.08.26 07:55:06.330,1.27985,1.28018,3.00,1.69
2013.08.26 07:55:06.390,1.27985,1.28019,3.00,2.82
2013.08.26 07:55:06.901,1.27986,1.28019,2.44,2.44
2013.08.26 07:55:07.410,1.27988,1.28019,1.13,3.19
2013.08.26 07:55:07.710,1.27986,1.28021,2.44,2.82
2013.08.26 07:55:07.890,1.2799,1.28018,1.13,3.19
2013.08.26 07:55:08.190,1.27989,1.28022,3.19,2.82
2013.08.26 07:55:09.151,1.27986,1.28021,1.69,1.32
2013.08.26 07:55:09.380,1.27988,1.28019,1.13,3.19
2013.08.26 07:55:09.740,1.27987,1.28013,2.97,1.88
2013.08.26 07:55:09.800,1.27982,1.28006,1.69,1.50
2013.08.26 07:55:09.860,1.27995,1.28006,2.25,1.50
2013.08.26 07:55:09.920,1.27996,1.28014,1.50,2.07
2013.08.26 07:55:09.980,1.27996,1.28021,1.50,2.44
2013.08.26 07:55:10.099,1.27996,1.28022,1.50,3.19
2013.08.26 07:55:11.410,1.27996,1.28024,1.50,4.32
2013.08.26 07:55:11.911,1.27996,1.28024,1.50,4.32
2013.08.26 07:55:12.611,1.27996,1.28024,1.50,2.82
2013.08.26 07:55:13.662,1.27999,1.28024,1.50,2.82
2013.08.26 07:55:14.220,1.27999,1.28024,1.50,1.69
2013.08.26 07:55:14.821,1.28001,1.28024,1.69,1.69
2013.08.26 07:55:16.661,1.28001,1.28026,1.69,4.32
2013.08.26 07:55:16.783,1.28002,1.28026,3.57,1.69
2013.08.26 07:55:17.741,1.28002,1.28027,3.19,2.44
2013.08.26 07:55:22.662,1.28005,1.28027,1.24,1.69
2013.08.26 07:55:22.781,1.28005,1.28027,1.24,1.69
2013.08.26 07:55:24.935,1.28005,1.28027,1.24,3.94
2013.08.26 07:55:31.041,1.28003,1.28027,3.57,1.69
2013.08.26 07:55:35.111,1.28003,1.28028,2.52,4.32
2013.08.26 07:55:39.289,1.28006,1.28027,1.02,1.69
2013.08.26 07:55:39.810,1.28006,1.28027,1.09,1.69
2013.08.26 07:55:40.711,1.28007,1.28027,1.09,1.69
2013.08.26 07:55:42.432,1.28006,1.28027,1.09,1.69
2013.08.26 07:55:50.190,1.28004,1.28028,1.09,2.44
2013.08.26 07:55:51.600,1.28004,1.28028,1.17,3.94
2013.08.26 07:55:51.721,1.28002,1.28027,1.54,1.69
2013.08.26 07:55:52.801,1.28004,1.28027,1.17,1.69
2013.08.26 07:55:54.768,1.28007,1.28027,1.69,1.69
2013.08.26 07:55:59.111,1.28007,1.28027,1.69,1.69
2013.08.26 07:56:00.850,1.28007,1.28027,1.69,1.69
2013.08.26 07:56:10.180,1.28004,1.28028,1.69,2.44
2013.08.26 07:56:11.862,1.28004,1.28027,1.69,1.69
2013.08.26 07:56:14.240,1.28008,1.28031,1.69,3.19
2013.08.26 07:56:19.388,1.28008,1.28031,1.69,1.69
2013.08.26 07:56:24.084,1.28008,1.28031,2.07,1.69
2013.08.26 07:56:25.686,1.28009,1.28031,1.69,1.69
2013.08.26 07:56:44.204,1.28008,1.28033,1.32,2.44
2013.08.26 07:56:55.318,1.28008,1.28034,1.32,3.94
2013.08.26 07:57:01.859,1.28012,1.28034,2.25,1.69
2013.08.26 07:57:03.890,1.28011,1.28035,2.25,2.82
2013.08.26 07:57:04.601,1.28011,1.28035,2.25,2.07
2013.08.26 07:57:09.200,1.28012,1.28035,2.25,1.32
2013.08.26 07:57:10.300,1.28011,1.28035,2.25,2.07
2013.08.26 07:57:12.011,1.28011,1.28034,2.44,1.69
2013.08.26 07:57:29.540,1.28009,1.28035,2.44,1.69
2013.08.26 07:57:32.021,1.28012,1.28034,2.25,1.69
2013.08.26 07:57:32.931,1.28012,1.28034,2.44,1.69
2013.08.26 07:57:50.050,1.2801,1.28033,1.69,1.69
2013.08.26 07:57:50.921,1.28011,1.28033,2.44,1.69
2013.08.26 07:57:55.770,1.28009,1.28031,3.19,1.13
2013.08.26 07:57:55.970,1.28009,1.28034,3.19,1.69
2013.08.26 07:57:58.201,1.28012,1.28037,1.69,2.07
2013.08.26 07:57:59.603,1.28011,1.28039,3.19,1.69
2013.08.26 07:58:01.814,1.28011,1.28038,3.94,1.32
2013.08.26 07:58:02.051,1.2801,1.28036,2.44,1.88
2013.08.26 07:58:03.020,1.28008,1.28035,3.19,1.69
2013.08.26 07:58:09.570,1.28009,1.28035,3.19,2.07
2013.08.26 07:58:13.960,1.28008,1.28035,4.32,2.07
2013.08.26 07:58:15.552,1.28009,1.28035,3.19,2.07
2013.08.26 07:58:17.460,1.28009,1.28035,3.19,1.88
2013.08.26 07:58:22.091,1.28009,1.28035,3.19,2.07
2013.08.26 07:58:23.082,1.28009,1.28035,1.69,2.07
2013.08.26 07:58:24.411,1.28011,1.28035,1.69,2.07
2013.08.26 07:58:27.077,1.28009,1.28035,1.69,2.07
2013.08.26 07:58:32.909,1.2801,1.28035,2.44,2.44
2013.08.26 07:58:33.905,1.2801,1.28035,1.69,1.69
2013.08.26 07:58:36.270,1.2801,1.28036,1.69,1.69
2013.08.26 07:58:38.126,1.2801,1.28035,1.69,1.69
2013.08.26 07:58:39.231,1.2801,1.28035,3.19,1.69
2013.08.26 07:58:42.950,1.2801,1.28035,1.69,3.19
2013.08.26 07:58:47.770,1.28009,1.28035,1.69,3.94
2013.08.26 07:58:54.297,1.28009,1.28035,1.69,2.44
2013.08.26 07:58:58.221,1.28009,1.28035,1.69,1.69
2013.08.26 07:58:59.532,1.28009,1.28035,1.50,1.69
2013.08.26 07:59:00.980,1.28009,1.28034,1.69,2.44
2013.08.26 07:59:01.800,1.28012,1.28037,1.69,3.94
2013.08.26 07:59:05.170,1.28014,1.28037,1.69,2.44
2013.08.26 07:59:05.590,1.28017,1.28042,3.94,1.69
2013.08.26 07:59:06.224,1.28017,1.28042,1.69,2.07
2013.08.26 07:59:06.283,1.28015,1.28042,1.69,2.07
2013.08.26 07:59:06.882,1.28013,1.2804,3.19,1.69
2013.08.26 07:59:09.561,1.28013,1.28039,3.94,1.69
2013.08.26 07:59:39.200,1.28011,1.28042,3.19,1.32
2013.08.26 07:59:39.940,1.28012,1.28037,1.50,2.25
2013.08.26 07:59:43.661,1.28013,1.28037,1.69,2.44
2013.08.26 07:59:46.182,1.28013,1.28039,1.69,1.69
2013.08.26 07:59:48.741,1.28011,1.28037,2.44,2.25
2013.08.26 07:59:55.370,1.28009,1.28037,2.07,2.25
2013.08.26 07:59:56.312,1.28009,1.28038,2.07,2.44
2013.08.26 07:59:57.280,1.28011,1.28038,1.69,2.25
2013.08.26 07:59:59.396,1.28011,1.28041,1.69,3.94
2013.08.26 07:59:59.581,1.28011,1.28041,1.69,3.94
