2017.01.18 12:00:00.109,1.42203,1.42221,3.00,1.50
2017.01.18 12:00:00.159,1.42203,1.42216,3.00,1.00
2017.01.18 12:00:00.483,1.42203,1.42222,3.00,1.75
2017.01.18 12:00:00.534,1.42205,1.42222,1.00,3.75
2017.01.18 12:00:00.635,1.42205,1.42222,1.00,3.00
2017.01.18 12:00:01.760,1.42206,1.42221,1.00,1.00
2017.01.18 12:00:02.301,1.42206,1.4222,1.00,1.00
2017.01.18 12:00:03.559,1.42205,1.4222,1.00,1.00
2017.01.18 12:00:04.341,1.42206,1.4222,1.00,1.00
2017.01.18 12:00:04.442,1.42202,1.42222,1.50,1.50
2017.01.18 12:00:04.492,1.42201,1.42221,1.50,2.25
2017.01.18 12:00:04.794,1.42203,1.42222,2.25,1.87
2017.01.18 12:00:05.344,1.42204,1.42222,1.00,2.62
2017.01.18 12:00:11.102,1.42205,1.42222,1.00,1.12
2017.01.18 12:00:16.697,1.42206,1.42222,1.00,1.12
2017.01.18 12:00:44.310,1.42205,1.42222,1.50,1.00
2017.01.18 12:00:44.633,1.42209,1.42222,1.00,1.00
2017.01.18 12:00:53.891,1.42211,1.42222,1.00,1.00
2017.01.18 12:00:59.343,1.42207,1.42222,1.00,1.00
2017.01.18 12:01:00.462,1.42212,1.42226,1.50,1.00
2017.01.18 12:01:00.765,1.42217,1.42232,1.00,2.77
2017.01.18 12:01:00.815,1.42217,1.42232,1.00,2.25
2017.01.18 12:01:02.267,1.42217,1.42226,1.00,1.00
2017.01.18 12:01:25.526,1.42214,1.42226,1.00,1.00
2017.01.18 12:01:25.578,1.42212,1.42226,1.00,1.00
2017.01.18 12:01:25.629,1.42215,1.42226,1.00,1.00
2017.01.18 12:01:27.124,1.42216,1.42226,1.00,1.00
2017.01.18 12:01:44.448,1.42214,1.42226,1.00,1.00
2017.01.18 12:01:53.328,1.42215,1.42226,1.00,1.00
2017.01.18 12:02:02.739,1.42215,1.42227,1.00,1.00
2017.01.18 12:02:03.494,1.42212,1.42228,4.12,1.00
2017.01.18 12:02:04.794,1.42213,1.42227,1.00,1.00
2017.01.18 12:02:04.945,1.42209,1.42223,1.00,1.00
2017.01.18 12:02:04.996,1.42209,1.42226,1.00,2.25
2017.01.18 12:02:05.047,1.42211,1.42223,1.50,1.00
2017.01.18 12:02:05.199,1.42211,1.42225,1.50,1.00
2017.01.18 12:02:05.300,1.42213,1.42225,1.00,1.00
2017.01.18 12:02:05.938,1.42214,1.42225,1.00,1.00
2017.01.18 12:02:13.130,1.42213,1.42225,1.00,1.00
2017.01.18 12:02:13.181,1.4221,1.42225,1.50,1.00
2017.01.18 12:02:15.059,1.42209,1.42225,1.87,1.00
2017.01.18 12:02:15.563,1.4221,1.42225,1.00,1.00
2017.01.18 12:02:16.115,1.42209,1.42225,1.50,1.00
2017.01.18 12:02:16.216,1.42209,1.42222,1.00,1.00
2017.01.18 12:02:16.668,1.42207,1.42223,2.25,1.00
2017.01.18 12:02:17.225,1.42207,1.42221,2.25,1.00
2017.01.18 12:02:17.824,1.42208,1.42221,1.00,1.00
2017.01.18 12:02:18.360,1.42209,1.42221,1.00,1.00
2017.01.18 12:02:18.890,1.42209,1.42228,1.50,1.87
2017.01.18 12:02:19.449,1.42209,1.42227,1.50,1.00
2017.01.18 12:02:20.367,1.42209,1.42226,1.50,1.00
2017.01.18 12:02:21.012,1.42206,1.42222,1.12,1.00
2017.01.18 12:02:21.164,1.42204,1.42222,1.00,1.00
2017.01.18 12:02:21.265,1.42204,1.42219,1.00,1.00
2017.01.18 12:02:21.315,1.422,1.42218,1.00,1.00
2017.01.18 12:02:21.416,1.42198,1.42217,1.50,1.50
2017.01.18 12:02:21.981,1.42197,1.42216,1.00,1.00
2017.01.18 12:02:22.051,1.422,1.42217,1.00,1.00
2017.01.18 12:02:22.557,1.42199,1.42218,1.00,1.87
2017.01.18 12:02:23.295,1.42199,1.42217,1.00,1.00
2017.01.18 12:02:23.618,1.42197,1.42213,1.87,1.00
2017.01.18 12:02:24.122,1.42197,1.42214,1.87,1.00
2017.01.18 12:02:24.523,1.422,1.42216,1.50,1.00
2017.01.18 12:02:24.858,1.42203,1.42215,1.50,1.00
2017.01.18 12:02:34.793,1.42204,1.42215,1.00,1.00
2017.01.18 12:02:35.568,1.42203,1.42215,2.25,1.00
2017.01.18 12:02:53.073,1.42204,1.42215,1.00,1.00
2017.01.18 12:02:59.541,1.42206,1.42215,1.00,1.00
2017.01.18 12:02:59.611,1.42206,1.42222,1.00,1.00
2017.01.18 12:02:59.713,1.42208,1.42222,1.50,1.00
2017.01.18 12:02:59.814,1.42213,1.42229,1.00,1.00
2017.01.18 12:02:59.916,1.42211,1.42229,1.00,1.00
2017.01.18 12:03:00.419,1.4221,1.4223,1.87,1.50
2017.01.18 12:03:00.574,1.4221,1.42228,1.87,1.00
2017.01.18 12:03:01.080,1.4221,1.42227,1.50,1.00
2017.01.18 12:03:02.117,1.4221,1.42226,1.00,1.00
2017.01.18 12:03:02.218,1.42208,1.42226,1.12,1.00
2017.01.18 12:03:02.863,1.42208,1.42225,1.12,1.00
2017.01.18 12:03:04.942,1.42208,1.42224,1.00,1.00
2017.01.18 12:03:05.654,1.42208,1.42225,1.00,1.00
2017.01.18 12:03:10.621,1.42207,1.42225,1.00,1.00
2017.01.18 12:03:10.835,1.42209,1.42225,1.00,1.00
2017.01.18 12:03:11.790,1.42208,1.42225,1.00,1.00
2017.01.18 12:03:12.347,1.42209,1.42225,1.00,1.00
2017.01.18 12:03:13.770,1.42208,1.42225,1.00,1.00
2017.01.18 12:03:19.346,1.4221,1.42225,1.00,1.00
2017.01.18 12:03:19.741,1.42208,1.42225,1.00,1.00
2017.01.18 12:03:20.403,1.42211,1.42227,1.00,1.00
2017.01.18 12:03:20.454,1.42211,1.42229,1.00,2.62
2017.01.18 12:03:21.104,1.42211,1.42227,1.00,1.00
2017.01.18 12:03:21.775,1.42211,1.42228,1.00,1.00
2017.01.18 12:03:40.118,1.42211,1.42227,1.00,1.00
2017.01.18 12:03:41.153,1.42211,1.42228,1.00,2.25
2017.01.18 12:03:55.395,1.42211,1.42225,1.00,1.00
2017.01.18 12:03:55.905,1.42211,1.42224,1.00,1.00
2017.01.18 12:03:56.836,1.42211,1.42226,1.00,1.00
2017.01.18 12:03:57.488,1.42211,1.42225,1.00,1.00
2017.01.18 12:03:59.702,1.42211,1.42227,1.00,1.00
2017.01.18 12:04:00.369,1.42211,1.42228,1.00,1.87
2017.01.18 12:04:00.908,1.42211,1.42227,1.00,1.00
2017.01.18 12:04:01.455,1.42211,1.42228,1.00,1.12
2017.01.18 12:04:09.058,1.42211,1.42226,1.00,1.00
2017.01.18 12:04:11.071,1.42211,1.42227,1.00,1.00
2017.01.18 12:04:11.423,1.42211,1.42225,1.00,1.00
2017.01.18 12:04:20.185,1.42211,1.42227,1.00,1.00
2017.01.18 12:04:20.486,1.42208,1.42228,1.50,1.87
2017.01.18 12:04:20.637,1.4221,1.42228,1.00,1.87
2017.01.18 12:04:21.177,1.42211,1.4223,1.00,1.12
2017.01.18 12:04:21.708,1.42211,1.42231,1.00,2.25
2017.01.18 12:04:23.695,1.42212,1.4223,1.00,1.00
2017.01.18 12:04:23.775,1.4221,1.42231,1.50,2.25
2017.01.18 12:04:25.214,1.4221,1.42229,1.50,1.00
2017.01.18 12:04:27.858,1.4221,1.4223,1.50,1.00
2017.01.18 12:04:28.445,1.4221,1.42229,1.50,1.00
2017.01.18 12:04:32.767,1.4221,1.42228,1.00,1.00
2017.01.18 12:04:33.899,1.42209,1.42227,1.50,1.00
2017.01.18 12:04:34.503,1.42209,1.42228,1.50,1.00
2017.01.18 12:04:37.203,1.4221,1.42229,1.00,1.00
2017.01.18 12:04:43.693,1.42209,1.42229,1.00,1.50
2017.01.18 12:04:44.627,1.42209,1.42227,1.00,1.00
2017.01.18 12:04:48.885,1.42208,1.42227,1.87,1.00
2017.01.18 12:04:55.858,1.4221,1.42227,1.00,1.00
2017.01.18 12:05:00.801,1.4221,1.42228,1.00,1.00
2017.01.18 12:05:01.308,1.4221,1.42229,1.50,1.00
2017.01.18 12:05:02.368,1.4221,1.42228,1.00,1.00
2017.01.18 12:05:03.418,1.4221,1.42229,1.00,1.50
2017.01.18 12:05:03.810,1.4221,1.42227,1.00,1.00
2017.01.18 12:05:04.470,1.42209,1.42227,1.00,1.00
2017.01.18 12:05:09.090,1.42209,1.42229,1.00,1.50
2017.01.18 12:05:09.750,1.4221,1.42229,1.00,1.50
2017.01.18 12:05:10.886,1.4221,1.4223,1.00,1.87
2017.01.18 12:05:17.366,1.4221,1.42229,1.00,1.00
2017.01.18 12:05:25.870,1.42211,1.42229,1.00,1.00
2017.01.18 12:05:27.839,1.42211,1.42231,1.00,2.25
2017.01.18 12:05:29.686,1.42211,1.42228,1.00,1.00
2017.01.18 12:05:30.295,1.42211,1.42227,1.00,1.00
2017.01.18 12:05:33.973,1.42209,1.42227,1.00,1.00
2017.01.18 12:05:38.626,1.42208,1.42227,1.00,1.00
2017.01.18 12:05:40.905,1.42209,1.42227,1.00,1.00
2017.01.18 12:05:42.874,1.42209,1.42228,1.00,1.00
2017.01.18 12:05:45.573,1.42209,1.42229,1.00,1.00
2017.01.18 12:05:49.017,1.42209,1.4223,1.50,1.50
2017.01.18 12:05:50.278,1.42209,1.42225,1.50,1.00
2017.01.18 12:05:50.673,1.42209,1.42228,1.00,1.50
2017.01.18 12:05:50.824,1.42209,1.4223,1.50,1.50
2017.01.18 12:05:51.311,1.42209,1.42228,2.25,1.00
2017.01.18 12:05:52.107,1.42209,1.4223,1.50,1.50
2017.01.18 12:05:52.494,1.42209,1.42228,1.00,1.00
2017.01.18 12:05:52.797,1.42209,1.42225,1.00,1.00
2017.01.18 12:05:53.607,1.42209,1.42226,1.00,1.00
2017.01.18 12:05:53.657,1.42207,1.42226,1.00,1.00
2017.01.18 12:05:55.844,1.42208,1.42226,1.00,1.00
2017.01.18 12:05:56.431,1.42208,1.42227,1.00,1.00
2017.01.18 12:05:57.024,1.42207,1.42226,1.50,1.00
2017.01.18 12:05:57.075,1.42207,1.42224,1.50,1.00
2017.01.18 12:05:57.609,1.42205,1.42222,1.00,1.00
2017.01.18 12:05:57.660,1.42203,1.42222,1.50,1.00
2017.01.18 12:05:57.812,1.42205,1.42225,1.00,3.00
2017.01.18 12:05:58.414,1.42206,1.42225,1.00,2.25
2017.01.18 12:06:18.714,1.42206,1.42224,1.00,1.00
2017.01.18 12:06:18.815,1.42204,1.42221,1.50,1.00
2017.01.18 12:06:18.916,1.42202,1.42221,1.00,1.00
2017.01.18 12:06:18.967,1.42206,1.42221,1.00,1.00
2017.01.18 12:06:19.119,1.42201,1.42221,1.50,1.00
2017.01.18 12:06:19.169,1.42204,1.42221,1.00,1.00
2017.01.18 12:06:19.472,1.42206,1.42221,1.00,1.00
2017.01.18 12:06:19.777,1.42206,1.42224,1.00,2.25
2017.01.18 12:06:25.071,1.42207,1.42224,1.00,1.00
2017.01.18 12:06:26.736,1.42209,1.42224,1.00,1.00
2017.01.18 12:06:26.988,1.42206,1.42223,1.00,1.00
2017.01.18 12:06:27.039,1.42206,1.42215,1.00,1.00
2017.01.18 12:06:27.242,1.42206,1.42217,1.00,1.50
2017.01.18 12:06:27.343,1.42199,1.42217,3.00,2.25
2017.01.18 12:06:28.057,1.42197,1.42217,1.50,1.50
2017.01.18 12:06:28.431,1.42199,1.42218,1.00,1.00
2017.01.18 12:06:28.734,1.42201,1.42219,1.50,1.50
2017.01.18 12:06:29.377,1.42201,1.4222,1.00,3.00
2017.01.18 12:06:34.144,1.42197,1.42209,1.00,1.00
2017.01.18 12:06:34.296,1.42194,1.42207,1.00,1.50
2017.01.18 12:06:34.498,1.42188,1.42206,1.00,1.00
2017.01.18 12:06:35.198,1.42188,1.42207,1.00,2.25
2017.01.18 12:06:35.810,1.4219,1.42207,1.50,1.00
2017.01.18 12:06:35.861,1.4219,1.42211,1.50,3.00
2017.01.18 12:06:36.013,1.42192,1.42211,1.00,2.25
2017.01.18 12:06:36.315,1.42193,1.42213,1.00,1.50
2017.01.18 12:06:36.851,1.42194,1.42213,1.00,1.50
2017.01.18 12:06:39.124,1.42194,1.42215,1.00,2.25
2017.01.18 12:06:40.036,1.42197,1.42215,1.00,1.00
2017.01.18 12:06:40.187,1.42197,1.42217,1.00,2.25
2017.01.18 12:06:40.611,1.42195,1.42216,1.00,1.00
2017.01.18 12:06:40.712,1.42196,1.42214,1.00,1.50
2017.01.18 12:06:40.763,1.42194,1.42214,3.75,1.00
2017.01.18 12:06:41.197,1.42197,1.42216,1.00,1.00
2017.01.18 12:06:41.731,1.42197,1.42217,1.50,1.50
2017.01.18 12:06:47.506,1.422,1.42217,1.00,1.00
2017.01.18 12:06:47.607,1.422,1.42219,1.00,1.00
2017.01.18 12:06:48.116,1.422,1.4222,1.50,1.00
2017.01.18 12:06:49.133,1.422,1.42221,1.50,1.00
2017.01.18 12:06:50.959,1.422,1.42216,1.50,1.00
2017.01.18 12:06:51.010,1.42198,1.42216,1.00,1.00
2017.01.18 12:06:51.414,1.422,1.42218,1.00,1.50
2017.01.18 12:06:51.516,1.42201,1.4222,1.00,1.50
2017.01.18 12:06:52.071,1.422,1.4222,1.00,1.50
2017.01.18 12:07:08.885,1.42201,1.4222,1.00,1.00
2017.01.18 12:07:11.219,1.42202,1.4222,1.00,1.00
2017.01.18 12:07:18.730,1.42203,1.4222,1.00,1.00
2017.01.18 12:07:25.908,1.42204,1.4222,1.00,1.00
2017.01.18 12:07:26.085,1.42204,1.42224,1.00,1.00
2017.01.18 12:07:26.186,1.42206,1.42225,1.00,1.00
2017.01.18 12:07:26.338,1.42208,1.42228,1.00,1.12
2017.01.18 12:07:27.216,1.42208,1.42227,1.00,1.00
2017.01.18 12:07:30.638,1.4221,1.42229,1.00,1.00
2017.01.18 12:07:31.216,1.4221,1.4223,1.00,3.00
2017.01.18 12:07:31.718,1.42211,1.4223,1.00,3.00
2017.01.18 12:07:35.088,1.4221,1.4223,1.00,1.50
2017.01.18 12:07:35.425,1.42208,1.42228,1.50,1.00
2017.01.18 12:07:35.672,1.42209,1.4223,1.00,2.25
2017.01.18 12:07:36.355,1.4221,1.42229,1.00,1.00
2017.01.18 12:07:39.595,1.42209,1.42229,1.00,1.00
2017.01.18 12:07:39.847,1.4221,1.42231,1.00,1.00
2017.01.18 12:07:40.491,1.42211,1.4223,1.00,1.00
2017.01.18 12:07:41.655,1.42211,1.42231,1.00,1.00
2017.01.18 12:07:44.129,1.42212,1.42231,1.00,1.00
2017.01.18 12:07:45.409,1.42213,1.42231,1.00,1.00
2017.01.18 12:07:45.460,1.42212,1.42233,1.00,1.12
2017.01.18 12:07:45.762,1.42212,1.42231,1.50,1.00
2017.01.18 12:07:46.399,1.42213,1.42231,1.00,1.00
2017.01.18 12:07:46.450,1.42214,1.42234,1.00,1.00
2017.01.18 12:07:47.055,1.42214,1.42233,1.00,1.00
2017.01.18 12:07:47.206,1.42212,1.42232,1.00,1.00
2017.01.18 12:07:47.307,1.42213,1.42234,1.00,2.25
2017.01.18 12:07:48.215,1.42214,1.42234,1.00,2.25
2017.01.18 12:07:48.766,1.42214,1.42233,1.00,1.00
2017.01.18 12:07:49.247,1.42214,1.42231,1.00,1.00
2017.01.18 12:07:49.918,1.42215,1.42235,1.00,2.25
2017.01.18 12:07:53.196,1.42214,1.42235,3.00,1.50
2017.01.18 12:07:53.251,1.42214,1.42233,2.25,1.00
2017.01.18 12:07:54.374,1.42214,1.42232,1.00,1.00
2017.01.18 12:07:55.020,1.42214,1.42233,1.00,1.50
2017.01.18 12:07:55.418,1.42214,1.42231,1.00,1.00
2017.01.18 12:07:55.824,1.42214,1.42229,1.00,1.00
2017.01.18 12:07:56.365,1.42213,1.42229,1.00,1.00
2017.01.18 12:07:56.919,1.42212,1.42228,1.00,1.00
2017.01.18 12:07:57.438,1.42213,1.42229,1.00,1.00
2017.01.18 12:07:58.007,1.42212,1.42229,1.00,1.00
2017.01.18 12:07:58.820,1.42211,1.42229,1.50,1.00
2017.01.18 12:07:59.481,1.42212,1.42229,1.00,1.00
2017.01.18 12:08:03.522,1.42211,1.42229,1.50,1.00
2017.01.18 12:08:06.547,1.42212,1.42229,1.00,1.00
2017.01.18 12:08:06.648,1.4221,1.42229,2.25,1.00
2017.01.18 12:08:07.375,1.42211,1.42229,1.00,1.00
2017.01.18 12:08:09.585,1.4221,1.42229,2.25,1.00
2017.01.18 12:08:12.160,1.42211,1.42229,1.00,1.00
2017.01.18 12:08:13.090,1.42212,1.42229,1.00,1.00
2017.01.18 12:08:16.859,1.4221,1.42229,1.50,1.00
2017.01.18 12:08:24.405,1.42211,1.42229,1.00,1.00
2017.01.18 12:08:24.617,1.42214,1.42229,1.00,1.00
2017.01.18 12:08:25.445,1.42213,1.42229,1.00,1.00
2017.01.18 12:08:26.291,1.42212,1.42229,1.00,1.00
2017.01.18 12:08:26.884,1.42211,1.42229,1.00,1.00
2017.01.18 12:08:27.803,1.42211,1.42228,1.00,1.00
2017.01.18 12:08:27.904,1.42209,1.42227,1.00,1.00
2017.01.18 12:08:28.418,1.42209,1.42228,1.00,1.00
2017.01.18 12:08:28.923,1.4221,1.42228,1.00,1.00
2017.01.18 12:08:29.583,1.42209,1.42228,1.50,1.00
2017.01.18 12:08:38.551,1.42212,1.42228,1.00,1.00
2017.01.18 12:08:39.060,1.42213,1.42228,1.00,1.00
2017.01.18 12:08:39.111,1.42213,1.42231,1.00,1.00
2017.01.18 12:08:39.753,1.42214,1.42231,1.00,1.00
2017.01.18 12:08:44.654,1.42214,1.42232,1.00,1.00
2017.01.18 12:08:44.706,1.42211,1.42229,1.00,1.00
2017.01.18 12:08:45.263,1.4221,1.42229,1.00,1.00
2017.01.18 12:08:46.062,1.4221,1.4223,1.00,1.00
2017.01.18 12:08:46.578,1.4221,1.42229,1.50,1.00
2017.01.18 12:08:50.665,1.4221,1.4223,1.00,1.50
2017.01.18 12:08:52.014,1.42211,1.4223,1.00,1.00
2017.01.18 12:08:54.468,1.42212,1.4223,1.00,1.00
2017.01.18 12:08:54.821,1.42214,1.42232,1.00,1.50
2017.01.18 12:08:57.406,1.42212,1.42232,1.00,1.00
2017.01.18 12:08:59.500,1.42214,1.42232,1.00,1.00
2017.01.18 12:08:59.901,1.42211,1.42233,2.25,1.50
2017.01.18 12:09:00.925,1.42211,1.42231,1.00,1.00
2017.01.18 12:09:04.139,1.4221,1.4223,1.00,1.00
2017.01.18 12:09:05.655,1.42211,1.4223,1.00,1.00
2017.01.18 12:09:06.923,1.42213,1.4223,1.00,1.00
2017.01.18 12:09:08.165,1.42212,1.4223,1.00,1.00
2017.01.18 12:09:09.514,1.42213,1.4223,1.00,1.00
2017.01.18 12:09:10.082,1.42212,1.4223,1.50,1.00
2017.01.18 12:09:10.385,1.42215,1.42232,1.00,1.00
2017.01.18 12:09:19.436,1.42215,1.42233,1.00,1.00
2017.01.18 12:09:21.678,1.42214,1.42233,1.00,1.00
2017.01.18 12:09:21.983,1.42212,1.42233,1.00,2.25
2017.01.18 12:09:26.357,1.42212,1.42231,1.00,1.00
2017.01.18 12:09:28.404,1.42211,1.42231,2.25,1.50
2017.01.18 12:09:35.940,1.42212,1.42231,1.00,1.50
2017.01.18 12:09:54.940,1.42211,1.42231,1.50,2.25
2017.01.18 12:09:59.148,1.42212,1.4223,1.00,1.00
2017.01.18 12:09:59.848,1.42212,1.42229,1.00,1.00
2017.01.18 12:09:59.950,1.4221,1.42229,1.00,1.50
2017.01.18 12:10:00.860,1.4221,1.42228,1.00,1.00
2017.01.18 12:10:01.487,1.4221,1.42227,1.00,1.00
2017.01.18 12:10:01.688,1.4221,1.42225,1.00,1.00
2017.01.18 12:10:01.904,1.42204,1.4222,1.00,1.00
2017.01.18 12:10:01.954,1.42204,1.42218,1.00,1.00
2017.01.18 12:10:02.055,1.42201,1.42218,1.00,1.00
2017.01.18 12:10:02.258,1.42199,1.42218,1.00,1.00
2017.01.18 12:10:02.309,1.42198,1.42213,1.00,1.00
2017.01.18 12:10:02.360,1.42196,1.42213,1.50,1.50
2017.01.18 12:10:03.291,1.42195,1.42212,1.00,1.00
2017.01.18 12:10:04.261,1.42194,1.42212,1.00,1.50
2017.01.18 12:10:05.240,1.42194,1.42211,1.00,1.00
2017.01.18 12:10:05.819,1.42193,1.42211,1.00,1.00
2017.01.18 12:10:07.397,1.42194,1.42212,1.00,1.00
2017.01.18 12:10:07.928,1.42193,1.42212,1.50,1.00
2017.01.18 12:10:12.025,1.42194,1.42212,1.00,1.00
2017.01.18 12:10:12.728,1.42195,1.42212,1.00,1.00
2017.01.18 12:10:14.131,1.42194,1.42212,1.00,1.00
2017.01.18 12:10:19.514,1.42194,1.42211,1.00,1.00
2017.01.18 12:10:28.701,1.42194,1.42213,1.00,1.00
2017.01.18 12:10:29.206,1.42195,1.42214,1.00,1.50
2017.01.18 12:10:31.240,1.42196,1.42214,1.50,1.00
2017.01.18 12:10:31.900,1.42195,1.42214,2.25,1.00
2017.01.18 12:10:32.823,1.42197,1.42214,1.00,1.00
2017.01.18 12:10:34.282,1.42195,1.42214,1.50,1.00
2017.01.18 12:10:34.484,1.42197,1.42216,1.00,2.25
2017.01.18 12:10:35.023,1.42198,1.42216,1.00,1.00
2017.01.18 12:10:36.053,1.42199,1.42216,1.00,1.00
2017.01.18 12:10:36.305,1.42199,1.42219,1.00,1.00
2017.01.18 12:10:36.844,1.42199,1.42218,1.00,1.00
2017.01.18 12:10:37.451,1.42199,1.42216,1.00,1.00
2017.01.18 12:10:39.687,1.42199,1.42217,1.00,1.00
2017.01.18 12:10:40.195,1.42199,1.42218,1.00,1.00
2017.01.18 12:10:42.279,1.42199,1.42219,1.00,1.00
2017.01.18 12:10:42.892,1.422,1.42219,1.00,1.50
2017.01.18 12:10:48.845,1.422,1.42217,1.00,1.00
2017.01.18 12:10:49.395,1.422,1.42218,1.00,1.00
2017.01.18 12:10:49.923,1.422,1.42219,1.00,1.00
2017.01.18 12:10:51.161,1.42202,1.4222,1.00,1.00
2017.01.18 12:10:51.464,1.42204,1.42222,1.50,1.00
2017.01.18 12:10:52.233,1.42207,1.42223,1.00,1.00
2017.01.18 12:10:54.107,1.42206,1.42224,1.00,1.00
2017.01.18 12:10:54.835,1.42207,1.42224,1.00,1.00
2017.01.18 12:10:55.366,1.42205,1.42224,1.00,1.00
2017.01.18 12:10:57.000,1.42203,1.42224,1.00,1.50
2017.01.18 12:10:57.909,1.42202,1.42224,3.00,2.25
2017.01.18 12:10:57.959,1.42203,1.42222,1.00,1.00
2017.01.18 12:10:58.504,1.42206,1.42223,1.00,1.00
2017.01.18 12:10:59.169,1.42205,1.42223,1.00,1.00
2017.01.18 12:11:05.319,1.42206,1.42223,1.00,1.00
2017.01.18 12:11:05.912,1.42207,1.42223,1.00,1.00
2017.01.18 12:11:06.546,1.42206,1.42223,1.00,1.00
2017.01.18 12:11:11.562,1.42206,1.42224,1.00,1.00
2017.01.18 12:11:13.713,1.42205,1.42224,1.00,1.00
2017.01.18 12:11:15.824,1.42204,1.42224,1.50,1.00
2017.01.18 12:11:16.593,1.42204,1.42223,2.25,1.00
2017.01.18 12:11:24.084,1.42206,1.42223,1.00,1.00
2017.01.18 12:11:24.761,1.42207,1.42223,1.00,1.00
2017.01.18 12:11:25.452,1.42206,1.42223,1.00,1.00
2017.01.18 12:11:26.640,1.42206,1.42224,1.00,1.00
2017.01.18 12:11:30.242,1.42204,1.42224,1.50,1.00
2017.01.18 12:11:32.506,1.42207,1.42224,1.00,1.00
2017.01.18 12:11:33.512,1.42204,1.42224,2.25,1.50
2017.01.18 12:11:34.698,1.42204,1.42222,2.25,1.00
2017.01.18 12:11:45.322,1.42205,1.42222,1.00,1.00
2017.01.18 12:11:45.883,1.42206,1.42222,1.00,1.00
2017.01.18 12:11:48.920,1.42205,1.42222,1.00,1.00
2017.01.18 12:11:49.723,1.42205,1.42224,1.00,1.00
2017.01.18 12:11:56.743,1.42204,1.42224,1.50,1.00
2017.01.18 12:11:58.005,1.42205,1.42224,1.00,1.00
2017.01.18 12:12:03.162,1.42204,1.42224,1.00,1.00
2017.01.18 12:12:10.223,1.42204,1.42222,1.00,1.00
2017.01.18 12:12:10.526,1.42201,1.42219,1.00,1.00
2017.01.18 12:12:16.217,1.42203,1.4222,1.00,1.00
2017.01.18 12:12:16.519,1.42201,1.4222,1.00,1.50
2017.01.18 12:12:17.162,1.422,1.4222,1.00,1.50
2017.01.18 12:12:19.455,1.42199,1.4222,2.25,1.50
2017.01.18 12:12:19.963,1.42199,1.42219,1.50,1.00
2017.01.18 12:12:20.640,1.422,1.42219,1.00,1.00
2017.01.18 12:12:21.154,1.42201,1.42219,1.00,1.00
2017.01.18 12:12:21.777,1.42203,1.42219,1.00,1.00
2017.01.18 12:12:21.928,1.42202,1.42222,1.00,1.50
2017.01.18 12:12:22.910,1.42202,1.42221,1.00,1.00
2017.01.18 12:12:23.011,1.42204,1.42221,1.00,1.00
2017.01.18 12:12:26.720,1.42205,1.42221,1.00,1.00
2017.01.18 12:12:29.674,1.42203,1.42221,1.00,1.00
2017.01.18 12:12:31.663,1.42202,1.42221,1.00,1.00
2017.01.18 12:12:31.814,1.42201,1.42219,1.00,1.00
2017.01.18 12:12:33.819,1.42201,1.4222,1.50,1.00
2017.01.18 12:12:34.182,1.42205,1.42222,1.00,1.00
2017.01.18 12:12:34.829,1.42204,1.42222,1.00,1.00
2017.01.18 12:12:35.505,1.42205,1.42223,1.00,1.00
2017.01.18 12:12:36.091,1.42204,1.42223,1.00,1.00
2017.01.18 12:12:36.629,1.42205,1.42223,1.00,1.00
2017.01.18 12:12:37.689,1.42205,1.42224,1.00,1.00
2017.01.18 12:12:38.902,1.42203,1.42224,1.50,1.00
2017.01.18 12:12:41.418,1.42208,1.42224,1.00,1.00
2017.01.18 12:12:41.469,1.42208,1.42226,1.00,1.50
2017.01.18 12:12:42.402,1.42208,1.42225,1.00,1.00
2017.01.18 12:12:43.143,1.42209,1.42225,1.00,1.00
2017.01.18 12:12:43.329,1.42209,1.42227,1.50,1.00
2017.01.18 12:12:43.381,1.42211,1.42229,1.00,1.00
2017.01.18 12:12:43.582,1.42209,1.42229,2.25,1.00
2017.01.18 12:12:43.896,1.42207,1.42227,3.00,1.00
2017.01.18 12:12:45.922,1.42207,1.42225,1.00,1.00
2017.01.18 12:12:47.083,1.42206,1.42225,1.50,1.00
2017.01.18 12:12:49.845,1.42206,1.42226,1.50,1.00
2017.01.18 12:12:52.853,1.42206,1.42227,1.50,1.50
2017.01.18 12:12:55.494,1.42206,1.42226,1.50,1.00
2017.01.18 12:12:56.779,1.42206,1.42225,1.00,1.00
2017.01.18 12:12:57.432,1.42205,1.42225,1.50,1.00
2017.01.18 12:12:57.735,1.42201,1.42222,1.00,1.50
2017.01.18 12:12:58.479,1.42201,1.42221,1.50,1.00
2017.01.18 12:12:58.726,1.422,1.42219,1.00,1.50
2017.01.18 12:12:59.322,1.42199,1.42219,1.50,2.25
2017.01.18 12:12:59.823,1.422,1.42219,1.00,1.50
2017.01.18 12:13:00.346,1.42199,1.42219,1.50,1.00
2017.01.18 12:13:00.649,1.42201,1.42219,1.00,1.00
2017.01.18 12:13:04.909,1.42201,1.42221,1.00,1.50
2017.01.18 12:13:08.363,1.42203,1.42221,1.00,1.50
2017.01.18 12:13:10.000,1.42202,1.42221,1.00,1.00
2017.01.18 12:13:16.097,1.42203,1.42222,1.00,1.00
2017.01.18 12:13:16.399,1.42206,1.42223,1.00,1.00
2017.01.18 12:13:17.434,1.42205,1.42223,1.00,1.00
2017.01.18 12:13:29.522,1.42203,1.42223,1.00,1.00
2017.01.18 12:13:37.674,1.42202,1.42223,1.50,1.50
2017.01.18 12:13:37.725,1.42204,1.42223,1.00,1.50
2017.01.18 12:13:38.567,1.42205,1.42223,1.00,1.50
2017.01.18 12:13:41.367,1.42203,1.42223,1.00,1.00
2017.01.18 12:13:41.917,1.42202,1.42222,2.25,1.00
2017.01.18 12:13:45.864,1.42203,1.42222,1.00,1.50
2017.01.18 12:13:49.998,1.42203,1.42221,1.00,1.00
2017.01.18 12:14:00.412,1.42202,1.42221,1.00,1.00
2017.01.18 12:14:01.171,1.42201,1.42221,2.25,1.50
2017.01.18 12:14:03.534,1.42204,1.42221,1.00,2.25
2017.01.18 12:14:04.818,1.42203,1.42221,1.00,1.00
2017.01.18 12:14:05.320,1.42202,1.42221,1.00,1.00
2017.01.18 12:14:09.196,1.42201,1.42221,1.00,1.00
2017.01.18 12:14:09.758,1.42201,1.4222,1.00,1.50
2017.01.18 12:14:11.942,1.422,1.4222,1.50,2.25
2017.01.18 12:14:20.142,1.422,1.42219,1.00,1.00
2017.01.18 12:14:22.025,1.42201,1.42219,1.00,1.00
2017.01.18 12:14:22.327,1.42204,1.4222,1.00,1.00
2017.01.18 12:14:23.324,1.42201,1.4222,1.00,1.00
2017.01.18 12:14:23.677,1.42199,1.42219,1.50,1.50
2017.01.18 12:14:27.108,1.42204,1.4222,1.00,1.50
2017.01.18 12:14:27.732,1.42203,1.4222,1.00,1.50
2017.01.18 12:14:28.263,1.42202,1.4222,1.00,1.00
2017.01.18 12:14:28.808,1.42202,1.42221,1.00,1.00
2017.01.18 12:14:30.310,1.42203,1.42221,1.00,1.00
2017.01.18 12:14:34.095,1.42202,1.42221,1.00,1.00
2017.01.18 12:14:39.277,1.42203,1.42221,1.00,1.00
2017.01.18 12:14:39.428,1.42201,1.42221,1.00,1.50
2017.01.18 12:14:46.313,1.422,1.42221,1.00,2.25
2017.01.18 12:14:47.255,1.42199,1.42221,2.25,1.50
2017.01.18 12:14:47.407,1.42199,1.42219,2.25,1.00
2017.01.18 12:14:47.823,1.42202,1.42221,1.00,1.50
2017.01.18 12:14:48.698,1.42203,1.42221,1.00,1.50
2017.01.18 12:14:50.134,1.42203,1.4222,1.00,1.00
2017.01.18 12:14:51.234,1.42204,1.4222,1.00,1.00
2017.01.18 12:14:52.410,1.42202,1.4222,1.00,1.00
2017.01.18 12:14:52.461,1.422,1.42219,1.00,1.00
2017.01.18 12:14:52.562,1.42199,1.42216,1.00,1.00
2017.01.18 12:14:52.613,1.42197,1.42217,1.50,1.50
2017.01.18 12:14:53.801,1.42197,1.42216,1.00,1.00
2017.01.18 12:14:54.015,1.42199,1.42217,1.50,1.00
2017.01.18 12:14:54.329,1.42203,1.42219,1.00,1.00
2017.01.18 12:14:54.801,1.42202,1.42221,1.00,1.50
2017.01.18 12:14:55.333,1.42203,1.42221,1.00,1.00
2017.01.18 12:14:58.215,1.42204,1.42222,1.00,1.50
2017.01.18 12:14:59.442,1.42203,1.42222,1.00,1.50
2017.01.18 12:14:59.947,1.42202,1.42222,1.00,1.50
2017.01.18 12:15:03.529,1.42203,1.42222,1.00,1.00
2017.01.18 12:15:04.275,1.42204,1.42222,1.00,1.00
2017.01.18 12:15:05.046,1.42204,1.42223,1.00,2.25
2017.01.18 12:15:06.614,1.42202,1.42223,1.00,2.25
2017.01.18 12:15:06.665,1.42202,1.42221,1.50,1.00
2017.01.18 12:15:17.076,1.42202,1.42222,1.50,1.50
2017.01.18 12:15:17.385,1.42206,1.42222,1.00,1.50
2017.01.18 12:15:18.326,1.42205,1.42222,1.00,1.50
2017.01.18 12:15:18.611,1.42202,1.42222,2.25,1.00
2017.01.18 12:15:19.128,1.42201,1.42221,1.50,1.00
2017.01.18 12:15:19.510,1.42204,1.42222,1.00,2.25
2017.01.18 12:15:20.048,1.42203,1.42222,1.00,1.50
2017.01.18 12:15:24.692,1.42203,1.42221,1.00,1.00
2017.01.18 12:15:27.871,1.42204,1.42221,1.00,1.00
2017.01.18 12:15:28.578,1.42204,1.42222,1.00,1.00
2017.01.18 12:15:38.983,1.42203,1.42222,1.50,1.00
2017.01.18 12:15:39.184,1.422,1.42221,2.25,1.00
2017.01.18 12:15:39.696,1.422,1.42219,1.50,1.00
2017.01.18 12:15:42.301,1.42199,1.42219,2.25,1.00
2017.01.18 12:15:43.485,1.42202,1.42219,1.00,1.00
2017.01.18 12:15:43.586,1.422,1.42219,1.00,1.50
2017.01.18 12:15:48.413,1.42202,1.42219,1.00,1.00
2017.01.18 12:15:49.046,1.42202,1.4222,1.00,1.00
2017.01.18 12:16:00.802,1.42199,1.4222,1.50,1.50
2017.01.18 12:16:01.482,1.42199,1.42219,1.50,1.00
2017.01.18 12:16:02.022,1.42199,1.42218,1.50,1.00
2017.01.18 12:16:02.919,1.42199,1.42219,1.50,1.50
2017.01.18 12:16:03.472,1.422,1.42219,1.00,1.50
2017.01.18 12:16:04.239,1.42201,1.42219,1.00,1.50
2017.01.18 12:16:10.891,1.42201,1.4222,1.00,3.00
2017.01.18 12:16:11.675,1.42203,1.4222,1.00,1.50
2017.01.18 12:16:12.242,1.42203,1.42221,1.00,2.25
2017.01.18 12:16:12.544,1.42206,1.42222,1.00,1.00
2017.01.18 12:16:13.561,1.42205,1.42222,1.00,1.00
2017.01.18 12:16:14.131,1.42206,1.42223,1.00,1.50
2017.01.18 12:16:18.249,1.42203,1.42223,1.00,1.00
2017.01.18 12:16:18.400,1.42205,1.42223,1.00,1.00
2017.01.18 12:16:21.826,1.42204,1.42223,1.00,1.50
2017.01.18 12:16:25.829,1.42205,1.42223,1.00,1.50
2017.01.18 12:16:26.183,1.42208,1.42226,1.00,1.00
2017.01.18 12:16:26.776,1.42208,1.42227,1.00,1.00
2017.01.18 12:16:27.651,1.42208,1.42226,1.00,1.00
2017.01.18 12:16:28.262,1.42208,1.42227,1.00,1.00
2017.01.18 12:16:29.875,1.4221,1.42227,1.00,1.00
2017.01.18 12:16:31.762,1.4221,1.42226,1.00,1.00
2017.01.18 12:16:32.271,1.42209,1.42226,1.00,1.00
2017.01.18 12:16:35.516,1.4221,1.42226,1.00,1.00
2017.01.18 12:16:38.323,1.42208,1.42226,1.00,1.50
2017.01.18 12:16:38.424,1.42207,1.42224,1.00,1.00
2017.01.18 12:16:39.415,1.42207,1.42225,1.00,1.00
2017.01.18 12:16:39.959,1.42206,1.42225,1.00,1.00
2017.01.18 12:16:40.369,1.42206,1.42222,1.00,1.00
2017.01.18 12:16:40.470,1.42203,1.42221,1.00,1.00
2017.01.18 12:16:40.622,1.42203,1.42218,1.00,1.00
2017.01.18 12:16:41.234,1.42202,1.42218,1.00,1.00
2017.01.18 12:16:41.769,1.42202,1.42217,1.00,1.00
2017.01.18 12:16:45.902,1.42202,1.42218,1.50,1.00
2017.01.18 12:16:45.953,1.42202,1.4222,1.50,1.00
2017.01.18 12:16:46.054,1.42205,1.42221,1.00,1.00
2017.01.18 12:16:46.155,1.42203,1.42221,1.50,1.00
2017.01.18 12:16:46.357,1.42201,1.42221,1.00,2.25
2017.01.18 12:16:46.926,1.42202,1.42221,1.00,1.50
2017.01.18 12:16:47.461,1.42203,1.4222,1.00,1.50
2017.01.18 12:16:48.332,1.42204,1.4222,1.00,1.50
2017.01.18 12:16:48.433,1.42204,1.42222,1.00,1.50
2017.01.18 12:16:48.635,1.42206,1.42222,1.00,1.50
2017.01.18 12:16:49.385,1.42206,1.42223,1.00,1.50
2017.01.18 12:16:49.931,1.42206,1.42222,1.00,1.00
2017.01.18 12:16:50.473,1.42205,1.42222,1.00,1.00
2017.01.18 12:16:51.104,1.42205,1.42223,1.00,1.50
2017.01.18 12:16:52.045,1.42203,1.42222,1.00,1.00
2017.01.18 12:16:53.380,1.42203,1.42223,1.00,1.50
2017.01.18 12:16:53.430,1.42205,1.42223,1.00,1.50
2017.01.18 12:16:53.978,1.42205,1.42222,1.00,1.00
2017.01.18 12:16:55.483,1.42205,1.42217,1.00,1.00
2017.01.18 12:16:55.535,1.422,1.42215,1.12,1.00
2017.01.18 12:16:55.686,1.422,1.42213,1.00,1.00
2017.01.18 12:16:55.838,1.42196,1.42214,1.00,1.50
2017.01.18 12:16:56.586,1.42195,1.42214,1.50,1.50
2017.01.18 12:16:57.325,1.42195,1.42213,1.00,1.00
2017.01.18 12:16:57.846,1.42196,1.42214,1.00,2.25
2017.01.18 12:17:06.016,1.42196,1.42213,1.00,1.00
2017.01.18 12:17:06.567,1.42196,1.42214,1.00,2.25
2017.01.18 12:17:24.253,1.42194,1.42214,1.00,1.50
2017.01.18 12:17:24.304,1.42196,1.42214,1.00,3.00
2017.01.18 12:17:24.750,1.42196,1.42211,1.00,1.00
2017.01.18 12:17:42.986,1.42194,1.42211,1.00,1.00
2017.01.18 12:17:43.238,1.4219,1.42205,1.12,1.00
2017.01.18 12:17:43.390,1.42187,1.42204,1.50,1.00
2017.01.18 12:17:44.590,1.42187,1.42203,1.00,1.00
2017.01.18 12:17:48.076,1.42187,1.42205,1.00,1.50
2017.01.18 12:17:48.127,1.42187,1.422,1.00,1.00
2017.01.18 12:17:50.444,1.42185,1.422,1.00,1.00
2017.01.18 12:17:52.398,1.42186,1.422,1.00,1.00
2017.01.18 12:17:52.910,1.42185,1.422,1.00,1.00
2017.01.18 12:17:53.832,1.42184,1.422,1.00,1.00
2017.01.18 12:17:56.496,1.42187,1.422,1.00,1.00
2017.01.18 12:17:56.799,1.42187,1.42196,1.00,1.50
2017.01.18 12:17:56.849,1.42175,1.42196,1.37,1.50
2017.01.18 12:17:57.530,1.42175,1.42195,1.00,1.50
2017.01.18 12:17:58.080,1.42174,1.42194,2.25,1.00
2017.01.18 12:17:58.416,1.42174,1.42192,2.25,1.00
2017.01.18 12:17:59.018,1.42174,1.42193,1.00,1.00
2017.01.18 12:17:59.590,1.42174,1.42192,2.25,1.00
2017.01.18 12:18:04.564,1.42176,1.42192,1.00,1.00
2017.01.18 12:18:05.101,1.42174,1.42192,1.50,1.00
2017.01.18 12:18:05.639,1.42175,1.42192,1.00,1.00
2017.01.18 12:18:11.205,1.42176,1.42195,1.00,1.00
2017.01.18 12:18:11.833,1.42176,1.42196,1.00,1.50
2017.01.18 12:18:15.990,1.42176,1.42195,1.00,1.00
2017.01.18 12:18:16.513,1.42176,1.42196,1.50,1.00
2017.01.18 12:18:19.640,1.42176,1.42194,1.00,1.00
2017.01.18 12:18:25.523,1.42176,1.42192,1.00,1.00
2017.01.18 12:18:25.976,1.42176,1.42195,1.00,2.25
2017.01.18 12:18:32.430,1.42176,1.42194,1.00,1.00
2017.01.18 12:18:46.155,1.42176,1.42196,1.50,3.00
2017.01.18 12:18:46.257,1.42176,1.42194,1.50,1.00
2017.01.18 12:18:51.811,1.42176,1.42193,1.00,1.00
2017.01.18 12:18:52.063,1.4217,1.4219,1.00,1.00
2017.01.18 12:18:52.218,1.42169,1.42188,1.50,1.00
2017.01.18 12:18:55.603,1.42169,1.42187,1.00,1.00
2017.01.18 12:18:56.732,1.42168,1.42187,1.00,1.00
2017.01.18 12:18:56.783,1.42166,1.42187,1.50,1.00
2017.01.18 12:18:57.526,1.42166,1.42186,1.00,1.00
2017.01.18 12:18:58.260,1.4218,1.42189,1.00,1.00
2017.01.18 12:18:58.411,1.42191,1.42198,1.00,1.00
2017.01.18 12:18:58.513,1.42191,1.42209,1.00,1.00
2017.01.18 12:18:58.563,1.4219,1.42207,1.00,1.00
2017.01.18 12:18:58.866,1.42181,1.422,1.50,1.00
2017.01.18 12:18:59.068,1.42181,1.42198,1.00,1.00
2017.01.18 12:18:59.623,1.42181,1.42199,1.00,1.00
2017.01.18 12:18:59.825,1.42179,1.42199,1.00,1.00
2017.01.18 12:19:00.027,1.42178,1.42201,1.50,2.25
2017.01.18 12:19:00.567,1.42178,1.422,1.00,1.00
2017.01.18 12:19:01.118,1.42178,1.42201,1.50,2.25
2017.01.18 12:19:01.219,1.42178,1.42199,2.25,1.00
2017.01.18 12:19:01.623,1.42178,1.42197,1.50,1.00
2017.01.18 12:19:02.225,1.42178,1.42198,1.00,1.00
2017.01.18 12:19:02.304,1.42179,1.422,1.00,1.50
2017.01.18 12:19:02.852,1.42178,1.422,1.50,1.50
2017.01.18 12:19:03.603,1.42179,1.422,1.00,1.00
2017.01.18 12:19:04.121,1.42179,1.42201,1.00,1.50
2017.01.18 12:19:05.263,1.42179,1.42199,1.00,1.00
2017.01.18 12:19:05.566,1.42174,1.42191,1.00,1.00
2017.01.18 12:19:05.616,1.42172,1.42192,1.00,1.50
2017.01.18 12:19:07.545,1.42172,1.42191,1.00,1.00
2017.01.18 12:19:08.063,1.42172,1.4219,1.00,1.00
2017.01.18 12:19:08.783,1.42171,1.4219,1.00,1.50
2017.01.18 12:19:21.653,1.42171,1.42189,1.00,1.00
2017.01.18 12:19:22.349,1.42171,1.4219,1.00,1.50
2017.01.18 12:19:22.501,1.42171,1.42188,1.00,1.00
2017.01.18 12:19:41.793,1.42171,1.42187,1.00,1.00
2017.01.18 12:19:44.437,1.42171,1.42185,1.00,1.00
2017.01.18 12:19:45.966,1.42166,1.42185,1.00,1.00
2017.01.18 12:20:08.716,1.42167,1.42185,1.00,1.00
2017.01.18 12:20:09.680,1.42169,1.42185,1.00,1.00
2017.01.18 12:20:10.341,1.4217,1.42185,1.00,1.00
2017.01.18 12:20:12.080,1.4217,1.42186,1.00,1.00
2017.01.18 12:20:18.332,1.4217,1.42187,1.00,1.00
2017.01.18 12:20:20.262,1.4217,1.42185,1.00,1.00
2017.01.18 12:20:33.610,1.4217,1.42188,1.00,1.00
2017.01.18 12:20:35.418,1.4217,1.42189,1.00,3.00
2017.01.18 12:20:36.201,1.4217,1.42188,1.00,1.00
2017.01.18 12:20:44.073,1.4217,1.42187,1.00,1.00
2017.01.18 12:20:54.897,1.4217,1.42188,1.00,1.50
2017.01.18 12:20:55.975,1.4217,1.42187,1.00,1.00
2017.01.18 12:21:04.420,1.4217,1.42186,1.00,1.00
2017.01.18 12:21:05.961,1.4217,1.42185,1.00,1.00
2017.01.18 12:21:06.553,1.4217,1.42184,1.00,1.00
2017.01.18 12:21:07.363,1.4217,1.42185,1.00,1.00
2017.01.18 12:21:07.414,1.42167,1.42184,1.00,1.00
2017.01.18 12:21:12.761,1.42166,1.42184,1.50,1.00
2017.01.18 12:21:23.811,1.42166,1.42185,1.50,1.00
2017.01.18 12:21:23.912,1.42168,1.42189,1.00,1.00
2017.01.18 12:21:25.553,1.42168,1.42188,1.50,1.00
2017.01.18 12:21:25.764,1.4217,1.42188,1.00,1.00
2017.01.18 12:21:26.369,1.4217,1.42187,1.00,1.00
2017.01.18 12:21:31.936,1.4217,1.42188,1.00,1.00
2017.01.18 12:21:32.353,1.4217,1.42185,1.00,1.00
2017.01.18 12:21:33.481,1.4217,1.42186,1.00,1.00
2017.01.18 12:21:33.846,1.4217,1.42184,1.00,1.00
2017.01.18 12:21:37.897,1.42168,1.42184,1.00,1.00
2017.01.18 12:21:37.998,1.42166,1.42184,1.50,1.00
2017.01.18 12:22:04.730,1.42166,1.42185,1.50,1.00
2017.01.18 12:22:05.632,1.42166,1.42186,1.50,1.00
2017.01.18 12:22:06.237,1.42168,1.42186,1.00,1.00
2017.01.18 12:22:07.116,1.42169,1.42186,1.00,1.00
2017.01.18 12:22:07.648,1.4217,1.42186,1.00,1.00
2017.01.18 12:22:13.740,1.4217,1.42185,1.00,1.00
2017.01.18 12:22:28.596,1.4217,1.42186,1.00,1.00
2017.01.18 12:22:28.698,1.4217,1.42188,1.00,2.25
2017.01.18 12:22:29.520,1.4217,1.4219,1.00,1.50
2017.01.18 12:22:30.095,1.4217,1.42191,1.00,1.50
2017.01.18 12:22:30.146,1.42171,1.42189,1.00,1.00
2017.01.18 12:22:30.197,1.42171,1.42191,1.00,1.00
2017.01.18 12:22:30.248,1.42171,1.42193,1.00,1.50
2017.01.18 12:22:31.717,1.42174,1.42193,1.00,1.00
2017.01.18 12:22:45.080,1.42172,1.42191,1.50,1.00
2017.01.18 12:22:45.231,1.42175,1.42195,2.25,1.50
2017.01.18 12:22:45.282,1.42177,1.42195,1.50,1.00
2017.01.18 12:22:45.585,1.42182,1.42199,1.00,1.00
2017.01.18 12:22:45.636,1.42182,1.42202,1.00,1.00
2017.01.18 12:22:45.838,1.42182,1.422,1.00,1.00
2017.01.18 12:22:46.711,1.42182,1.42201,1.50,1.00
2017.01.18 12:22:47.013,1.42184,1.42202,1.00,1.00
2017.01.18 12:22:48.496,1.42184,1.42204,1.50,1.00
2017.01.18 12:22:51.318,1.42184,1.42202,1.00,1.00
2017.01.18 12:22:55.449,1.42184,1.42203,1.00,1.00
2017.01.18 12:23:09.479,1.42184,1.42204,1.00,1.00
2017.01.18 12:23:11.649,1.42184,1.42202,1.00,1.00
2017.01.18 12:23:15.065,1.42184,1.42201,1.00,1.00
2017.01.18 12:23:21.105,1.42183,1.42201,1.00,1.00
2017.01.18 12:23:23.252,1.42183,1.42204,1.00,1.50
2017.01.18 12:23:23.859,1.42183,1.42203,1.00,1.00
2017.01.18 12:23:24.418,1.42183,1.42204,1.50,2.25
2017.01.18 12:23:26.243,1.42184,1.42204,1.00,1.00
2017.01.18 12:23:26.293,1.42186,1.42205,1.00,1.00
2017.01.18 12:23:26.610,1.42187,1.42207,1.00,1.30
2017.01.18 12:23:27.582,1.42188,1.42208,1.00,1.22
2017.01.18 12:23:28.217,1.42188,1.42208,1.50,1.30
2017.01.18 12:23:29.310,1.42188,1.42205,1.50,1.00
2017.01.18 12:23:29.624,1.42186,1.42203,1.00,1.00
2017.01.18 12:23:30.506,1.42186,1.42204,1.00,1.00
2017.01.18 12:23:30.911,1.42185,1.42202,1.00,1.00
2017.01.18 12:23:31.670,1.42185,1.42201,1.00,1.00
2017.01.18 12:23:31.822,1.42181,1.42201,1.50,1.00
2017.01.18 12:23:36.134,1.42182,1.42201,1.00,1.00
2017.01.18 12:23:37.828,1.42182,1.42202,1.00,1.00
2017.01.18 12:23:38.596,1.42182,1.42203,1.00,1.00
2017.01.18 12:23:39.257,1.42182,1.42202,1.00,1.00
2017.01.18 12:23:39.973,1.42182,1.42203,1.00,1.00
2017.01.18 12:23:40.024,1.42182,1.422,1.50,1.00
2017.01.18 12:23:43.062,1.42181,1.422,1.50,1.00
2017.01.18 12:23:48.779,1.42181,1.42201,1.00,1.00
2017.01.18 12:23:49.302,1.42181,1.422,1.00,1.00
2017.01.18 12:23:50.466,1.4218,1.422,1.00,1.00
2017.01.18 12:23:51.167,1.42179,1.422,1.50,1.00
2017.01.18 12:24:00.809,1.42179,1.42201,1.50,2.25
2017.01.18 12:24:06.205,1.4218,1.42201,1.50,1.00
2017.01.18 12:24:06.816,1.42181,1.42202,1.00,1.00
2017.01.18 12:24:07.326,1.4218,1.42202,2.25,3.00
2017.01.18 12:24:25.477,1.4218,1.42201,1.50,1.00
2017.01.18 12:24:29.541,1.42183,1.42201,1.00,1.00
2017.01.18 12:24:29.592,1.42181,1.42201,1.50,1.00
2017.01.18 12:24:30.330,1.42182,1.42201,1.00,1.00
2017.01.18 12:24:33.443,1.42182,1.42203,1.50,1.50
2017.01.18 12:24:33.544,1.42184,1.42204,1.00,1.00
2017.01.18 12:24:33.861,1.42188,1.42207,1.00,1.50
2017.01.18 12:24:36.821,1.42188,1.42208,1.50,1.72
2017.01.18 12:24:37.132,1.42188,1.42205,1.00,1.00
2017.01.18 12:24:37.183,1.42186,1.42206,1.50,1.50
2017.01.18 12:24:37.284,1.42186,1.42204,1.50,1.00
2017.01.18 12:24:38.117,1.42186,1.42205,1.50,1.00
2017.01.18 12:24:38.504,1.42186,1.42203,1.00,1.00
2017.01.18 12:24:42.791,1.42186,1.42205,1.00,1.00
2017.01.18 12:24:43.263,1.42184,1.42205,1.50,1.00
2017.01.18 12:24:44.517,1.42186,1.42205,1.00,1.00
2017.01.18 12:24:45.613,1.42186,1.42206,1.00,1.00
2017.01.18 12:24:46.117,1.42185,1.42207,1.00,3.00
2017.01.18 12:24:46.710,1.42184,1.42204,1.00,1.00
2017.01.18 12:24:47.417,1.42184,1.42203,1.00,1.00
2017.01.18 12:24:51.510,1.42184,1.42202,1.00,1.00
2017.01.18 12:24:52.977,1.42184,1.42204,1.00,1.50
2017.01.18 12:24:59.526,1.42184,1.42203,1.50,1.00
2017.01.18 12:25:03.878,1.42184,1.42202,1.50,1.00
2017.01.18 12:25:07.438,1.42184,1.42203,1.00,1.00
2017.01.18 12:25:12.847,1.42184,1.42202,1.00,1.00
2017.01.18 12:25:13.243,1.42182,1.42202,1.00,1.00
2017.01.18 12:25:14.877,1.42183,1.42202,1.00,1.00
2017.01.18 12:25:16.328,1.42183,1.42201,1.00,1.00
2017.01.18 12:25:16.379,1.42181,1.42201,2.25,1.00
2017.01.18 12:25:18.614,1.42182,1.42201,1.00,1.00
2017.01.18 12:25:18.817,1.42181,1.42197,1.50,1.00
2017.01.18 12:25:18.925,1.42181,1.42199,1.00,1.00
2017.01.18 12:25:19.687,1.4218,1.42199,1.00,1.00
2017.01.18 12:25:19.924,1.42179,1.42197,1.00,1.00
2017.01.18 12:25:20.562,1.42179,1.42198,1.00,1.00
2017.01.18 12:25:20.865,1.42178,1.42194,1.00,1.00
2017.01.18 12:25:24.345,1.42178,1.42193,1.00,1.00
2017.01.18 12:25:27.119,1.42178,1.42195,1.00,1.00
2017.01.18 12:25:29.446,1.42178,1.42194,1.00,1.00
2017.01.18 12:25:30.134,1.42178,1.42193,1.00,1.00
2017.01.18 12:25:33.273,1.42178,1.42195,1.00,1.00
2017.01.18 12:25:35.016,1.42178,1.42198,1.00,2.25
2017.01.18 12:25:35.218,1.4218,1.42199,1.00,1.00
2017.01.18 12:25:35.544,1.4218,1.42197,1.00,1.00
2017.01.18 12:25:35.918,1.42177,1.42198,1.50,1.00
2017.01.18 12:25:36.377,1.42179,1.42198,1.00,1.00
2017.01.18 12:25:39.664,1.42179,1.42194,1.00,1.50
2017.01.18 12:25:39.765,1.42172,1.42188,1.12,1.00
2017.01.18 12:25:40.330,1.42172,1.42189,1.00,1.00
2017.01.18 12:25:40.688,1.4217,1.42189,1.00,1.00
2017.01.18 12:25:42.414,1.42168,1.42186,1.50,1.00
2017.01.18 12:25:43.117,1.42168,1.42187,1.00,1.00
2017.01.18 12:25:43.387,1.42166,1.42187,2.25,1.00
2017.01.18 12:25:44.106,1.42166,1.42188,1.50,1.50
2017.01.18 12:25:44.156,1.42166,1.42186,1.50,1.50
2017.01.18 12:25:45.427,1.42166,1.42185,1.00,1.00
2017.01.18 12:25:51.412,1.42165,1.42185,1.00,1.50
2017.01.18 12:25:52.573,1.42165,1.42186,1.00,1.50
2017.01.18 12:25:52.956,1.42165,1.42184,1.50,1.00
2017.01.18 12:26:09.795,1.42165,1.42186,1.50,1.00
2017.01.18 12:26:10.454,1.42165,1.42185,1.50,1.00
2017.01.18 12:26:11.694,1.42165,1.42186,1.50,1.00
2017.01.18 12:26:13.370,1.42166,1.42186,1.00,1.00
2017.01.18 12:26:16.857,1.42166,1.42187,1.00,1.50
2017.01.18 12:26:16.907,1.42166,1.42185,1.00,1.00
2017.01.18 12:26:21.473,1.42167,1.42185,1.00,1.00
2017.01.18 12:26:24.625,1.42167,1.42186,1.00,1.00
2017.01.18 12:26:25.235,1.42167,1.42187,1.50,2.25
2017.01.18 12:26:29.742,1.42167,1.42186,1.00,1.00
2017.01.18 12:26:35.368,1.42166,1.42186,1.50,1.00
2017.01.18 12:26:35.418,1.42166,1.42188,1.50,1.50
2017.01.18 12:26:36.215,1.42166,1.42187,1.50,1.00
2017.01.18 12:26:51.692,1.42168,1.42188,1.00,1.00
2017.01.18 12:26:52.238,1.42168,1.42187,1.00,1.00
2017.01.18 12:26:56.514,1.42168,1.42188,1.00,1.00
2017.01.18 12:26:56.829,1.4217,1.42188,1.00,1.00
2017.01.18 12:26:57.041,1.4217,1.42191,1.00,1.00
2017.01.18 12:26:58.164,1.4217,1.4219,1.00,1.00
2017.01.18 12:26:59.339,1.4217,1.42191,1.00,1.50
2017.01.18 12:27:00.381,1.42171,1.4219,1.00,1.00
2017.01.18 12:27:00.432,1.42171,1.42193,1.50,1.00
2017.01.18 12:27:01.160,1.42171,1.42192,1.50,1.00
2017.01.18 12:27:01.752,1.42171,1.42193,1.00,1.00
2017.01.18 12:27:02.389,1.42172,1.42192,1.00,1.00
2017.01.18 12:27:03.709,1.42172,1.42193,1.00,1.00
2017.01.18 12:27:03.810,1.42171,1.42191,3.00,1.00
2017.01.18 12:27:04.526,1.42172,1.42191,1.00,1.00
2017.01.18 12:27:14.396,1.42173,1.42191,1.00,1.00
2017.01.18 12:27:15.416,1.42172,1.42191,1.00,1.00
2017.01.18 12:27:15.829,1.42172,1.42189,1.00,1.00
2017.01.18 12:27:15.879,1.42172,1.42192,1.50,1.50
2017.01.18 12:27:21.650,1.42173,1.42192,1.00,1.00
2017.01.18 12:27:21.999,1.42173,1.4219,1.50,1.00
2017.01.18 12:27:24.086,1.42172,1.4219,1.00,1.00
2017.01.18 12:27:24.634,1.42171,1.4219,1.00,1.00
2017.01.18 12:27:25.298,1.42172,1.4219,1.00,1.00
2017.01.18 12:27:25.958,1.42171,1.42191,1.00,1.00
2017.01.18 12:27:26.646,1.42171,1.42192,1.00,1.50
2017.01.18 12:27:28.512,1.42173,1.42192,1.00,1.00
2017.01.18 12:27:38.897,1.42173,1.42193,1.00,2.25
2017.01.18 12:27:41.804,1.42173,1.42191,1.00,1.00
2017.01.18 12:27:44.369,1.42173,1.42192,1.00,1.00
2017.01.18 12:27:45.767,1.42173,1.42191,1.00,1.00
2017.01.18 12:27:46.414,1.42173,1.42192,1.00,1.00
2017.01.18 12:27:46.515,1.42175,1.42195,1.00,1.00
2017.01.18 12:27:46.566,1.42178,1.42196,1.00,1.00
2017.01.18 12:27:47.775,1.42178,1.42197,1.00,1.00
2017.01.18 12:27:48.406,1.42178,1.42198,1.50,1.50
2017.01.18 12:27:49.571,1.4218,1.42198,1.00,1.00
2017.01.18 12:27:51.649,1.4218,1.42199,1.00,1.00
2017.01.18 12:27:52.566,1.4218,1.422,1.00,2.25
2017.01.18 12:27:52.887,1.42178,1.42194,1.50,1.00
2017.01.18 12:27:53.393,1.42178,1.42193,1.00,1.00
2017.01.18 12:27:58.622,1.42177,1.42193,1.50,1.00
2017.01.18 12:28:02.833,1.42177,1.42194,1.00,1.00
2017.01.18 12:28:06.726,1.42175,1.42194,1.00,1.00
2017.01.18 12:28:09.319,1.42175,1.42191,1.00,1.00
2017.01.18 12:28:10.073,1.42174,1.4219,1.00,1.00
2017.01.18 12:28:11.585,1.42174,1.42191,1.00,1.00
2017.01.18 12:28:13.424,1.42174,1.42189,1.00,1.00
2017.01.18 12:28:13.551,1.42171,1.42189,1.50,1.00
2017.01.18 12:28:14.465,1.42171,1.42191,2.25,1.00
2017.01.18 12:28:25.755,1.42171,1.4219,1.50,1.00
2017.01.18 12:28:28.731,1.42171,1.42191,1.50,1.00
2017.01.18 12:28:42.848,1.42171,1.42192,1.50,1.50
2017.01.18 12:28:43.406,1.42171,1.42193,1.50,2.25
2017.01.18 12:28:43.662,1.42173,1.42193,1.00,1.50
2017.01.18 12:28:44.051,1.42173,1.42191,1.00,1.00
2017.01.18 12:29:02.744,1.42173,1.42192,1.00,1.00
2017.01.18 12:29:03.476,1.42173,1.42191,1.00,1.00
2017.01.18 12:29:05.023,1.42173,1.42193,1.50,1.00
2017.01.18 12:29:05.074,1.42175,1.42195,1.00,1.50
2017.01.18 12:29:05.377,1.42178,1.42198,1.00,1.00
2017.01.18 12:29:05.880,1.42178,1.42199,2.25,1.00
2017.01.18 12:29:06.827,1.4218,1.42199,1.00,1.00
2017.01.18 12:29:10.627,1.4218,1.42201,1.50,1.50
2017.01.18 12:29:13.561,1.4218,1.422,1.50,1.00
2017.01.18 12:29:13.612,1.4218,1.42198,1.50,1.00
2017.01.18 12:29:16.620,1.4218,1.42199,1.50,1.00
2017.01.18 12:29:17.838,1.4218,1.42198,1.00,1.00
2017.01.18 12:29:18.417,1.4218,1.42197,1.00,1.00
2017.01.18 12:29:19.164,1.4218,1.42198,1.00,1.00
2017.01.18 12:29:20.318,1.4218,1.42197,1.00,1.00
2017.01.18 12:29:20.419,1.4218,1.42199,1.00,1.00
2017.01.18 12:29:20.940,1.4218,1.42198,1.50,1.00
2017.01.18 12:29:21.444,1.4218,1.42199,1.50,1.50
2017.01.18 12:29:45.965,1.4218,1.422,1.50,1.00
2017.01.18 12:29:53.741,1.42181,1.422,1.00,1.00
2017.01.18 12:29:53.842,1.42182,1.42203,1.50,2.25
2017.01.18 12:29:53.893,1.42184,1.42204,1.00,1.00
2017.01.18 12:29:54.239,1.42188,1.42207,1.00,1.00
2017.01.18 12:29:55.011,1.42188,1.42208,1.00,3.22
2017.01.18 12:29:55.314,1.42188,1.42203,1.00,1.00
2017.01.18 12:29:58.809,1.42188,1.42204,1.00,1.00
2017.01.18 12:29:58.860,1.42186,1.42205,1.00,1.50
2017.01.18 12:29:58.911,1.42185,1.42202,1.50,1.00
2017.01.18 12:30:03.486,1.42185,1.42202,1.00,1.00
2017.01.18 12:30:06.501,1.42185,1.42203,1.00,1.50
2017.01.18 12:30:06.944,1.42183,1.42202,1.00,1.00
2017.01.18 12:30:07.483,1.42183,1.42203,1.00,1.87
2017.01.18 12:30:08.325,1.42183,1.42201,1.00,1.00
2017.01.18 12:30:08.872,1.42183,1.42202,1.00,1.00
2017.01.18 12:30:09.228,1.42183,1.422,1.00,1.00
2017.01.18 12:30:13.197,1.42183,1.42202,1.00,1.00
2017.01.18 12:30:13.840,1.42184,1.42202,1.00,1.00
2017.01.18 12:30:17.903,1.42184,1.422,1.00,1.00
2017.01.18 12:30:21.981,1.42183,1.422,1.00,1.00
2017.01.18 12:30:26.655,1.42182,1.42198,1.00,1.00
2017.01.18 12:30:27.266,1.42182,1.42199,1.00,1.00
2017.01.18 12:30:27.695,1.42181,1.42195,1.00,1.00
2017.01.18 12:30:27.745,1.42179,1.42195,1.00,1.00
2017.01.18 12:30:28.013,1.42179,1.42198,1.00,1.00
2017.01.18 12:30:28.622,1.42179,1.42199,1.00,1.00
2017.01.18 12:30:29.232,1.4218,1.42199,1.00,1.00
2017.01.18 12:30:34.445,1.4218,1.422,1.00,1.87
2017.01.18 12:30:34.971,1.4218,1.42201,1.00,2.62
2017.01.18 12:30:35.516,1.42183,1.422,1.00,1.00
2017.01.18 12:30:35.617,1.42183,1.42202,1.00,1.50
2017.01.18 12:30:36.644,1.42183,1.42201,1.00,1.00
2017.01.18 12:30:36.745,1.42183,1.42203,2.25,1.87
2017.01.18 12:30:37.393,1.42184,1.42203,1.00,1.00
2017.01.18 12:30:37.898,1.42185,1.42203,1.00,1.00
2017.01.18 12:30:48.454,1.42185,1.42204,1.00,1.00
2017.01.18 12:30:52.002,1.42186,1.42204,1.00,1.00
2017.01.18 12:30:52.822,1.42186,1.42201,1.00,1.00
2017.01.18 12:30:52.872,1.42183,1.42201,1.00,1.00
2017.01.18 12:30:53.033,1.42181,1.422,1.00,1.00
2017.01.18 12:30:53.134,1.42181,1.42198,1.00,1.00
2017.01.18 12:30:53.521,1.42181,1.422,1.00,1.00
2017.01.18 12:30:55.511,1.42179,1.42197,1.00,1.00
2017.01.18 12:30:55.846,1.42177,1.42196,1.00,1.50
2017.01.18 12:30:56.614,1.42177,1.42194,1.00,1.00
2017.01.18 12:30:57.215,1.42176,1.42194,1.00,1.00
2017.01.18 12:30:57.596,1.42176,1.42192,1.00,1.00
2017.01.18 12:30:57.701,1.42176,1.42194,1.00,1.00
2017.01.18 12:30:58.360,1.42176,1.42191,1.00,1.00
2017.01.18 12:30:58.511,1.42173,1.42193,1.50,1.50
2017.01.18 12:30:58.612,1.42173,1.42191,1.50,1.00
2017.01.18 12:30:59.083,1.42173,1.42193,1.00,1.00
2017.01.18 12:30:59.626,1.42173,1.42192,1.00,1.00
2017.01.18 12:31:05.372,1.42173,1.42193,1.00,2.25
2017.01.18 12:31:07.100,1.42174,1.42194,1.00,2.25
2017.01.18 12:31:07.445,1.42174,1.42192,1.00,1.00
2017.01.18 12:31:09.677,1.42174,1.42193,1.00,1.00
2017.01.18 12:31:10.229,1.42174,1.42192,1.00,1.00
2017.01.18 12:31:21.518,1.42174,1.42194,1.50,1.50
2017.01.18 12:31:21.717,1.42176,1.42196,1.00,1.00
2017.01.18 12:31:21.768,1.42176,1.42198,1.00,1.00
2017.01.18 12:31:21.919,1.42179,1.42199,1.00,1.00
2017.01.18 12:31:21.970,1.42179,1.42201,1.50,1.00
2017.01.18 12:31:22.021,1.42182,1.42201,1.00,1.00
2017.01.18 12:31:22.323,1.42182,1.42199,1.00,1.00
2017.01.18 12:31:25.077,1.42182,1.42201,1.00,1.00
2017.01.18 12:31:25.653,1.42182,1.422,1.00,1.50
2017.01.18 12:31:26.231,1.42182,1.42201,1.00,1.50
2017.01.18 12:31:26.949,1.42182,1.422,1.00,1.00
2017.01.18 12:31:27.787,1.42182,1.42198,1.00,1.00
2017.01.18 12:31:27.889,1.42176,1.42194,1.00,1.00
2017.01.18 12:31:28.417,1.42176,1.42193,1.00,1.00
2017.01.18 12:31:28.940,1.42176,1.42192,1.00,1.00
2017.01.18 12:31:29.696,1.42175,1.42192,1.00,1.00
2017.01.18 12:31:30.423,1.42175,1.42193,1.00,1.00
2017.01.18 12:31:32.220,1.42175,1.42192,1.00,1.00
2017.01.18 12:31:33.831,1.42175,1.42191,1.00,1.00
2017.01.18 12:31:33.882,1.42173,1.42191,1.00,1.00
2017.01.18 12:31:34.408,1.42173,1.42192,1.00,1.00
2017.01.18 12:31:34.948,1.42173,1.42193,1.00,1.50
2017.01.18 12:31:34.999,1.42173,1.42191,1.00,1.00
2017.01.18 12:31:36.120,1.42173,1.42192,1.00,1.50
2017.01.18 12:31:36.653,1.42173,1.42191,1.00,1.00
2017.01.18 12:31:37.215,1.42172,1.42192,1.00,1.00
2017.01.18 12:31:38.536,1.42172,1.42193,1.00,1.50
2017.01.18 12:31:38.897,1.42172,1.42191,1.00,1.00
2017.01.18 12:31:42.420,1.42172,1.42192,1.00,1.50
2017.01.18 12:31:42.952,1.42172,1.42191,1.00,1.00
2017.01.18 12:31:43.493,1.42172,1.4219,1.00,1.00
2017.01.18 12:31:55.557,1.42172,1.42191,1.00,1.50
2017.01.18 12:31:57.699,1.42172,1.42189,1.00,1.00
2017.01.18 12:31:58.912,1.42172,1.42191,1.50,1.50
2017.01.18 12:31:59.413,1.42173,1.42191,1.00,1.50
2017.01.18 12:32:00.221,1.42173,1.42193,1.00,1.50
2017.01.18 12:32:01.723,1.42173,1.42192,1.00,1.00
2017.01.18 12:32:02.185,1.42173,1.4219,1.00,1.00
2017.01.18 12:32:03.243,1.42173,1.42191,1.00,1.00
2017.01.18 12:32:03.941,1.42172,1.4219,1.00,1.00
2017.01.18 12:32:04.506,1.42171,1.4219,1.00,1.50
2017.01.18 12:32:08.413,1.42171,1.42191,1.00,2.25
2017.01.18 12:32:10.000,1.42171,1.4219,1.00,1.00
2017.01.18 12:32:11.314,1.42171,1.42189,1.00,1.00
2017.01.18 12:32:13.460,1.42171,1.42191,1.50,1.50
2017.01.18 12:32:14.116,1.42172,1.42191,1.00,1.00
2017.01.18 12:32:14.389,1.42172,1.42189,1.00,1.00
2017.01.18 12:32:15.057,1.42172,1.42188,1.00,1.00
2017.01.18 12:32:18.457,1.42172,1.42191,1.00,1.00
2017.01.18 12:32:18.972,1.42173,1.42192,1.00,1.50
2017.01.18 12:32:19.641,1.42173,1.42193,1.00,1.50
2017.01.18 12:32:25.459,1.42173,1.42191,1.00,1.00
2017.01.18 12:32:29.096,1.42173,1.42192,1.00,1.00
2017.01.18 12:32:30.252,1.42173,1.42191,1.00,1.00
2017.01.18 12:32:36.543,1.42172,1.42188,1.00,1.00
2017.01.18 12:32:36.593,1.4217,1.42188,1.00,1.00
2017.01.18 12:32:37.522,1.4217,1.42189,1.00,1.00
2017.01.18 12:32:38.600,1.4217,1.42187,1.00,1.00
2017.01.18 12:32:40.705,1.4217,1.4219,1.00,1.00
2017.01.18 12:32:41.402,1.4217,1.42191,1.00,1.50
2017.01.18 12:32:41.952,1.4217,1.4219,1.00,1.00
2017.01.18 12:32:44.142,1.42171,1.4219,1.00,1.00
2017.01.18 12:32:47.985,1.42171,1.42191,1.00,1.00
2017.01.18 12:32:48.223,1.42175,1.42193,1.00,1.00
2017.01.18 12:32:48.273,1.42175,1.42195,1.00,1.00
2017.01.18 12:32:48.324,1.42178,1.42195,1.00,1.00
2017.01.18 12:32:48.375,1.42178,1.42198,1.00,2.25
2017.01.18 12:32:48.527,1.4218,1.42198,1.00,1.00
2017.01.18 12:32:48.829,1.42178,1.42197,1.00,1.00
2017.01.18 12:32:49.391,1.42178,1.42198,1.00,1.00
2017.01.18 12:32:53.927,1.42181,1.42199,1.00,1.00
2017.01.18 12:32:54.478,1.42181,1.422,1.00,1.50
2017.01.18 12:32:55.001,1.42181,1.42199,1.00,1.00
2017.01.18 12:32:55.821,1.42182,1.422,1.00,1.50
2017.01.18 12:32:56.357,1.42182,1.42199,1.00,1.00
2017.01.18 12:32:57.883,1.42182,1.422,1.00,1.50
2017.01.18 12:32:59.197,1.4218,1.422,1.00,1.00
2017.01.18 12:33:02.569,1.4218,1.42199,1.50,1.00
2017.01.18 12:33:11.263,1.4218,1.42194,2.25,1.00
2017.01.18 12:33:11.313,1.4218,1.42197,1.50,1.50
2017.01.18 12:33:11.414,1.42181,1.42194,1.00,1.00
2017.01.18 12:33:11.515,1.42181,1.42197,1.00,1.50
2017.01.18 12:33:11.566,1.42177,1.42196,1.50,1.00
2017.01.18 12:33:12.041,1.42177,1.42194,1.50,1.00
2017.01.18 12:33:12.810,1.42177,1.42193,1.00,1.00
2017.01.18 12:33:14.250,1.42176,1.42193,1.50,1.00
2017.01.18 12:33:15.739,1.42176,1.42194,1.50,1.00
2017.01.18 12:33:16.061,1.42173,1.42188,1.00,1.00
2017.01.18 12:33:16.162,1.42169,1.42187,1.00,1.00
2017.01.18 12:33:16.684,1.4217,1.42187,1.00,1.00
2017.01.18 12:33:17.323,1.4217,1.4219,1.00,1.50
2017.01.18 12:33:18.058,1.42169,1.4219,1.50,1.00
2017.01.18 12:33:18.569,1.42169,1.42191,2.25,1.50
2017.01.18 12:33:19.206,1.42171,1.42191,1.00,1.50
2017.01.18 12:33:19.525,1.42169,1.42188,1.50,1.00
2017.01.18 12:33:20.744,1.42169,1.42187,1.50,1.00
2017.01.18 12:33:25.183,1.42169,1.42186,1.50,1.00
2017.01.18 12:33:25.925,1.42169,1.42185,1.00,1.00
2017.01.18 12:33:28.120,1.42169,1.42187,1.00,1.00
2017.01.18 12:33:29.723,1.42169,1.4219,1.50,1.00
2017.01.18 12:33:29.925,1.42172,1.42191,1.00,1.00
2017.01.18 12:33:30.547,1.42172,1.4219,1.00,1.00
2017.01.18 12:33:31.335,1.42173,1.4219,1.00,1.00
2017.01.18 12:33:31.890,1.42173,1.42189,1.00,1.00
2017.01.18 12:33:31.991,1.42173,1.42191,1.00,1.00
2017.01.18 12:33:32.142,1.42173,1.42189,1.00,1.00
2017.01.18 12:33:32.193,1.42173,1.42191,1.00,1.00
2017.01.18 12:33:34.122,1.42173,1.4219,1.00,1.00
2017.01.18 12:33:35.677,1.42173,1.42189,1.00,1.00
2017.01.18 12:33:36.215,1.42172,1.42188,1.50,1.00
2017.01.18 12:33:37.673,1.42172,1.42189,1.50,1.00
2017.01.18 12:33:47.845,1.42172,1.4219,1.50,1.00
2017.01.18 12:33:53.262,1.42172,1.42189,1.50,1.00
2017.01.18 12:33:53.313,1.42172,1.42187,1.00,1.00
2017.01.18 12:33:53.621,1.42172,1.42189,1.00,1.00
2017.01.18 12:34:12.708,1.42172,1.42192,1.00,1.00
2017.01.18 12:34:12.759,1.42176,1.42196,1.00,1.50
2017.01.18 12:34:13.062,1.42177,1.42193,1.00,1.00
2017.01.18 12:34:13.112,1.42175,1.42193,1.50,1.00
2017.01.18 12:34:13.712,1.42174,1.42194,1.50,1.00
2017.01.18 12:34:14.214,1.42174,1.42193,1.50,1.00
2017.01.18 12:34:14.718,1.42175,1.42193,1.00,1.00
2017.01.18 12:34:17.221,1.42175,1.42191,1.00,1.00
2017.01.18 12:34:22.423,1.42173,1.42191,1.00,1.00
2017.01.18 12:34:23.715,1.42173,1.42193,1.00,1.00
2017.01.18 12:34:24.251,1.42173,1.42194,1.00,1.00
2017.01.18 12:34:29.351,1.42175,1.42194,1.00,1.00
2017.01.18 12:34:32.683,1.42175,1.42192,1.00,1.00
2017.01.18 12:34:33.232,1.42175,1.42191,1.00,1.00
2017.01.18 12:34:34.728,1.42175,1.4219,1.00,1.00
2017.01.18 12:34:34.779,1.42172,1.4219,2.25,1.00
2017.01.18 12:34:34.830,1.42173,1.42187,1.00,1.00
2017.01.18 12:34:34.881,1.4217,1.42187,1.50,1.00
2017.01.18 12:34:35.387,1.42168,1.42186,1.00,1.00
2017.01.18 12:34:35.717,1.42167,1.42183,1.00,1.00
2017.01.18 12:34:35.869,1.42165,1.42184,1.00,1.00
2017.01.18 12:34:35.970,1.4217,1.42186,1.00,1.00
2017.01.18 12:34:36.131,1.42167,1.42186,1.00,1.00
2017.01.18 12:34:36.725,1.42168,1.42186,1.00,1.00
2017.01.18 12:34:37.443,1.42168,1.42187,1.00,1.00
2017.01.18 12:34:37.727,1.42166,1.42187,2.25,1.00
2017.01.18 12:34:38.042,1.42169,1.42187,1.00,1.00
2017.01.18 12:34:44.904,1.42169,1.42186,1.00,1.00
2017.01.18 12:34:46.026,1.42169,1.42188,1.00,1.00
2017.01.18 12:34:46.658,1.42169,1.42187,1.00,1.00
2017.01.18 12:34:48.111,1.42169,1.42188,1.00,1.00
2017.01.18 12:34:48.315,1.42169,1.4219,2.25,1.50
2017.01.18 12:34:51.658,1.42171,1.4219,1.00,1.50
2017.01.18 12:34:53.890,1.42171,1.42189,1.50,1.00
2017.01.18 12:34:56.428,1.42171,1.42187,1.50,1.00
2017.01.18 12:35:01.325,1.42171,1.42189,1.00,1.00
2017.01.18 12:35:01.993,1.42171,1.4219,1.00,1.00
2017.01.18 12:35:02.775,1.42171,1.42188,1.00,1.00
2017.01.18 12:35:14.918,1.42171,1.42191,1.00,1.50
2017.01.18 12:35:15.439,1.42172,1.42191,1.50,1.00
2017.01.18 12:35:15.961,1.42172,1.42192,1.50,1.00
2017.01.18 12:35:16.463,1.42173,1.42192,1.00,1.00
2017.01.18 12:35:17.717,1.42176,1.42192,1.00,1.00
2017.01.18 12:35:28.450,1.42172,1.42194,3.00,1.00
2017.01.18 12:35:28.501,1.42175,1.42194,1.00,1.00
2017.01.18 12:35:28.828,1.4218,1.42199,1.00,1.00
2017.01.18 12:35:28.980,1.42181,1.42201,1.00,1.00
2017.01.18 12:35:29.031,1.42181,1.42198,1.00,1.00
2017.01.18 12:35:29.612,1.42181,1.42199,1.00,1.00
2017.01.18 12:35:30.116,1.42181,1.422,1.00,1.00
2017.01.18 12:35:31.960,1.42181,1.42202,1.50,1.00
2017.01.18 12:35:32.224,1.42183,1.42202,1.00,1.00
2017.01.18 12:35:33.618,1.42184,1.42202,1.00,1.00
2017.01.18 12:35:35.127,1.42184,1.422,1.00,1.00
2017.01.18 12:35:37.611,1.42183,1.422,1.50,1.00
2017.01.18 12:35:43.939,1.42183,1.42201,1.50,1.00
2017.01.18 12:35:49.145,1.42183,1.42202,1.00,1.00
2017.01.18 12:36:03.086,1.42183,1.42201,1.00,1.00
2017.01.18 12:36:03.238,1.42183,1.42203,1.00,1.00
2017.01.18 12:36:05.327,1.42183,1.42202,1.00,1.00
2017.01.18 12:36:16.236,1.42183,1.422,1.00,1.00
2017.01.18 12:36:16.337,1.42183,1.42202,1.00,1.00
2017.01.18 12:36:17.076,1.42182,1.42201,1.00,1.00
2017.01.18 12:36:19.938,1.42182,1.422,1.00,1.00
2017.01.18 12:36:22.715,1.42181,1.422,1.50,1.00
2017.01.18 12:36:24.948,1.42181,1.42201,1.50,1.50
2017.01.18 12:36:25.050,1.42181,1.42198,1.00,1.00
2017.01.18 12:36:25.352,1.42176,1.42194,2.25,1.00
2017.01.18 12:36:29.055,1.42175,1.42194,1.50,1.00
2017.01.18 12:36:34.818,1.42175,1.42192,1.50,1.00
2017.01.18 12:36:38.025,1.42175,1.42193,1.50,1.00
2017.01.18 12:36:38.552,1.42175,1.42192,1.00,1.00
2017.01.18 12:36:39.223,1.42175,1.42191,1.00,1.00
2017.01.18 12:36:43.523,1.42175,1.42193,1.00,1.00
2017.01.18 12:36:44.636,1.42174,1.42193,1.00,1.00
2017.01.18 12:36:45.909,1.42174,1.42194,1.00,1.00
2017.01.18 12:36:46.445,1.42174,1.42193,1.00,1.00
2017.01.18 12:36:49.123,1.42174,1.42191,1.00,1.00
2017.01.18 12:36:49.743,1.42174,1.4219,1.00,1.00
2017.01.18 12:36:50.824,1.42174,1.42191,1.00,1.00
2017.01.18 12:36:52.816,1.42173,1.42191,1.50,1.00
2017.01.18 12:36:56.221,1.42173,1.42192,1.50,1.00
2017.01.18 12:36:56.736,1.42174,1.42192,1.00,1.00
2017.01.18 12:36:59.826,1.42174,1.42191,1.00,1.00
2017.01.18 12:37:03.579,1.42175,1.42191,1.00,1.00
2017.01.18 12:37:05.359,1.42175,1.42192,1.00,1.00
2017.01.18 12:37:10.471,1.42175,1.4219,1.00,1.00
2017.01.18 12:37:11.030,1.42175,1.42189,1.00,1.00
2017.01.18 12:37:11.759,1.42175,1.42191,1.00,1.00
2017.01.18 12:37:14.811,1.42175,1.4219,1.00,1.00
2017.01.18 12:37:14.888,1.42172,1.4219,1.00,1.00
2017.01.18 12:37:15.355,1.42172,1.42188,1.00,1.00
2017.01.18 12:37:16.212,1.42171,1.42188,1.50,1.00
2017.01.18 12:37:18.590,1.42171,1.42189,1.00,1.00
2017.01.18 12:37:18.992,1.42171,1.42187,1.00,1.00
2017.01.18 12:37:19.505,1.42171,1.42188,1.00,1.00
2017.01.18 12:37:19.556,1.42171,1.4219,1.00,1.50
2017.01.18 12:37:20.065,1.42172,1.42191,1.00,1.00
2017.01.18 12:37:20.786,1.42172,1.4219,1.00,1.00
2017.01.18 12:37:21.524,1.42172,1.42189,1.50,1.00
2017.01.18 12:37:22.080,1.42172,1.42188,1.50,1.00
2017.01.18 12:37:22.729,1.42172,1.42189,1.50,1.00
2017.01.18 12:37:23.268,1.42172,1.42188,1.00,1.00
2017.01.18 12:37:23.796,1.42172,1.42189,1.00,1.00
2017.01.18 12:37:24.366,1.42172,1.42188,1.00,1.00
2017.01.18 12:37:24.946,1.42172,1.42189,1.00,1.00
2017.01.18 12:37:25.591,1.42172,1.4219,1.00,1.00
2017.01.18 12:37:28.527,1.42172,1.42188,1.00,1.00
2017.01.18 12:37:39.370,1.42172,1.42191,1.00,1.00
2017.01.18 12:37:39.994,1.42173,1.42192,1.00,1.00
2017.01.18 12:37:40.645,1.42174,1.42194,1.00,1.50
2017.01.18 12:37:41.152,1.42174,1.42193,1.00,1.00
2017.01.18 12:37:44.746,1.42173,1.42193,1.50,1.00
2017.01.18 12:37:48.575,1.42173,1.42191,1.50,1.00
2017.01.18 12:37:49.282,1.42174,1.42191,1.00,1.00
2017.01.18 12:37:50.150,1.42177,1.42197,1.00,2.25
2017.01.18 12:37:50.667,1.42177,1.42196,1.50,1.00
2017.01.18 12:37:52.670,1.42177,1.42197,1.00,1.50
2017.01.18 12:37:52.721,1.42177,1.42195,1.50,1.00
2017.01.18 12:38:01.697,1.42177,1.42194,1.50,1.00
2017.01.18 12:38:02.843,1.42177,1.42193,1.50,1.00
2017.01.18 12:38:03.460,1.42177,1.42192,1.50,1.00
2017.01.18 12:38:04.862,1.42177,1.42193,1.00,1.00
2017.01.18 12:38:07.725,1.42177,1.42192,1.00,1.00
2017.01.18 12:38:08.507,1.42176,1.42192,1.00,1.00
2017.01.18 12:38:14.499,1.42176,1.42193,1.00,1.00
2017.01.18 12:38:22.683,1.42176,1.42194,1.00,1.00
2017.01.18 12:38:23.342,1.42176,1.42195,1.00,1.00
2017.01.18 12:38:23.917,1.42176,1.42193,1.00,1.00
2017.01.18 12:38:25.093,1.42176,1.42194,1.00,1.00
2017.01.18 12:38:25.670,1.42177,1.42194,1.00,1.00
2017.01.18 12:38:26.362,1.42177,1.42195,1.00,1.00
2017.01.18 12:38:29.112,1.42178,1.42196,1.00,1.00
2017.01.18 12:38:30.104,1.42176,1.42196,1.50,1.00
2017.01.18 12:38:32.304,1.42177,1.42193,1.00,1.00
2017.01.18 12:38:33.514,1.42177,1.42195,1.00,1.00
2017.01.18 12:38:33.753,1.42177,1.42197,1.00,1.00
2017.01.18 12:38:33.805,1.42179,1.42197,1.00,1.00
2017.01.18 12:38:37.775,1.42179,1.42198,1.50,1.00
2017.01.18 12:38:37.876,1.42179,1.422,1.50,1.50
2017.01.18 12:38:38.391,1.42182,1.422,1.00,1.00
2017.01.18 12:38:39.380,1.42182,1.42201,1.00,1.50
2017.01.18 12:38:39.902,1.42181,1.42201,1.00,1.00
2017.01.18 12:38:40.452,1.42182,1.42201,1.00,1.00
2017.01.18 12:38:41.185,1.42183,1.42202,1.00,1.50
2017.01.18 12:38:42.118,1.42184,1.42202,1.50,1.00
2017.01.18 12:38:42.421,1.42189,1.42211,1.87,1.00
2017.01.18 12:38:42.586,1.42189,1.42209,1.87,1.00
2017.01.18 12:38:42.913,1.42192,1.42209,1.00,1.00
2017.01.18 12:38:43.479,1.42192,1.4221,1.50,1.00
2017.01.18 12:38:45.802,1.42192,1.42209,1.00,1.00
2017.01.18 12:38:58.002,1.4219,1.42209,1.00,1.00
2017.01.18 12:38:59.188,1.4219,1.42208,1.00,1.00
2017.01.18 12:39:07.528,1.4219,1.4221,1.50,2.25
2017.01.18 12:39:08.099,1.4219,1.42209,1.00,1.00
2017.01.18 12:39:08.607,1.42191,1.42209,1.00,1.00
2017.01.18 12:39:14.485,1.4219,1.42209,1.00,1.00
2017.01.18 12:39:23.564,1.42192,1.42209,1.00,1.00
2017.01.18 12:39:24.260,1.42192,1.4221,1.00,2.25
2017.01.18 12:39:27.082,1.42192,1.42209,1.00,1.00
2017.01.18 12:39:27.599,1.42192,1.4221,1.00,1.50
2017.01.18 12:39:31.311,1.42192,1.42208,1.00,1.00
2017.01.18 12:39:31.918,1.42192,1.42209,1.00,1.00
2017.01.18 12:40:41.032,1.42192,1.4221,1.00,1.50
2017.01.18 12:40:41.635,1.42191,1.4221,1.00,1.50
2017.01.18 12:40:45.224,1.42192,1.4221,1.00,1.00
2017.01.18 12:40:54.116,1.42191,1.4221,1.00,1.00
2017.01.18 12:41:01.174,1.4219,1.42208,2.25,1.00
2017.01.18 12:41:03.304,1.4219,1.4221,1.50,1.00
2017.01.18 12:41:03.355,1.42192,1.4221,1.00,1.00
2017.01.18 12:41:03.864,1.42192,1.42209,1.00,1.00
2017.01.18 12:41:10.655,1.42192,1.42207,1.00,1.00
2017.01.18 12:41:16.497,1.42192,1.42209,1.00,1.00
2017.01.18 12:41:17.055,1.42191,1.42209,1.00,1.00
2017.01.18 12:41:21.051,1.42191,1.4221,1.00,1.50
2017.01.18 12:41:29.728,1.42191,1.42209,1.00,1.00
2017.01.18 12:41:29.929,1.42191,1.42207,1.00,1.00
2017.01.18 12:41:30.233,1.42187,1.42201,1.00,1.00
2017.01.18 12:41:30.818,1.42186,1.42202,1.00,1.00
2017.01.18 12:41:31.349,1.42185,1.42202,1.00,1.00
2017.01.18 12:41:31.928,1.42186,1.42202,1.00,1.00
2017.01.18 12:41:32.438,1.42185,1.42202,1.50,1.00
2017.01.18 12:41:32.757,1.42186,1.42204,1.00,1.00
2017.01.18 12:41:33.009,1.42188,1.42206,1.00,1.50
2017.01.18 12:41:33.312,1.4219,1.42208,1.50,1.00
2017.01.18 12:41:34.308,1.4219,1.42209,2.25,1.00
2017.01.18 12:41:34.854,1.42191,1.4221,1.00,1.00
2017.01.18 12:41:36.615,1.42192,1.4221,1.00,1.00
2017.01.18 12:41:42.607,1.42192,1.42209,1.00,1.00
2017.01.18 12:41:43.618,1.42192,1.42208,1.00,1.00
2017.01.18 12:41:43.929,1.42192,1.42206,1.00,1.00
2017.01.18 12:41:44.588,1.42192,1.42207,1.00,1.00
2017.01.18 12:41:45.092,1.42191,1.42207,1.00,1.00
2017.01.18 12:41:48.590,1.42191,1.42206,1.00,1.00
2017.01.18 12:41:49.153,1.42191,1.42207,1.00,1.00
2017.01.18 12:41:50.297,1.42191,1.42208,1.00,1.00
2017.01.18 12:41:51.838,1.42191,1.42207,1.00,1.00
2017.01.18 12:41:52.593,1.4219,1.42207,1.00,1.00
2017.01.18 12:41:53.217,1.4219,1.42208,1.00,1.00
2017.01.18 12:41:53.319,1.4219,1.4221,1.00,1.00
2017.01.18 12:41:53.901,1.42191,1.4221,1.00,1.00
2017.01.18 12:41:58.322,1.42191,1.42207,1.00,1.00
2017.01.18 12:41:58.524,1.42189,1.42206,1.00,1.00
2017.01.18 12:41:58.575,1.42189,1.42204,1.00,1.00
2017.01.18 12:41:58.726,1.42189,1.42206,1.00,1.00
2017.01.18 12:41:59.677,1.42189,1.42207,1.00,1.00
2017.01.18 12:42:00.284,1.42189,1.42206,1.00,1.00
2017.01.18 12:42:00.335,1.42189,1.42204,1.00,1.00
2017.01.18 12:42:01.498,1.42189,1.42206,1.00,1.00
2017.01.18 12:42:12.274,1.42189,1.42207,1.00,1.00
2017.01.18 12:42:12.728,1.42189,1.42204,1.00,1.00
2017.01.18 12:42:14.527,1.42189,1.42203,1.00,1.00
2017.01.18 12:42:14.629,1.42186,1.42203,1.00,1.00
2017.01.18 12:42:15.135,1.42185,1.42203,1.50,1.00
2017.01.18 12:42:16.280,1.42185,1.42204,1.50,1.00
2017.01.18 12:42:18.597,1.42185,1.42203,1.50,1.00
2017.01.18 12:42:19.863,1.42185,1.42202,1.00,1.00
2017.01.18 12:42:20.476,1.42185,1.42201,1.00,1.00
2017.01.18 12:42:22.525,1.42185,1.42202,1.00,1.00
2017.01.18 12:42:23.117,1.42186,1.42202,1.00,1.00
2017.01.18 12:42:24.908,1.42186,1.42201,1.00,1.00
2017.01.18 12:42:25.009,1.42186,1.42204,1.00,1.50
2017.01.18 12:42:25.540,1.42186,1.42205,1.00,1.50
2017.01.18 12:42:27.017,1.42187,1.42208,1.50,2.25
2017.01.18 12:42:27.067,1.42187,1.42206,2.25,1.00
2017.01.18 12:42:27.118,1.42188,1.42208,1.50,1.50
2017.01.18 12:42:28.627,1.4219,1.42208,1.00,1.00
2017.01.18 12:42:29.236,1.42191,1.42208,1.00,1.00
2017.01.18 12:42:29.366,1.42191,1.4221,1.00,1.00
2017.01.18 12:42:30.070,1.4219,1.4221,1.00,1.00
2017.01.18 12:42:32.101,1.4219,1.42211,1.00,2.25
2017.01.18 12:42:32.710,1.42191,1.42211,1.00,2.25
2017.01.18 12:42:33.320,1.4219,1.4221,1.00,1.00
2017.01.18 12:42:34.030,1.42191,1.4221,1.00,1.00
2017.01.18 12:42:38.670,1.42192,1.42211,1.00,2.25
2017.01.18 12:42:39.790,1.42191,1.42211,1.50,2.25
2017.01.18 12:42:40.773,1.42192,1.42211,1.00,2.25
2017.01.18 12:42:41.290,1.42193,1.42211,1.00,2.25
2017.01.18 12:42:42.488,1.42192,1.42208,1.00,1.00
2017.01.18 12:42:43.576,1.42192,1.42209,1.00,1.00
2017.01.18 12:42:44.956,1.42191,1.42209,1.00,1.00
2017.01.18 12:42:45.684,1.42191,1.42207,1.00,1.00
2017.01.18 12:42:46.017,1.4219,1.42205,1.00,1.00
2017.01.18 12:42:47.056,1.42188,1.42205,1.50,1.00
2017.01.18 12:42:48.014,1.42189,1.42205,1.00,1.00
2017.01.18 12:42:48.758,1.42187,1.42205,1.50,1.00
2017.01.18 12:42:49.326,1.42187,1.42204,1.00,1.00
2017.01.18 12:42:49.919,1.42188,1.42203,1.00,1.00
2017.01.18 12:42:50.587,1.42187,1.42203,1.00,1.00
2017.01.18 12:42:50.830,1.42187,1.42201,1.00,1.00
2017.01.18 12:42:52.600,1.42187,1.42203,1.00,1.00
2017.01.18 12:42:52.701,1.42185,1.42203,1.50,1.00
2017.01.18 12:42:53.119,1.42185,1.42206,1.50,1.00
2017.01.18 12:42:53.170,1.42187,1.42206,1.00,1.00
2017.01.18 12:42:53.816,1.42187,1.42207,1.00,1.50
2017.01.18 12:42:54.169,1.42189,1.4221,1.00,2.62
2017.01.18 12:43:01.072,1.4219,1.4221,1.00,1.50
2017.01.18 12:43:01.355,1.42192,1.42209,1.00,1.00
2017.01.18 12:43:02.062,1.42192,1.4221,1.00,1.00
2017.01.18 12:43:02.552,1.42194,1.42211,1.00,1.00
2017.01.18 12:43:03.531,1.42194,1.42212,1.00,1.00
2017.01.18 12:43:03.868,1.42197,1.42213,1.00,1.00
2017.01.18 12:43:04.391,1.42198,1.42215,1.00,1.50
2017.01.18 12:43:04.750,1.42198,1.42217,1.00,2.40
2017.01.18 12:43:05.255,1.42199,1.42216,1.00,1.00
2017.01.18 12:43:07.458,1.42199,1.42217,1.00,2.25
2017.01.18 12:43:08.503,1.42199,1.42216,1.00,1.00
2017.01.18 12:43:09.024,1.42199,1.42217,1.50,1.50
2017.01.18 12:43:09.074,1.42203,1.42217,1.00,1.00
2017.01.18 12:43:09.132,1.42205,1.4222,1.00,1.00
2017.01.18 12:43:09.233,1.42205,1.42224,1.00,1.00
2017.01.18 12:43:09.283,1.42205,1.42222,1.00,1.00
2017.01.18 12:43:09.384,1.42203,1.42222,1.00,1.00
2017.01.18 12:43:09.993,1.42202,1.42222,2.25,1.50
2017.01.18 12:43:10.515,1.42203,1.42222,1.00,1.50
2017.01.18 12:43:24.566,1.42206,1.42222,1.00,1.00
2017.01.18 12:43:25.453,1.42207,1.42222,1.00,1.00
2017.01.18 12:43:26.148,1.42208,1.42222,1.00,1.00
2017.01.18 12:43:28.533,1.42208,1.42225,1.00,1.50
2017.01.18 12:43:29.057,1.42209,1.42225,1.00,1.50
2017.01.18 12:43:29.406,1.42209,1.42227,1.00,3.00
2017.01.18 12:43:30.994,1.42209,1.42226,1.00,1.00
2017.01.18 12:43:33.719,1.42209,1.42227,1.00,1.50
2017.01.18 12:43:42.230,1.42214,1.42228,1.12,1.50
2017.01.18 12:43:42.280,1.42214,1.4223,1.12,1.00
2017.01.18 12:43:42.382,1.42214,1.42232,1.00,1.00
2017.01.18 12:43:42.978,1.42215,1.42233,1.00,1.00
2017.01.18 12:43:43.416,1.42217,1.42234,1.00,1.00
2017.01.18 12:43:43.920,1.42218,1.42234,1.00,1.50
2017.01.18 12:43:45.158,1.4222,1.42234,1.00,1.50
2017.01.18 12:44:13.060,1.4222,1.42232,1.00,1.00
2017.01.18 12:44:20.710,1.4222,1.42233,1.00,1.50
2017.01.18 12:44:28.441,1.4222,1.42232,1.00,1.00
2017.01.18 12:44:36.946,1.42215,1.42232,1.00,1.00
2017.01.18 12:44:36.997,1.42215,1.42234,1.00,3.00
2017.01.18 12:44:37.300,1.42212,1.42233,1.50,1.00
2017.01.18 12:44:38.137,1.42212,1.42231,1.00,1.00
2017.01.18 12:44:39.078,1.42212,1.4223,1.00,1.00
2017.01.18 12:44:39.633,1.42211,1.4223,1.50,1.00
2017.01.18 12:44:41.016,1.42211,1.42229,1.00,1.00
2017.01.18 12:44:41.725,1.42211,1.4223,1.00,1.00
2017.01.18 12:44:48.820,1.4221,1.42232,3.00,1.50
2017.01.18 12:44:48.871,1.42213,1.42232,1.00,1.00
2017.01.18 12:44:49.875,1.42213,1.42233,1.00,1.50
2017.01.18 12:44:50.549,1.42214,1.42233,1.00,1.50
2017.01.18 12:44:52.578,1.42215,1.42232,1.00,1.00
2017.01.18 12:44:53.120,1.42215,1.42233,1.00,1.00
2017.01.18 12:44:54.401,1.42212,1.42233,1.50,1.50
2017.01.18 12:44:55.066,1.42212,1.42232,1.50,1.00
2017.01.18 12:44:55.933,1.42212,1.4223,1.50,1.00
2017.01.18 12:44:56.545,1.42212,1.42231,1.00,2.25
2017.01.18 12:44:58.476,1.42211,1.42231,1.50,2.25
2017.01.18 12:45:02.545,1.4221,1.42231,3.00,2.25
2017.01.18 12:45:07.123,1.42211,1.42231,1.00,2.25
2017.01.18 12:45:07.839,1.42212,1.42231,1.00,2.25
2017.01.18 12:45:08.476,1.42211,1.42231,1.00,2.25
2017.01.18 12:45:08.799,1.4221,1.42228,1.50,1.00
2017.01.18 12:45:10.200,1.4221,1.42229,1.50,1.00
2017.01.18 12:45:12.232,1.4221,1.42228,1.00,1.00
2017.01.18 12:45:12.757,1.4221,1.42229,1.00,1.00
2017.01.18 12:45:13.387,1.4221,1.4223,1.00,1.50
2017.01.18 12:45:14.661,1.4221,1.42228,1.00,1.00
2017.01.18 12:45:15.691,1.4221,1.4223,1.00,2.25
2017.01.18 12:45:23.757,1.4221,1.42231,2.25,1.50
2017.01.18 12:45:25.122,1.42211,1.42231,1.00,1.50
2017.01.18 12:45:35.715,1.42211,1.4223,1.50,1.00
2017.01.18 12:45:37.821,1.4221,1.42229,1.50,1.00
2017.01.18 12:45:43.625,1.4221,1.4223,1.00,1.00
2017.01.18 12:45:46.081,1.4221,1.42231,3.00,1.50
2017.01.18 12:45:49.794,1.42211,1.42231,1.00,1.50
2017.01.18 12:45:53.813,1.42212,1.42231,1.00,1.00
2017.01.18 12:45:54.268,1.42212,1.42233,1.50,1.50
2017.01.18 12:45:55.837,1.42213,1.42233,1.00,1.50
2017.01.18 12:45:56.117,1.42215,1.42233,1.00,1.50
2017.01.18 12:46:04.417,1.42212,1.42233,1.00,1.50
2017.01.18 12:46:04.518,1.42215,1.42233,1.00,1.50
2017.01.18 12:46:08.000,1.42212,1.42233,1.50,1.50
2017.01.18 12:46:08.202,1.42212,1.4223,2.25,1.00
2017.01.18 12:46:08.771,1.42212,1.42229,1.00,1.00
2017.01.18 12:46:09.316,1.42211,1.42229,1.50,1.00
2017.01.18 12:46:09.822,1.42211,1.4223,1.00,1.00
2017.01.18 12:46:10.359,1.4221,1.4223,3.00,1.50
2017.01.18 12:46:15.762,1.42211,1.42231,1.00,2.25
2017.01.18 12:46:38.029,1.42211,1.42228,1.00,1.00
2017.01.18 12:46:38.587,1.4221,1.42229,1.00,1.00
2017.01.18 12:46:39.379,1.4221,1.42228,1.00,1.00
2017.01.18 12:46:40.648,1.4221,1.42227,1.00,1.00
2017.01.18 12:46:41.016,1.4221,1.42225,1.00,1.00
2017.01.18 12:46:42.424,1.4221,1.42227,1.00,1.00
2017.01.18 12:46:43.823,1.4221,1.42228,1.00,1.00
2017.01.18 12:46:44.429,1.4221,1.42229,1.00,1.00
2017.01.18 12:46:56.673,1.4221,1.4223,1.00,1.50
2017.01.18 12:47:00.852,1.4221,1.42231,1.50,2.25
2017.01.18 12:47:03.710,1.4221,1.4223,1.50,1.00
2017.01.18 12:47:05.761,1.4221,1.42228,1.50,1.00
2017.01.18 12:47:09.792,1.42209,1.42228,1.00,1.00
2017.01.18 12:47:16.522,1.42209,1.42229,1.00,1.00
2017.01.18 12:47:16.885,1.42208,1.42227,1.00,1.00
2017.01.18 12:47:17.442,1.42208,1.42223,1.00,1.00
2017.01.18 12:47:17.594,1.42206,1.42223,1.00,1.00
2017.01.18 12:47:18.221,1.42205,1.42223,1.00,1.00
2017.01.18 12:47:18.880,1.42204,1.42223,2.25,1.00
2017.01.18 12:47:19.573,1.42205,1.42223,1.00,1.00
2017.01.18 12:47:19.744,1.42205,1.42225,1.50,1.00
2017.01.18 12:47:19.795,1.42207,1.42225,1.00,1.00
2017.01.18 12:47:19.845,1.42207,1.42228,1.50,2.25
2017.01.18 12:47:20.377,1.42208,1.42229,1.00,1.00
2017.01.18 12:47:21.266,1.4221,1.42229,1.00,2.25
2017.01.18 12:48:06.038,1.42211,1.42229,1.00,1.00
2017.01.18 12:48:09.075,1.42212,1.42229,1.00,1.00
2017.01.18 12:48:16.195,1.42212,1.42228,1.00,1.00
2017.01.18 12:48:16.766,1.42212,1.42229,1.00,1.00
2017.01.18 12:48:21.387,1.42212,1.4223,1.00,1.00
2017.01.18 12:48:24.163,1.42211,1.4223,1.50,1.00
2017.01.18 12:48:24.669,1.42211,1.42231,1.50,2.25
2017.01.18 12:48:25.069,1.42211,1.42229,1.00,1.00
2017.01.18 12:48:25.271,1.42211,1.42231,1.00,1.50
2017.01.18 12:48:25.727,1.42211,1.42229,1.50,1.00
2017.01.18 12:48:26.339,1.42211,1.4223,1.50,1.00
2017.01.18 12:48:26.847,1.4221,1.42229,1.00,1.00
2017.01.18 12:48:27.355,1.42206,1.42226,2.62,1.00
2017.01.18 12:48:27.507,1.42208,1.42227,1.50,1.00
2017.01.18 12:48:27.821,1.4221,1.42229,1.00,1.50
2017.01.18 12:48:32.551,1.42211,1.42229,1.00,1.00
2017.01.18 12:48:39.166,1.4221,1.42229,1.00,1.00
2017.01.18 12:49:10.706,1.4221,1.42228,1.50,1.00
2017.01.18 12:49:11.661,1.4221,1.42229,3.00,1.50
2017.01.18 12:49:27.519,1.4221,1.4223,2.25,1.50
2017.01.18 12:49:41.207,1.4221,1.42227,2.25,1.00
2017.01.18 12:49:43.973,1.4221,1.42229,1.00,1.00
2017.01.18 12:49:44.024,1.4221,1.42231,1.00,1.50
2017.01.18 12:49:44.632,1.4221,1.4223,1.00,1.00
2017.01.18 12:49:45.148,1.4221,1.42229,1.00,1.00
2017.01.18 12:49:46.183,1.42209,1.42229,1.50,1.00
2017.01.18 12:49:52.073,1.4221,1.42229,1.00,1.00
2017.01.18 12:49:52.969,1.4221,1.42228,1.00,1.00
2017.01.18 12:49:53.637,1.42209,1.42227,1.50,1.00
2017.01.18 12:49:56.536,1.42209,1.42229,2.25,1.00
2017.01.18 12:49:57.888,1.4221,1.42229,1.00,1.00
2017.01.18 12:50:01.338,1.4221,1.4223,1.50,1.00
2017.01.18 12:50:05.302,1.4221,1.42228,2.25,1.00
2017.01.18 12:50:05.997,1.4221,1.42227,1.00,1.00
2017.01.18 12:50:09.373,1.42208,1.42227,3.00,1.00
2017.01.18 12:50:13.083,1.42209,1.4223,1.00,1.00
2017.01.18 12:50:13.639,1.42209,1.42231,1.00,3.00
2017.01.18 12:50:16.239,1.4221,1.4223,1.00,1.00
2017.01.18 12:50:16.747,1.4221,1.42229,1.00,1.00
2017.01.18 12:50:24.342,1.42208,1.42229,3.00,1.00
2017.01.18 12:50:29.379,1.42208,1.4223,1.50,1.50
2017.01.18 12:50:30.155,1.42209,1.4223,1.00,1.50
2017.01.18 12:50:31.270,1.4221,1.4223,1.00,1.50
2017.01.18 12:50:36.421,1.4221,1.42227,1.50,1.00
2017.01.18 12:50:37.190,1.4221,1.4223,1.50,1.50
2017.01.18 12:50:46.308,1.42211,1.42231,1.00,2.25
2017.01.18 12:50:51.215,1.42212,1.42231,1.00,1.50
2017.01.18 12:50:52.080,1.42214,1.42231,1.00,1.00
2017.01.18 12:50:54.893,1.42214,1.42229,1.00,1.00
2017.01.18 12:50:54.944,1.42211,1.4223,1.00,1.00
2017.01.18 12:50:54.995,1.42211,1.42227,1.00,1.00
2017.01.18 12:50:55.297,1.42211,1.4223,1.00,1.00
2017.01.18 12:50:55.912,1.42211,1.42229,1.00,1.00
2017.01.18 12:50:56.468,1.42211,1.42228,1.00,1.00
2017.01.18 12:51:00.770,1.42211,1.42229,1.00,1.50
2017.01.18 12:51:01.352,1.4221,1.42229,1.50,1.50
2017.01.18 12:51:02.290,1.4221,1.42227,1.50,1.00
2017.01.18 12:51:04.130,1.4221,1.42229,1.00,1.00
2017.01.18 12:51:08.100,1.42211,1.42229,1.00,1.00
2017.01.18 12:51:13.645,1.42212,1.42229,1.50,1.00
2017.01.18 12:51:21.162,1.42213,1.42229,1.00,1.00
2017.01.18 12:51:21.919,1.42213,1.42232,1.00,1.00
2017.01.18 12:51:23.415,1.42214,1.42232,1.00,1.00
2017.01.18 12:51:24.145,1.42215,1.42232,1.00,1.00
2017.01.18 12:51:24.732,1.42215,1.42233,1.00,1.00
2017.01.18 12:51:26.053,1.42215,1.42231,1.00,1.00
2017.01.18 12:51:31.717,1.42212,1.42231,2.25,1.00
2017.01.18 12:51:31.909,1.42212,1.42226,1.00,1.00
2017.01.18 12:51:32.235,1.4221,1.42224,1.00,1.00
2017.01.18 12:51:32.842,1.4221,1.42228,1.00,1.50
2017.01.18 12:51:33.398,1.4221,1.42229,1.00,1.50
2017.01.18 12:51:39.492,1.4221,1.42228,1.00,1.00
2017.01.18 12:51:39.543,1.42209,1.42225,1.00,1.00
2017.01.18 12:51:40.132,1.42208,1.42225,1.00,1.00
2017.01.18 12:51:40.414,1.42206,1.42224,1.00,1.00
2017.01.18 12:51:41.406,1.42206,1.42226,1.00,1.00
2017.01.18 12:51:41.478,1.42206,1.42224,1.00,1.00
2017.01.18 12:51:42.021,1.42205,1.42224,1.50,1.00
2017.01.18 12:51:43.276,1.42205,1.42226,1.50,1.50
2017.01.18 12:51:43.849,1.42205,1.42225,1.50,1.00
2017.01.18 12:51:45.244,1.42205,1.42223,2.25,1.00
2017.01.18 12:51:45.901,1.42205,1.42224,2.25,1.00
2017.01.18 12:51:51.962,1.42205,1.42225,1.00,1.00
2017.01.18 12:51:56.670,1.42205,1.42223,1.00,1.00
2017.01.18 12:51:57.189,1.42205,1.42225,2.25,1.50
2017.01.18 12:51:59.012,1.42205,1.42224,1.50,1.00
2017.01.18 12:51:59.609,1.42205,1.42222,1.50,1.00
2017.01.18 12:52:00.279,1.42205,1.42223,1.00,1.00
2017.01.18 12:52:13.177,1.42205,1.42224,1.50,1.00
2017.01.18 12:52:13.489,1.42203,1.4222,1.50,1.00
2017.01.18 12:52:14.411,1.42202,1.42221,1.50,1.00
2017.01.18 12:52:22.380,1.42202,1.42222,2.25,1.00
2017.01.18 12:52:23.070,1.42203,1.42222,1.00,1.00
2017.01.18 12:52:35.540,1.42202,1.42222,1.50,1.00
2017.01.18 12:52:38.279,1.42203,1.42222,1.00,1.00
2017.01.18 12:52:39.521,1.42204,1.42222,1.00,1.00
2017.01.18 12:52:43.570,1.42204,1.42223,1.00,1.50
2017.01.18 12:52:45.937,1.42204,1.4222,1.00,1.00
2017.01.18 12:52:46.472,1.42203,1.4222,1.00,1.00
2017.01.18 12:52:47.113,1.42203,1.42219,1.00,1.00
2017.01.18 12:52:47.664,1.42204,1.4222,1.00,1.00
2017.01.18 12:52:48.196,1.42204,1.42221,1.00,1.00
2017.01.18 12:52:48.855,1.42203,1.42222,1.00,1.00
2017.01.18 12:52:54.720,1.42204,1.42222,1.00,1.50
2017.01.18 12:52:58.093,1.42204,1.42221,1.00,1.00
2017.01.18 12:52:58.695,1.42203,1.42221,1.00,1.00
2017.01.18 12:53:00.636,1.42202,1.42221,1.50,1.00
2017.01.18 12:53:05.992,1.42204,1.42221,1.00,1.00
2017.01.18 12:53:07.596,1.42203,1.42221,1.00,1.00
2017.01.18 12:53:07.697,1.42203,1.42223,1.50,1.50
2017.01.18 12:53:09.103,1.42205,1.42223,1.00,1.50
2017.01.18 12:53:11.270,1.42205,1.42222,1.00,1.00
2017.01.18 12:53:17.327,1.42205,1.42223,1.00,1.00
2017.01.18 12:53:18.173,1.42204,1.42223,1.00,1.00
2017.01.18 12:53:23.701,1.42206,1.42224,1.00,1.50
2017.01.18 12:53:24.562,1.42206,1.42221,1.00,1.00
2017.01.18 12:53:24.713,1.42204,1.42221,1.50,1.00
2017.01.18 12:53:25.225,1.42204,1.42222,1.00,1.50
2017.01.18 12:53:25.788,1.42203,1.42222,1.00,1.50
2017.01.18 12:53:25.839,1.42203,1.4222,1.00,1.00
2017.01.18 12:53:26.445,1.42202,1.42219,1.00,1.00
2017.01.18 12:53:27.009,1.42202,1.4222,1.00,1.00
2017.01.18 12:53:27.391,1.42201,1.42218,1.00,1.00
2017.01.18 12:53:28.601,1.42201,1.42219,1.00,1.00
2017.01.18 12:53:29.762,1.42201,1.42217,1.00,1.00
2017.01.18 12:53:30.285,1.42197,1.42213,1.00,1.00
2017.01.18 12:53:33.356,1.42198,1.42213,1.00,1.00
2017.01.18 12:53:43.830,1.42198,1.42214,1.00,1.00
2017.01.18 12:53:45.966,1.42199,1.42216,1.00,1.00
2017.01.18 12:53:56.091,1.42199,1.42213,1.00,1.00
2017.01.18 12:53:56.874,1.42198,1.42213,1.00,1.00
2017.01.18 12:53:57.287,1.42198,1.42216,1.00,1.00
2017.01.18 12:53:59.502,1.42198,1.42217,1.00,1.00
2017.01.18 12:54:00.023,1.42198,1.42216,1.50,1.00
2017.01.18 12:54:03.546,1.42198,1.42217,1.00,1.00
2017.01.18 12:54:03.698,1.42198,1.42214,1.00,1.00
2017.01.18 12:54:04.251,1.42197,1.42214,1.00,1.00
2017.01.18 12:54:11.711,1.42197,1.42215,1.00,1.00
2017.01.18 12:54:12.513,1.42197,1.42217,1.00,2.25
2017.01.18 12:54:13.047,1.42198,1.42216,1.00,1.00
2017.01.18 12:54:14.417,1.42199,1.42217,1.00,1.50
2017.01.18 12:54:15.027,1.42199,1.42218,1.00,1.00
2017.01.18 12:54:15.838,1.422,1.42218,1.00,1.00
2017.01.18 12:54:16.023,1.42201,1.4222,1.00,2.25
2017.01.18 12:54:16.225,1.42205,1.42223,1.00,1.50
2017.01.18 12:54:16.728,1.42204,1.42224,1.00,1.50
2017.01.18 12:54:18.301,1.42205,1.42224,1.00,1.00
2017.01.18 12:54:18.989,1.42206,1.42224,1.00,1.00
2017.01.18 12:54:24.823,1.42206,1.42225,1.00,1.00
2017.01.18 12:54:26.197,1.42207,1.42225,1.00,1.50
2017.01.18 12:54:31.547,1.42207,1.42227,1.50,2.25
2017.01.18 12:54:34.892,1.42209,1.42227,1.00,1.50
2017.01.18 12:54:39.281,1.42208,1.42225,1.50,1.00
2017.01.18 12:54:39.837,1.42209,1.42226,1.00,1.00
2017.01.18 12:54:41.218,1.42209,1.42228,1.00,1.50
2017.01.18 12:54:52.112,1.42209,1.42225,1.00,1.00
2017.01.18 12:54:53.081,1.42208,1.42225,1.00,1.00
2017.01.18 12:54:57.145,1.42208,1.42226,1.00,1.00
2017.01.18 12:54:57.832,1.42209,1.42226,1.00,1.00
2017.01.18 12:55:03.207,1.42209,1.42227,1.00,1.00
2017.01.18 12:55:03.875,1.42209,1.42228,1.00,1.50
2017.01.18 12:55:04.421,1.4221,1.42228,1.00,1.50
2017.01.18 12:55:04.730,1.4221,1.4223,1.00,2.25
2017.01.18 12:55:05.268,1.42211,1.4223,1.00,1.50
2017.01.18 12:55:05.989,1.4221,1.4223,1.50,1.00
2017.01.18 12:55:09.991,1.4221,1.42227,1.00,1.00
2017.01.18 12:55:10.600,1.42211,1.42227,1.00,1.00
2017.01.18 12:55:13.397,1.4221,1.42227,1.00,1.00
2017.01.18 12:55:15.731,1.42212,1.42227,1.00,1.00
2017.01.18 12:55:22.435,1.42212,1.42222,1.00,1.50
2017.01.18 12:55:22.486,1.42206,1.42217,1.00,1.00
2017.01.18 12:55:22.587,1.42204,1.42217,1.50,1.00
2017.01.18 12:55:22.688,1.42202,1.4222,1.00,1.00
2017.01.18 12:55:22.840,1.42204,1.42221,1.00,1.00
2017.01.18 12:55:23.355,1.42203,1.42221,1.50,1.00
2017.01.18 12:55:23.993,1.42204,1.42222,1.00,1.00
2017.01.18 12:55:24.943,1.42204,1.42223,1.50,1.00
2017.01.18 12:55:25.514,1.42203,1.42218,1.00,1.00
2017.01.18 12:55:25.716,1.42194,1.4221,1.00,2.62
2017.01.18 12:55:25.902,1.42194,1.42208,1.00,1.00
2017.01.18 12:55:25.976,1.42191,1.42209,1.00,1.00
2017.01.18 12:55:26.077,1.42189,1.4221,2.25,1.50
2017.01.18 12:55:26.127,1.4219,1.42208,1.00,1.00
2017.01.18 12:55:30.030,1.4219,1.42209,1.50,1.00
2017.01.18 12:55:30.333,1.4219,1.42207,1.00,1.00
2017.01.18 12:55:30.760,1.4219,1.42205,1.00,1.00
2017.01.18 12:55:30.810,1.42188,1.42204,1.00,1.00
2017.01.18 12:55:30.863,1.42185,1.42202,1.00,1.00
2017.01.18 12:55:31.089,1.42185,1.42204,1.00,1.50
2017.01.18 12:55:31.190,1.42188,1.42207,1.00,1.50
2017.01.18 12:55:31.392,1.42189,1.42209,1.00,2.25
2017.01.18 12:55:31.493,1.42189,1.42207,1.00,1.50
2017.01.18 12:55:32.015,1.42187,1.42206,1.50,1.00
2017.01.18 12:55:32.170,1.42187,1.42204,1.00,1.00
2017.01.18 12:55:32.476,1.42189,1.42204,1.00,1.00
2017.01.18 12:55:33.278,1.42189,1.42206,1.00,1.00
2017.01.18 12:55:33.379,1.42186,1.42204,1.50,1.00
2017.01.18 12:55:34.034,1.42186,1.42203,1.50,1.00
2017.01.18 12:55:34.509,1.42184,1.42202,1.00,1.00
2017.01.18 12:55:34.611,1.42185,1.42204,1.50,3.00
2017.01.18 12:55:35.042,1.42187,1.42204,1.00,1.00
2017.01.18 12:55:45.116,1.42187,1.42205,1.00,1.50
2017.01.18 12:55:46.365,1.42186,1.42205,1.50,1.00
2017.01.18 12:55:46.951,1.42186,1.42204,1.50,1.00
2017.01.18 12:55:47.482,1.42185,1.42202,1.00,1.00
2017.01.18 12:55:51.086,1.42185,1.42203,1.50,1.00
2017.01.18 12:55:51.666,1.42186,1.42204,1.00,1.00
2017.01.18 12:55:56.998,1.42185,1.42204,1.00,1.00
2017.01.18 12:55:57.750,1.42185,1.42203,1.00,1.00
2017.01.18 12:56:05.434,1.42185,1.42205,1.50,1.50
2017.01.18 12:56:05.980,1.42186,1.42205,1.00,1.00
2017.01.18 12:56:06.987,1.42188,1.42205,1.00,1.00
2017.01.18 12:56:09.550,1.42186,1.42205,1.00,1.00
2017.01.18 12:56:09.601,1.42186,1.42208,1.50,1.50
2017.01.18 12:56:10.138,1.42187,1.42207,1.00,1.00
2017.01.18 12:56:10.689,1.42186,1.42207,2.25,1.00
2017.01.18 12:56:11.142,1.42188,1.42208,1.00,1.00
2017.01.18 12:56:11.445,1.42194,1.42214,1.00,1.00
2017.01.18 12:56:12.010,1.42195,1.42215,1.00,1.50
2017.01.18 12:56:12.543,1.42194,1.42215,1.50,1.50
2017.01.18 12:56:13.489,1.42196,1.42215,1.00,1.00
2017.01.18 12:56:13.615,1.42194,1.42215,2.25,1.00
2017.01.18 12:56:13.817,1.42195,1.42212,1.00,1.00
2017.01.18 12:56:13.918,1.42193,1.42212,1.50,1.00
2017.01.18 12:56:16.266,1.42192,1.42212,1.00,1.00
2017.01.18 12:56:17.277,1.42192,1.42214,1.00,1.50
2017.01.18 12:56:17.747,1.42195,1.42213,1.00,1.00
2017.01.18 12:56:24.473,1.42193,1.42214,1.00,1.50
2017.01.18 12:56:24.523,1.42193,1.42211,1.50,1.00
2017.01.18 12:56:25.069,1.42195,1.42211,1.00,1.00
2017.01.18 12:56:25.644,1.42195,1.42213,1.00,1.00
2017.01.18 12:56:26.219,1.42195,1.42212,1.00,1.00
2017.01.18 12:56:26.858,1.42195,1.42213,1.00,1.00
2017.01.18 12:56:27.398,1.42195,1.42212,1.50,1.00
2017.01.18 12:56:27.449,1.42195,1.4221,1.50,1.00
2017.01.18 12:56:27.551,1.42192,1.4221,1.00,1.00
2017.01.18 12:56:28.060,1.42191,1.42211,2.25,1.00
2017.01.18 12:56:28.708,1.42192,1.42212,1.00,1.00
2017.01.18 12:56:29.676,1.42192,1.42211,1.00,1.00
2017.01.18 12:56:32.474,1.42192,1.4221,1.00,1.00
2017.01.18 12:56:33.971,1.42192,1.42211,1.00,1.00
2017.01.18 12:56:37.162,1.42192,1.4221,1.00,1.00
2017.01.18 12:56:39.561,1.42192,1.42211,1.00,1.00
2017.01.18 12:56:40.364,1.42192,1.4221,1.00,1.00
2017.01.18 12:56:41.785,1.42192,1.42211,1.00,1.00
2017.01.18 12:56:42.447,1.42192,1.4221,1.00,1.00
2017.01.18 12:56:42.958,1.42191,1.4221,1.50,1.00
2017.01.18 12:56:44.473,1.42191,1.42211,1.50,1.00
2017.01.18 12:56:45.000,1.42192,1.4221,1.50,1.00
2017.01.18 12:56:46.852,1.42192,1.42209,1.00,1.00
2017.01.18 12:56:47.383,1.42191,1.42209,1.00,1.00
2017.01.18 12:56:50.343,1.42193,1.42211,1.00,1.00
2017.01.18 12:56:50.394,1.42194,1.42213,1.00,1.50
2017.01.18 12:56:50.495,1.42192,1.42213,1.50,1.50
2017.01.18 12:56:51.115,1.42192,1.42212,1.00,1.00
2017.01.18 12:56:51.420,1.42205,1.42217,1.50,1.50
2017.01.18 12:56:51.724,1.42214,1.42218,1.00,1.00
2017.01.18 12:56:51.976,1.42215,1.42232,1.00,1.50
2017.01.18 12:56:52.128,1.42218,1.42232,1.00,1.50
2017.01.18 12:56:52.330,1.42218,1.42235,1.50,1.50
2017.01.18 12:56:52.685,1.42218,1.42232,1.50,1.12
2017.01.18 12:56:52.792,1.42219,1.42234,1.00,1.50
2017.01.18 12:56:53.337,1.4222,1.42235,1.00,1.00
2017.01.18 12:56:54.114,1.42221,1.42235,1.00,1.00
2017.01.18 12:56:55.070,1.42222,1.42234,1.00,1.00
2017.01.18 12:56:56.521,1.42221,1.42236,1.00,1.00
2017.01.18 12:56:57.028,1.42223,1.42235,1.00,1.00
2017.01.18 12:56:57.641,1.42223,1.42236,1.00,1.50
2017.01.18 12:56:58.181,1.42224,1.42235,1.00,1.00
2017.01.18 12:56:58.483,1.42222,1.42236,1.00,1.00
2017.01.18 12:56:59.067,1.42224,1.42235,1.00,1.00
2017.01.18 12:57:00.721,1.42223,1.42237,1.00,1.50
2017.01.18 12:57:01.824,1.42224,1.42236,1.00,1.50
2017.01.18 12:57:03.173,1.42224,1.42237,1.00,1.50
2017.01.18 12:57:06.818,1.42225,1.42237,1.00,2.25
2017.01.18 12:57:06.919,1.42223,1.42237,1.00,1.00
2017.01.18 12:57:11.035,1.42222,1.42237,1.00,1.50
2017.01.18 12:57:12.325,1.42222,1.42236,1.00,1.00
2017.01.18 12:57:12.942,1.42222,1.42237,1.00,1.50
2017.01.18 12:57:14.870,1.42223,1.42236,1.00,1.00
2017.01.18 12:57:14.984,1.42221,1.42237,1.00,1.00
2017.01.18 12:57:15.271,1.42225,1.42238,1.00,2.25
2017.01.18 12:57:15.575,1.42233,1.42238,1.50,1.00
2017.01.18 12:57:16.123,1.42234,1.42238,1.00,1.00
2017.01.18 12:57:16.715,1.42237,1.42242,1.00,1.00
2017.01.18 12:57:17.118,1.42238,1.42243,1.00,1.00
2017.01.18 12:57:17.656,1.42237,1.42243,1.00,1.00
2017.01.18 12:57:18.920,1.42237,1.42252,1.00,1.00
2017.01.18 12:57:20.078,1.42238,1.42252,1.00,1.00
2017.01.18 12:57:21.111,1.42239,1.42251,1.00,1.00
2017.01.18 12:57:22.274,1.42238,1.42252,1.00,1.00
2017.01.18 12:57:22.814,1.42234,1.42252,1.50,1.00
2017.01.18 12:57:22.942,1.42234,1.42247,1.50,1.00
2017.01.18 12:57:23.258,1.42234,1.42245,1.50,1.00
2017.01.18 12:57:23.309,1.42233,1.42248,1.00,1.00
2017.01.18 12:57:23.872,1.42232,1.42249,1.00,1.00
2017.01.18 12:57:24.416,1.42233,1.42249,1.00,1.00
2017.01.18 12:57:24.997,1.42234,1.42249,1.50,1.00
2017.01.18 12:57:25.543,1.42234,1.4225,1.50,1.00
2017.01.18 12:57:26.404,1.42234,1.42251,1.50,1.00
2017.01.18 12:57:27.317,1.42235,1.42251,1.00,1.50
2017.01.18 12:57:27.519,1.42238,1.42253,1.50,1.00
2017.01.18 12:57:27.620,1.42238,1.42256,1.00,1.50
2017.01.18 12:57:27.894,1.4224,1.42256,1.00,1.50
2017.01.18 12:57:28.551,1.42241,1.42256,1.00,1.00
2017.01.18 12:57:28.962,1.42239,1.42256,1.00,1.00
2017.01.18 12:57:29.791,1.42238,1.42256,1.50,1.00
2017.01.18 12:57:32.053,1.4224,1.42256,1.00,1.50
2017.01.18 12:57:33.062,1.42239,1.42256,1.00,1.50
2017.01.18 12:57:33.639,1.4224,1.42255,1.00,1.00
2017.01.18 12:57:40.295,1.4224,1.42256,1.00,2.25
2017.01.18 12:57:42.014,1.42239,1.42256,1.50,1.50
2017.01.18 12:57:47.498,1.4224,1.42256,1.00,2.25
2017.01.18 12:57:48.149,1.42239,1.42256,1.50,1.50
2017.01.18 12:57:48.489,1.42241,1.42256,1.00,1.00
2017.01.18 12:57:48.795,1.42252,1.42258,1.50,1.00
2017.01.18 12:57:49.199,1.42255,1.42262,1.00,1.00
2017.01.18 12:57:49.250,1.42252,1.42261,3.00,1.00
2017.01.18 12:57:49.301,1.42252,1.42272,3.00,1.00
2017.01.18 12:57:50.147,1.42254,1.42271,1.00,1.00
2017.01.18 12:57:51.518,1.42252,1.42272,3.75,1.00
2017.01.18 12:57:52.642,1.42253,1.42272,1.00,1.00
2017.01.18 12:57:53.308,1.42254,1.42271,1.00,1.00
2017.01.18 12:57:54.502,1.42253,1.42272,1.00,1.00
2017.01.18 12:57:55.079,1.42254,1.42271,1.00,1.00
2017.01.18 12:57:55.616,1.42253,1.42272,2.25,1.00
2017.01.18 12:57:56.841,1.42253,1.42271,3.75,1.00
2017.01.18 12:57:59.017,1.42253,1.42272,3.75,1.00
2017.01.18 12:58:00.147,1.42254,1.42271,1.00,1.00
2017.01.18 12:58:02.459,1.42253,1.42272,1.50,1.00
2017.01.18 12:58:03.450,1.42254,1.42271,1.00,1.00
2017.01.18 12:58:03.871,1.42257,1.42275,1.00,1.00
2017.01.18 12:58:03.922,1.42259,1.42275,1.00,1.00
2017.01.18 12:58:04.073,1.42265,1.42282,1.00,1.50
2017.01.18 12:58:04.175,1.42263,1.42282,1.50,1.50
2017.01.18 12:58:04.225,1.42265,1.42282,1.00,1.50
2017.01.18 12:58:04.814,1.42266,1.42281,1.00,1.00
2017.01.18 12:58:05.336,1.42265,1.42282,1.00,1.50
2017.01.18 12:58:05.840,1.42266,1.42281,1.00,1.00
2017.01.18 12:58:07.881,1.42265,1.42281,1.50,1.00
2017.01.18 12:58:12.609,1.42266,1.42281,1.50,1.00
2017.01.18 12:58:13.621,1.42266,1.42281,1.50,1.04
2017.01.18 12:58:14.024,1.42266,1.42282,1.00,1.00
2017.01.18 12:58:15.325,1.42267,1.42281,1.00,1.00
2017.01.18 12:58:15.854,1.42266,1.42281,1.00,1.00
2017.01.18 12:58:18.067,1.42266,1.42282,1.00,1.00
2017.01.18 12:58:20.748,1.42267,1.42282,1.00,1.00
2017.01.18 12:58:20.849,1.42265,1.42282,1.00,1.00
2017.01.18 12:58:20.950,1.42268,1.42284,1.00,1.00
2017.01.18 12:58:21.480,1.42269,1.42286,1.00,1.50
2017.01.18 12:58:22.017,1.42268,1.42287,1.50,1.50
2017.01.18 12:58:22.531,1.42269,1.42286,1.00,1.50
2017.01.18 12:58:23.211,1.42268,1.42287,1.00,1.50
2017.01.18 12:58:23.859,1.42269,1.42287,1.00,1.00
2017.01.18 12:58:24.363,1.42269,1.42286,1.50,1.00
2017.01.18 12:58:25.452,1.42269,1.42287,1.00,1.00
2017.01.18 12:58:27.632,1.42269,1.42288,1.50,2.25
2017.01.18 12:58:29.026,1.42269,1.42286,1.00,1.00
2017.01.18 12:58:29.177,1.42267,1.42287,2.25,1.50
2017.01.18 12:58:29.711,1.42267,1.42286,1.00,3.00
2017.01.18 12:58:30.065,1.42264,1.42286,1.50,1.00
2017.01.18 12:58:31.066,1.42264,1.42285,1.50,1.00
2017.01.18 12:58:37.087,1.42266,1.42285,1.00,1.87
2017.01.18 12:58:38.535,1.42267,1.42285,1.00,1.00
2017.01.18 12:58:39.503,1.42265,1.42285,1.00,1.50
2017.01.18 12:58:40.022,1.42264,1.42284,1.00,1.00
2017.01.18 12:58:40.539,1.42264,1.42282,1.00,1.00
2017.01.18 12:58:40.869,1.42263,1.42277,1.50,1.00
2017.01.18 12:58:41.316,1.42263,1.42275,1.00,1.00
2017.01.18 12:58:42.165,1.42262,1.42275,2.25,1.00
2017.01.18 12:58:42.992,1.42263,1.42275,1.00,1.00
2017.01.18 12:58:43.093,1.42261,1.42278,1.00,1.00
2017.01.18 12:58:43.681,1.4226,1.42278,2.25,1.00
2017.01.18 12:58:44.191,1.42262,1.42278,1.00,1.00
2017.01.18 12:58:45.185,1.42263,1.42278,1.00,1.00
2017.01.18 12:58:48.321,1.42261,1.42278,1.00,1.00
2017.01.18 12:58:48.953,1.42262,1.42278,1.00,1.00
2017.01.18 12:58:54.898,1.42263,1.42278,1.00,1.00
2017.01.18 12:58:57.822,1.42265,1.42276,1.00,1.00
2017.01.18 12:58:58.047,1.42267,1.42282,1.00,1.00
2017.01.18 12:58:58.262,1.42267,1.42284,1.00,1.50
2017.01.18 12:58:58.667,1.42269,1.42284,1.00,1.00
2017.01.18 12:58:59.015,1.42267,1.42282,1.00,1.00
2017.01.18 12:58:59.541,1.42267,1.42281,1.00,1.00
2017.01.18 12:59:01.610,1.42269,1.42281,1.00,1.00
2017.01.18 12:59:01.661,1.4227,1.42286,1.00,1.00
2017.01.18 12:59:01.712,1.4227,1.42288,1.00,2.25
2017.01.18 12:59:01.813,1.42274,1.42291,1.00,1.87
2017.01.18 12:59:01.864,1.42279,1.42298,1.00,1.50
2017.01.18 12:59:02.016,1.42281,1.42302,1.00,1.50
2017.01.18 12:59:02.522,1.42281,1.42301,1.00,1.00
2017.01.18 12:59:03.086,1.4228,1.42301,1.00,1.50
2017.01.18 12:59:03.439,1.4228,1.42299,1.00,1.00
2017.01.18 12:59:03.490,1.42278,1.42299,1.87,1.00
2017.01.18 12:59:05.007,1.42279,1.42299,1.00,1.00
2017.01.18 12:59:05.057,1.42277,1.42292,1.00,1.50
2017.01.18 12:59:05.158,1.42268,1.42286,1.87,1.00
2017.01.18 12:59:05.209,1.42267,1.42284,1.00,1.00
2017.01.18 12:59:05.418,1.42265,1.42284,1.50,1.00
2017.01.18 12:59:05.519,1.42267,1.42284,1.00,1.00
2017.01.18 12:59:06.005,1.42269,1.42284,1.00,1.00
2017.01.18 12:59:06.106,1.4227,1.42289,1.00,2.25
2017.01.18 12:59:06.414,1.42268,1.42288,1.00,1.00
2017.01.18 12:59:08.850,1.42269,1.42288,1.00,1.00
2017.01.18 12:59:10.084,1.42269,1.42286,1.00,1.00
2017.01.18 12:59:11.066,1.42269,1.42283,1.00,1.00
2017.01.18 12:59:11.684,1.42268,1.42283,1.50,1.00
2017.01.18 12:59:12.196,1.42269,1.42282,1.00,1.00
2017.01.18 12:59:13.339,1.4227,1.42282,1.00,1.00
2017.01.18 12:59:15.691,1.42271,1.42282,1.00,1.00
2017.01.18 12:59:16.452,1.42268,1.42282,1.00,1.00
2017.01.18 12:59:17.033,1.42269,1.42282,1.00,1.00
2017.01.18 12:59:18.360,1.42269,1.42281,1.00,1.00
2017.01.18 12:59:18.461,1.42265,1.42281,1.50,1.00
2017.01.18 12:59:18.562,1.42264,1.42281,1.50,1.00
2017.01.18 12:59:21.106,1.42264,1.42278,1.00,1.00
2017.01.18 12:59:22.148,1.42263,1.42278,1.00,1.00
2017.01.18 12:59:22.512,1.4226,1.42279,1.50,1.00
2017.01.18 12:59:23.014,1.4226,1.42279,1.00,1.00
2017.01.18 12:59:23.515,1.4226,1.42278,1.00,1.00
2017.01.18 12:59:24.053,1.42259,1.42278,1.50,1.00
2017.01.18 12:59:25.157,1.4226,1.42278,1.00,1.50
2017.01.18 12:59:25.309,1.42262,1.42278,1.00,1.00
2017.01.18 12:59:25.616,1.4226,1.42278,1.00,1.00
2017.01.18 12:59:27.952,1.42258,1.42278,1.00,1.57
2017.01.18 12:59:28.053,1.42258,1.42274,1.00,1.00
2017.01.18 12:59:28.104,1.42258,1.42277,1.00,1.00
2017.01.18 12:59:29.108,1.42259,1.42277,1.00,1.50
2017.01.18 12:59:29.734,1.42258,1.42277,1.50,1.00
2017.01.18 12:59:29.785,1.4226,1.42277,1.00,1.00
2017.01.18 12:59:33.578,1.42259,1.42276,1.00,1.50
2017.01.18 12:59:34.108,1.4226,1.42276,1.00,1.50
2017.01.18 12:59:34.516,1.4226,1.42274,1.00,1.00
2017.01.18 12:59:37.507,1.4226,1.42277,1.00,1.50
2017.01.18 12:59:37.736,1.42262,1.42277,1.00,1.00
2017.01.18 12:59:40.878,1.4226,1.42277,1.00,1.00
2017.01.18 12:59:42.668,1.4227,1.42277,1.00,1.00
2017.01.18 12:59:42.769,1.42269,1.42281,2.25,1.00
2017.01.18 12:59:42.819,1.42271,1.42281,1.00,1.00
2017.01.18 12:59:42.870,1.4227,1.42286,1.00,1.00
2017.01.18 12:59:42.921,1.4227,1.42282,1.00,1.00
2017.01.18 12:59:42.971,1.42266,1.42284,1.00,1.00
2017.01.18 12:59:43.022,1.42268,1.42285,1.00,1.00
2017.01.18 12:59:44.323,1.42268,1.42282,1.00,1.00
2017.01.18 12:59:44.881,1.42269,1.42282,1.00,1.00
2017.01.18 12:59:45.568,1.42269,1.42287,1.00,1.00
2017.01.18 12:59:45.669,1.42269,1.42282,1.00,1.00
2017.01.18 12:59:46.270,1.4227,1.42282,1.00,1.00
2017.01.18 12:59:47.717,1.42268,1.42282,1.00,1.00
2017.01.18 12:59:47.768,1.42268,1.42288,1.00,1.00
2017.01.18 12:59:47.970,1.42272,1.42289,1.00,1.50
2017.01.18 12:59:48.681,1.42272,1.42288,1.00,1.00
2017.01.18 12:59:49.433,1.42272,1.42286,1.00,1.00
2017.01.18 12:59:49.953,1.42272,1.42289,1.00,1.50
2017.01.18 12:59:50.583,1.42272,1.42288,1.00,1.00
2017.01.18 12:59:50.886,1.42274,1.42287,1.00,1.00
2017.01.18 12:59:52.793,1.42273,1.42287,1.00,1.00
2017.01.18 12:59:54.118,1.42274,1.42287,1.00,1.00
2017.01.18 12:59:54.679,1.42275,1.42287,1.00,1.00
2017.01.18 12:59:56.662,1.42274,1.42287,1.00,1.00
2017.01.18 12:59:57.399,1.42275,1.42287,1.00,1.00
2017.01.18 12:59:58.085,1.42274,1.42287,1.00,1.00
2017.01.18 12:59:58.725,1.42275,1.42286,1.00,1.00
